dataset,data_type,event_name,detector,url,doi_or_source,local_path,download_status,duration_s,gps_start
GWTC-3/O1-O3,strain_hdf5_4khz,GW150914,H1,https://gwosc.org/archive/data/O1/1126170624/H-H1_LOSC_4_V1-1126256640-4096.hdf5,GWOSC,data/real_strain/GW150914/H-H1_LOSC_4_V1-1126256640-4096.hdf5,already_exists,4096.0,1126256640.0
GWTC-3/O1-O3,strain_hdf5_4khz,GW150914,L1,https://gwosc.org/archive/data/O1/1126170624/L-L1_LOSC_4_V1-1126256640-4096.hdf5,GWOSC,data/real_strain/GW150914/L-L1_LOSC_4_V1-1126256640-4096.hdf5,already_exists,4096.0,1126256640.0
GWTC-3/O1-O3,strain_hdf5_4khz,GW151012,H1,https://gwosc.org/archive/data/O1/1128267776/H-H1_LOSC_4_V1-1128677376-4096.hdf5,GWOSC,data/real_strain/GW151012/H-H1_LOSC_4_V1-1128677376-4096.hdf5,already_exists,4096.0,1128677376.0
GWTC-3/O1-O3,strain_hdf5_4khz,GW151012,L1,https://gwosc.org/archive/data/O1/1128267776/L-L1_LOSC_4_V1-1128677376-4096.hdf5,GWOSC,data/real_strain/GW151012/L-L1_LOSC_4_V1-1128677376-4096.hdf5,already_exists,4096.0,1128677376.0
GWTC-3/O1-O3,strain_hdf5_4khz,GW151226,H1,https://gwosc.org/archive/data/O1/1134559232/H-H1_LOSC_4_V1-1135132672-4096.hdf5,GWOSC,data/real_strain/GW151226/H-H1_LOSC_4_V1-1135132672-4096.hdf5,already_exists,4096.0,1135132672.0
GWTC-3/O1-O3,strain_hdf5_4khz,GW151226,L1,https://gwosc.org/archive/data/O1/1134559232/L-L1_LOSC_4_V1-1135132672-4096.hdf5,GWOSC,data/real_strain/GW151226/L-L1_LOSC_4_V1-1135132672-4096.hdf5,already_exists,4096.0,1135132672.0
GWTC-3/O1-O3,strain_hdf5_4khz,GW170104,H1,https://gwosc.org/archive/data/O2_4KHZ_R1/1167065088/H-H1_GWOSC_O2_4KHZ_R1-1167556608-4096.hdf5,GWOSC,data/real_strain/GW170104/H-H1_GWOSC_O2_4KHZ_R1-1167556608-4096.hdf5,already_exists,4096.0,1167556608.0
GWTC-3/O1-O3,strain_hdf5_4khz,GW170104,L1,https://gwosc.org/archive/data/O2_4KHZ_R1/1167065088/L-L1_GWOSC_O2_4KHZ_R1-1167556608-4096.hdf5,GWOSC,data/real_strain/GW170104/L-L1_GWOSC_O2_4KHZ_R1-1167556608-4096.hdf5,already_exists,4096.0,1167556608.0
GWTC-3/O1-O3,strain_hdf5_4khz,GW170608,H1,,GWOSC,,no_gwosc_url,,
GWTC-3/O1-O3,strain_hdf5_4khz,GW170608,L1,https://gwosc.org/archive/data/O2_4KHZ_R1/1180696576/L-L1_GWOSC_O2_4KHZ_R1-1180921856-4096.hdf5,GWOSC,data/real_strain/GW170608/L-L1_GWOSC_O2_4KHZ_R1-1180921856-4096.hdf5,already_exists,4096.0,1180921856.0
GWTC-3/O1-O3,strain_hdf5_4khz,GW170729,H1,https://gwosc.org/archive/data/O2_4KHZ_R1/1184890880/H-H1_GWOSC_O2_4KHZ_R1-1185386496-4096.hdf5,GWOSC,data/real_strain/GW170729/H-H1_GWOSC_O2_4KHZ_R1-1185386496-4096.hdf5,already_exists,4096.0,1185386496.0
GWTC-3/O1-O3,strain_hdf5_4khz,GW170729,L1,https://gwosc.org/archive/data/O2_4KHZ_R1/1184890880/L-L1_GWOSC_O2_4KHZ_R1-1185386496-4096.hdf5,GWOSC,data/real_strain/GW170729/L-L1_GWOSC_O2_4KHZ_R1-1185386496-4096.hdf5,already_exists,4096.0,1185386496.0
GWTC-3/O1-O3,strain_hdf5_4khz,GW170809,H1,https://gwosc.org/archive/data/O2_4KHZ_R1/1185939456/H-H1_GWOSC_O2_4KHZ_R1-1186299904-4096.hdf5,GWOSC,data/real_strain/GW170809/H-H1_GWOSC_O2_4KHZ_R1-1186299904-4096.hdf5,already_exists,4096.0,1186299904.0
GWTC-3/O1-O3,strain_hdf5_4khz,GW170809,L1,https://gwosc.org/archive/data/O2_4KHZ_R1/1185939456/L-L1_GWOSC_O2_4KHZ_R1-1186299904-4096.hdf5,GWOSC,data/real_strain/GW170809/L-L1_GWOSC_O2_4KHZ_R1-1186299904-4096.hdf5,already_exists,4096.0,1186299904.0
GWTC-3/O1-O3,strain_hdf5_4khz,GW170814,H1,https://gwosc.org/archive/data/O2_4KHZ_R1/1185939456/H-H1_GWOSC_O2_4KHZ_R1-1186738176-4096.hdf5,GWOSC,data/real_strain/GW170814/H-H1_GWOSC_O2_4KHZ_R1-1186738176-4096.hdf5,already_exists,4096.0,1186738176.0
GWTC-3/O1-O3,strain_hdf5_4khz,GW170814,L1,https://gwosc.org/archive/data/O2_4KHZ_R1/1185939456/L-L1_GWOSC_O2_4KHZ_R1-1186738176-4096.hdf5,GWOSC,data/real_strain/GW170814/L-L1_GWOSC_O2_4KHZ_R1-1186738176-4096.hdf5,already_exists,4096.0,1186738176.0
GWTC-3/O1-O3,strain_hdf5_4khz,GW170818,H1,https://gwosc.org/archive/data/O2_4KHZ_R1/1186988032/H-H1_GWOSC_O2_4KHZ_R1-1187057664-4096.hdf5,GWOSC,data/real_strain/GW170818/H-H1_GWOSC_O2_4KHZ_R1-1187057664-4096.hdf5,already_exists,4096.0,1187057664.0
GWTC-3/O1-O3,strain_hdf5_4khz,GW170818,L1,https://gwosc.org/archive/data/O2_4KHZ_R1/1186988032/L-L1_GWOSC_O2_4KHZ_R1-1187057664-4096.hdf5,GWOSC,data/real_strain/GW170818/L-L1_GWOSC_O2_4KHZ_R1-1187057664-4096.hdf5,already_exists,4096.0,1187057664.0
GWTC-3/O1-O3,strain_hdf5_4khz,GW170823,H1,https://gwosc.org/archive/data/O2_4KHZ_R1/1186988032/H-H1_GWOSC_O2_4KHZ_R1-1187528704-4096.hdf5,GWOSC,data/real_strain/GW170823/H-H1_GWOSC_O2_4KHZ_R1-1187528704-4096.hdf5,already_exists,4096.0,1187528704.0
GWTC-3/O1-O3,strain_hdf5_4khz,GW170823,L1,https://gwosc.org/archive/data/O2_4KHZ_R1/1186988032/L-L1_GWOSC_O2_4KHZ_R1-1187528704-4096.hdf5,GWOSC,data/real_strain/GW170823/L-L1_GWOSC_O2_4KHZ_R1-1187528704-4096.hdf5,already_exists,4096.0,1187528704.0
GWTC-3/O1-O3,strain_hdf5_4khz,GW190408_181802,H1,https://gwosc.org/archive/data/O3a_4KHZ_R1/1238368256/H-H1_GWOSC_O3a_4KHZ_R1-1238781952-4096.hdf5,GWOSC,data/real_strain/GW190408_181802/H-H1_GWOSC_O3a_4KHZ_R1-1238781952-4096.hdf5,already_exists,4096.0,1238781952.0
GWTC-3/O1-O3,strain_hdf5_4khz,GW190408_181802,L1,https://gwosc.org/archive/data/O3a_4KHZ_R1/1238368256/L-L1_GWOSC_O3a_4KHZ_R1-1238781952-4096.hdf5,GWOSC,data/real_strain/GW190408_181802/L-L1_GWOSC_O3a_4KHZ_R1-1238781952-4096.hdf5,already_exists,4096.0,1238781952.0
GWTC-3/O1-O3,strain_hdf5_4khz,GW190412,H1,https://gwosc.org/archive/data/O3a_4KHZ_R1/1238368256/H-H1_GWOSC_O3a_4KHZ_R1-1239080960-4096.hdf5,GWOSC,data/real_strain/GW190412/H-H1_GWOSC_O3a_4KHZ_R1-1239080960-4096.hdf5,already_exists,4096.0,1239080960.0
GWTC-3/O1-O3,strain_hdf5_4khz,GW190412,L1,https://gwosc.org/archive/data/O3a_4KHZ_R1/1238368256/L-L1_GWOSC_O3a_4KHZ_R1-1239080960-4096.hdf5,GWOSC,data/real_strain/GW190412/L-L1_GWOSC_O3a_4KHZ_R1-1239080960-4096.hdf5,already_exists,4096.0,1239080960.0
GWTC-3/O1-O3,strain_hdf5_4khz,GW190413_134308,H1,https://gwosc.org/archive/data/O3a_4KHZ_R1/1238368256/H-H1_GWOSC_O3a_4KHZ_R1-1239195648-4096.hdf5,GWOSC,data/real_strain/GW190413_134308/H-H1_GWOSC_O3a_4KHZ_R1-1239195648-4096.hdf5,already_exists,4096.0,1239195648.0
GWTC-3/O1-O3,strain_hdf5_4khz,GW190413_134308,L1,https://gwosc.org/archive/data/O3a_4KHZ_R1/1238368256/L-L1_GWOSC_O3a_4KHZ_R1-1239195648-4096.hdf5,GWOSC,data/real_strain/GW190413_134308/L-L1_GWOSC_O3a_4KHZ_R1-1239195648-4096.hdf5,already_exists,4096.0,1239195648.0
GWTC-3/O1-O3,strain_hdf5_4khz,GW190421_213856,H1,https://gwosc.org/archive/data/O3a_4KHZ_R1/1239416832/H-H1_GWOSC_O3a_4KHZ_R1-1239916544-4096.hdf5,GWOSC,data/real_strain/GW190421_213856/H-H1_GWOSC_O3a_4KHZ_R1-1239916544-4096.hdf5,already_exists,4096.0,1239916544.0
GWTC-3/O1-O3,strain_hdf5_4khz,GW190421_213856,L1,https://gwosc.org/archive/data/O3a_4KHZ_R1/1239416832/L-L1_GWOSC_O3a_4KHZ_R1-1239916544-4096.hdf5,GWOSC,data/real_strain/GW190421_213856/L-L1_GWOSC_O3a_4KHZ_R1-1239916544-4096.hdf5,already_exists,4096.0,1239916544.0
GWTC-3/O1-O3,strain_hdf5_4khz,GW190503_185404,H1,https://gwosc.org/archive/data/O3a_4KHZ_R1/1240465408/H-H1_GWOSC_O3a_4KHZ_R1-1240944640-4096.hdf5,GWOSC,data/real_strain/GW190503_185404/H-H1_GWOSC_O3a_4KHZ_R1-1240944640-4096.hdf5,already_exists,4096.0,1240944640.0
GWTC-3/O1-O3,strain_hdf5_4khz,GW190503_185404,L1,https://gwosc.org/archive/data/O3a_4KHZ_R1/1240465408/L-L1_GWOSC_O3a_4KHZ_R1-1240944640-4096.hdf5,GWOSC,data/real_strain/GW190503_185404/L-L1_GWOSC_O3a_4KHZ_R1-1240944640-4096.hdf5,already_exists,4096.0,1240944640.0
GWTC-3/O1-O3,strain_hdf5_4khz,GW190512_180714,H1,https://gwosc.org/archive/data/O3a_4KHZ_R1/1241513984/H-H1_GWOSC_O3a_4KHZ_R1-1241718784-4096.hdf5,GWOSC,data/real_strain/GW190512_180714/H-H1_GWOSC_O3a_4KHZ_R1-1241718784-4096.hdf5,already_exists,4096.0,1241718784.0
GWTC-3/O1-O3,strain_hdf5_4khz,GW190512_180714,L1,https://gwosc.org/archive/data/O3a_4KHZ_R1/1241513984/L-L1_GWOSC_O3a_4KHZ_R1-1241718784-4096.hdf5,GWOSC,data/real_strain/GW190512_180714/L-L1_GWOSC_O3a_4KHZ_R1-1241718784-4096.hdf5,already_exists,4096.0,1241718784.0
GWTC-3/O1-O3,strain_hdf5_4khz,GW190513_205428,H1,https://gwosc.org/archive/data/O3a_4KHZ_R1/1241513984/H-H1_GWOSC_O3a_4KHZ_R1-1241812992-4096.hdf5,GWOSC,data/real_strain/GW190513_205428/H-H1_GWOSC_O3a_4KHZ_R1-1241812992-4096.hdf5,already_exists,4096.0,1241812992.0
GWTC-3/O1-O3,strain_hdf5_4khz,GW190513_205428,L1,https://gwosc.org/archive/data/O3a_4KHZ_R1/1241513984/L-L1_GWOSC_O3a_4KHZ_R1-1241812992-4096.hdf5,GWOSC,data/real_strain/GW190513_205428/L-L1_GWOSC_O3a_4KHZ_R1-1241812992-4096.hdf5,already_exists,4096.0,1241812992.0
GWTC-3/O1-O3,strain_hdf5_4khz,GW190517_055101,H1,https://gwosc.org/archive/data/O3a_4KHZ_R1/1241513984/H-H1_GWOSC_O3a_4KHZ_R1-1242103808-4096.hdf5,GWOSC,data/real_strain/GW190517_055101/H-H1_GWOSC_O3a_4KHZ_R1-1242103808-4096.hdf5,already_exists,4096.0,1242103808.0
GWTC-3/O1-O3,strain_hdf5_4khz,GW190517_055101,L1,https://gwosc.org/archive/data/O3a_4KHZ_R1/1241513984/L-L1_GWOSC_O3a_4KHZ_R1-1242103808-4096.hdf5,GWOSC,data/real_strain/GW190517_055101/L-L1_GWOSC_O3a_4KHZ_R1-1242103808-4096.hdf5,already_exists,4096.0,1242103808.0
GWTC-3/O1-O3,strain_hdf5_4khz,GW190519_153544,H1,https://gwosc.org/archive/data/O3a_4KHZ_R1/1241513984/H-H1_GWOSC_O3a_4KHZ_R1-1242312704-4096.hdf5,GWOSC,data/real_strain/GW190519_153544/H-H1_GWOSC_O3a_4KHZ_R1-1242312704-4096.hdf5,already_exists,4096.0,1242312704.0
GWTC-3/O1-O3,strain_hdf5_4khz,GW190519_153544,L1,https://gwosc.org/archive/data/O3a_4KHZ_R1/1241513984/L-L1_GWOSC_O3a_4KHZ_R1-1242312704-4096.hdf5,GWOSC,data/real_strain/GW190519_153544/L-L1_GWOSC_O3a_4KHZ_R1-1242312704-4096.hdf5,already_exists,4096.0,1242312704.0
GWTC-3/O1-O3,strain_hdf5_4khz,GW190521,H1,https://gwosc.org/eventapi/json/GWTC-2.1-confident/GW190521/v4/H-H1_GWOSC_4KHZ_R1-1242440920-4096.hdf5,GWOSC,data/real_strain/GW190521/H-H1_GWOSC_4KHZ_R1-1242440920-4096.hdf5,already_exists,4096.0,1242440920.0
GWTC-3/O1-O3,strain_hdf5_4khz,GW190521,L1,https://gwosc.org/eventapi/json/GWTC-2.1-confident/GW190521/v4/L-L1_GWOSC_4KHZ_R1-1242440920-4096.hdf5,GWOSC,data/real_strain/GW190521/L-L1_GWOSC_4KHZ_R1-1242440920-4096.hdf5,already_exists,4096.0,1242440920.0
GWTC-3/O1-O3,strain_hdf5_4khz,GW190521_074359,H1,https://gwosc.org/archive/data/O3a_4KHZ_R1/1241513984/H-H1_GWOSC_O3a_4KHZ_R1-1242456064-4096.hdf5,GWOSC,data/real_strain/GW190521_074359/H-H1_GWOSC_O3a_4KHZ_R1-1242456064-4096.hdf5,already_exists,4096.0,1242456064.0
GWTC-3/O1-O3,strain_hdf5_4khz,GW190521_074359,L1,https://gwosc.org/archive/data/O3a_4KHZ_R1/1241513984/L-L1_GWOSC_O3a_4KHZ_R1-1242456064-4096.hdf5,GWOSC,data/real_strain/GW190521_074359/L-L1_GWOSC_O3a_4KHZ_R1-1242456064-4096.hdf5,already_exists,4096.0,1242456064.0
GWTC-3/O1-O3,strain_hdf5_4khz,GW190602_175927,H1,https://gwosc.org/archive/data/O3a_4KHZ_R1/1242562560/H-H1_GWOSC_O3a_4KHZ_R1-1243533312-4096.hdf5,GWOSC,data/real_strain/GW190602_175927/H-H1_GWOSC_O3a_4KHZ_R1-1243533312-4096.hdf5,already_exists,4096.0,1243533312.0
GWTC-3/O1-O3,strain_hdf5_4khz,GW190602_175927,L1,https://gwosc.org/archive/data/O3a_4KHZ_R1/1242562560/L-L1_GWOSC_O3a_4KHZ_R1-1243533312-4096.hdf5,GWOSC,data/real_strain/GW190602_175927/L-L1_GWOSC_O3a_4KHZ_R1-1243533312-4096.hdf5,already_exists,4096.0,1243533312.0
GWTC-3/O1-O3,strain_hdf5_4khz,GW190620_030421,H1,,GWOSC,,no_gwosc_url,,
GWTC-3/O1-O3,strain_hdf5_4khz,GW190620_030421,L1,https://gwosc.org/eventapi/json/GWTC-2.1-confident/GW190620_030421/v2/L-L1_GWOSC_4KHZ_R1-1245033032-4096.hdf5,GWOSC,data/real_strain/GW190620_030421/L-L1_GWOSC_4KHZ_R1-1245033032-4096.hdf5,already_exists,4096.0,1245033032.0
GWTC-3/O1-O3,strain_hdf5_4khz,GW190630_185205,H1,,GWOSC,,no_gwosc_url,,
GWTC-3/O1-O3,strain_hdf5_4khz,GW190630_185205,L1,https://gwosc.org/eventapi/json/GWTC-2.1-confident/GW190630_185205/v2/L-L1_GWOSC_4KHZ_R1-1245953896-4096.hdf5,GWOSC,data/real_strain/GW190630_185205/L-L1_GWOSC_4KHZ_R1-1245953896-4096.hdf5,already_exists,4096.0,1245953896.0
GWTC-3/O1-O3,strain_hdf5_4khz,GW190701_203306,H1,https://gwosc.org/eventapi/json/GWTC-2.1-confident/GW190701_203306/v2/H-H1_GWOSC_4KHZ_R1-1246046357-4096.hdf5,GWOSC,data/real_strain/GW190701_203306/H-H1_GWOSC_4KHZ_R1-1246046357-4096.hdf5,already_exists,4096.0,1246046357.0
GWTC-3/O1-O3,strain_hdf5_4khz,GW190701_203306,L1,https://gwosc.org/eventapi/json/GWTC-2.1-confident/GW190701_203306/v2/L-L1_GWOSC_4KHZ_R1-1246046357-4096.hdf5,GWOSC,data/real_strain/GW190701_203306/L-L1_GWOSC_4KHZ_R1-1246046357-4096.hdf5,already_exists,4096.0,1246046357.0
GWTC-3/O1-O3,strain_hdf5_4khz,GW190706_222641,H1,https://gwosc.org/archive/data/O3a_4KHZ_R1/1245708288/H-H1_GWOSC_O3a_4KHZ_R1-1246486528-4096.hdf5,GWOSC,data/real_strain/GW190706_222641/H-H1_GWOSC_O3a_4KHZ_R1-1246486528-4096.hdf5,already_exists,4096.0,1246486528.0
GWTC-3/O1-O3,strain_hdf5_4khz,GW190706_222641,L1,https://gwosc.org/archive/data/O3a_4KHZ_R1/1245708288/L-L1_GWOSC_O3a_4KHZ_R1-1246486528-4096.hdf5,GWOSC,data/real_strain/GW190706_222641/L-L1_GWOSC_O3a_4KHZ_R1-1246486528-4096.hdf5,already_exists,4096.0,1246486528.0
GWTC-3/O1-O3,strain_hdf5_4khz,GW190707_093326,H1,https://gwosc.org/archive/data/O3a_4KHZ_R1/1245708288/H-H1_GWOSC_O3a_4KHZ_R1-1246523392-4096.hdf5,GWOSC,data/real_strain/GW190707_093326/H-H1_GWOSC_O3a_4KHZ_R1-1246523392-4096.hdf5,already_exists,4096.0,1246523392.0
GWTC-3/O1-O3,strain_hdf5_4khz,GW190707_093326,L1,https://gwosc.org/archive/data/O3a_4KHZ_R1/1245708288/L-L1_GWOSC_O3a_4KHZ_R1-1246523392-4096.hdf5,GWOSC,data/real_strain/GW190707_093326/L-L1_GWOSC_O3a_4KHZ_R1-1246523392-4096.hdf5,already_exists,4096.0,1246523392.0
GWTC-3/O1-O3,strain_hdf5_4khz,GW190708_232457,H1,,GWOSC,,no_gwosc_url,,
GWTC-3/O1-O3,strain_hdf5_4khz,GW190708_232457,L1,https://gwosc.org/eventapi/json/GWTC-2.1-confident/GW190708_232457/v2/L-L1_GWOSC_4KHZ_R1-1246661468-4096.hdf5,GWOSC,data/real_strain/GW190708_232457/L-L1_GWOSC_4KHZ_R1-1246661468-4096.hdf5,already_exists,4096.0,1246661468.0
GWTC-3/O1-O3,strain_hdf5_4khz,GW190720_000836,H1,https://gwosc.org/archive/data/O3a_4KHZ_R1/1246756864/H-H1_GWOSC_O3a_4KHZ_R1-1247612928-4096.hdf5,GWOSC,data/real_strain/GW190720_000836/H-H1_GWOSC_O3a_4KHZ_R1-1247612928-4096.hdf5,already_exists,4096.0,1247612928.0
GWTC-3/O1-O3,strain_hdf5_4khz,GW190720_000836,L1,https://gwosc.org/archive/data/O3a_4KHZ_R1/1246756864/L-L1_GWOSC_O3a_4KHZ_R1-1247612928-4096.hdf5,GWOSC,data/real_strain/GW190720_000836/L-L1_GWOSC_O3a_4KHZ_R1-1247612928-4096.hdf5,already_exists,4096.0,1247612928.0
GWTC-3/O1-O3,strain_hdf5_4khz,GW190725_174728,H1,https://gwosc.org/archive/data/O3a_4KHZ_R1/1247805440/H-H1_GWOSC_O3a_4KHZ_R1-1248108544-4096.hdf5,GWOSC,data/real_strain/GW190725_174728/H-H1_GWOSC_O3a_4KHZ_R1-1248108544-4096.hdf5,already_exists,4096.0,1248108544.0
GWTC-3/O1-O3,strain_hdf5_4khz,GW190725_174728,L1,https://gwosc.org/archive/data/O3a_4KHZ_R1/1247805440/L-L1_GWOSC_O3a_4KHZ_R1-1248108544-4096.hdf5,GWOSC,data/real_strain/GW190725_174728/L-L1_GWOSC_O3a_4KHZ_R1-1248108544-4096.hdf5,already_exists,4096.0,1248108544.0
GWTC-3/O1-O3,strain_hdf5_4khz,GW190727_060333,H1,https://gwosc.org/archive/data/O3a_4KHZ_R1/1247805440/H-H1_GWOSC_O3a_4KHZ_R1-1248239616-4096.hdf5,GWOSC,data/real_strain/GW190727_060333/H-H1_GWOSC_O3a_4KHZ_R1-1248239616-4096.hdf5,already_exists,4096.0,1248239616.0
GWTC-3/O1-O3,strain_hdf5_4khz,GW190727_060333,L1,https://gwosc.org/archive/data/O3a_4KHZ_R1/1247805440/L-L1_GWOSC_O3a_4KHZ_R1-1248239616-4096.hdf5,GWOSC,data/real_strain/GW190727_060333/L-L1_GWOSC_O3a_4KHZ_R1-1248239616-4096.hdf5,already_exists,4096.0,1248239616.0
GWTC-3/O1-O3,strain_hdf5_4khz,GW190728_064510,H1,https://gwosc.org/archive/data/O3a_4KHZ_R1/1247805440/H-H1_GWOSC_O3a_4KHZ_R1-1248329728-4096.hdf5,GWOSC,data/real_strain/GW190728_064510/H-H1_GWOSC_O3a_4KHZ_R1-1248329728-4096.hdf5,already_exists,4096.0,1248329728.0
GWTC-3/O1-O3,strain_hdf5_4khz,GW190728_064510,L1,https://gwosc.org/archive/data/O3a_4KHZ_R1/1247805440/L-L1_GWOSC_O3a_4KHZ_R1-1248329728-4096.hdf5,GWOSC,data/real_strain/GW190728_064510/L-L1_GWOSC_O3a_4KHZ_R1-1248329728-4096.hdf5,already_exists,4096.0,1248329728.0
GWTC-3/O1-O3,strain_hdf5_4khz,GW190803_022701,H1,https://gwosc.org/archive/data/O3a_4KHZ_R1/1247805440/H-H1_GWOSC_O3a_4KHZ_R1-1248833536-4096.hdf5,GWOSC,data/real_strain/GW190803_022701/H-H1_GWOSC_O3a_4KHZ_R1-1248833536-4096.hdf5,already_exists,4096.0,1248833536.0
GWTC-3/O1-O3,strain_hdf5_4khz,GW190803_022701,L1,https://gwosc.org/archive/data/O3a_4KHZ_R1/1247805440/L-L1_GWOSC_O3a_4KHZ_R1-1248833536-4096.hdf5,GWOSC,data/real_strain/GW190803_022701/L-L1_GWOSC_O3a_4KHZ_R1-1248833536-4096.hdf5,already_exists,4096.0,1248833536.0
GWTC-3/O1-O3,strain_hdf5_4khz,GW190828_063405,H1,https://gwosc.org/archive/data/O3a_4KHZ_R1/1250951168/H-H1_GWOSC_O3a_4KHZ_R1-1251008512-4096.hdf5,GWOSC,data/real_strain/GW190828_063405/H-H1_GWOSC_O3a_4KHZ_R1-1251008512-4096.hdf5,already_exists,4096.0,1251008512.0
GWTC-3/O1-O3,strain_hdf5_4khz,GW190828_063405,L1,https://gwosc.org/archive/data/O3a_4KHZ_R1/1250951168/L-L1_GWOSC_O3a_4KHZ_R1-1251008512-4096.hdf5,GWOSC,data/real_strain/GW190828_063405/L-L1_GWOSC_O3a_4KHZ_R1-1251008512-4096.hdf5,already_exists,4096.0,1251008512.0
GWTC-3/O1-O3,strain_hdf5_4khz,GW190828_065509,H1,https://gwosc.org/archive/data/O3a_4KHZ_R1/1250951168/H-H1_GWOSC_O3a_4KHZ_R1-1251008512-4096.hdf5,GWOSC,data/real_strain/GW190828_065509/H-H1_GWOSC_O3a_4KHZ_R1-1251008512-4096.hdf5,already_exists,4096.0,1251008512.0
GWTC-3/O1-O3,strain_hdf5_4khz,GW190828_065509,L1,https://gwosc.org/archive/data/O3a_4KHZ_R1/1250951168/L-L1_GWOSC_O3a_4KHZ_R1-1251008512-4096.hdf5,GWOSC,data/real_strain/GW190828_065509/L-L1_GWOSC_O3a_4KHZ_R1-1251008512-4096.hdf5,already_exists,4096.0,1251008512.0
GWTC-3/O1-O3,strain_hdf5_4khz,GW190910_112807,H1,https://gwosc.org/archive/data/O3a_4KHZ_R1/1251999744/H-H1_GWOSC_O3a_4KHZ_R1-1252147200-4096.hdf5,GWOSC,data/real_strain/GW190910_112807/H-H1_GWOSC_O3a_4KHZ_R1-1252147200-4096.hdf5,already_exists,4096.0,1252147200.0
GWTC-3/O1-O3,strain_hdf5_4khz,GW190910_112807,L1,https://gwosc.org/eventapi/json/GWTC-2.1-confident/GW190910_112807/v2/L-L1_GWOSC_4KHZ_R1-1252148058-4096.hdf5,GWOSC,data/real_strain/GW190910_112807/L-L1_GWOSC_4KHZ_R1-1252148058-4096.hdf5,already_exists,4096.0,1252148058.0
GWTC-3/O1-O3,strain_hdf5_4khz,GW190915_235702,H1,https://gwosc.org/archive/data/O3a_4KHZ_R1/1251999744/H-H1_GWOSC_O3a_4KHZ_R1-1252626432-4096.hdf5,GWOSC,data/real_strain/GW190915_235702/H-H1_GWOSC_O3a_4KHZ_R1-1252626432-4096.hdf5,already_exists,4096.0,1252626432.0
GWTC-3/O1-O3,strain_hdf5_4khz,GW190915_235702,L1,https://gwosc.org/archive/data/O3a_4KHZ_R1/1251999744/L-L1_GWOSC_O3a_4KHZ_R1-1252626432-4096.hdf5,GWOSC,data/real_strain/GW190915_235702/L-L1_GWOSC_O3a_4KHZ_R1-1252626432-4096.hdf5,already_exists,4096.0,1252626432.0
GWTC-3/O1-O3,strain_hdf5_4khz,GW190924_021846,H1,https://gwosc.org/eventapi/json/GWTC-2.1-confident/GW190924_021846/v2/H-H1_GWOSC_4KHZ_R1-1253324697-4096.hdf5,GWOSC,data/real_strain/GW190924_021846/H-H1_GWOSC_4KHZ_R1-1253324697-4096.hdf5,already_exists,4096.0,1253324697.0
GWTC-3/O1-O3,strain_hdf5_4khz,GW190924_021846,L1,https://gwosc.org/eventapi/json/GWTC-2.1-confident/GW190924_021846/v2/L-L1_GWOSC_4KHZ_R1-1253324697-4096.hdf5,GWOSC,data/real_strain/GW190924_021846/L-L1_GWOSC_4KHZ_R1-1253324697-4096.hdf5,already_exists,4096.0,1253324697.0
GWTC-3/O1-O3,strain_hdf5_4khz,GW190925_232845,H1,https://gwosc.org/eventapi/json/GWTC-2.1-confident/GW190925_232845/v1/H-H1_GWOSC_4KHZ_R1-1253487296-4096.hdf5,GWOSC,data/real_strain/GW190925_232845/H-H1_GWOSC_4KHZ_R1-1253487296-4096.hdf5,already_exists,4096.0,1253487296.0
GWTC-3/O1-O3,strain_hdf5_4khz,GW190925_232845,L1,,GWOSC,,no_gwosc_url,,
GWTC-3/O1-O3,strain_hdf5_4khz,GW190929_012149,H1,https://gwosc.org/archive/data/O3a_4KHZ_R1/1253048320/H-H1_GWOSC_O3a_4KHZ_R1-1253752832-4096.hdf5,GWOSC,data/real_strain/GW190929_012149/H-H1_GWOSC_O3a_4KHZ_R1-1253752832-4096.hdf5,already_exists,4096.0,1253752832.0
GWTC-3/O1-O3,strain_hdf5_4khz,GW190929_012149,L1,https://gwosc.org/archive/data/O3a_4KHZ_R1/1253048320/L-L1_GWOSC_O3a_4KHZ_R1-1253752832-4096.hdf5,GWOSC,data/real_strain/GW190929_012149/L-L1_GWOSC_O3a_4KHZ_R1-1253752832-4096.hdf5,already_exists,4096.0,1253752832.0
GWTC-3/O1-O3,strain_hdf5_4khz,GW190930_133541,H1,https://gwosc.org/archive/data/O3a_4KHZ_R1/1253048320/H-H1_GWOSC_O3a_4KHZ_R1-1253883904-4096.hdf5,GWOSC,data/real_strain/GW190930_133541/H-H1_GWOSC_O3a_4KHZ_R1-1253883904-4096.hdf5,already_exists,4096.0,1253883904.0
GWTC-3/O1-O3,strain_hdf5_4khz,GW190930_133541,L1,https://gwosc.org/archive/data/O3a_4KHZ_R1/1253048320/L-L1_GWOSC_O3a_4KHZ_R1-1253883904-4096.hdf5,GWOSC,data/real_strain/GW190930_133541/L-L1_GWOSC_O3a_4KHZ_R1-1253883904-4096.hdf5,already_exists,4096.0,1253883904.0
GWTC-3/O1-O3,strain_hdf5_4khz,GW191105_143521,H1,https://gwosc.org/eventapi/json/GWTC-3-confident/GW191105_143521/v1/H-H1_GWOSC_4KHZ_R1-1256997692-4096.hdf5,GWOSC,data/real_strain/GW191105_143521/H-H1_GWOSC_4KHZ_R1-1256997692-4096.hdf5,already_exists,4096.0,1256997692.0
GWTC-3/O1-O3,strain_hdf5_4khz,GW191105_143521,L1,https://gwosc.org/eventapi/json/GWTC-3-confident/GW191105_143521/v1/L-L1_GWOSC_4KHZ_R1-1256997692-4096.hdf5,GWOSC,data/real_strain/GW191105_143521/L-L1_GWOSC_4KHZ_R1-1256997692-4096.hdf5,already_exists,4096.0,1256997692.0
GWTC-3/O1-O3,strain_hdf5_4khz,GW191109_010717,H1,https://gwosc.org/eventapi/json/GWTC-3-confident/GW191109_010717/v1/H-H1_GWOSC_4KHZ_R1-1257294808-4096.hdf5,GWOSC,data/real_strain/GW191109_010717/H-H1_GWOSC_4KHZ_R1-1257294808-4096.hdf5,already_exists,4096.0,1257294808.0
GWTC-3/O1-O3,strain_hdf5_4khz,GW191109_010717,L1,https://gwosc.org/eventapi/json/GWTC-3-confident/GW191109_010717/v1/L-L1_GWOSC_4KHZ_R1-1257294808-4096.hdf5,GWOSC,data/real_strain/GW191109_010717/L-L1_GWOSC_4KHZ_R1-1257294808-4096.hdf5,already_exists,4096.0,1257294808.0
GWTC-3/O1-O3,strain_hdf5_4khz,GW191127_050227,H1,https://gwosc.org/eventapi/json/GWTC-3-confident/GW191127_050227/v1/H-H1_GWOSC_4KHZ_R1-1258864118-4096.hdf5,GWOSC,data/real_strain/GW191127_050227/H-H1_GWOSC_4KHZ_R1-1258864118-4096.hdf5,already_exists,4096.0,1258864118.0
GWTC-3/O1-O3,strain_hdf5_4khz,GW191127_050227,L1,https://gwosc.org/eventapi/json/GWTC-3-confident/GW191127_050227/v1/L-L1_GWOSC_4KHZ_R1-1258864118-4096.hdf5,GWOSC,data/real_strain/GW191127_050227/L-L1_GWOSC_4KHZ_R1-1258864118-4096.hdf5,already_exists,4096.0,1258864118.0
GWTC-3/O1-O3,strain_hdf5_4khz,GW191129_134029,H1,https://gwosc.org/eventapi/json/GWTC-3-confident/GW191129_134029/v1/H-H1_GWOSC_4KHZ_R1-1259068000-4096.hdf5,GWOSC,data/real_strain/GW191129_134029/H-H1_GWOSC_4KHZ_R1-1259068000-4096.hdf5,already_exists,4096.0,1259068000.0
GWTC-3/O1-O3,strain_hdf5_4khz,GW191129_134029,L1,https://gwosc.org/eventapi/json/GWTC-3-confident/GW191129_134029/v1/L-L1_GWOSC_4KHZ_R1-1259068000-4096.hdf5,GWOSC,data/real_strain/GW191129_134029/L-L1_GWOSC_4KHZ_R1-1259068000-4096.hdf5,already_exists,4096.0,1259068000.0
GWTC-3/O1-O3,strain_hdf5_4khz,GW191204_171526,H1,https://gwosc.org/eventapi/json/GWTC-3-confident/GW191204_171526/v1/H-H1_GWOSC_4KHZ_R1-1259512896-4096.hdf5,GWOSC,data/real_strain/GW191204_171526/H-H1_GWOSC_4KHZ_R1-1259512896-4096.hdf5,already_exists,4096.0,1259512896.0
GWTC-3/O1-O3,strain_hdf5_4khz,GW191204_171526,L1,https://gwosc.org/eventapi/json/GWTC-3-confident/GW191204_171526/v1/L-L1_GWOSC_4KHZ_R1-1259512896-4096.hdf5,GWOSC,data/real_strain/GW191204_171526/L-L1_GWOSC_4KHZ_R1-1259512896-4096.hdf5,already_exists,4096.0,1259512896.0
GWTC-3/O1-O3,strain_hdf5_4khz,GW191215_223052,H1,https://gwosc.org/eventapi/json/GWTC-3-confident/GW191215_223052/v1/H-H1_GWOSC_4KHZ_R1-1260482223-4096.hdf5,GWOSC,data/real_strain/GW191215_223052/H-H1_GWOSC_4KHZ_R1-1260482223-4096.hdf5,already_exists,4096.0,1260482223.0
GWTC-3/O1-O3,strain_hdf5_4khz,GW191215_223052,L1,https://gwosc.org/eventapi/json/GWTC-3-confident/GW191215_223052/v1/L-L1_GWOSC_4KHZ_R1-1260482223-4096.hdf5,GWOSC,data/real_strain/GW191215_223052/L-L1_GWOSC_4KHZ_R1-1260482223-4096.hdf5,already_exists,4096.0,1260482223.0
GWTC-3/O1-O3,strain_hdf5_4khz,GW191216_213338,H1,https://gwosc.org/eventapi/json/GWTC-3-confident/GW191216_213338/v1/H-H1_GWOSC_4KHZ_R1-1260565189-4096.hdf5,GWOSC,data/real_strain/GW191216_213338/H-H1_GWOSC_4KHZ_R1-1260565189-4096.hdf5,already_exists,4096.0,1260565189.0
GWTC-3/O1-O3,strain_hdf5_4khz,GW191216_213338,L1,,GWOSC,,no_gwosc_url,,
GWTC-3/O1-O3,strain_hdf5_4khz,GW191219_163120,H1,https://gwosc.org/eventapi/json/GWTC-3-confident/GW191219_163120/v1/H-H1_GWOSC_4KHZ_R1-1260806251-4096.hdf5,GWOSC,data/real_strain/GW191219_163120/H-H1_GWOSC_4KHZ_R1-1260806251-4096.hdf5,already_exists,4096.0,1260806251.0
GWTC-3/O1-O3,strain_hdf5_4khz,GW191219_163120,L1,https://gwosc.org/eventapi/json/GWTC-3-confident/GW191219_163120/v1/L-L1_GWOSC_4KHZ_R1-1260806251-4096.hdf5,GWOSC,data/real_strain/GW191219_163120/L-L1_GWOSC_4KHZ_R1-1260806251-4096.hdf5,already_exists,4096.0,1260806251.0
GWTC-3/O1-O3,strain_hdf5_4khz,GW191222_033537,H1,https://gwosc.org/eventapi/json/GWTC-3-confident/GW191222_033537/v1/H-H1_GWOSC_4KHZ_R1-1261018908-4096.hdf5,GWOSC,data/real_strain/GW191222_033537/H-H1_GWOSC_4KHZ_R1-1261018908-4096.hdf5,already_exists,4096.0,1261018908.0
GWTC-3/O1-O3,strain_hdf5_4khz,GW191222_033537,L1,https://gwosc.org/eventapi/json/GWTC-3-confident/GW191222_033537/v1/L-L1_GWOSC_4KHZ_R1-1261018908-4096.hdf5,GWOSC,data/real_strain/GW191222_033537/L-L1_GWOSC_4KHZ_R1-1261018908-4096.hdf5,already_exists,4096.0,1261018908.0
GWTC-3/O1-O3,strain_hdf5_4khz,GW191230_180458,H1,https://gwosc.org/eventapi/json/GWTC-3-confident/GW191230_180458/v1/H-H1_GWOSC_4KHZ_R1-1261762269-4096.hdf5,GWOSC,data/real_strain/GW191230_180458/H-H1_GWOSC_4KHZ_R1-1261762269-4096.hdf5,already_exists,4096.0,1261762269.0
GWTC-3/O1-O3,strain_hdf5_4khz,GW191230_180458,L1,https://gwosc.org/eventapi/json/GWTC-3-confident/GW191230_180458/v1/L-L1_GWOSC_4KHZ_R1-1261762269-4096.hdf5,GWOSC,data/real_strain/GW191230_180458/L-L1_GWOSC_4KHZ_R1-1261762269-4096.hdf5,already_exists,4096.0,1261762269.0
GWTC-3/O1-O3,strain_hdf5_4khz,GW200112_155838,H1,,GWOSC,,no_gwosc_url,,
GWTC-3/O1-O3,strain_hdf5_4khz,GW200112_155838,L1,https://gwosc.org/eventapi/json/GWTC-3-confident/GW200112_155838/v1/L-L1_GWOSC_4KHZ_R1-1262877888-4096.hdf5,GWOSC,data/real_strain/GW200112_155838/L-L1_GWOSC_4KHZ_R1-1262877888-4096.hdf5,already_exists,4096.0,1262877888.0
GWTC-3/O1-O3,strain_hdf5_4khz,GW200128_022011,H1,https://gwosc.org/eventapi/json/GWTC-3-confident/GW200128_022011/v1/H-H1_GWOSC_4KHZ_R1-1264211182-4096.hdf5,GWOSC,data/real_strain/GW200128_022011/H-H1_GWOSC_4KHZ_R1-1264211182-4096.hdf5,already_exists,4096.0,1264211182.0
GWTC-3/O1-O3,strain_hdf5_4khz,GW200128_022011,L1,https://gwosc.org/eventapi/json/GWTC-3-confident/GW200128_022011/v1/L-L1_GWOSC_4KHZ_R1-1264211182-4096.hdf5,GWOSC,data/real_strain/GW200128_022011/L-L1_GWOSC_4KHZ_R1-1264211182-4096.hdf5,already_exists,4096.0,1264211182.0
GWTC-3/O1-O3,strain_hdf5_4khz,GW200129_065458,H1,https://gwosc.org/eventapi/json/GWTC-3-confident/GW200129_065458/v1/H-H1_GWOSC_4KHZ_R1-1264314069-4096.hdf5,GWOSC,data/real_strain/GW200129_065458/H-H1_GWOSC_4KHZ_R1-1264314069-4096.hdf5,already_exists,4096.0,1264314069.0
GWTC-3/O1-O3,strain_hdf5_4khz,GW200129_065458,L1,https://gwosc.org/eventapi/json/GWTC-3-confident/GW200129_065458/v1/L-L1_GWOSC_4KHZ_R1-1264314069-4096.hdf5,GWOSC,data/real_strain/GW200129_065458/L-L1_GWOSC_4KHZ_R1-1264314069-4096.hdf5,already_exists,4096.0,1264314069.0
GWTC-3/O1-O3,strain_hdf5_4khz,GW200202_154313,H1,https://gwosc.org/eventapi/json/GWTC-3-confident/GW200202_154313/v1/H-H1_GWOSC_4KHZ_R1-1264691364-4096.hdf5,GWOSC,data/real_strain/GW200202_154313/H-H1_GWOSC_4KHZ_R1-1264691364-4096.hdf5,already_exists,4096.0,1264691364.0
GWTC-3/O1-O3,strain_hdf5_4khz,GW200202_154313,L1,https://gwosc.org/eventapi/json/GWTC-3-confident/GW200202_154313/v1/L-L1_GWOSC_4KHZ_R1-1264691364-4096.hdf5,GWOSC,data/real_strain/GW200202_154313/L-L1_GWOSC_4KHZ_R1-1264691364-4096.hdf5,already_exists,4096.0,1264691364.0
GWTC-3/O1-O3,strain_hdf5_4khz,GW200208_130117,H1,https://gwosc.org/eventapi/json/GWTC-3-confident/GW200208_130117/v1/H-H1_GWOSC_4KHZ_R1-1265200048-4096.hdf5,GWOSC,data/real_strain/GW200208_130117/H-H1_GWOSC_4KHZ_R1-1265200048-4096.hdf5,already_exists,4096.0,1265200048.0
GWTC-3/O1-O3,strain_hdf5_4khz,GW200208_130117,L1,https://gwosc.org/eventapi/json/GWTC-3-confident/GW200208_130117/v1/L-L1_GWOSC_4KHZ_R1-1265200048-4096.hdf5,GWOSC,data/real_strain/GW200208_130117/L-L1_GWOSC_4KHZ_R1-1265200048-4096.hdf5,already_exists,4096.0,1265200048.0
GWTC-3/O1-O3,strain_hdf5_4khz,GW200209_085452,H1,https://gwosc.org/eventapi/json/GWTC-3-confident/GW200209_085452/v1/H-H1_GWOSC_4KHZ_R1-1265271663-4096.hdf5,GWOSC,data/real_strain/GW200209_085452/H-H1_GWOSC_4KHZ_R1-1265271663-4096.hdf5,already_exists,4096.0,1265271663.0
GWTC-3/O1-O3,strain_hdf5_4khz,GW200209_085452,L1,https://gwosc.org/eventapi/json/GWTC-3-confident/GW200209_085452/v1/L-L1_GWOSC_4KHZ_R1-1265271663-4096.hdf5,GWOSC,data/real_strain/GW200209_085452/L-L1_GWOSC_4KHZ_R1-1265271663-4096.hdf5,already_exists,4096.0,1265271663.0
GWTC-3/O1-O3,strain_hdf5_4khz,GW200219_094415,H1,https://gwosc.org/eventapi/json/GWTC-3-confident/GW200219_094415/v1/H-H1_GWOSC_4KHZ_R1-1266138626-4096.hdf5,GWOSC,data/real_strain/GW200219_094415/H-H1_GWOSC_4KHZ_R1-1266138626-4096.hdf5,already_exists,4096.0,1266138626.0
GWTC-3/O1-O3,strain_hdf5_4khz,GW200219_094415,L1,https://gwosc.org/eventapi/json/GWTC-3-confident/GW200219_094415/v1/L-L1_GWOSC_4KHZ_R1-1266138626-4096.hdf5,GWOSC,data/real_strain/GW200219_094415/L-L1_GWOSC_4KHZ_R1-1266138626-4096.hdf5,already_exists,4096.0,1266138626.0
GWTC-3/O1-O3,strain_hdf5_4khz,GW200224_222234,H1,https://gwosc.org/eventapi/json/GWTC-3-confident/GW200224_222234/v1/H-H1_GWOSC_4KHZ_R1-1266616125-4096.hdf5,GWOSC,data/real_strain/GW200224_222234/H-H1_GWOSC_4KHZ_R1-1266616125-4096.hdf5,already_exists,4096.0,1266616125.0
GWTC-3/O1-O3,strain_hdf5_4khz,GW200224_222234,L1,https://gwosc.org/eventapi/json/GWTC-3-confident/GW200224_222234/v1/L-L1_GWOSC_4KHZ_R1-1266616125-4096.hdf5,GWOSC,data/real_strain/GW200224_222234/L-L1_GWOSC_4KHZ_R1-1266616125-4096.hdf5,already_exists,4096.0,1266616125.0
GWTC-3/O1-O3,strain_hdf5_4khz,GW200225_060421,H1,https://gwosc.org/eventapi/json/GWTC-3-confident/GW200225_060421/v1/H-H1_GWOSC_4KHZ_R1-1266643832-4096.hdf5,GWOSC,data/real_strain/GW200225_060421/H-H1_GWOSC_4KHZ_R1-1266643832-4096.hdf5,already_exists,4096.0,1266643832.0
GWTC-3/O1-O3,strain_hdf5_4khz,GW200225_060421,L1,https://gwosc.org/eventapi/json/GWTC-3-confident/GW200225_060421/v1/L-L1_GWOSC_4KHZ_R1-1266643832-4096.hdf5,GWOSC,data/real_strain/GW200225_060421/L-L1_GWOSC_4KHZ_R1-1266643832-4096.hdf5,already_exists,4096.0,1266643832.0
GWTC-3/O1-O3,strain_hdf5_4khz,GW200302_015811,H1,https://gwosc.org/eventapi/json/GWTC-3-confident/GW200302_015811/v1/H-H1_GWOSC_4KHZ_R1-1267147462-4096.hdf5,GWOSC,data/real_strain/GW200302_015811/H-H1_GWOSC_4KHZ_R1-1267147462-4096.hdf5,already_exists,4096.0,1267147462.0
GWTC-3/O1-O3,strain_hdf5_4khz,GW200302_015811,L1,,GWOSC,,no_gwosc_url,,
GWTC-3/O1-O3,strain_hdf5_4khz,GW200311_115853,H1,https://gwosc.org/eventapi/json/GWTC-3-confident/GW200311_115853/v1/H-H1_GWOSC_4KHZ_R1-1267961104-4096.hdf5,GWOSC,data/real_strain/GW200311_115853/H-H1_GWOSC_4KHZ_R1-1267961104-4096.hdf5,already_exists,4096.0,1267961104.0
GWTC-3/O1-O3,strain_hdf5_4khz,GW200311_115853,L1,https://gwosc.org/eventapi/json/GWTC-3-confident/GW200311_115853/v1/L-L1_GWOSC_4KHZ_R1-1267961104-4096.hdf5,GWOSC,data/real_strain/GW200311_115853/L-L1_GWOSC_4KHZ_R1-1267961104-4096.hdf5,already_exists,4096.0,1267961104.0
GWTC-3/O1-O3,strain_hdf5_4khz,GW200316_215756,H1,https://gwosc.org/eventapi/json/GWTC-3-confident/GW200316_215756/v1/H-H1_GWOSC_4KHZ_R1-1268429047-4096.hdf5,GWOSC,data/real_strain/GW200316_215756/H-H1_GWOSC_4KHZ_R1-1268429047-4096.hdf5,already_exists,4096.0,1268429047.0
GWTC-3/O1-O3,strain_hdf5_4khz,GW200316_215756,L1,https://gwosc.org/eventapi/json/GWTC-3-confident/GW200316_215756/v1/L-L1_GWOSC_4KHZ_R1-1268429047-4096.hdf5,GWOSC,data/real_strain/GW200316_215756/L-L1_GWOSC_4KHZ_R1-1268429047-4096.hdf5,already_exists,4096.0,1268429047.0
GWTC-3/O1-O3,skymap_or_pe,GW150914,,,LVK/GWOSC/Zenodo,data/gwtc3_raw/pe_h5_cosmo/IGWN-GWTC2p1-v2-GW150914_095045_PEDataRelease_mixed_cosmo.h5,,,
GWTC-3/O1-O3,skymap_or_pe,GW151012,,,LVK/GWOSC/Zenodo,data/gwtc3_raw/pe_h5_cosmo/IGWN-GWTC2p1-v2-GW151012_095443_PEDataRelease_mixed_cosmo.h5,,,
GWTC-3/O1-O3,skymap_or_pe,GW151226,,,LVK/GWOSC/Zenodo,data/gwtc3_raw/pe_h5_cosmo/IGWN-GWTC2p1-v2-GW151226_033853_PEDataRelease_mixed_cosmo.h5,,,
GWTC-3/O1-O3,skymap_or_pe,GW170104,,,LVK/GWOSC/Zenodo,data/gwtc3_raw/pe_h5_cosmo/IGWN-GWTC2p1-v2-GW170104_101158_PEDataRelease_mixed_cosmo.h5,,,
GWTC-3/O1-O3,skymap_or_pe,GW170608,,,LVK/GWOSC/Zenodo,data/gwtc3_raw/pe_h5_cosmo/IGWN-GWTC2p1-v2-GW170608_020116_PEDataRelease_mixed_cosmo.h5,,,
GWTC-3/O1-O3,skymap_or_pe,GW170729,,,LVK/GWOSC/Zenodo,data/gwtc3_raw/pe_h5_cosmo/IGWN-GWTC2p1-v2-GW170729_185629_PEDataRelease_mixed_cosmo.h5,,,
GWTC-3/O1-O3,skymap_or_pe,GW170809,,,LVK/GWOSC/Zenodo,data/gwtc3_raw/pe_h5_cosmo/IGWN-GWTC2p1-v2-GW170809_082821_PEDataRelease_mixed_cosmo.h5,,,
GWTC-3/O1-O3,skymap_or_pe,GW170814,,,LVK/GWOSC/Zenodo,data/gwtc3_raw/pe_h5_cosmo/IGWN-GWTC2p1-v2-GW170814_103043_PEDataRelease_mixed_cosmo.h5,,,
GWTC-3/O1-O3,skymap_or_pe,GW170818,,,LVK/GWOSC/Zenodo,data/gwtc3_raw/pe_h5_cosmo/IGWN-GWTC2p1-v2-GW170818_022509_PEDataRelease_mixed_cosmo.h5,,,
GWTC-3/O1-O3,skymap_or_pe,GW170823,,,LVK/GWOSC/Zenodo,data/gwtc3_raw/pe_h5_cosmo/IGWN-GWTC2p1-v2-GW170823_131358_PEDataRelease_mixed_cosmo.h5,,,
GWTC-3/O1-O3,skymap_or_pe,GW190408_181802,,,LVK/GWOSC/Zenodo,data/gwtc3_raw/pe_h5_cosmo/IGWN-GWTC2p1-v2-GW190408_181802_PEDataRelease_mixed_cosmo.h5,,,
GWTC-3/O1-O3,skymap_or_pe,GW190412,,,LVK/GWOSC/Zenodo,data/gwtc3_raw/pe_h5_cosmo/IGWN-GWTC2p1-v2-GW190412_053044_PEDataRelease_mixed_cosmo.h5,,,
GWTC-3/O1-O3,skymap_or_pe,GW190413_134308,,,LVK/GWOSC/Zenodo,data/gwtc3_raw/pe_h5_cosmo/IGWN-GWTC2p1-v2-GW190413_134308_PEDataRelease_mixed_cosmo.h5,,,
GWTC-3/O1-O3,skymap_or_pe,GW190421_213856,,,LVK/GWOSC/Zenodo,data/gwtc3_raw/pe_h5_cosmo/IGWN-GWTC2p1-v2-GW190421_213856_PEDataRelease_mixed_cosmo.h5,,,
GWTC-3/O1-O3,skymap_or_pe,GW190503_185404,,,LVK/GWOSC/Zenodo,data/gwtc3_raw/pe_h5_cosmo/IGWN-GWTC2p1-v2-GW190503_185404_PEDataRelease_mixed_cosmo.h5,,,
GWTC-3/O1-O3,skymap_or_pe,GW190512_180714,,,LVK/GWOSC/Zenodo,data/gwtc3_raw/pe_h5_cosmo/IGWN-GWTC2p1-v2-GW190512_180714_PEDataRelease_mixed_cosmo.h5,,,
GWTC-3/O1-O3,skymap_or_pe,GW190513_205428,,,LVK/GWOSC/Zenodo,data/gwtc3_raw/pe_h5_cosmo/IGWN-GWTC2p1-v2-GW190513_205428_PEDataRelease_mixed_cosmo.h5,,,
GWTC-3/O1-O3,skymap_or_pe,GW190517_055101,,,LVK/GWOSC/Zenodo,data/gwtc3_raw/pe_h5_cosmo/IGWN-GWTC2p1-v2-GW190517_055101_PEDataRelease_mixed_cosmo.h5,,,
GWTC-3/O1-O3,skymap_or_pe,GW190519_153544,,,LVK/GWOSC/Zenodo,data/gwtc3_raw/pe_h5_cosmo/IGWN-GWTC2p1-v2-GW190519_153544_PEDataRelease_mixed_cosmo.h5,,,
GWTC-3/O1-O3,skymap_or_pe,GW190521,,,LVK/GWOSC/Zenodo,data/gwtc3_raw/pe_h5_cosmo/IGWN-GWTC2p1-v2-GW190521_030229_PEDataRelease_mixed_cosmo.h5,,,
GWTC-3/O1-O3,skymap_or_pe,GW190521_074359,,,LVK/GWOSC/Zenodo,data/gwtc3_raw/pe_h5_cosmo/IGWN-GWTC2p1-v2-GW190521_074359_PEDataRelease_mixed_cosmo.h5,,,
GWTC-3/O1-O3,skymap_or_pe,GW190602_175927,,,LVK/GWOSC/Zenodo,data/gwtc3_raw/pe_h5_cosmo/IGWN-GWTC2p1-v2-GW190602_175927_PEDataRelease_mixed_cosmo.h5,,,
GWTC-3/O1-O3,skymap_or_pe,GW190620_030421,,,LVK/GWOSC/Zenodo,data/gwtc3_raw/pe_h5_cosmo/IGWN-GWTC2p1-v2-GW190620_030421_PEDataRelease_mixed_cosmo.h5,,,
GWTC-3/O1-O3,skymap_or_pe,GW190630_185205,,,LVK/GWOSC/Zenodo,data/gwtc3_raw/pe_h5_cosmo/IGWN-GWTC2p1-v2-GW190630_185205_PEDataRelease_mixed_cosmo.h5,,,
GWTC-3/O1-O3,skymap_or_pe,GW190701_203306,,,LVK/GWOSC/Zenodo,data/gwtc3_raw/pe_h5_cosmo/IGWN-GWTC2p1-v2-GW190701_203306_PEDataRelease_mixed_cosmo.h5,,,
GWTC-3/O1-O3,skymap_or_pe,GW190706_222641,,,LVK/GWOSC/Zenodo,data/gwtc3_raw/pe_h5_cosmo/IGWN-GWTC2p1-v2-GW190706_222641_PEDataRelease_mixed_cosmo.h5,,,
GWTC-3/O1-O3,skymap_or_pe,GW190707_093326,,,LVK/GWOSC/Zenodo,data/gwtc3_raw/pe_h5_cosmo/IGWN-GWTC2p1-v2-GW190707_093326_PEDataRelease_mixed_cosmo.h5,,,
GWTC-3/O1-O3,skymap_or_pe,GW190708_232457,,,LVK/GWOSC/Zenodo,data/gwtc3_raw/pe_h5_cosmo/IGWN-GWTC2p1-v2-GW190708_232457_PEDataRelease_mixed_cosmo.h5,,,
GWTC-3/O1-O3,skymap_or_pe,GW190720_000836,,,LVK/GWOSC/Zenodo,data/gwtc3_raw/pe_h5_cosmo/IGWN-GWTC2p1-v2-GW190720_000836_PEDataRelease_mixed_cosmo.h5,,,
GWTC-3/O1-O3,skymap_or_pe,GW190725_174728,,,LVK/GWOSC/Zenodo,data/gwtc3_raw/pe_h5_cosmo/IGWN-GWTC2p1-v2-GW190725_174728_PEDataRelease_mixed_cosmo.h5,,,
GWTC-3/O1-O3,skymap_or_pe,GW190727_060333,,,LVK/GWOSC/Zenodo,data/gwtc3_raw/pe_h5_cosmo/IGWN-GWTC2p1-v2-GW190727_060333_PEDataRelease_mixed_cosmo.h5,,,
GWTC-3/O1-O3,skymap_or_pe,GW190728_064510,,,LVK/GWOSC/Zenodo,data/gwtc3_raw/pe_h5_cosmo/IGWN-GWTC2p1-v2-GW190728_064510_PEDataRelease_mixed_cosmo.h5,,,
GWTC-3/O1-O3,skymap_or_pe,GW190803_022701,,,LVK/GWOSC/Zenodo,data/gwtc3_raw/pe_h5_cosmo/IGWN-GWTC2p1-v2-GW190803_022701_PEDataRelease_mixed_cosmo.h5,,,
GWTC-3/O1-O3,skymap_or_pe,GW190828_063405,,,LVK/GWOSC/Zenodo,data/gwtc3_raw/pe_h5_cosmo/IGWN-GWTC2p1-v2-GW190828_063405_PEDataRelease_mixed_cosmo.h5,,,
GWTC-3/O1-O3,skymap_or_pe,GW190828_065509,,,LVK/GWOSC/Zenodo,data/gwtc3_raw/pe_h5_cosmo/IGWN-GWTC2p1-v2-GW190828_065509_PEDataRelease_mixed_cosmo.h5,,,
GWTC-3/O1-O3,skymap_or_pe,GW190910_112807,,,LVK/GWOSC/Zenodo,data/gwtc3_raw/pe_h5_cosmo/IGWN-GWTC2p1-v2-GW190910_112807_PEDataRelease_mixed_cosmo.h5,,,
GWTC-3/O1-O3,skymap_or_pe,GW190915_235702,,,LVK/GWOSC/Zenodo,data/gwtc3_raw/pe_h5_cosmo/IGWN-GWTC2p1-v2-GW190915_235702_PEDataRelease_mixed_cosmo.h5,,,
GWTC-3/O1-O3,skymap_or_pe,GW190924_021846,,,LVK/GWOSC/Zenodo,data/gwtc3_raw/pe_h5_cosmo/IGWN-GWTC2p1-v2-GW190924_021846_PEDataRelease_mixed_cosmo.h5,,,
GWTC-3/O1-O3,skymap_or_pe,GW190925_232845,,,LVK/GWOSC/Zenodo,data/gwtc3_raw/pe_h5_cosmo/IGWN-GWTC2p1-v2-GW190925_232845_PEDataRelease_mixed_cosmo.h5,,,
GWTC-3/O1-O3,skymap_or_pe,GW190929_012149,,,LVK/GWOSC/Zenodo,data/gwtc3_raw/pe_h5_cosmo/IGWN-GWTC2p1-v2-GW190929_012149_PEDataRelease_mixed_cosmo.h5,,,
GWTC-3/O1-O3,skymap_or_pe,GW190930_133541,,,LVK/GWOSC/Zenodo,data/gwtc3_raw/pe_h5_cosmo/IGWN-GWTC2p1-v2-GW190930_133541_PEDataRelease_mixed_cosmo.h5,,,
GWTC-3/O1-O3,skymap_or_pe,GW191105_143521,,,LVK/GWOSC/Zenodo,data/gwtc3_raw/pe_h5_cosmo/IGWN-GWTC3p0-v2-GW191105_143521_PEDataRelease_mixed_cosmo.h5,,,
GWTC-3/O1-O3,skymap_or_pe,GW191109_010717,,,LVK/GWOSC/Zenodo,data/gwtc3_raw/pe_h5_cosmo/IGWN-GWTC3p0-v2-GW191109_010717_PEDataRelease_mixed_cosmo.h5,,,
GWTC-3/O1-O3,skymap_or_pe,GW191127_050227,,,LVK/GWOSC/Zenodo,data/gwtc3_raw/pe_h5_cosmo/IGWN-GWTC3p0-v2-GW191127_050227_PEDataRelease_mixed_cosmo.h5,,,
GWTC-3/O1-O3,skymap_or_pe,GW191129_134029,,,LVK/GWOSC/Zenodo,data/gwtc3_raw/pe_h5_cosmo/IGWN-GWTC3p0-v2-GW191129_134029_PEDataRelease_mixed_cosmo.h5,,,
GWTC-3/O1-O3,skymap_or_pe,GW191204_171526,,,LVK/GWOSC/Zenodo,data/gwtc3_raw/pe_h5_cosmo/IGWN-GWTC3p0-v2-GW191204_171526_PEDataRelease_mixed_cosmo.h5,,,
GWTC-3/O1-O3,skymap_or_pe,GW191215_223052,,,LVK/GWOSC/Zenodo,data/gwtc3_raw/pe_h5_cosmo/IGWN-GWTC3p0-v2-GW191215_223052_PEDataRelease_mixed_cosmo.h5,,,
GWTC-3/O1-O3,skymap_or_pe,GW191216_213338,,,LVK/GWOSC/Zenodo,data/gwtc3_raw/pe_h5_cosmo/IGWN-GWTC3p0-v2-GW191216_213338_PEDataRelease_mixed_cosmo.h5,,,
GWTC-3/O1-O3,skymap_or_pe,GW191219_163120,,,LVK/GWOSC/Zenodo,data/gwtc3_raw/pe_h5_cosmo/IGWN-GWTC3p0-v2-GW191219_163120_PEDataRelease_mixed_cosmo.h5,,,
GWTC-3/O1-O3,skymap_or_pe,GW191222_033537,,,LVK/GWOSC/Zenodo,data/gwtc3_raw/pe_h5_cosmo/IGWN-GWTC3p0-v2-GW191222_033537_PEDataRelease_mixed_cosmo.h5,,,
GWTC-3/O1-O3,skymap_or_pe,GW191230_180458,,,LVK/GWOSC/Zenodo,data/gwtc3_raw/pe_h5_cosmo/IGWN-GWTC3p0-v2-GW191230_180458_PEDataRelease_mixed_cosmo.h5,,,
GWTC-3/O1-O3,skymap_or_pe,GW200112_155838,,,LVK/GWOSC/Zenodo,data/gwtc3_raw/pe_h5_cosmo/IGWN-GWTC3p0-v2-GW200112_155838_PEDataRelease_mixed_cosmo.h5,,,
GWTC-3/O1-O3,skymap_or_pe,GW200128_022011,,,LVK/GWOSC/Zenodo,data/gwtc3_raw/pe_h5_cosmo/IGWN-GWTC3p0-v2-GW200128_022011_PEDataRelease_mixed_cosmo.h5,,,
GWTC-3/O1-O3,skymap_or_pe,GW200129_065458,,,LVK/GWOSC/Zenodo,data/gwtc3_raw/pe_h5_cosmo/IGWN-GWTC3p0-v2-GW200129_065458_PEDataRelease_mixed_cosmo.h5,,,
GWTC-3/O1-O3,skymap_or_pe,GW200202_154313,,,LVK/GWOSC/Zenodo,data/gwtc3_raw/pe_h5_cosmo/IGWN-GWTC3p0-v2-GW200202_154313_PEDataRelease_mixed_cosmo.h5,,,
GWTC-3/O1-O3,skymap_or_pe,GW200208_130117,,,LVK/GWOSC/Zenodo,data/gwtc3_raw/pe_h5_cosmo/IGWN-GWTC3p0-v2-GW200208_130117_PEDataRelease_mixed_cosmo.h5,,,
GWTC-3/O1-O3,skymap_or_pe,GW200209_085452,,,LVK/GWOSC/Zenodo,data/gwtc3_raw/pe_h5_cosmo/IGWN-GWTC3p0-v2-GW200209_085452_PEDataRelease_mixed_cosmo.h5,,,
GWTC-3/O1-O3,skymap_or_pe,GW200219_094415,,,LVK/GWOSC/Zenodo,data/gwtc3_raw/pe_h5_cosmo/IGWN-GWTC3p0-v2-GW200219_094415_PEDataRelease_mixed_cosmo.h5,,,
GWTC-3/O1-O3,skymap_or_pe,GW200224_222234,,,LVK/GWOSC/Zenodo,data/gwtc3_raw/pe_h5_cosmo/IGWN-GWTC3p0-v2-GW200224_222234_PEDataRelease_mixed_cosmo.h5,,,
GWTC-3/O1-O3,skymap_or_pe,GW200225_060421,,,LVK/GWOSC/Zenodo,data/gwtc3_raw/pe_h5_cosmo/IGWN-GWTC3p0-v2-GW200225_060421_PEDataRelease_mixed_cosmo.h5,,,
GWTC-3/O1-O3,skymap_or_pe,GW200302_015811,,,LVK/GWOSC/Zenodo,data/gwtc3_raw/pe_h5_cosmo/IGWN-GWTC3p0-v2-GW200302_015811_PEDataRelease_mixed_cosmo.h5,,,
GWTC-3/O1-O3,skymap_or_pe,GW200311_115853,,,LVK/GWOSC/Zenodo,data/gwtc3_raw/pe_h5_cosmo/IGWN-GWTC3p0-v2-GW200311_115853_PEDataRelease_mixed_cosmo.h5,,,
GWTC-3/O1-O3,skymap_or_pe,GW200316_215756,,,LVK/GWOSC/Zenodo,data/gwtc3_raw/pe_h5_cosmo/IGWN-GWTC3p0-v2-GW200316_215756_PEDataRelease_mixed_cosmo.h5,,,
GWTC-3/O1-O3,skymap_or_pe,GW240406_062847,,,LVK/GWOSC/Zenodo,data/gwtc5_raw/selected_skymaps/IGWN-GWTC5p0-59d160a18_25-GW240406_062847-gstlal_Skymap_SearchResultDataRelease.fits,,,
GWTC-3/O1-O3,skymap_or_pe,GW240413_022019,,,LVK/GWOSC/Zenodo,data/gwtc5_raw/selected_skymaps/IGWN-GWTC5p0-59d160a18_25-GW240413_022019-gstlal_Skymap_SearchResultDataRelease.fits,,,
GWTC-3/O1-O3,skymap_or_pe,GW240414_054515,,,LVK/GWOSC/Zenodo,data/gwtc5_raw/selected_skymaps/IGWN-GWTC5p0-59d160a18_25-GW240414_054515-pycbc_Skymap_SearchResultDataRelease.fits,,,
GWTC-3/O1-O3,skymap_or_pe,GW240420_175625,,,LVK/GWOSC/Zenodo,data/gwtc5_raw/selected_skymaps/IGWN-GWTC5p0-59d160a18_25-GW240420_175625-pycbc_Skymap_SearchResultDataRelease.fits,,,
GWTC-3/O1-O3,skymap_or_pe,GW240426_031451,,,LVK/GWOSC/Zenodo,data/gwtc5_raw/selected_skymaps/IGWN-GWTC5p0-59d160a18_25-GW240426_031451-pycbc_Skymap_SearchResultDataRelease.fits,,,
GWTC-3/O1-O3,skymap_or_pe,GW240428_225440,,,LVK/GWOSC/Zenodo,data/gwtc5_raw/selected_skymaps/IGWN-GWTC5p0-59d160a18_25-GW240428_225440-gstlal_Skymap_SearchResultDataRelease.fits,,,
GWTC-3/O1-O3,skymap_or_pe,GW240501_033534,,,LVK/GWOSC/Zenodo,data/gwtc5_raw/selected_skymaps/IGWN-GWTC5p0-59d160a18_25-GW240501_033534-gstlal_Skymap_SearchResultDataRelease.fits,,,
GWTC-3/O1-O3,skymap_or_pe,GW240505_133552,,,LVK/GWOSC/Zenodo,data/gwtc5_raw/selected_skymaps/IGWN-GWTC5p0-59d160a18_25-GW240505_133552-gstlal_Skymap_SearchResultDataRelease.fits,,,
GWTC-3/O1-O3,skymap_or_pe,GW240507_041632,,,LVK/GWOSC/Zenodo,data/gwtc5_raw/selected_skymaps/IGWN-GWTC5p0-59d160a18_25-GW240507_041632-pycbc_Skymap_SearchResultDataRelease.fits,,,
GWTC-3/O1-O3,skymap_or_pe,GW240511_031507,,,LVK/GWOSC/Zenodo,data/gwtc5_raw/selected_skymaps/IGWN-GWTC5p0-59d160a18_25-GW240511_031507-gstlal_Skymap_SearchResultDataRelease.fits,,,
GWTC-3/O1-O3,skymap_or_pe,GW240512_024139,,,LVK/GWOSC/Zenodo,data/gwtc5_raw/selected_skymaps/IGWN-GWTC5p0-59d160a18_25-GW240512_024139-mbta_Skymap_SearchResultDataRelease.fits,,,
GWTC-3/O1-O3,skymap_or_pe,GW240513_183302,,,LVK/GWOSC/Zenodo,data/gwtc5_raw/selected_skymaps/IGWN-GWTC5p0-59d160a18_25-GW240513_183302-gstlal_Skymap_SearchResultDataRelease.fits,,,
GWTC-3/O1-O3,skymap_or_pe,GW240514_121713,,,LVK/GWOSC/Zenodo,data/gwtc5_raw/selected_skymaps/IGWN-GWTC5p0-59d160a18_25-GW240514_121713-gstlal_Skymap_SearchResultDataRelease.fits,,,
GWTC-3/O1-O3,skymap_or_pe,GW240515_005301,,,LVK/GWOSC/Zenodo,data/gwtc5_raw/selected_skymaps/IGWN-GWTC5p0-59d160a18_25-GW240515_005301-gstlal_Skymap_SearchResultDataRelease.fits,,,
GWTC-3/O1-O3,skymap_or_pe,GW240519_012815,,,LVK/GWOSC/Zenodo,data/gwtc5_raw/selected_skymaps/IGWN-GWTC5p0-59d160a18_25-GW240519_012815-pycbc_Skymap_SearchResultDataRelease.fits,,,
GWTC-3/O1-O3,skymap_or_pe,GW240520_213616,,,LVK/GWOSC/Zenodo,data/gwtc5_raw/selected_skymaps/IGWN-GWTC5p0-59d160a18_25-GW240520_213616-mbta_Skymap_SearchResultDataRelease.fits,,,
GWTC-3/O1-O3,skymap_or_pe,GW240525_031210,,,LVK/GWOSC/Zenodo,data/gwtc5_raw/selected_skymaps/IGWN-GWTC5p0-59d160a18_25-GW240525_031210-gstlal_Skymap_SearchResultDataRelease.fits,,,
GWTC-3/O1-O3,skymap_or_pe,GW240526_093944,,,LVK/GWOSC/Zenodo,data/gwtc5_raw/selected_skymaps/IGWN-GWTC5p0-59d160a18_25-GW240526_093944-mbta_Skymap_SearchResultDataRelease.fits,,,
GWTC-3/O1-O3,skymap_or_pe,GW240527_183429,,,LVK/GWOSC/Zenodo,data/gwtc5_raw/selected_skymaps/IGWN-GWTC5p0-59d160a18_25-GW240527_183429-pycbc_Skymap_SearchResultDataRelease.fits,,,
GWTC-3/O1-O3,skymap_or_pe,GW240527_230910,,,LVK/GWOSC/Zenodo,data/gwtc5_raw/selected_skymaps/IGWN-GWTC5p0-59d160a18_25-GW240527_230910-mbta_Skymap_SearchResultDataRelease.fits,,,
GWTC-3/O1-O3,skymap_or_pe,GW240530_012417,,,LVK/GWOSC/Zenodo,data/gwtc5_raw/selected_skymaps/IGWN-GWTC5p0-59d160a18_25-GW240530_012417-mbta_Skymap_SearchResultDataRelease.fits,,,
GWTC-3/O1-O3,skymap_or_pe,GW240531_040326,,,LVK/GWOSC/Zenodo,data/gwtc5_raw/selected_skymaps/IGWN-GWTC5p0-59d160a18_25-GW240531_040326-pycbc_Skymap_SearchResultDataRelease.fits,,,
GWTC-3/O1-O3,skymap_or_pe,GW240531_075248,,,LVK/GWOSC/Zenodo,data/gwtc5_raw/selected_skymaps/IGWN-GWTC5p0-59d160a18_25-GW240531_075248-pycbc_Skymap_SearchResultDataRelease.fits,,,
GWTC-3/O1-O3,skymap_or_pe,GW240601_061200,,,LVK/GWOSC/Zenodo,data/gwtc5_raw/selected_skymaps/IGWN-GWTC5p0-59d160a18_25-GW240601_061200-cwb_Skymap_SearchResultDataRelease.fits,,,
GWTC-3/O1-O3,skymap_or_pe,GW240601_231004,,,LVK/GWOSC/Zenodo,data/gwtc5_raw/selected_skymaps/IGWN-GWTC5p0-59d160a18_25-GW240601_231004-mbta_Skymap_SearchResultDataRelease.fits,,,
GWTC-3/O1-O3,skymap_or_pe,GW240612_081540,,,LVK/GWOSC/Zenodo,data/gwtc5_raw/selected_skymaps/IGWN-GWTC5p0-59d160a18_25-GW240612_081540-mbta_Skymap_SearchResultDataRelease.fits,,,
GWTC-3/O1-O3,skymap_or_pe,GW240615_113620,,,LVK/GWOSC/Zenodo,data/gwtc5_raw/selected_skymaps/IGWN-GWTC5p0-59d160a18_25-GW240615_113620-gstlal_Skymap_SearchResultDataRelease.fits,,,
GWTC-3/O1-O3,skymap_or_pe,GW240615_160735,,,LVK/GWOSC/Zenodo,data/gwtc5_raw/selected_skymaps/IGWN-GWTC5p0-59d160a18_25-GW240615_160735-gstlal_Skymap_SearchResultDataRelease.fits,,,
GWTC-3/O1-O3,skymap_or_pe,GW240618_071627,,,LVK/GWOSC/Zenodo,data/gwtc5_raw/selected_skymaps/IGWN-GWTC5p0-59d160a18_25-GW240618_071627-gstlal_Skymap_SearchResultDataRelease.fits,,,
GWTC-3/O1-O3,skymap_or_pe,GW240621_195059,,,LVK/GWOSC/Zenodo,data/gwtc5_raw/selected_skymaps/IGWN-GWTC5p0-59d160a18_25-GW240621_195059-gstlal_Skymap_SearchResultDataRelease.fits,,,
GWTC-3/O1-O3,skymap_or_pe,GW240621_200935,,,LVK/GWOSC/Zenodo,data/gwtc5_raw/selected_skymaps/IGWN-GWTC5p0-59d160a18_25-GW240621_200935-cwb_Skymap_SearchResultDataRelease.fits,,,
GWTC-3/O1-O3,skymap_or_pe,GW240621_214041,,,LVK/GWOSC/Zenodo,data/gwtc5_raw/selected_skymaps/IGWN-GWTC5p0-59d160a18_25-GW240621_214041-pycbc_Skymap_SearchResultDataRelease.fits,,,
GWTC-3/O1-O3,skymap_or_pe,GW240622_004008,,,LVK/GWOSC/Zenodo,data/gwtc5_raw/selected_skymaps/IGWN-GWTC5p0-59d160a18_25-GW240622_004008-mbta_Skymap_SearchResultDataRelease.fits,,,
GWTC-3/O1-O3,skymap_or_pe,GW240627_131622,,,LVK/GWOSC/Zenodo,data/gwtc5_raw/selected_skymaps/IGWN-GWTC5p0-59d160a18_25-GW240627_131622-mbta_Skymap_SearchResultDataRelease.fits,,,
GWTC-3/O1-O3,skymap_or_pe,GW240629_145256,,,LVK/GWOSC/Zenodo,data/gwtc5_raw/selected_skymaps/IGWN-GWTC5p0-59d160a18_25-GW240629_145256-gstlal_Skymap_SearchResultDataRelease.fits,,,
GWTC-3/O1-O3,skymap_or_pe,GW240630_101703,,,LVK/GWOSC/Zenodo,data/gwtc5_raw/selected_skymaps/IGWN-GWTC5p0-59d160a18_25-GW240630_101703-gstlal_Skymap_SearchResultDataRelease.fits,,,
GWTC-3/O1-O3,skymap_or_pe,GW240703_191355,,,LVK/GWOSC/Zenodo,data/gwtc5_raw/selected_skymaps/IGWN-GWTC5p0-59d160a18_25-GW240703_191355-gstlal_Skymap_SearchResultDataRelease.fits,,,
GWTC-3/O1-O3,skymap_or_pe,GW240705_053215,,,LVK/GWOSC/Zenodo,data/gwtc5_raw/selected_skymaps/IGWN-GWTC5p0-59d160a18_25-GW240705_053215-gstlal_Skymap_SearchResultDataRelease.fits,,,
GWTC-3/O1-O3,skymap_or_pe,GW240716_034900,,,LVK/GWOSC/Zenodo,data/gwtc5_raw/selected_skymaps/IGWN-GWTC5p0-59d160a18_25-GW240716_034900-gstlal_Skymap_SearchResultDataRelease.fits,,,
GWTC-3/O1-O3,skymap_or_pe,GW240824_205609,,,LVK/GWOSC/Zenodo,data/gwtc5_raw/selected_skymaps/IGWN-GWTC5p0-59d160a18_25-GW240824_205609-cwb_Skymap_SearchResultDataRelease.fits,,,
GWTC-3/O1-O3,skymap_or_pe,GW240825_055146,,,LVK/GWOSC/Zenodo,data/gwtc5_raw/selected_skymaps/IGWN-GWTC5p0-59d160a18_25-GW240825_055146-mbta_Skymap_SearchResultDataRelease.fits,,,
GWTC-3/O1-O3,skymap_or_pe,GW240830_211120,,,LVK/GWOSC/Zenodo,data/gwtc5_raw/selected_skymaps/IGWN-GWTC5p0-59d160a18_25-GW240830_211120-mbta_Skymap_SearchResultDataRelease.fits,,,
GWTC-3/O1-O3,skymap_or_pe,GW240902_143306,,,LVK/GWOSC/Zenodo,data/gwtc5_raw/selected_skymaps/IGWN-GWTC5p0-59d160a18_25-GW240902_143306-gstlal_Skymap_SearchResultDataRelease.fits,,,
GWTC-3/O1-O3,skymap_or_pe,GW240907_153833,,,LVK/GWOSC/Zenodo,data/gwtc5_raw/selected_skymaps/IGWN-GWTC5p0-59d160a18_25-GW240907_153833-pycbc_Skymap_SearchResultDataRelease.fits,,,
GWTC-3/O1-O3,skymap_or_pe,GW240908_082628,,,LVK/GWOSC/Zenodo,data/gwtc5_raw/selected_skymaps/IGWN-GWTC5p0-59d160a18_25-GW240908_082628-gstlal_Skymap_SearchResultDataRelease.fits,,,
GWTC-3/O1-O3,skymap_or_pe,GW240908_125134,,,LVK/GWOSC/Zenodo,data/gwtc5_raw/selected_skymaps/IGWN-GWTC5p0-59d160a18_25-GW240908_125134-gstlal_Skymap_SearchResultDataRelease.fits,,,
GWTC-3/O1-O3,skymap_or_pe,GW240910_103535,,,LVK/GWOSC/Zenodo,data/gwtc5_raw/selected_skymaps/IGWN-GWTC5p0-59d160a18_25-GW240910_103535-gstlal_Skymap_SearchResultDataRelease.fits,,,
GWTC-3/O1-O3,skymap_or_pe,GW240915_001357,,,LVK/GWOSC/Zenodo,data/gwtc5_raw/selected_skymaps/IGWN-GWTC5p0-59d160a18_25-GW240915_001357-gstlal_Skymap_SearchResultDataRelease.fits,,,
GWTC-3/O1-O3,skymap_or_pe,GW240915_105151,,,LVK/GWOSC/Zenodo,data/gwtc5_raw/selected_skymaps/IGWN-GWTC5p0-59d160a18_25-GW240915_105151-gstlal_Skymap_SearchResultDataRelease.fits,,,
GWTC-3/O1-O3,skymap_or_pe,GW240916_184352,,,LVK/GWOSC/Zenodo,data/gwtc5_raw/selected_skymaps/IGWN-GWTC5p0-59d160a18_25-GW240916_184352-mbta_Skymap_SearchResultDataRelease.fits,,,
GWTC-3/O1-O3,skymap_or_pe,GW240919_061559,,,LVK/GWOSC/Zenodo,data/gwtc5_raw/selected_skymaps/IGWN-GWTC5p0-59d160a18_25-GW240919_061559-gstlal_Skymap_SearchResultDataRelease.fits,,,
GWTC-3/O1-O3,skymap_or_pe,GW240920_073424,,,LVK/GWOSC/Zenodo,data/gwtc5_raw/selected_skymaps/IGWN-GWTC5p0-59d160a18_25-GW240920_073424-mbta_Skymap_SearchResultDataRelease.fits,,,
GWTC-3/O1-O3,skymap_or_pe,GW240920_124024,,,LVK/GWOSC/Zenodo,data/gwtc5_raw/selected_skymaps/IGWN-GWTC5p0-59d160a18_25-GW240920_124024-gstlal_Skymap_SearchResultDataRelease.fits,,,
GWTC-3/O1-O3,skymap_or_pe,GW240921_201835,,,LVK/GWOSC/Zenodo,data/gwtc5_raw/selected_skymaps/IGWN-GWTC5p0-59d160a18_25-GW240921_201835-mbta_Skymap_SearchResultDataRelease.fits,,,
GWTC-3/O1-O3,skymap_or_pe,GW240922_142106,,,LVK/GWOSC/Zenodo,data/gwtc5_raw/selected_skymaps/IGWN-GWTC5p0-59d160a18_25-GW240922_142106-mbta_Skymap_SearchResultDataRelease.fits,,,
GWTC-3/O1-O3,skymap_or_pe,GW240923_204006,,,LVK/GWOSC/Zenodo,data/gwtc5_raw/selected_skymaps/IGWN-GWTC5p0-59d160a18_25-GW240923_204006-gstlal_Skymap_SearchResultDataRelease.fits,,,
GWTC-3/O1-O3,skymap_or_pe,GW240924_000316,,,LVK/GWOSC/Zenodo,data/gwtc5_raw/selected_skymaps/IGWN-GWTC5p0-59d160a18_25-GW240924_000316-gstlal_Skymap_SearchResultDataRelease.fits,,,
GWTC-3/O1-O3,skymap_or_pe,GW240925_005809,,,LVK/GWOSC/Zenodo,data/gwtc5_raw/selected_skymaps/IGWN-GWTC5p0-59d160a18_25-GW240925_005809-gstlal_Skymap_SearchResultDataRelease.fits,,,
GWTC-3/O1-O3,skymap_or_pe,GW240930_035959,,,LVK/GWOSC/Zenodo,data/gwtc5_raw/selected_skymaps/IGWN-GWTC5p0-59d160a18_25-GW240930_035959-gstlal_Skymap_SearchResultDataRelease.fits,,,
GWTC-3/O1-O3,skymap_or_pe,GW240930_234614,,,LVK/GWOSC/Zenodo,data/gwtc5_raw/selected_skymaps/IGWN-GWTC5p0-59d160a18_25-GW240930_234614-cwb_Skymap_SearchResultDataRelease.fits,,,
GWTC-3/O1-O3,skymap_or_pe,GW241002_030559,,,LVK/GWOSC/Zenodo,data/gwtc5_raw/selected_skymaps/IGWN-GWTC5p0-59d160a18_25-GW241002_030559-gstlal_Skymap_SearchResultDataRelease.fits,,,
GWTC-3/O1-O3,skymap_or_pe,GW241006_015333,,,LVK/GWOSC/Zenodo,data/gwtc5_raw/selected_skymaps/IGWN-GWTC5p0-59d160a18_25-GW241006_015333-gstlal_Skymap_SearchResultDataRelease.fits,,,
GWTC-3/O1-O3,skymap_or_pe,GW241007_082943,,,LVK/GWOSC/Zenodo,data/gwtc5_raw/selected_skymaps/IGWN-GWTC5p0-59d160a18_25-GW241007_082943-cwb_Skymap_SearchResultDataRelease.fits,,,
GWTC-3/O1-O3,skymap_or_pe,GW241009_022835,,,LVK/GWOSC/Zenodo,data/gwtc5_raw/selected_skymaps/IGWN-GWTC5p0-59d160a18_25-GW241009_022835-pycbc_Skymap_SearchResultDataRelease.fits,,,
GWTC-3/O1-O3,skymap_or_pe,GW241009_084816,,,LVK/GWOSC/Zenodo,data/gwtc5_raw/selected_skymaps/IGWN-GWTC5p0-59d160a18_25-GW241009_084816-mbta_Skymap_SearchResultDataRelease.fits,,,
GWTC-3/O1-O3,skymap_or_pe,GW241009_220455,,,LVK/GWOSC/Zenodo,data/gwtc5_raw/selected_skymaps/IGWN-GWTC5p0-59d160a18_25-GW241009_220455-mbta_Skymap_SearchResultDataRelease.fits,,,
GWTC-3/O1-O3,skymap_or_pe,GW241011_233834,,,LVK/GWOSC/Zenodo,data/gwtc5_raw/selected_skymaps/IGWN-GWTC5p0-59d160a18_25-GW241011_233834-gstlal_Skymap_SearchResultDataRelease.fits,,,
GWTC-3/O1-O3,skymap_or_pe,GW241101_220523,,,LVK/GWOSC/Zenodo,data/gwtc5_raw/selected_skymaps/IGWN-GWTC5p0-59d160a18_25-GW241101_220523-gstlal_Skymap_SearchResultDataRelease.fits,,,
GWTC-3/O1-O3,skymap_or_pe,GW241102_124058,,,LVK/GWOSC/Zenodo,data/gwtc5_raw/selected_skymaps/IGWN-GWTC5p0-59d160a18_25-GW241102_124058-gstlal_Skymap_SearchResultDataRelease.fits,,,
GWTC-3/O1-O3,skymap_or_pe,GW241102_144729,,,LVK/GWOSC/Zenodo,data/gwtc5_raw/selected_skymaps/IGWN-GWTC5p0-59d160a18_25-GW241102_144729-gstlal_Skymap_SearchResultDataRelease.fits,,,
GWTC-3/O1-O3,skymap_or_pe,GW241109_033317,,,LVK/GWOSC/Zenodo,data/gwtc5_raw/selected_skymaps/IGWN-GWTC5p0-59d160a18_25-GW241109_033317-gstlal_Skymap_SearchResultDataRelease.fits,,,
GWTC-3/O1-O3,skymap_or_pe,GW241109_115924,,,LVK/GWOSC/Zenodo,data/gwtc5_raw/selected_skymaps/IGWN-GWTC5p0-59d160a18_25-GW241109_115924-gstlal_Skymap_SearchResultDataRelease.fits,,,
GWTC-3/O1-O3,skymap_or_pe,GW241110_124123,,,LVK/GWOSC/Zenodo,data/gwtc5_raw/selected_skymaps/IGWN-GWTC5p0-59d160a18_25-GW241110_124123-pycbc_Skymap_SearchResultDataRelease.fits,,,
GWTC-3/O1-O3,skymap_or_pe,GW241111_111552,,,LVK/GWOSC/Zenodo,data/gwtc5_raw/selected_skymaps/IGWN-GWTC5p0-59d160a18_25-GW241111_111552-gstlal_Skymap_SearchResultDataRelease.fits,,,
GWTC-3/O1-O3,skymap_or_pe,GW241113_163507,,,LVK/GWOSC/Zenodo,data/gwtc5_raw/selected_skymaps/IGWN-GWTC5p0-59d160a18_25-GW241113_163507-gstlal_Skymap_SearchResultDataRelease.fits,,,
GWTC-3/O1-O3,skymap_or_pe,GW241114_024711,,,LVK/GWOSC/Zenodo,data/gwtc5_raw/selected_skymaps/IGWN-GWTC5p0-59d160a18_25-GW241114_024711-gstlal_Skymap_SearchResultDataRelease.fits,,,
GWTC-3/O1-O3,skymap_or_pe,GW241114_235258,,,LVK/GWOSC/Zenodo,data/gwtc5_raw/selected_skymaps/IGWN-GWTC5p0-59d160a18_25-GW241114_235258-gstlal_Skymap_SearchResultDataRelease.fits,,,
GWTC-3/O1-O3,skymap_or_pe,GW241116_151753,,,LVK/GWOSC/Zenodo,data/gwtc5_raw/selected_skymaps/IGWN-GWTC5p0-59d160a18_25-GW241116_151753-pycbc_Skymap_SearchResultDataRelease.fits,,,
GWTC-3/O1-O3,skymap_or_pe,GW241124_024914,,,LVK/GWOSC/Zenodo,data/gwtc5_raw/selected_skymaps/IGWN-GWTC5p0-59d160a18_25-GW241124_024914-pycbc_Skymap_SearchResultDataRelease.fits,,,
GWTC-3/O1-O3,skymap_or_pe,GW241125_010116,,,LVK/GWOSC/Zenodo,data/gwtc5_raw/selected_skymaps/IGWN-GWTC5p0-59d160a18_25-GW241125_010116-gstlal_Skymap_SearchResultDataRelease.fits,,,
GWTC-3/O1-O3,skymap_or_pe,GW241127_061008,,,LVK/GWOSC/Zenodo,data/gwtc5_raw/selected_skymaps/IGWN-GWTC5p0-59d160a18_25-GW241127_061008-gstlal_Skymap_SearchResultDataRelease.fits,,,
GWTC-3/O1-O3,skymap_or_pe,GW241129_021832,,,LVK/GWOSC/Zenodo,data/gwtc5_raw/selected_skymaps/IGWN-GWTC5p0-59d160a18_25-GW241129_021832-gstlal_Skymap_SearchResultDataRelease.fits,,,
GWTC-3/O1-O3,skymap_or_pe,GW241130_034908,,,LVK/GWOSC/Zenodo,data/gwtc5_raw/selected_skymaps/IGWN-GWTC5p0-59d160a18_25-GW241130_034908-gstlal_Skymap_SearchResultDataRelease.fits,,,
GWTC-3/O1-O3,skymap_or_pe,GW241130_110422,,,LVK/GWOSC/Zenodo,data/gwtc5_raw/selected_skymaps/IGWN-GWTC5p0-59d160a18_25-GW241130_110422-mbta_Skymap_SearchResultDataRelease.fits,,,
GWTC-3/O1-O3,skymap_or_pe,GW241201_055758,,,LVK/GWOSC/Zenodo,data/gwtc5_raw/selected_skymaps/IGWN-GWTC5p0-59d160a18_25-GW241201_055758-gstlal_Skymap_SearchResultDataRelease.fits,,,
GWTC-3/O1-O3,skymap_or_pe,GW241210_060606,,,LVK/GWOSC/Zenodo,data/gwtc5_raw/selected_skymaps/IGWN-GWTC5p0-59d160a18_25-GW241210_060606-gstlal_Skymap_SearchResultDataRelease.fits,,,
GWTC-3/O1-O3,skymap_or_pe,GW241210_120900,,,LVK/GWOSC/Zenodo,data/gwtc5_raw/selected_skymaps/IGWN-GWTC5p0-59d160a18_25-GW241210_120900-gstlal_Skymap_SearchResultDataRelease.fits,,,
GWTC-3/O1-O3,skymap_or_pe,GW241225_042553,,,LVK/GWOSC/Zenodo,data/gwtc5_raw/selected_skymaps/IGWN-GWTC5p0-59d160a18_25-GW241225_042553-gstlal_Skymap_SearchResultDataRelease.fits,,,
GWTC-3/O1-O3,skymap_or_pe,GW241225_082815,,,LVK/GWOSC/Zenodo,data/gwtc5_raw/selected_skymaps/IGWN-GWTC5p0-59d160a18_25-GW241225_082815-gstlal_Skymap_SearchResultDataRelease.fits,,,
GWTC-3/O1-O3,skymap_or_pe,GW241229_155844,,,LVK/GWOSC/Zenodo,data/gwtc5_raw/selected_skymaps/IGWN-GWTC5p0-59d160a18_25-GW241229_155844-pycbc_Skymap_SearchResultDataRelease.fits,,,
GWTC-3/O1-O3,skymap_or_pe,GW241230_084504,,,LVK/GWOSC/Zenodo,data/gwtc5_raw/selected_skymaps/IGWN-GWTC5p0-59d160a18_25-GW241230_084504-gstlal_Skymap_SearchResultDataRelease.fits,,,
GWTC-3/O1-O3,skymap_or_pe,GW241230_233618,,,LVK/GWOSC/Zenodo,data/gwtc5_raw/selected_skymaps/IGWN-GWTC5p0-59d160a18_25-GW241230_233618-gstlal_Skymap_SearchResultDataRelease.fits,,,
GWTC-3/O1-O3,skymap_or_pe,GW241231_054133,,,LVK/GWOSC/Zenodo,data/gwtc5_raw/selected_skymaps/IGWN-GWTC5p0-59d160a18_25-GW241231_054133-gstlal_Skymap_SearchResultDataRelease.fits,,,
GWTC-3/O1-O3,skymap_or_pe,GW250101_011205,,,LVK/GWOSC/Zenodo,data/gwtc5_raw/selected_skymaps/IGWN-GWTC5p0-59d160a18_25-GW250101_011205-gstlal_Skymap_SearchResultDataRelease.fits,,,
GWTC-3/O1-O3,skymap_or_pe,GW250104_015122,,,LVK/GWOSC/Zenodo,data/gwtc5_raw/selected_skymaps/IGWN-GWTC5p0-59d160a18_25-GW250104_015122-gstlal_Skymap_SearchResultDataRelease.fits,,,
GWTC-3/O1-O3,skymap_or_pe,GW250108_152221,,,LVK/GWOSC/Zenodo,data/gwtc5_raw/selected_skymaps/IGWN-GWTC5p0-59d160a18_25-GW250108_152221-gstlal_Skymap_SearchResultDataRelease.fits,,,
GWTC-3/O1-O3,skymap_or_pe,GW250109_010541,,,LVK/GWOSC/Zenodo,data/gwtc5_raw/selected_skymaps/IGWN-GWTC5p0-59d160a18_25-GW250109_010541-gstlal_Skymap_SearchResultDataRelease.fits,,,
GWTC-3/O1-O3,skymap_or_pe,GW250109_074552,,,LVK/GWOSC/Zenodo,data/gwtc5_raw/selected_skymaps/IGWN-GWTC5p0-59d160a18_25-GW250109_074552-gstlal_Skymap_SearchResultDataRelease.fits,,,
GWTC-3/O1-O3,skymap_or_pe,GW250114_082203,,,LVK/GWOSC/Zenodo,data/gwtc5_raw/selected_skymaps/IGWN-GWTC5p0-59d160a18_25-GW250114_082203-gstlal_Skymap_SearchResultDataRelease.fits,,,
GWTC-3/O1-O3,skymap_or_pe,GW250116_015318,,,LVK/GWOSC/Zenodo,data/gwtc5_raw/selected_skymaps/IGWN-GWTC5p0-59d160a18_25-GW250116_015318-pycbc_Skymap_SearchResultDataRelease.fits,,,
GWTC-3/O1-O3,skymap_or_pe,GW250118_023225,,,LVK/GWOSC/Zenodo,data/gwtc5_raw/selected_skymaps/IGWN-GWTC5p0-59d160a18_25-GW250118_023225-gstlal_Skymap_SearchResultDataRelease.fits,,,
GWTC-3/O1-O3,skymap_or_pe,GW250118_055802,,,LVK/GWOSC/Zenodo,data/gwtc5_raw/selected_skymaps/IGWN-GWTC5p0-59d160a18_25-GW250118_055802-mbta_Skymap_SearchResultDataRelease.fits,,,
GWTC-3/O1-O3,skymap_or_pe,GW250118_170523,,,LVK/GWOSC/Zenodo,data/gwtc5_raw/selected_skymaps/IGWN-GWTC5p0-59d160a18_25-GW250118_170523-gstlal_Skymap_SearchResultDataRelease.fits,,,
GWTC-3/O1-O3,skymap_or_pe,GW250119_025138,,,LVK/GWOSC/Zenodo,data/gwtc5_raw/selected_skymaps/IGWN-GWTC5p0-59d160a18_25-GW250119_025138-gstlal_Skymap_SearchResultDataRelease.fits,,,
GWTC-3/O1-O3,skymap_or_pe,GW250119_190238,,,LVK/GWOSC/Zenodo,data/gwtc5_raw/selected_skymaps/IGWN-GWTC5p0-59d160a18_25-GW250119_190238-gstlal_Skymap_SearchResultDataRelease.fits,,,
GWTC-4.1/O4a,strain_hdf5_4khz,GW230517_044807,H1,https://gwosc.org/archive/data/O4a_4KHZ_R1/1367343104/H-H1_GWOSC_O4a_4KHZ_R1-1368330240-4096.hdf5,GWOSC,data/gwtc4p1/strain_4khz_hdf5/GW230517_044807/H-H1_GWOSC_O4a_4KHZ_R1-1368330240-4096.hdf5,already_exists,4096,1368330240.0
GWTC-4.1/O4a,strain_hdf5_4khz,GW230517_044807,L1,https://gwosc.org/archive/data/O4a_4KHZ_R1/1367343104/L-L1_GWOSC_O4a_4KHZ_R1-1368330240-4096.hdf5,GWOSC,data/gwtc4p1/strain_4khz_hdf5/GW230517_044807/L-L1_GWOSC_O4a_4KHZ_R1-1368330240-4096.hdf5,already_exists,4096,1368330240.0
GWTC-4.1/O4a,strain_hdf5_4khz,GW230518_125908,H1,https://gwosc.org/archive/data/O4a_4KHZ_R1/1368391680/H-H1_GWOSC_O4a_4KHZ_R1-1368449024-4096.hdf5,GWOSC,data/gwtc4p1/strain_4khz_hdf5/GW230518_125908/H-H1_GWOSC_O4a_4KHZ_R1-1368449024-4096.hdf5,already_exists,4096,1368449024.0
GWTC-4.1/O4a,strain_hdf5_4khz,GW230518_125908,L1,https://gwosc.org/archive/data/O4a_4KHZ_R1/1368391680/L-L1_GWOSC_O4a_4KHZ_R1-1368449024-4096.hdf5,GWOSC,data/gwtc4p1/strain_4khz_hdf5/GW230518_125908/L-L1_GWOSC_O4a_4KHZ_R1-1368449024-4096.hdf5,already_exists,4096,1368449024.0
GWTC-4.1/O4a,strain_hdf5_4khz,GW230528_145129,H1,https://gwosc.org/archive/data/O4a_4KHZ_R1/1368391680/H-H1_GWOSC_O4a_4KHZ_R1-1369317376-4096.hdf5,GWOSC,data/gwtc4p1/strain_4khz_hdf5/GW230528_145129/H-H1_GWOSC_O4a_4KHZ_R1-1369317376-4096.hdf5,already_exists,4096,1369317376.0
GWTC-4.1/O4a,strain_hdf5_4khz,GW230528_145129,L1,https://gwosc.org/archive/data/O4a_4KHZ_R1/1368391680/L-L1_GWOSC_O4a_4KHZ_R1-1369317376-4096.hdf5,GWOSC,data/gwtc4p1/strain_4khz_hdf5/GW230528_145129/L-L1_GWOSC_O4a_4KHZ_R1-1369317376-4096.hdf5,already_exists,4096,1369317376.0
GWTC-4.1/O4a,strain_hdf5_4khz,GW230529_181500,L1,https://gwosc.org/archive/data/O4a_4KHZ_R1/1368391680/L-L1_GWOSC_O4a_4KHZ_R1-1369415680-4096.hdf5,GWOSC,data/gwtc4p1/strain_4khz_hdf5/GW230529_181500/L-L1_GWOSC_O4a_4KHZ_R1-1369415680-4096.hdf5,already_exists,4096,1369415680.0
GWTC-4.1/O4a,strain_hdf5_4khz,GW230531_141100,L1,https://gwosc.org/archive/data/O4a_4KHZ_R1/1369440256/L-L1_GWOSC_O4a_4KHZ_R1-1369575424-4096.hdf5,GWOSC,data/gwtc4p1/strain_4khz_hdf5/GW230531_141100/L-L1_GWOSC_O4a_4KHZ_R1-1369575424-4096.hdf5,already_exists,4096,1369575424.0
GWTC-4.1/O4a,strain_hdf5_4khz,GW230601_224134,H1,https://gwosc.org/archive/data/O4a_4KHZ_R1/1369440256/H-H1_GWOSC_O4a_4KHZ_R1-1369694208-4096.hdf5,GWOSC,data/gwtc4p1/strain_4khz_hdf5/GW230601_224134/H-H1_GWOSC_O4a_4KHZ_R1-1369694208-4096.hdf5,already_exists,4096,1369694208.0
GWTC-4.1/O4a,strain_hdf5_4khz,GW230601_224134,L1,https://gwosc.org/archive/data/O4a_4KHZ_R1/1369440256/L-L1_GWOSC_O4a_4KHZ_R1-1369694208-4096.hdf5,GWOSC,data/gwtc4p1/strain_4khz_hdf5/GW230601_224134/L-L1_GWOSC_O4a_4KHZ_R1-1369694208-4096.hdf5,already_exists,4096,1369694208.0
GWTC-4.1/O4a,strain_hdf5_4khz,GW230603_174756,H1,https://gwosc.org/archive/data/O4a_4KHZ_R1/1369440256/H-H1_GWOSC_O4a_4KHZ_R1-1369845760-4096.hdf5,GWOSC,data/gwtc4p1/strain_4khz_hdf5/GW230603_174756/H-H1_GWOSC_O4a_4KHZ_R1-1369845760-4096.hdf5,already_exists,4096,1369845760.0
GWTC-4.1/O4a,strain_hdf5_4khz,GW230603_174756,L1,https://gwosc.org/archive/data/O4a_4KHZ_R1/1369440256/L-L1_GWOSC_O4a_4KHZ_R1-1369845760-4096.hdf5,GWOSC,data/gwtc4p1/strain_4khz_hdf5/GW230603_174756/L-L1_GWOSC_O4a_4KHZ_R1-1369845760-4096.hdf5,already_exists,4096,1369845760.0
GWTC-4.1/O4a,strain_hdf5_4khz,GW230605_065343,H1,https://gwosc.org/archive/data/O4a_4KHZ_R1/1369440256/H-H1_GWOSC_O4a_4KHZ_R1-1369980928-4096.hdf5,GWOSC,data/gwtc4p1/strain_4khz_hdf5/GW230605_065343/H-H1_GWOSC_O4a_4KHZ_R1-1369980928-4096.hdf5,already_exists,4096,1369980928.0
GWTC-4.1/O4a,strain_hdf5_4khz,GW230605_065343,L1,https://gwosc.org/archive/data/O4a_4KHZ_R1/1369440256/L-L1_GWOSC_O4a_4KHZ_R1-1369980928-4096.hdf5,GWOSC,data/gwtc4p1/strain_4khz_hdf5/GW230605_065343/L-L1_GWOSC_O4a_4KHZ_R1-1369980928-4096.hdf5,already_exists,4096,1369980928.0
GWTC-4.1/O4a,strain_hdf5_4khz,GW230606_004305,H1,https://gwosc.org/archive/data/O4a_4KHZ_R1/1369440256/H-H1_GWOSC_O4a_4KHZ_R1-1370046464-4096.hdf5,GWOSC,data/gwtc4p1/strain_4khz_hdf5/GW230606_004305/H-H1_GWOSC_O4a_4KHZ_R1-1370046464-4096.hdf5,already_exists,4096,1370046464.0
GWTC-4.1/O4a,strain_hdf5_4khz,GW230606_004305,L1,https://gwosc.org/archive/data/O4a_4KHZ_R1/1369440256/L-L1_GWOSC_O4a_4KHZ_R1-1370046464-4096.hdf5,GWOSC,data/gwtc4p1/strain_4khz_hdf5/GW230606_004305/L-L1_GWOSC_O4a_4KHZ_R1-1370046464-4096.hdf5,already_exists,4096,1370046464.0
GWTC-4.1/O4a,strain_hdf5_4khz,GW230606_024545,H1,https://gwosc.org/archive/data/O4a_4KHZ_R1/1369440256/H-H1_GWOSC_O4a_4KHZ_R1-1370054656-4096.hdf5,GWOSC,data/gwtc4p1/strain_4khz_hdf5/GW230606_024545/H-H1_GWOSC_O4a_4KHZ_R1-1370054656-4096.hdf5,already_exists,4096,1370054656.0
GWTC-4.1/O4a,strain_hdf5_4khz,GW230606_024545,L1,https://gwosc.org/archive/data/O4a_4KHZ_R1/1369440256/L-L1_GWOSC_O4a_4KHZ_R1-1370054656-4096.hdf5,GWOSC,data/gwtc4p1/strain_4khz_hdf5/GW230606_024545/L-L1_GWOSC_O4a_4KHZ_R1-1370054656-4096.hdf5,already_exists,4096,1370054656.0
GWTC-4.1/O4a,strain_hdf5_4khz,GW230606_065320,H1,https://gwosc.org/archive/data/O4a_4KHZ_R1/1369440256/H-H1_GWOSC_O4a_4KHZ_R1-1370066944-4096.hdf5,GWOSC,data/gwtc4p1/strain_4khz_hdf5/GW230606_065320/H-H1_GWOSC_O4a_4KHZ_R1-1370066944-4096.hdf5,already_exists,4096,1370066944.0
GWTC-4.1/O4a,strain_hdf5_4khz,GW230606_065320,L1,https://gwosc.org/archive/data/O4a_4KHZ_R1/1369440256/L-L1_GWOSC_O4a_4KHZ_R1-1370066944-4096.hdf5,GWOSC,data/gwtc4p1/strain_4khz_hdf5/GW230606_065320/L-L1_GWOSC_O4a_4KHZ_R1-1370066944-4096.hdf5,already_exists,4096,1370066944.0
GWTC-4.1/O4a,strain_hdf5_4khz,GW230608_205047,H1,https://gwosc.org/archive/data/O4a_4KHZ_R1/1369440256/H-H1_GWOSC_O4a_4KHZ_R1-1370292224-4096.hdf5,GWOSC,data/gwtc4p1/strain_4khz_hdf5/GW230608_205047/H-H1_GWOSC_O4a_4KHZ_R1-1370292224-4096.hdf5,already_exists,4096,1370292224.0
GWTC-4.1/O4a,strain_hdf5_4khz,GW230608_205047,L1,https://gwosc.org/archive/data/O4a_4KHZ_R1/1369440256/L-L1_GWOSC_O4a_4KHZ_R1-1370292224-4096.hdf5,GWOSC,data/gwtc4p1/strain_4khz_hdf5/GW230608_205047/L-L1_GWOSC_O4a_4KHZ_R1-1370292224-4096.hdf5,already_exists,4096,1370292224.0
GWTC-4.1/O4a,strain_hdf5_4khz,GW230609_010824,H1,https://gwosc.org/archive/data/O4a_4KHZ_R1/1369440256/H-H1_GWOSC_O4a_4KHZ_R1-1370304512-4096.hdf5,GWOSC,data/gwtc4p1/strain_4khz_hdf5/GW230609_010824/H-H1_GWOSC_O4a_4KHZ_R1-1370304512-4096.hdf5,already_exists,4096,1370304512.0
GWTC-4.1/O4a,strain_hdf5_4khz,GW230609_010824,L1,https://gwosc.org/archive/data/O4a_4KHZ_R1/1369440256/L-L1_GWOSC_O4a_4KHZ_R1-1370304512-4096.hdf5,GWOSC,data/gwtc4p1/strain_4khz_hdf5/GW230609_010824/L-L1_GWOSC_O4a_4KHZ_R1-1370304512-4096.hdf5,already_exists,4096,1370304512.0
GWTC-4.1/O4a,strain_hdf5_4khz,GW230609_064958,H1,https://gwosc.org/archive/data/O4a_4KHZ_R1/1369440256/H-H1_GWOSC_O4a_4KHZ_R1-1370324992-4096.hdf5,GWOSC,data/gwtc4p1/strain_4khz_hdf5/GW230609_064958/H-H1_GWOSC_O4a_4KHZ_R1-1370324992-4096.hdf5,already_exists,4096,1370324992.0
GWTC-4.1/O4a,strain_hdf5_4khz,GW230609_064958,L1,https://gwosc.org/archive/data/O4a_4KHZ_R1/1369440256/L-L1_GWOSC_O4a_4KHZ_R1-1370324992-4096.hdf5,GWOSC,data/gwtc4p1/strain_4khz_hdf5/GW230609_064958/L-L1_GWOSC_O4a_4KHZ_R1-1370324992-4096.hdf5,already_exists,4096,1370324992.0
GWTC-4.1/O4a,strain_hdf5_4khz,GW230610_061439,H1,https://gwosc.org/archive/data/O4a_4KHZ_R1/1369440256/H-H1_GWOSC_O4a_4KHZ_R1-1370411008-4096.hdf5,GWOSC,data/gwtc4p1/strain_4khz_hdf5/GW230610_061439/H-H1_GWOSC_O4a_4KHZ_R1-1370411008-4096.hdf5,already_exists,4096,1370411008.0
GWTC-4.1/O4a,strain_hdf5_4khz,GW230610_061439,L1,https://gwosc.org/archive/data/O4a_4KHZ_R1/1369440256/L-L1_GWOSC_O4a_4KHZ_R1-1370411008-4096.hdf5,GWOSC,data/gwtc4p1/strain_4khz_hdf5/GW230610_061439/L-L1_GWOSC_O4a_4KHZ_R1-1370411008-4096.hdf5,already_exists,4096,1370411008.0
GWTC-4.1/O4a,strain_hdf5_4khz,GW230615_160825,H1,https://gwosc.org/archive/data/O4a_4KHZ_R1/1370488832/H-H1_GWOSC_O4a_4KHZ_R1-1370877952-4096.hdf5,GWOSC,data/gwtc4p1/strain_4khz_hdf5/GW230615_160825/H-H1_GWOSC_O4a_4KHZ_R1-1370877952-4096.hdf5,already_exists,4096,1370877952.0
GWTC-4.1/O4a,strain_hdf5_4khz,GW230615_160825,L1,https://gwosc.org/archive/data/O4a_4KHZ_R1/1370488832/L-L1_GWOSC_O4a_4KHZ_R1-1370877952-4096.hdf5,GWOSC,data/gwtc4p1/strain_4khz_hdf5/GW230615_160825/L-L1_GWOSC_O4a_4KHZ_R1-1370877952-4096.hdf5,already_exists,4096,1370877952.0
GWTC-4.1/O4a,strain_hdf5_4khz,GW230618_102550,H1,https://gwosc.org/archive/data/O4a_4KHZ_R1/1370488832/H-H1_GWOSC_O4a_4KHZ_R1-1371115520-4096.hdf5,GWOSC,data/gwtc4p1/strain_4khz_hdf5/GW230618_102550/H-H1_GWOSC_O4a_4KHZ_R1-1371115520-4096.hdf5,downloaded,4096,1371115520.0
GWTC-4.1/O4a,strain_hdf5_4khz,GW230618_102550,L1,https://gwosc.org/archive/data/O4a_4KHZ_R1/1370488832/L-L1_GWOSC_O4a_4KHZ_R1-1371115520-4096.hdf5,GWOSC,data/gwtc4p1/strain_4khz_hdf5/GW230618_102550/L-L1_GWOSC_O4a_4KHZ_R1-1371115520-4096.hdf5,downloaded,4096,1371115520.0
GWTC-4.1/O4a,strain_hdf5_4khz,GW230624_113103,H1,https://gwosc.org/archive/data/O4a_4KHZ_R1/1371537408/H-H1_GWOSC_O4a_4KHZ_R1-1371639808-4096.hdf5,GWOSC,data/gwtc4p1/strain_4khz_hdf5/GW230624_113103/H-H1_GWOSC_O4a_4KHZ_R1-1371639808-4096.hdf5,downloaded,4096,1371639808.0
GWTC-4.1/O4a,strain_hdf5_4khz,GW230624_113103,L1,https://gwosc.org/archive/data/O4a_4KHZ_R1/1371537408/L-L1_GWOSC_O4a_4KHZ_R1-1371639808-4096.hdf5,GWOSC,data/gwtc4p1/strain_4khz_hdf5/GW230624_113103/L-L1_GWOSC_O4a_4KHZ_R1-1371639808-4096.hdf5,already_exists,4096,1371639808.0
GWTC-4.1/O4a,strain_hdf5_4khz,GW230624_214944,H1,https://gwosc.org/archive/data/O4a_4KHZ_R1/1371537408/H-H1_GWOSC_O4a_4KHZ_R1-1371676672-4096.hdf5,GWOSC,data/gwtc4p1/strain_4khz_hdf5/GW230624_214944/H-H1_GWOSC_O4a_4KHZ_R1-1371676672-4096.hdf5,downloaded,4096,1371676672.0
GWTC-4.1/O4a,strain_hdf5_4khz,GW230624_214944,L1,https://gwosc.org/archive/data/O4a_4KHZ_R1/1371537408/L-L1_GWOSC_O4a_4KHZ_R1-1371676672-4096.hdf5,GWOSC,data/gwtc4p1/strain_4khz_hdf5/GW230624_214944/L-L1_GWOSC_O4a_4KHZ_R1-1371676672-4096.hdf5,already_exists,4096,1371676672.0
GWTC-4.1/O4a,strain_hdf5_4khz,GW230625_211655,H1,https://gwosc.org/archive/data/O4a_4KHZ_R1/1371537408/H-H1_GWOSC_O4a_4KHZ_R1-1371762688-4096.hdf5,GWOSC,data/gwtc4p1/strain_4khz_hdf5/GW230625_211655/H-H1_GWOSC_O4a_4KHZ_R1-1371762688-4096.hdf5,downloaded,4096,1371762688.0
GWTC-4.1/O4a,strain_hdf5_4khz,GW230625_211655,L1,https://gwosc.org/archive/data/O4a_4KHZ_R1/1371537408/L-L1_GWOSC_O4a_4KHZ_R1-1371762688-4096.hdf5,GWOSC,data/gwtc4p1/strain_4khz_hdf5/GW230625_211655/L-L1_GWOSC_O4a_4KHZ_R1-1371762688-4096.hdf5,already_exists,4096,1371762688.0
GWTC-4.1/O4a,strain_hdf5_4khz,GW230627_015337,H1,https://gwosc.org/archive/data/O4a_4KHZ_R1/1371537408/H-H1_GWOSC_O4a_4KHZ_R1-1371865088-4096.hdf5,GWOSC,data/gwtc4p1/strain_4khz_hdf5/GW230627_015337/H-H1_GWOSC_O4a_4KHZ_R1-1371865088-4096.hdf5,already_exists,4096,1371865088.0
GWTC-4.1/O4a,strain_hdf5_4khz,GW230627_015337,L1,https://gwosc.org/archive/data/O4a_4KHZ_R1/1371537408/L-L1_GWOSC_O4a_4KHZ_R1-1371865088-4096.hdf5,GWOSC,data/gwtc4p1/strain_4khz_hdf5/GW230627_015337/L-L1_GWOSC_O4a_4KHZ_R1-1371865088-4096.hdf5,downloaded,4096,1371865088.0
GWTC-4.1/O4a,strain_hdf5_4khz,GW230628_231200,H1,https://gwosc.org/archive/data/O4a_4KHZ_R1/1371537408/H-H1_GWOSC_O4a_4KHZ_R1-1372028928-4096.hdf5,GWOSC,data/gwtc4p1/strain_4khz_hdf5/GW230628_231200/H-H1_GWOSC_O4a_4KHZ_R1-1372028928-4096.hdf5,downloaded,4096,1372028928.0
GWTC-4.1/O4a,strain_hdf5_4khz,GW230628_231200,L1,https://gwosc.org/archive/data/O4a_4KHZ_R1/1371537408/L-L1_GWOSC_O4a_4KHZ_R1-1372028928-4096.hdf5,GWOSC,data/gwtc4p1/strain_4khz_hdf5/GW230628_231200/L-L1_GWOSC_O4a_4KHZ_R1-1372028928-4096.hdf5,downloaded,4096,1372028928.0
GWTC-4.1/O4a,strain_hdf5_4khz,GW230630_070659,H1,https://gwosc.org/archive/data/O4a_4KHZ_R1/1371537408/H-H1_GWOSC_O4a_4KHZ_R1-1372143616-4096.hdf5,GWOSC,data/gwtc4p1/strain_4khz_hdf5/GW230630_070659/H-H1_GWOSC_O4a_4KHZ_R1-1372143616-4096.hdf5,downloaded,4096,1372143616.0
GWTC-4.1/O4a,strain_hdf5_4khz,GW230630_070659,L1,https://gwosc.org/archive/data/O4a_4KHZ_R1/1371537408/L-L1_GWOSC_O4a_4KHZ_R1-1372143616-4096.hdf5,GWOSC,data/gwtc4p1/strain_4khz_hdf5/GW230630_070659/L-L1_GWOSC_O4a_4KHZ_R1-1372143616-4096.hdf5,downloaded,4096,1372143616.0
GWTC-4.1/O4a,strain_hdf5_4khz,GW230630_125806,H1,https://gwosc.org/archive/data/O4a_4KHZ_R1/1371537408/H-H1_GWOSC_O4a_4KHZ_R1-1372164096-4096.hdf5,GWOSC,data/gwtc4p1/strain_4khz_hdf5/GW230630_125806/H-H1_GWOSC_O4a_4KHZ_R1-1372164096-4096.hdf5,downloaded,4096,1372164096.0
GWTC-4.1/O4a,strain_hdf5_4khz,GW230630_125806,L1,https://gwosc.org/archive/data/O4a_4KHZ_R1/1371537408/L-L1_GWOSC_O4a_4KHZ_R1-1372164096-4096.hdf5,GWOSC,data/gwtc4p1/strain_4khz_hdf5/GW230630_125806/L-L1_GWOSC_O4a_4KHZ_R1-1372164096-4096.hdf5,downloaded,4096,1372164096.0
GWTC-4.1/O4a,strain_hdf5_4khz,GW230630_234532,H1,https://gwosc.org/archive/data/O4a_4KHZ_R1/1371537408/H-H1_GWOSC_O4a_4KHZ_R1-1372200960-4096.hdf5,GWOSC,data/gwtc4p1/strain_4khz_hdf5/GW230630_234532/H-H1_GWOSC_O4a_4KHZ_R1-1372200960-4096.hdf5,downloaded,4096,1372200960.0
GWTC-4.1/O4a,strain_hdf5_4khz,GW230630_234532,L1,https://gwosc.org/archive/data/O4a_4KHZ_R1/1371537408/L-L1_GWOSC_O4a_4KHZ_R1-1372200960-4096.hdf5,GWOSC,data/gwtc4p1/strain_4khz_hdf5/GW230630_234532/L-L1_GWOSC_O4a_4KHZ_R1-1372200960-4096.hdf5,downloaded,4096,1372200960.0
GWTC-4.1/O4a,strain_hdf5_4khz,GW230702_162025,H1,https://gwosc.org/archive/data/O4a_4KHZ_R1/1371537408/H-H1_GWOSC_O4a_4KHZ_R1-1372348416-4096.hdf5,GWOSC,data/gwtc4p1/strain_4khz_hdf5/GW230702_162025/H-H1_GWOSC_O4a_4KHZ_R1-1372348416-4096.hdf5,downloaded,4096,1372348416.0
GWTC-4.1/O4a,strain_hdf5_4khz,GW230702_162025,L1,https://gwosc.org/archive/data/O4a_4KHZ_R1/1371537408/L-L1_GWOSC_O4a_4KHZ_R1-1372348416-4096.hdf5,GWOSC,data/gwtc4p1/strain_4khz_hdf5/GW230702_162025/L-L1_GWOSC_O4a_4KHZ_R1-1372348416-4096.hdf5,downloaded,4096,1372348416.0
GWTC-4.1/O4a,strain_hdf5_4khz,GW230702_185453,H1,https://gwosc.org/archive/data/O4a_4KHZ_R1/1371537408/H-H1_GWOSC_O4a_4KHZ_R1-1372356608-4096.hdf5,GWOSC,data/gwtc4p1/strain_4khz_hdf5/GW230702_185453/H-H1_GWOSC_O4a_4KHZ_R1-1372356608-4096.hdf5,downloaded,4096,1372356608.0
GWTC-4.1/O4a,strain_hdf5_4khz,GW230702_185453,L1,https://gwosc.org/archive/data/O4a_4KHZ_R1/1371537408/L-L1_GWOSC_O4a_4KHZ_R1-1372356608-4096.hdf5,GWOSC,data/gwtc4p1/strain_4khz_hdf5/GW230702_185453/L-L1_GWOSC_O4a_4KHZ_R1-1372356608-4096.hdf5,downloaded,4096,1372356608.0
GWTC-4.1/O4a,strain_hdf5_4khz,GW230704_021211,H1,https://gwosc.org/archive/data/O4a_4KHZ_R1/1371537408/H-H1_GWOSC_O4a_4KHZ_R1-1372471296-4096.hdf5,GWOSC,data/gwtc4p1/strain_4khz_hdf5/GW230704_021211/H-H1_GWOSC_O4a_4KHZ_R1-1372471296-4096.hdf5,downloaded,4096,1372471296.0
GWTC-4.1/O4a,strain_hdf5_4khz,GW230704_021211,L1,https://gwosc.org/archive/data/O4a_4KHZ_R1/1371537408/L-L1_GWOSC_O4a_4KHZ_R1-1372471296-4096.hdf5,GWOSC,data/gwtc4p1/strain_4khz_hdf5/GW230704_021211/L-L1_GWOSC_O4a_4KHZ_R1-1372471296-4096.hdf5,downloaded,4096,1372471296.0
GWTC-4.1/O4a,strain_hdf5_4khz,GW230704_212616,H1,https://gwosc.org/archive/data/O4a_4KHZ_R1/1371537408/H-H1_GWOSC_O4a_4KHZ_R1-1372540928-4096.hdf5,GWOSC,data/gwtc4p1/strain_4khz_hdf5/GW230704_212616/H-H1_GWOSC_O4a_4KHZ_R1-1372540928-4096.hdf5,downloaded,4096,1372540928.0
GWTC-4.1/O4a,strain_hdf5_4khz,GW230704_212616,L1,https://gwosc.org/archive/data/O4a_4KHZ_R1/1371537408/L-L1_GWOSC_O4a_4KHZ_R1-1372540928-4096.hdf5,GWOSC,data/gwtc4p1/strain_4khz_hdf5/GW230704_212616/L-L1_GWOSC_O4a_4KHZ_R1-1372540928-4096.hdf5,downloaded,4096,1372540928.0
GWTC-4.1/O4a,strain_hdf5_4khz,GW230706_104333,H1,https://gwosc.org/archive/data/O4a_4KHZ_R1/1372585984/H-H1_GWOSC_O4a_4KHZ_R1-1372672000-4096.hdf5,GWOSC,data/gwtc4p1/strain_4khz_hdf5/GW230706_104333/H-H1_GWOSC_O4a_4KHZ_R1-1372672000-4096.hdf5,downloaded,4096,1372672000.0
GWTC-4.1/O4a,strain_hdf5_4khz,GW230706_104333,L1,https://gwosc.org/archive/data/O4a_4KHZ_R1/1372585984/L-L1_GWOSC_O4a_4KHZ_R1-1372672000-4096.hdf5,GWOSC,data/gwtc4p1/strain_4khz_hdf5/GW230706_104333/L-L1_GWOSC_O4a_4KHZ_R1-1372672000-4096.hdf5,downloaded,4096,1372672000.0
GWTC-4.1/O4a,strain_hdf5_4khz,GW230707_124047,H1,https://gwosc.org/archive/data/O4a_4KHZ_R1/1372585984/H-H1_GWOSC_O4a_4KHZ_R1-1372766208-4096.hdf5,GWOSC,data/gwtc4p1/strain_4khz_hdf5/GW230707_124047/H-H1_GWOSC_O4a_4KHZ_R1-1372766208-4096.hdf5,downloaded,4096,1372766208.0
GWTC-4.1/O4a,strain_hdf5_4khz,GW230707_124047,L1,https://gwosc.org/archive/data/O4a_4KHZ_R1/1372585984/L-L1_GWOSC_O4a_4KHZ_R1-1372766208-4096.hdf5,GWOSC,data/gwtc4p1/strain_4khz_hdf5/GW230707_124047/L-L1_GWOSC_O4a_4KHZ_R1-1372766208-4096.hdf5,downloaded,4096,1372766208.0
GWTC-4.1/O4a,strain_hdf5_4khz,GW230708_053705,H1,https://gwosc.org/archive/data/O4a_4KHZ_R1/1372585984/H-H1_GWOSC_O4a_4KHZ_R1-1372827648-4096.hdf5,GWOSC,data/gwtc4p1/strain_4khz_hdf5/GW230708_053705/H-H1_GWOSC_O4a_4KHZ_R1-1372827648-4096.hdf5,downloaded,4096,1372827648.0
GWTC-4.1/O4a,strain_hdf5_4khz,GW230708_053705,L1,https://gwosc.org/archive/data/O4a_4KHZ_R1/1372585984/L-L1_GWOSC_O4a_4KHZ_R1-1372827648-4096.hdf5,GWOSC,data/gwtc4p1/strain_4khz_hdf5/GW230708_053705/L-L1_GWOSC_O4a_4KHZ_R1-1372827648-4096.hdf5,downloaded,4096,1372827648.0
GWTC-4.1/O4a,strain_hdf5_4khz,GW230708_071859,H1,https://gwosc.org/archive/data/O4a_4KHZ_R1/1372585984/H-H1_GWOSC_O4a_4KHZ_R1-1372835840-4096.hdf5,GWOSC,data/gwtc4p1/strain_4khz_hdf5/GW230708_071859/H-H1_GWOSC_O4a_4KHZ_R1-1372835840-4096.hdf5,downloaded,4096,1372835840.0
GWTC-4.1/O4a,strain_hdf5_4khz,GW230708_071859,L1,https://gwosc.org/archive/data/O4a_4KHZ_R1/1372585984/L-L1_GWOSC_O4a_4KHZ_R1-1372835840-4096.hdf5,GWOSC,data/gwtc4p1/strain_4khz_hdf5/GW230708_071859/L-L1_GWOSC_O4a_4KHZ_R1-1372835840-4096.hdf5,downloaded,4096,1372835840.0
GWTC-4.1/O4a,strain_hdf5_4khz,GW230708_230935,H1,https://gwosc.org/archive/data/O4a_4KHZ_R1/1372585984/H-H1_GWOSC_O4a_4KHZ_R1-1372889088-4096.hdf5,GWOSC,data/gwtc4p1/strain_4khz_hdf5/GW230708_230935/H-H1_GWOSC_O4a_4KHZ_R1-1372889088-4096.hdf5,downloaded,4096,1372889088.0
GWTC-4.1/O4a,strain_hdf5_4khz,GW230708_230935,L1,https://gwosc.org/archive/data/O4a_4KHZ_R1/1372585984/L-L1_GWOSC_O4a_4KHZ_R1-1372889088-4096.hdf5,GWOSC,data/gwtc4p1/strain_4khz_hdf5/GW230708_230935/L-L1_GWOSC_O4a_4KHZ_R1-1372889088-4096.hdf5,downloaded,4096,1372889088.0
GWTC-4.1/O4a,strain_hdf5_4khz,GW230709_063445,H1,https://gwosc.org/archive/data/O4a_4KHZ_R1/1372585984/H-H1_GWOSC_O4a_4KHZ_R1-1372917760-4096.hdf5,GWOSC,data/gwtc4p1/strain_4khz_hdf5/GW230709_063445/H-H1_GWOSC_O4a_4KHZ_R1-1372917760-4096.hdf5,downloaded,4096,1372917760.0
GWTC-4.1/O4a,strain_hdf5_4khz,GW230709_063445,L1,https://gwosc.org/archive/data/O4a_4KHZ_R1/1372585984/L-L1_GWOSC_O4a_4KHZ_R1-1372917760-4096.hdf5,GWOSC,data/gwtc4p1/strain_4khz_hdf5/GW230709_063445/L-L1_GWOSC_O4a_4KHZ_R1-1372917760-4096.hdf5,downloaded,4096,1372917760.0
GWTC-4.1/O4a,strain_hdf5_4khz,GW230709_122727,H1,https://gwosc.org/archive/data/O4a_4KHZ_R1/1372585984/H-H1_GWOSC_O4a_4KHZ_R1-1372938240-4096.hdf5,GWOSC,data/gwtc4p1/strain_4khz_hdf5/GW230709_122727/H-H1_GWOSC_O4a_4KHZ_R1-1372938240-4096.hdf5,downloaded,4096,1372938240.0
GWTC-4.1/O4a,strain_hdf5_4khz,GW230709_122727,L1,https://gwosc.org/archive/data/O4a_4KHZ_R1/1372585984/L-L1_GWOSC_O4a_4KHZ_R1-1372938240-4096.hdf5,GWOSC,data/gwtc4p1/strain_4khz_hdf5/GW230709_122727/L-L1_GWOSC_O4a_4KHZ_R1-1372938240-4096.hdf5,downloaded,4096,1372938240.0
GWTC-4.1/O4a,strain_hdf5_4khz,GW230712_090405,H1,https://gwosc.org/archive/data/O4a_4KHZ_R1/1372585984/H-H1_GWOSC_O4a_4KHZ_R1-1373184000-4096.hdf5,GWOSC,data/gwtc4p1/strain_4khz_hdf5/GW230712_090405/H-H1_GWOSC_O4a_4KHZ_R1-1373184000-4096.hdf5,downloaded,4096,1373184000.0
GWTC-4.1/O4a,strain_hdf5_4khz,GW230712_090405,L1,https://gwosc.org/archive/data/O4a_4KHZ_R1/1372585984/L-L1_GWOSC_O4a_4KHZ_R1-1373184000-4096.hdf5,GWOSC,data/gwtc4p1/strain_4khz_hdf5/GW230712_090405/L-L1_GWOSC_O4a_4KHZ_R1-1373184000-4096.hdf5,downloaded,4096,1373184000.0
GWTC-4.1/O4a,strain_hdf5_4khz,GW230717_102139,H1,https://gwosc.org/archive/data/O4a_4KHZ_R1/1372585984/H-H1_GWOSC_O4a_4KHZ_R1-1373622272-4096.hdf5,GWOSC,data/gwtc4p1/strain_4khz_hdf5/GW230717_102139/H-H1_GWOSC_O4a_4KHZ_R1-1373622272-4096.hdf5,downloaded,4096,1373622272.0
GWTC-4.1/O4a,strain_hdf5_4khz,GW230717_102139,L1,https://gwosc.org/archive/data/O4a_4KHZ_R1/1372585984/L-L1_GWOSC_O4a_4KHZ_R1-1373622272-4096.hdf5,GWOSC,data/gwtc4p1/strain_4khz_hdf5/GW230717_102139/L-L1_GWOSC_O4a_4KHZ_R1-1373622272-4096.hdf5,downloaded,4096,1373622272.0
GWTC-4.1/O4a,strain_hdf5_4khz,GW230721_222634,H1,https://gwosc.org/archive/data/O4a_4KHZ_R1/1373634560/H-H1_GWOSC_O4a_4KHZ_R1-1374011392-4096.hdf5,GWOSC,data/gwtc4p1/strain_4khz_hdf5/GW230721_222634/H-H1_GWOSC_O4a_4KHZ_R1-1374011392-4096.hdf5,downloaded,4096,1374011392.0
GWTC-4.1/O4a,strain_hdf5_4khz,GW230721_222634,L1,https://gwosc.org/archive/data/O4a_4KHZ_R1/1373634560/L-L1_GWOSC_O4a_4KHZ_R1-1374011392-4096.hdf5,GWOSC,data/gwtc4p1/strain_4khz_hdf5/GW230721_222634/L-L1_GWOSC_O4a_4KHZ_R1-1374011392-4096.hdf5,downloaded,4096,1374011392.0
GWTC-4.1/O4a,strain_hdf5_4khz,GW230723_084820,H1,https://gwosc.org/archive/data/O4a_4KHZ_R1/1373634560/H-H1_GWOSC_O4a_4KHZ_R1-1374134272-4096.hdf5,GWOSC,data/gwtc4p1/strain_4khz_hdf5/GW230723_084820/H-H1_GWOSC_O4a_4KHZ_R1-1374134272-4096.hdf5,downloaded,4096,1374134272.0
GWTC-4.1/O4a,strain_hdf5_4khz,GW230723_084820,L1,https://gwosc.org/archive/data/O4a_4KHZ_R1/1373634560/L-L1_GWOSC_O4a_4KHZ_R1-1374134272-4096.hdf5,GWOSC,data/gwtc4p1/strain_4khz_hdf5/GW230723_084820/L-L1_GWOSC_O4a_4KHZ_R1-1374134272-4096.hdf5,downloaded,4096,1374134272.0
GWTC-4.1/O4a,strain_hdf5_4khz,GW230723_101834,H1,https://gwosc.org/archive/data/O4a_4KHZ_R1/1373634560/H-H1_GWOSC_O4a_4KHZ_R1-1374142464-4096.hdf5,GWOSC,data/gwtc4p1/strain_4khz_hdf5/GW230723_101834/H-H1_GWOSC_O4a_4KHZ_R1-1374142464-4096.hdf5,downloaded,4096,1374142464.0
GWTC-4.1/O4a,strain_hdf5_4khz,GW230723_101834,L1,https://gwosc.org/archive/data/O4a_4KHZ_R1/1373634560/L-L1_GWOSC_O4a_4KHZ_R1-1374142464-4096.hdf5,GWOSC,data/gwtc4p1/strain_4khz_hdf5/GW230723_101834/L-L1_GWOSC_O4a_4KHZ_R1-1374142464-4096.hdf5,downloaded,4096,1374142464.0
GWTC-4.1/O4a,strain_hdf5_4khz,GW230726_002940,H1,https://gwosc.org/archive/data/O4a_4KHZ_R1/1373634560/H-H1_GWOSC_O4a_4KHZ_R1-1374363648-4096.hdf5,GWOSC,data/gwtc4p1/strain_4khz_hdf5/GW230726_002940/H-H1_GWOSC_O4a_4KHZ_R1-1374363648-4096.hdf5,downloaded,4096,1374363648.0
GWTC-4.1/O4a,strain_hdf5_4khz,GW230726_002940,L1,https://gwosc.org/archive/data/O4a_4KHZ_R1/1373634560/L-L1_GWOSC_O4a_4KHZ_R1-1374363648-4096.hdf5,GWOSC,data/gwtc4p1/strain_4khz_hdf5/GW230726_002940/L-L1_GWOSC_O4a_4KHZ_R1-1374363648-4096.hdf5,downloaded,4096,1374363648.0
GWTC-4.1/O4a,strain_hdf5_4khz,GW230728_083628,H1,https://gwosc.org/archive/data/O4a_4KHZ_R1/1373634560/H-H1_GWOSC_O4a_4KHZ_R1-1374568448-4096.hdf5,GWOSC,data/gwtc4p1/strain_4khz_hdf5/GW230728_083628/H-H1_GWOSC_O4a_4KHZ_R1-1374568448-4096.hdf5,downloaded,4096,1374568448.0
GWTC-4.1/O4a,strain_hdf5_4khz,GW230728_083628,L1,https://gwosc.org/archive/data/O4a_4KHZ_R1/1373634560/L-L1_GWOSC_O4a_4KHZ_R1-1374568448-4096.hdf5,GWOSC,data/gwtc4p1/strain_4khz_hdf5/GW230728_083628/L-L1_GWOSC_O4a_4KHZ_R1-1374568448-4096.hdf5,downloaded,4096,1374568448.0
GWTC-4.1/O4a,strain_hdf5_4khz,GW230729_082317,H1,https://gwosc.org/archive/data/O4a_4KHZ_R1/1373634560/H-H1_GWOSC_O4a_4KHZ_R1-1374650368-4096.hdf5,GWOSC,data/gwtc4p1/strain_4khz_hdf5/GW230729_082317/H-H1_GWOSC_O4a_4KHZ_R1-1374650368-4096.hdf5,downloaded,4096,1374650368.0
GWTC-4.1/O4a,strain_hdf5_4khz,GW230729_082317,L1,https://gwosc.org/archive/data/O4a_4KHZ_R1/1373634560/L-L1_GWOSC_O4a_4KHZ_R1-1374650368-4096.hdf5,GWOSC,data/gwtc4p1/strain_4khz_hdf5/GW230729_082317/L-L1_GWOSC_O4a_4KHZ_R1-1374650368-4096.hdf5,downloaded,4096,1374650368.0
GWTC-4.1/O4a,strain_hdf5_4khz,GW230731_215307,H1,https://gwosc.org/archive/data/O4a_4KHZ_R1/1374683136/H-H1_GWOSC_O4a_4KHZ_R1-1374871552-4096.hdf5,GWOSC,data/gwtc4p1/strain_4khz_hdf5/GW230731_215307/H-H1_GWOSC_O4a_4KHZ_R1-1374871552-4096.hdf5,downloaded,4096,1374871552.0
GWTC-4.1/O4a,strain_hdf5_4khz,GW230731_215307,L1,https://gwosc.org/archive/data/O4a_4KHZ_R1/1374683136/L-L1_GWOSC_O4a_4KHZ_R1-1374871552-4096.hdf5,GWOSC,data/gwtc4p1/strain_4khz_hdf5/GW230731_215307/L-L1_GWOSC_O4a_4KHZ_R1-1374871552-4096.hdf5,downloaded,4096,1374871552.0
GWTC-4.1/O4a,strain_hdf5_4khz,GW230803_033412,H1,https://gwosc.org/archive/data/O4a_4KHZ_R1/1374683136/H-H1_GWOSC_O4a_4KHZ_R1-1375068160-4096.hdf5,GWOSC,data/gwtc4p1/strain_4khz_hdf5/GW230803_033412/H-H1_GWOSC_O4a_4KHZ_R1-1375068160-4096.hdf5,downloaded,4096,1375068160.0
GWTC-4.1/O4a,strain_hdf5_4khz,GW230803_033412,L1,https://gwosc.org/archive/data/O4a_4KHZ_R1/1374683136/L-L1_GWOSC_O4a_4KHZ_R1-1375068160-4096.hdf5,GWOSC,data/gwtc4p1/strain_4khz_hdf5/GW230803_033412/L-L1_GWOSC_O4a_4KHZ_R1-1375068160-4096.hdf5,downloaded,4096,1375068160.0
GWTC-4.1/O4a,strain_hdf5_4khz,GW230805_034249,H1,https://gwosc.org/archive/data/O4a_4KHZ_R1/1374683136/H-H1_GWOSC_O4a_4KHZ_R1-1375240192-4096.hdf5,GWOSC,data/gwtc4p1/strain_4khz_hdf5/GW230805_034249/H-H1_GWOSC_O4a_4KHZ_R1-1375240192-4096.hdf5,downloaded,4096,1375240192.0
GWTC-4.1/O4a,strain_hdf5_4khz,GW230805_034249,L1,https://gwosc.org/archive/data/O4a_4KHZ_R1/1374683136/L-L1_GWOSC_O4a_4KHZ_R1-1375240192-4096.hdf5,GWOSC,data/gwtc4p1/strain_4khz_hdf5/GW230805_034249/L-L1_GWOSC_O4a_4KHZ_R1-1375240192-4096.hdf5,downloaded,4096,1375240192.0
GWTC-4.1/O4a,strain_hdf5_4khz,GW230806_204041,H1,https://gwosc.org/archive/data/O4a_4KHZ_R1/1374683136/H-H1_GWOSC_O4a_4KHZ_R1-1375387648-4096.hdf5,GWOSC,data/gwtc4p1/strain_4khz_hdf5/GW230806_204041/H-H1_GWOSC_O4a_4KHZ_R1-1375387648-4096.hdf5,downloaded,4096,1375387648.0
GWTC-4.1/O4a,strain_hdf5_4khz,GW230806_204041,L1,https://gwosc.org/archive/data/O4a_4KHZ_R1/1374683136/L-L1_GWOSC_O4a_4KHZ_R1-1375387648-4096.hdf5,GWOSC,data/gwtc4p1/strain_4khz_hdf5/GW230806_204041/L-L1_GWOSC_O4a_4KHZ_R1-1375387648-4096.hdf5,downloaded,4096,1375387648.0
GWTC-4.1/O4a,strain_hdf5_4khz,GW230807_205045,H1,https://gwosc.org/archive/data/O4a_4KHZ_R1/1374683136/H-H1_GWOSC_O4a_4KHZ_R1-1375473664-4096.hdf5,GWOSC,data/gwtc4p1/strain_4khz_hdf5/GW230807_205045/H-H1_GWOSC_O4a_4KHZ_R1-1375473664-4096.hdf5,downloaded,4096,1375473664.0
GWTC-4.1/O4a,strain_hdf5_4khz,GW230807_205045,L1,https://gwosc.org/archive/data/O4a_4KHZ_R1/1374683136/L-L1_GWOSC_O4a_4KHZ_R1-1375473664-4096.hdf5,GWOSC,data/gwtc4p1/strain_4khz_hdf5/GW230807_205045/L-L1_GWOSC_O4a_4KHZ_R1-1375473664-4096.hdf5,downloaded,4096,1375473664.0
GWTC-4.1/O4a,strain_hdf5_4khz,GW230811_032116,H1,https://gwosc.org/archive/data/O4a_4KHZ_R1/1375731712/H-H1_GWOSC_O4a_4KHZ_R1-1375756288-4096.hdf5,GWOSC,data/gwtc4p1/strain_4khz_hdf5/GW230811_032116/H-H1_GWOSC_O4a_4KHZ_R1-1375756288-4096.hdf5,downloaded,4096,1375756288.0
GWTC-4.1/O4a,strain_hdf5_4khz,GW230811_032116,L1,https://gwosc.org/archive/data/O4a_4KHZ_R1/1375731712/L-L1_GWOSC_O4a_4KHZ_R1-1375756288-4096.hdf5,GWOSC,data/gwtc4p1/strain_4khz_hdf5/GW230811_032116/L-L1_GWOSC_O4a_4KHZ_R1-1375756288-4096.hdf5,downloaded,4096,1375756288.0
GWTC-4.1/O4a,strain_hdf5_4khz,GW230814_061920,H1,https://gwosc.org/archive/data/O4a_4KHZ_R1/1375731712/H-H1_GWOSC_O4a_4KHZ_R1-1376026624-4096.hdf5,GWOSC,data/gwtc4p1/strain_4khz_hdf5/GW230814_061920/H-H1_GWOSC_O4a_4KHZ_R1-1376026624-4096.hdf5,downloaded,4096,1376026624.0
GWTC-4.1/O4a,strain_hdf5_4khz,GW230814_061920,L1,https://gwosc.org/archive/data/O4a_4KHZ_R1/1375731712/L-L1_GWOSC_O4a_4KHZ_R1-1376026624-4096.hdf5,GWOSC,data/gwtc4p1/strain_4khz_hdf5/GW230814_061920/L-L1_GWOSC_O4a_4KHZ_R1-1376026624-4096.hdf5,downloaded,4096,1376026624.0
GWTC-4.1/O4a,strain_hdf5_4khz,GW230814_230901,H1,https://gwosc.org/archive/data/O4a_4KHZ_R1/1375731712/H-H1_GWOSC_O4a_4KHZ_R1-1376088064-4096.hdf5,GWOSC,data/gwtc4p1/strain_4khz_hdf5/GW230814_230901/H-H1_GWOSC_O4a_4KHZ_R1-1376088064-4096.hdf5,downloaded,4096,1376088064.0
GWTC-4.1/O4a,strain_hdf5_4khz,GW230814_230901,L1,https://gwosc.org/archive/data/O4a_4KHZ_R1/1375731712/L-L1_GWOSC_O4a_4KHZ_R1-1376088064-4096.hdf5,GWOSC,data/gwtc4p1/strain_4khz_hdf5/GW230814_230901/L-L1_GWOSC_O4a_4KHZ_R1-1376088064-4096.hdf5,downloaded,4096,1376088064.0
GWTC-4.1/O4a,strain_hdf5_4khz,GW230817_212349,H1,https://gwosc.org/archive/data/O4a_4KHZ_R1/1375731712/H-H1_GWOSC_O4a_4KHZ_R1-1376342016-4096.hdf5,GWOSC,data/gwtc4p1/strain_4khz_hdf5/GW230817_212349/H-H1_GWOSC_O4a_4KHZ_R1-1376342016-4096.hdf5,downloaded,4096,1376342016.0
GWTC-4.1/O4a,strain_hdf5_4khz,GW230817_212349,L1,https://gwosc.org/archive/data/O4a_4KHZ_R1/1375731712/L-L1_GWOSC_O4a_4KHZ_R1-1376342016-4096.hdf5,GWOSC,data/gwtc4p1/strain_4khz_hdf5/GW230817_212349/L-L1_GWOSC_O4a_4KHZ_R1-1376342016-4096.hdf5,downloaded,4096,1376342016.0
GWTC-4.1/O4a,strain_hdf5_4khz,GW230819_171910,H1,https://gwosc.org/archive/data/O4a_4KHZ_R1/1375731712/H-H1_GWOSC_O4a_4KHZ_R1-1376497664-4096.hdf5,GWOSC,data/gwtc4p1/strain_4khz_hdf5/GW230819_171910/H-H1_GWOSC_O4a_4KHZ_R1-1376497664-4096.hdf5,downloaded,4096,1376497664.0
GWTC-4.1/O4a,strain_hdf5_4khz,GW230819_171910,L1,https://gwosc.org/archive/data/O4a_4KHZ_R1/1375731712/L-L1_GWOSC_O4a_4KHZ_R1-1376497664-4096.hdf5,GWOSC,data/gwtc4p1/strain_4khz_hdf5/GW230819_171910/L-L1_GWOSC_O4a_4KHZ_R1-1376497664-4096.hdf5,downloaded,4096,1376497664.0
GWTC-4.1/O4a,strain_hdf5_4khz,GW230820_212515,H1,https://gwosc.org/archive/data/O4a_4KHZ_R1/1375731712/H-H1_GWOSC_O4a_4KHZ_R1-1376600064-4096.hdf5,GWOSC,data/gwtc4p1/strain_4khz_hdf5/GW230820_212515/H-H1_GWOSC_O4a_4KHZ_R1-1376600064-4096.hdf5,downloaded,4096,1376600064.0
GWTC-4.1/O4a,strain_hdf5_4khz,GW230820_212515,L1,https://gwosc.org/archive/data/O4a_4KHZ_R1/1375731712/L-L1_GWOSC_O4a_4KHZ_R1-1376600064-4096.hdf5,GWOSC,data/gwtc4p1/strain_4khz_hdf5/GW230820_212515/L-L1_GWOSC_O4a_4KHZ_R1-1376600064-4096.hdf5,downloaded,4096,1376600064.0
GWTC-4.1/O4a,strain_hdf5_4khz,GW230822_230337,H1,https://gwosc.org/archive/data/O4a_4KHZ_R1/1376780288/H-H1_GWOSC_O4a_4KHZ_R1-1376780288-4096.hdf5,GWOSC,data/gwtc4p1/strain_4khz_hdf5/GW230822_230337/H-H1_GWOSC_O4a_4KHZ_R1-1376780288-4096.hdf5,downloaded,4096,1376780288.0
GWTC-4.1/O4a,strain_hdf5_4khz,GW230822_230337,L1,https://gwosc.org/archive/data/O4a_4KHZ_R1/1376780288/L-L1_GWOSC_O4a_4KHZ_R1-1376780288-4096.hdf5,GWOSC,data/gwtc4p1/strain_4khz_hdf5/GW230822_230337/L-L1_GWOSC_O4a_4KHZ_R1-1376780288-4096.hdf5,downloaded,4096,1376780288.0
GWTC-4.1/O4a,strain_hdf5_4khz,GW230823_142524,H1,https://gwosc.org/archive/data/O4a_4KHZ_R1/1376780288/H-H1_GWOSC_O4a_4KHZ_R1-1376833536-4096.hdf5,GWOSC,data/gwtc4p1/strain_4khz_hdf5/GW230823_142524/H-H1_GWOSC_O4a_4KHZ_R1-1376833536-4096.hdf5,downloaded,4096,1376833536.0
GWTC-4.1/O4a,strain_hdf5_4khz,GW230823_142524,L1,https://gwosc.org/archive/data/O4a_4KHZ_R1/1376780288/L-L1_GWOSC_O4a_4KHZ_R1-1376833536-4096.hdf5,GWOSC,data/gwtc4p1/strain_4khz_hdf5/GW230823_142524/L-L1_GWOSC_O4a_4KHZ_R1-1376833536-4096.hdf5,downloaded,4096,1376833536.0
GWTC-4.1/O4a,strain_hdf5_4khz,GW230824_033047,H1,https://gwosc.org/archive/data/O4a_4KHZ_R1/1376780288/H-H1_GWOSC_O4a_4KHZ_R1-1376882688-4096.hdf5,GWOSC,data/gwtc4p1/strain_4khz_hdf5/GW230824_033047/H-H1_GWOSC_O4a_4KHZ_R1-1376882688-4096.hdf5,downloaded,4096,1376882688.0
GWTC-4.1/O4a,strain_hdf5_4khz,GW230824_033047,L1,https://gwosc.org/archive/data/O4a_4KHZ_R1/1376780288/L-L1_GWOSC_O4a_4KHZ_R1-1376882688-4096.hdf5,GWOSC,data/gwtc4p1/strain_4khz_hdf5/GW230824_033047/L-L1_GWOSC_O4a_4KHZ_R1-1376882688-4096.hdf5,downloaded,4096,1376882688.0
GWTC-4.1/O4a,strain_hdf5_4khz,GW230824_135331,H1,https://gwosc.org/archive/data/O4a_4KHZ_R1/1376780288/H-H1_GWOSC_O4a_4KHZ_R1-1376919552-4096.hdf5,GWOSC,data/gwtc4p1/strain_4khz_hdf5/GW230824_135331/H-H1_GWOSC_O4a_4KHZ_R1-1376919552-4096.hdf5,downloaded,4096,1376919552.0
GWTC-4.1/O4a,strain_hdf5_4khz,GW230824_135331,L1,https://gwosc.org/archive/data/O4a_4KHZ_R1/1376780288/L-L1_GWOSC_O4a_4KHZ_R1-1376919552-4096.hdf5,GWOSC,data/gwtc4p1/strain_4khz_hdf5/GW230824_135331/L-L1_GWOSC_O4a_4KHZ_R1-1376919552-4096.hdf5,downloaded,4096,1376919552.0
GWTC-4.1/O4a,strain_hdf5_4khz,GW230825_041334,H1,https://gwosc.org/archive/data/O4a_4KHZ_R1/1376780288/H-H1_GWOSC_O4a_4KHZ_R1-1376968704-4096.hdf5,GWOSC,data/gwtc4p1/strain_4khz_hdf5/GW230825_041334/H-H1_GWOSC_O4a_4KHZ_R1-1376968704-4096.hdf5,downloaded,4096,1376968704.0
GWTC-4.1/O4a,strain_hdf5_4khz,GW230825_041334,L1,https://gwosc.org/archive/data/O4a_4KHZ_R1/1376780288/L-L1_GWOSC_O4a_4KHZ_R1-1376968704-4096.hdf5,GWOSC,data/gwtc4p1/strain_4khz_hdf5/GW230825_041334/L-L1_GWOSC_O4a_4KHZ_R1-1376968704-4096.hdf5,downloaded,4096,1376968704.0
GWTC-4.1/O4a,strain_hdf5_4khz,GW230830_064744,H1,https://gwosc.org/archive/data/O4a_4KHZ_R1/1376780288/H-H1_GWOSC_O4a_4KHZ_R1-1377411072-4096.hdf5,GWOSC,data/gwtc4p1/strain_4khz_hdf5/GW230830_064744/H-H1_GWOSC_O4a_4KHZ_R1-1377411072-4096.hdf5,downloaded,4096,1377411072.0
GWTC-4.1/O4a,strain_hdf5_4khz,GW230830_064744,L1,https://gwosc.org/archive/data/O4a_4KHZ_R1/1376780288/L-L1_GWOSC_O4a_4KHZ_R1-1377411072-4096.hdf5,GWOSC,data/gwtc4p1/strain_4khz_hdf5/GW230830_064744/L-L1_GWOSC_O4a_4KHZ_R1-1377411072-4096.hdf5,downloaded,4096,1377411072.0
GWTC-4.1/O4a,strain_hdf5_4khz,GW230831_015414,H1,https://gwosc.org/archive/data/O4a_4KHZ_R1/1376780288/H-H1_GWOSC_O4a_4KHZ_R1-1377480704-4096.hdf5,GWOSC,data/gwtc4p1/strain_4khz_hdf5/GW230831_015414/H-H1_GWOSC_O4a_4KHZ_R1-1377480704-4096.hdf5,downloaded,4096,1377480704.0
GWTC-4.1/O4a,strain_hdf5_4khz,GW230831_015414,L1,https://gwosc.org/archive/data/O4a_4KHZ_R1/1376780288/L-L1_GWOSC_O4a_4KHZ_R1-1377480704-4096.hdf5,GWOSC,data/gwtc4p1/strain_4khz_hdf5/GW230831_015414/L-L1_GWOSC_O4a_4KHZ_R1-1377480704-4096.hdf5,downloaded,4096,1377480704.0
GWTC-4.1/O4a,strain_hdf5_4khz,GW230831_134621,H1,https://gwosc.org/archive/data/O4a_4KHZ_R1/1376780288/H-H1_GWOSC_O4a_4KHZ_R1-1377521664-4096.hdf5,GWOSC,data/gwtc4p1/strain_4khz_hdf5/GW230831_134621/H-H1_GWOSC_O4a_4KHZ_R1-1377521664-4096.hdf5,downloaded,4096,1377521664.0
GWTC-4.1/O4a,strain_hdf5_4khz,GW230831_134621,L1,https://gwosc.org/archive/data/O4a_4KHZ_R1/1376780288/L-L1_GWOSC_O4a_4KHZ_R1-1377521664-4096.hdf5,GWOSC,data/gwtc4p1/strain_4khz_hdf5/GW230831_134621/L-L1_GWOSC_O4a_4KHZ_R1-1377521664-4096.hdf5,downloaded,4096,1377521664.0
GWTC-4.1/O4a,strain_hdf5_4khz,GW230902_122814,H1,https://gwosc.org/archive/data/O4a_4KHZ_R1/1376780288/H-H1_GWOSC_O4a_4KHZ_R1-1377689600-4096.hdf5,GWOSC,data/gwtc4p1/strain_4khz_hdf5/GW230902_122814/H-H1_GWOSC_O4a_4KHZ_R1-1377689600-4096.hdf5,downloaded,4096,1377689600.0
GWTC-4.1/O4a,strain_hdf5_4khz,GW230902_122814,L1,https://gwosc.org/archive/data/O4a_4KHZ_R1/1376780288/L-L1_GWOSC_O4a_4KHZ_R1-1377689600-4096.hdf5,GWOSC,data/gwtc4p1/strain_4khz_hdf5/GW230902_122814/L-L1_GWOSC_O4a_4KHZ_R1-1377689600-4096.hdf5,downloaded,4096,1377689600.0
GWTC-4.1/O4a,strain_hdf5_4khz,GW230902_150325,H1,https://gwosc.org/archive/data/O4a_4KHZ_R1/1376780288/H-H1_GWOSC_O4a_4KHZ_R1-1377701888-4096.hdf5,GWOSC,data/gwtc4p1/strain_4khz_hdf5/GW230902_150325/H-H1_GWOSC_O4a_4KHZ_R1-1377701888-4096.hdf5,downloaded,4096,1377701888.0
GWTC-4.1/O4a,strain_hdf5_4khz,GW230902_150325,L1,https://gwosc.org/archive/data/O4a_4KHZ_R1/1376780288/L-L1_GWOSC_O4a_4KHZ_R1-1377701888-4096.hdf5,GWOSC,data/gwtc4p1/strain_4khz_hdf5/GW230902_150325/L-L1_GWOSC_O4a_4KHZ_R1-1377701888-4096.hdf5,downloaded,4096,1377701888.0
GWTC-4.1/O4a,strain_hdf5_4khz,GW230902_172430,H1,https://gwosc.org/archive/data/O4a_4KHZ_R1/1376780288/H-H1_GWOSC_O4a_4KHZ_R1-1377710080-4096.hdf5,GWOSC,data/gwtc4p1/strain_4khz_hdf5/GW230902_172430/H-H1_GWOSC_O4a_4KHZ_R1-1377710080-4096.hdf5,downloaded,4096,1377710080.0
GWTC-4.1/O4a,strain_hdf5_4khz,GW230902_172430,L1,https://gwosc.org/archive/data/O4a_4KHZ_R1/1376780288/L-L1_GWOSC_O4a_4KHZ_R1-1377710080-4096.hdf5,GWOSC,data/gwtc4p1/strain_4khz_hdf5/GW230902_172430/L-L1_GWOSC_O4a_4KHZ_R1-1377710080-4096.hdf5,downloaded,4096,1377710080.0
GWTC-4.1/O4a,strain_hdf5_4khz,GW230902_224555,H1,https://gwosc.org/archive/data/O4a_4KHZ_R1/1376780288/H-H1_GWOSC_O4a_4KHZ_R1-1377726464-4096.hdf5,GWOSC,data/gwtc4p1/strain_4khz_hdf5/GW230902_224555/H-H1_GWOSC_O4a_4KHZ_R1-1377726464-4096.hdf5,downloaded,4096,1377726464.0
GWTC-4.1/O4a,strain_hdf5_4khz,GW230902_224555,L1,https://gwosc.org/archive/data/O4a_4KHZ_R1/1376780288/L-L1_GWOSC_O4a_4KHZ_R1-1377726464-4096.hdf5,GWOSC,data/gwtc4p1/strain_4khz_hdf5/GW230902_224555/L-L1_GWOSC_O4a_4KHZ_R1-1377726464-4096.hdf5,downloaded,4096,1377726464.0
GWTC-4.1/O4a,strain_hdf5_4khz,GW230904_051013,H1,https://gwosc.org/archive/data/O4a_4KHZ_R1/1377828864/H-H1_GWOSC_O4a_4KHZ_R1-1377837056-4096.hdf5,GWOSC,data/gwtc4p1/strain_4khz_hdf5/GW230904_051013/H-H1_GWOSC_O4a_4KHZ_R1-1377837056-4096.hdf5,downloaded,4096,1377837056.0
GWTC-4.1/O4a,strain_hdf5_4khz,GW230904_051013,L1,https://gwosc.org/archive/data/O4a_4KHZ_R1/1377828864/L-L1_GWOSC_O4a_4KHZ_R1-1377837056-4096.hdf5,GWOSC,data/gwtc4p1/strain_4khz_hdf5/GW230904_051013/L-L1_GWOSC_O4a_4KHZ_R1-1377837056-4096.hdf5,downloaded,4096,1377837056.0
GWTC-4.1/O4a,strain_hdf5_4khz,GW230904_152545,H1,https://gwosc.org/archive/data/O4a_4KHZ_R1/1377828864/H-H1_GWOSC_O4a_4KHZ_R1-1377873920-4096.hdf5,GWOSC,data/gwtc4p1/strain_4khz_hdf5/GW230904_152545/H-H1_GWOSC_O4a_4KHZ_R1-1377873920-4096.hdf5,downloaded,4096,1377873920.0
GWTC-4.1/O4a,strain_hdf5_4khz,GW230904_152545,L1,https://gwosc.org/archive/data/O4a_4KHZ_R1/1377828864/L-L1_GWOSC_O4a_4KHZ_R1-1377873920-4096.hdf5,GWOSC,data/gwtc4p1/strain_4khz_hdf5/GW230904_152545/L-L1_GWOSC_O4a_4KHZ_R1-1377873920-4096.hdf5,downloaded,4096,1377873920.0
GWTC-4.1/O4a,strain_hdf5_4khz,GW230911_195324,H1,https://gwosc.org/archive/data/O4a_4KHZ_R1/1377828864/H-H1_GWOSC_O4a_4KHZ_R1-1378496512-4096.hdf5,GWOSC,data/gwtc4p1/strain_4khz_hdf5/GW230911_195324/H-H1_GWOSC_O4a_4KHZ_R1-1378496512-4096.hdf5,downloaded,4096,1378496512.0
GWTC-4.1/O4a,strain_hdf5_4khz,GW230911_195324,L1,https://gwosc.org/archive/data/O4a_4KHZ_R1/1377828864/L-L1_GWOSC_O4a_4KHZ_R1-1378496512-4096.hdf5,GWOSC,data/gwtc4p1/strain_4khz_hdf5/GW230911_195324/L-L1_GWOSC_O4a_4KHZ_R1-1378496512-4096.hdf5,downloaded,4096,1378496512.0
GWTC-4.1/O4a,strain_hdf5_4khz,GW230914_111401,H1,https://gwosc.org/archive/data/O4a_4KHZ_R1/1377828864/H-H1_GWOSC_O4a_4KHZ_R1-1378721792-4096.hdf5,GWOSC,data/gwtc4p1/strain_4khz_hdf5/GW230914_111401/H-H1_GWOSC_O4a_4KHZ_R1-1378721792-4096.hdf5,downloaded,4096,1378721792.0
GWTC-4.1/O4a,strain_hdf5_4khz,GW230914_111401,L1,https://gwosc.org/archive/data/O4a_4KHZ_R1/1377828864/L-L1_GWOSC_O4a_4KHZ_R1-1378721792-4096.hdf5,GWOSC,data/gwtc4p1/strain_4khz_hdf5/GW230914_111401/L-L1_GWOSC_O4a_4KHZ_R1-1378721792-4096.hdf5,downloaded,4096,1378721792.0
GWTC-4.1/O4a,strain_hdf5_4khz,GW230919_215712,H1,https://gwosc.org/archive/data/O4a_4KHZ_R1/1378877440/H-H1_GWOSC_O4a_4KHZ_R1-1379192832-4096.hdf5,GWOSC,data/gwtc4p1/strain_4khz_hdf5/GW230919_215712/H-H1_GWOSC_O4a_4KHZ_R1-1379192832-4096.hdf5,downloaded,4096,1379192832.0
GWTC-4.1/O4a,strain_hdf5_4khz,GW230919_215712,L1,https://gwosc.org/archive/data/O4a_4KHZ_R1/1378877440/L-L1_GWOSC_O4a_4KHZ_R1-1379192832-4096.hdf5,GWOSC,data/gwtc4p1/strain_4khz_hdf5/GW230919_215712/L-L1_GWOSC_O4a_4KHZ_R1-1379192832-4096.hdf5,downloaded,4096,1379192832.0
GWTC-4.1/O4a,strain_hdf5_4khz,GW230920_064709,H1,https://gwosc.org/archive/data/O4a_4KHZ_R1/1378877440/H-H1_GWOSC_O4a_4KHZ_R1-1379225600-4096.hdf5,GWOSC,data/gwtc4p1/strain_4khz_hdf5/GW230920_064709/H-H1_GWOSC_O4a_4KHZ_R1-1379225600-4096.hdf5,downloaded,4096,1379225600.0
GWTC-4.1/O4a,strain_hdf5_4khz,GW230920_064709,L1,https://gwosc.org/archive/data/O4a_4KHZ_R1/1378877440/L-L1_GWOSC_O4a_4KHZ_R1-1379225600-4096.hdf5,GWOSC,data/gwtc4p1/strain_4khz_hdf5/GW230920_064709/L-L1_GWOSC_O4a_4KHZ_R1-1379225600-4096.hdf5,downloaded,4096,1379225600.0
GWTC-4.1/O4a,strain_hdf5_4khz,GW230920_071124,H1,https://gwosc.org/archive/data/O4a_4KHZ_R1/1378877440/H-H1_GWOSC_O4a_4KHZ_R1-1379225600-4096.hdf5,GWOSC,data/gwtc4p1/strain_4khz_hdf5/GW230920_071124/H-H1_GWOSC_O4a_4KHZ_R1-1379225600-4096.hdf5,downloaded,4096,1379225600.0
GWTC-4.1/O4a,strain_hdf5_4khz,GW230920_071124,L1,https://gwosc.org/archive/data/O4a_4KHZ_R1/1378877440/L-L1_GWOSC_O4a_4KHZ_R1-1379225600-4096.hdf5,GWOSC,data/gwtc4p1/strain_4khz_hdf5/GW230920_071124/L-L1_GWOSC_O4a_4KHZ_R1-1379225600-4096.hdf5,downloaded,4096,1379225600.0
GWTC-4.1/O4a,strain_hdf5_4khz,GW230922_020344,H1,https://gwosc.org/archive/data/O4a_4KHZ_R1/1378877440/H-H1_GWOSC_O4a_4KHZ_R1-1379381248-4096.hdf5,GWOSC,data/gwtc4p1/strain_4khz_hdf5/GW230922_020344/H-H1_GWOSC_O4a_4KHZ_R1-1379381248-4096.hdf5,downloaded,4096,1379381248.0
GWTC-4.1/O4a,strain_hdf5_4khz,GW230922_020344,L1,https://gwosc.org/archive/data/O4a_4KHZ_R1/1378877440/L-L1_GWOSC_O4a_4KHZ_R1-1379381248-4096.hdf5,GWOSC,data/gwtc4p1/strain_4khz_hdf5/GW230922_020344/L-L1_GWOSC_O4a_4KHZ_R1-1379381248-4096.hdf5,downloaded,4096,1379381248.0
GWTC-4.1/O4a,strain_hdf5_4khz,GW230922_040658,H1,https://gwosc.org/archive/data/O4a_4KHZ_R1/1378877440/H-H1_GWOSC_O4a_4KHZ_R1-1379389440-4096.hdf5,GWOSC,data/gwtc4p1/strain_4khz_hdf5/GW230922_040658/H-H1_GWOSC_O4a_4KHZ_R1-1379389440-4096.hdf5,downloaded,4096,1379389440.0
GWTC-4.1/O4a,strain_hdf5_4khz,GW230922_040658,L1,https://gwosc.org/archive/data/O4a_4KHZ_R1/1378877440/L-L1_GWOSC_O4a_4KHZ_R1-1379389440-4096.hdf5,GWOSC,data/gwtc4p1/strain_4khz_hdf5/GW230922_040658/L-L1_GWOSC_O4a_4KHZ_R1-1379389440-4096.hdf5,downloaded,4096,1379389440.0
GWTC-4.1/O4a,strain_hdf5_4khz,GW230924_124453,H1,https://gwosc.org/archive/data/O4a_4KHZ_R1/1378877440/H-H1_GWOSC_O4a_4KHZ_R1-1379594240-4096.hdf5,GWOSC,data/gwtc4p1/strain_4khz_hdf5/GW230924_124453/H-H1_GWOSC_O4a_4KHZ_R1-1379594240-4096.hdf5,downloaded,4096,1379594240.0
GWTC-4.1/O4a,strain_hdf5_4khz,GW230924_124453,L1,https://gwosc.org/archive/data/O4a_4KHZ_R1/1378877440/L-L1_GWOSC_O4a_4KHZ_R1-1379594240-4096.hdf5,GWOSC,data/gwtc4p1/strain_4khz_hdf5/GW230924_124453/L-L1_GWOSC_O4a_4KHZ_R1-1379594240-4096.hdf5,downloaded,4096,1379594240.0
GWTC-4.1/O4a,strain_hdf5_4khz,GW230925_143957,H1,https://gwosc.org/archive/data/O4a_4KHZ_R1/1378877440/H-H1_GWOSC_O4a_4KHZ_R1-1379684352-4096.hdf5,GWOSC,data/gwtc4p1/strain_4khz_hdf5/GW230925_143957/H-H1_GWOSC_O4a_4KHZ_R1-1379684352-4096.hdf5,downloaded,4096,1379684352.0
GWTC-4.1/O4a,strain_hdf5_4khz,GW230925_143957,L1,https://gwosc.org/archive/data/O4a_4KHZ_R1/1378877440/L-L1_GWOSC_O4a_4KHZ_R1-1379684352-4096.hdf5,GWOSC,data/gwtc4p1/strain_4khz_hdf5/GW230925_143957/L-L1_GWOSC_O4a_4KHZ_R1-1379684352-4096.hdf5,downloaded,4096,1379684352.0
GWTC-4.1/O4a,strain_hdf5_4khz,GW230927_043729,H1,https://gwosc.org/archive/data/O4a_4KHZ_R1/1378877440/H-H1_GWOSC_O4a_4KHZ_R1-1379823616-4096.hdf5,GWOSC,data/gwtc4p1/strain_4khz_hdf5/GW230927_043729/H-H1_GWOSC_O4a_4KHZ_R1-1379823616-4096.hdf5,downloaded,4096,1379823616.0
GWTC-4.1/O4a,strain_hdf5_4khz,GW230927_043729,L1,https://gwosc.org/archive/data/O4a_4KHZ_R1/1378877440/L-L1_GWOSC_O4a_4KHZ_R1-1379823616-4096.hdf5,GWOSC,data/gwtc4p1/strain_4khz_hdf5/GW230927_043729/L-L1_GWOSC_O4a_4KHZ_R1-1379823616-4096.hdf5,downloaded,4096,1379823616.0
GWTC-4.1/O4a,strain_hdf5_4khz,GW230927_153832,H1,https://gwosc.org/archive/data/O4a_4KHZ_R1/1378877440/H-H1_GWOSC_O4a_4KHZ_R1-1379860480-4096.hdf5,GWOSC,data/gwtc4p1/strain_4khz_hdf5/GW230927_153832/H-H1_GWOSC_O4a_4KHZ_R1-1379860480-4096.hdf5,downloaded,4096,1379860480.0
GWTC-4.1/O4a,strain_hdf5_4khz,GW230927_153832,L1,https://gwosc.org/archive/data/O4a_4KHZ_R1/1378877440/L-L1_GWOSC_O4a_4KHZ_R1-1379860480-4096.hdf5,GWOSC,data/gwtc4p1/strain_4khz_hdf5/GW230927_153832/L-L1_GWOSC_O4a_4KHZ_R1-1379860480-4096.hdf5,downloaded,4096,1379860480.0
GWTC-4.1/O4a,strain_hdf5_4khz,GW230928_215827,H1,https://gwosc.org/archive/data/O4a_4KHZ_R1/1379926016/H-H1_GWOSC_O4a_4KHZ_R1-1379971072-4096.hdf5,GWOSC,data/gwtc4p1/strain_4khz_hdf5/GW230928_215827/H-H1_GWOSC_O4a_4KHZ_R1-1379971072-4096.hdf5,downloaded,4096,1379971072.0
GWTC-4.1/O4a,strain_hdf5_4khz,GW230928_215827,L1,https://gwosc.org/archive/data/O4a_4KHZ_R1/1379926016/L-L1_GWOSC_O4a_4KHZ_R1-1379971072-4096.hdf5,GWOSC,data/gwtc4p1/strain_4khz_hdf5/GW230928_215827/L-L1_GWOSC_O4a_4KHZ_R1-1379971072-4096.hdf5,downloaded,4096,1379971072.0
GWTC-4.1/O4a,strain_hdf5_4khz,GW230930_110730,H1,https://gwosc.org/archive/data/O4a_4KHZ_R1/1379926016/H-H1_GWOSC_O4a_4KHZ_R1-1380106240-4096.hdf5,GWOSC,data/gwtc4p1/strain_4khz_hdf5/GW230930_110730/H-H1_GWOSC_O4a_4KHZ_R1-1380106240-4096.hdf5,downloaded,4096,1380106240.0
GWTC-4.1/O4a,strain_hdf5_4khz,GW230930_110730,L1,https://gwosc.org/archive/data/O4a_4KHZ_R1/1379926016/L-L1_GWOSC_O4a_4KHZ_R1-1380106240-4096.hdf5,GWOSC,data/gwtc4p1/strain_4khz_hdf5/GW230930_110730/L-L1_GWOSC_O4a_4KHZ_R1-1380106240-4096.hdf5,downloaded,4096,1380106240.0
GWTC-4.1/O4a,strain_hdf5_4khz,GW231001_140220,H1,https://gwosc.org/archive/data/O4a_4KHZ_R1/1379926016/H-H1_GWOSC_O4a_4KHZ_R1-1380200448-4096.hdf5,GWOSC,data/gwtc4p1/strain_4khz_hdf5/GW231001_140220/H-H1_GWOSC_O4a_4KHZ_R1-1380200448-4096.hdf5,downloaded,4096,1380200448.0
GWTC-4.1/O4a,strain_hdf5_4khz,GW231001_140220,L1,https://gwosc.org/archive/data/O4a_4KHZ_R1/1379926016/L-L1_GWOSC_O4a_4KHZ_R1-1380200448-4096.hdf5,GWOSC,data/gwtc4p1/strain_4khz_hdf5/GW231001_140220/L-L1_GWOSC_O4a_4KHZ_R1-1380200448-4096.hdf5,downloaded,4096,1380200448.0
GWTC-4.1/O4a,strain_hdf5_4khz,GW231002_143916,H1,https://gwosc.org/archive/data/O4a_4KHZ_R1/1379926016/H-H1_GWOSC_O4a_4KHZ_R1-1380290560-4096.hdf5,GWOSC,data/gwtc4p1/strain_4khz_hdf5/GW231002_143916/H-H1_GWOSC_O4a_4KHZ_R1-1380290560-4096.hdf5,downloaded,4096,1380290560.0
GWTC-4.1/O4a,strain_hdf5_4khz,GW231002_143916,L1,https://gwosc.org/archive/data/O4a_4KHZ_R1/1379926016/L-L1_GWOSC_O4a_4KHZ_R1-1380290560-4096.hdf5,GWOSC,data/gwtc4p1/strain_4khz_hdf5/GW231002_143916/L-L1_GWOSC_O4a_4KHZ_R1-1380290560-4096.hdf5,downloaded,4096,1380290560.0
GWTC-4.1/O4a,strain_hdf5_4khz,GW231004_232346,H1,https://gwosc.org/archive/data/O4a_4KHZ_R1/1379926016/H-H1_GWOSC_O4a_4KHZ_R1-1380495360-4096.hdf5,GWOSC,data/gwtc4p1/strain_4khz_hdf5/GW231004_232346/H-H1_GWOSC_O4a_4KHZ_R1-1380495360-4096.hdf5,downloaded,4096,1380495360.0
GWTC-4.1/O4a,strain_hdf5_4khz,GW231004_232346,L1,https://gwosc.org/archive/data/O4a_4KHZ_R1/1379926016/L-L1_GWOSC_O4a_4KHZ_R1-1380495360-4096.hdf5,GWOSC,data/gwtc4p1/strain_4khz_hdf5/GW231004_232346/L-L1_GWOSC_O4a_4KHZ_R1-1380495360-4096.hdf5,downloaded,4096,1380495360.0
GWTC-4.1/O4a,strain_hdf5_4khz,GW231005_021030,H1,https://gwosc.org/archive/data/O4a_4KHZ_R1/1379926016/H-H1_GWOSC_O4a_4KHZ_R1-1380503552-4096.hdf5,GWOSC,data/gwtc4p1/strain_4khz_hdf5/GW231005_021030/H-H1_GWOSC_O4a_4KHZ_R1-1380503552-4096.hdf5,downloaded,4096,1380503552.0
GWTC-4.1/O4a,strain_hdf5_4khz,GW231005_021030,L1,https://gwosc.org/archive/data/O4a_4KHZ_R1/1379926016/L-L1_GWOSC_O4a_4KHZ_R1-1380503552-4096.hdf5,GWOSC,data/gwtc4p1/strain_4khz_hdf5/GW231005_021030/L-L1_GWOSC_O4a_4KHZ_R1-1380503552-4096.hdf5,downloaded,4096,1380503552.0
GWTC-4.1/O4a,strain_hdf5_4khz,GW231005_091549,H1,https://gwosc.org/archive/data/O4a_4KHZ_R1/1379926016/H-H1_GWOSC_O4a_4KHZ_R1-1380532224-4096.hdf5,GWOSC,data/gwtc4p1/strain_4khz_hdf5/GW231005_091549/H-H1_GWOSC_O4a_4KHZ_R1-1380532224-4096.hdf5,downloaded,4096,1380532224.0
GWTC-4.1/O4a,strain_hdf5_4khz,GW231005_091549,L1,https://gwosc.org/archive/data/O4a_4KHZ_R1/1379926016/L-L1_GWOSC_O4a_4KHZ_R1-1380532224-4096.hdf5,GWOSC,data/gwtc4p1/strain_4khz_hdf5/GW231005_091549/L-L1_GWOSC_O4a_4KHZ_R1-1380532224-4096.hdf5,downloaded,4096,1380532224.0
GWTC-4.1/O4a,strain_hdf5_4khz,GW231005_144455,H1,https://gwosc.org/archive/data/O4a_4KHZ_R1/1379926016/H-H1_GWOSC_O4a_4KHZ_R1-1380548608-4096.hdf5,GWOSC,data/gwtc4p1/strain_4khz_hdf5/GW231005_144455/H-H1_GWOSC_O4a_4KHZ_R1-1380548608-4096.hdf5,downloaded,4096,1380548608.0
GWTC-4.1/O4a,strain_hdf5_4khz,GW231005_144455,L1,https://gwosc.org/archive/data/O4a_4KHZ_R1/1379926016/L-L1_GWOSC_O4a_4KHZ_R1-1380548608-4096.hdf5,GWOSC,data/gwtc4p1/strain_4khz_hdf5/GW231005_144455/L-L1_GWOSC_O4a_4KHZ_R1-1380548608-4096.hdf5,downloaded,4096,1380548608.0
GWTC-4.1/O4a,strain_hdf5_4khz,GW231007_134720,H1,https://gwosc.org/archive/data/O4a_4KHZ_R1/1379926016/H-H1_GWOSC_O4a_4KHZ_R1-1380720640-4096.hdf5,GWOSC,data/gwtc4p1/strain_4khz_hdf5/GW231007_134720/H-H1_GWOSC_O4a_4KHZ_R1-1380720640-4096.hdf5,downloaded,4096,1380720640.0
GWTC-4.1/O4a,strain_hdf5_4khz,GW231007_134720,L1,https://gwosc.org/archive/data/O4a_4KHZ_R1/1379926016/L-L1_GWOSC_O4a_4KHZ_R1-1380720640-4096.hdf5,GWOSC,data/gwtc4p1/strain_4khz_hdf5/GW231007_134720/L-L1_GWOSC_O4a_4KHZ_R1-1380720640-4096.hdf5,downloaded,4096,1380720640.0
GWTC-4.1/O4a,strain_hdf5_4khz,GW231008_142521,H1,https://gwosc.org/archive/data/O4a_4KHZ_R1/1379926016/H-H1_GWOSC_O4a_4KHZ_R1-1380806656-4096.hdf5,GWOSC,data/gwtc4p1/strain_4khz_hdf5/GW231008_142521/H-H1_GWOSC_O4a_4KHZ_R1-1380806656-4096.hdf5,downloaded,4096,1380806656.0
GWTC-4.1/O4a,strain_hdf5_4khz,GW231008_142521,L1,https://gwosc.org/archive/data/O4a_4KHZ_R1/1379926016/L-L1_GWOSC_O4a_4KHZ_R1-1380806656-4096.hdf5,GWOSC,data/gwtc4p1/strain_4khz_hdf5/GW231008_142521/L-L1_GWOSC_O4a_4KHZ_R1-1380806656-4096.hdf5,downloaded,4096,1380806656.0
GWTC-4.1/O4a,strain_hdf5_4khz,GW231013_135504,H1,https://gwosc.org/archive/data/O4a_4KHZ_R1/1380974592/H-H1_GWOSC_O4a_4KHZ_R1-1381236736-4096.hdf5,GWOSC,data/gwtc4p1/strain_4khz_hdf5/GW231013_135504/H-H1_GWOSC_O4a_4KHZ_R1-1381236736-4096.hdf5,downloaded,4096,1381236736.0
GWTC-4.1/O4a,strain_hdf5_4khz,GW231013_135504,L1,https://gwosc.org/archive/data/O4a_4KHZ_R1/1380974592/L-L1_GWOSC_O4a_4KHZ_R1-1381236736-4096.hdf5,GWOSC,data/gwtc4p1/strain_4khz_hdf5/GW231013_135504/L-L1_GWOSC_O4a_4KHZ_R1-1381236736-4096.hdf5,downloaded,4096,1381236736.0
GWTC-4.1/O4a,strain_hdf5_4khz,GW231014_040532,H1,https://gwosc.org/archive/data/O4a_4KHZ_R1/1380974592/H-H1_GWOSC_O4a_4KHZ_R1-1381289984-4096.hdf5,GWOSC,data/gwtc4p1/strain_4khz_hdf5/GW231014_040532/H-H1_GWOSC_O4a_4KHZ_R1-1381289984-4096.hdf5,downloaded,4096,1381289984.0
GWTC-4.1/O4a,strain_hdf5_4khz,GW231014_040532,L1,https://gwosc.org/archive/data/O4a_4KHZ_R1/1380974592/L-L1_GWOSC_O4a_4KHZ_R1-1381289984-4096.hdf5,GWOSC,data/gwtc4p1/strain_4khz_hdf5/GW231014_040532/L-L1_GWOSC_O4a_4KHZ_R1-1381289984-4096.hdf5,downloaded,4096,1381289984.0
GWTC-4.1/O4a,strain_hdf5_4khz,GW231018_233037,H1,https://gwosc.org/archive/data/O4a_4KHZ_R1/1380974592/H-H1_GWOSC_O4a_4KHZ_R1-1381703680-4096.hdf5,GWOSC,data/gwtc4p1/strain_4khz_hdf5/GW231018_233037/H-H1_GWOSC_O4a_4KHZ_R1-1381703680-4096.hdf5,downloaded,4096,1381703680.0
GWTC-4.1/O4a,strain_hdf5_4khz,GW231018_233037,L1,https://gwosc.org/archive/data/O4a_4KHZ_R1/1380974592/L-L1_GWOSC_O4a_4KHZ_R1-1381703680-4096.hdf5,GWOSC,data/gwtc4p1/strain_4khz_hdf5/GW231018_233037/L-L1_GWOSC_O4a_4KHZ_R1-1381703680-4096.hdf5,downloaded,4096,1381703680.0
GWTC-4.1/O4a,strain_hdf5_4khz,GW231020_142947,H1,https://gwosc.org/archive/data/O4a_4KHZ_R1/1380974592/H-H1_GWOSC_O4a_4KHZ_R1-1381847040-4096.hdf5,GWOSC,data/gwtc4p1/strain_4khz_hdf5/GW231020_142947/H-H1_GWOSC_O4a_4KHZ_R1-1381847040-4096.hdf5,downloaded,4096,1381847040.0
GWTC-4.1/O4a,strain_hdf5_4khz,GW231020_142947,L1,https://gwosc.org/archive/data/O4a_4KHZ_R1/1380974592/L-L1_GWOSC_O4a_4KHZ_R1-1381847040-4096.hdf5,GWOSC,data/gwtc4p1/strain_4khz_hdf5/GW231020_142947/L-L1_GWOSC_O4a_4KHZ_R1-1381847040-4096.hdf5,downloaded,4096,1381847040.0
GWTC-4.1/O4a,strain_hdf5_4khz,GW231024_023603,H1,https://gwosc.org/archive/data/O4a_4KHZ_R1/1382023168/H-H1_GWOSC_O4a_4KHZ_R1-1382150144-4096.hdf5,GWOSC,data/gwtc4p1/strain_4khz_hdf5/GW231024_023603/H-H1_GWOSC_O4a_4KHZ_R1-1382150144-4096.hdf5,downloaded,4096,1382150144.0
GWTC-4.1/O4a,strain_hdf5_4khz,GW231024_023603,L1,https://gwosc.org/archive/data/O4a_4KHZ_R1/1382023168/L-L1_GWOSC_O4a_4KHZ_R1-1382150144-4096.hdf5,GWOSC,data/gwtc4p1/strain_4khz_hdf5/GW231024_023603/L-L1_GWOSC_O4a_4KHZ_R1-1382150144-4096.hdf5,downloaded,4096,1382150144.0
GWTC-4.1/O4a,strain_hdf5_4khz,GW231025_142306,H1,https://gwosc.org/archive/data/O4a_4KHZ_R1/1382023168/H-H1_GWOSC_O4a_4KHZ_R1-1382277120-4096.hdf5,GWOSC,data/gwtc4p1/strain_4khz_hdf5/GW231025_142306/H-H1_GWOSC_O4a_4KHZ_R1-1382277120-4096.hdf5,downloaded,4096,1382277120.0
GWTC-4.1/O4a,strain_hdf5_4khz,GW231025_142306,L1,https://gwosc.org/archive/data/O4a_4KHZ_R1/1382023168/L-L1_GWOSC_O4a_4KHZ_R1-1382277120-4096.hdf5,GWOSC,data/gwtc4p1/strain_4khz_hdf5/GW231025_142306/L-L1_GWOSC_O4a_4KHZ_R1-1382277120-4096.hdf5,downloaded,4096,1382277120.0
GWTC-4.1/O4a,strain_hdf5_4khz,GW231026_130704,H1,https://gwosc.org/archive/data/O4a_4KHZ_R1/1382023168/H-H1_GWOSC_O4a_4KHZ_R1-1382359040-4096.hdf5,GWOSC,data/gwtc4p1/strain_4khz_hdf5/GW231026_130704/H-H1_GWOSC_O4a_4KHZ_R1-1382359040-4096.hdf5,downloaded,4096,1382359040.0
GWTC-4.1/O4a,strain_hdf5_4khz,GW231026_130704,L1,https://gwosc.org/archive/data/O4a_4KHZ_R1/1382023168/L-L1_GWOSC_O4a_4KHZ_R1-1382359040-4096.hdf5,GWOSC,data/gwtc4p1/strain_4khz_hdf5/GW231026_130704/L-L1_GWOSC_O4a_4KHZ_R1-1382359040-4096.hdf5,downloaded,4096,1382359040.0
GWTC-4.1/O4a,strain_hdf5_4khz,GW231028_153006,H1,https://gwosc.org/archive/data/O4a_4KHZ_R1/1382023168/H-H1_GWOSC_O4a_4KHZ_R1-1382539264-4096.hdf5,GWOSC,data/gwtc4p1/strain_4khz_hdf5/GW231028_153006/H-H1_GWOSC_O4a_4KHZ_R1-1382539264-4096.hdf5,downloaded,4096,1382539264.0
GWTC-4.1/O4a,strain_hdf5_4khz,GW231028_153006,L1,https://gwosc.org/archive/data/O4a_4KHZ_R1/1382023168/L-L1_GWOSC_O4a_4KHZ_R1-1382539264-4096.hdf5,GWOSC,data/gwtc4p1/strain_4khz_hdf5/GW231028_153006/L-L1_GWOSC_O4a_4KHZ_R1-1382539264-4096.hdf5,downloaded,4096,1382539264.0
GWTC-4.1/O4a,strain_hdf5_4khz,GW231029_111508,L1,https://gwosc.org/archive/data/O4a_4KHZ_R1/1382023168/L-L1_GWOSC_O4a_4KHZ_R1-1382612992-4096.hdf5,GWOSC,data/gwtc4p1/strain_4khz_hdf5/GW231029_111508/L-L1_GWOSC_O4a_4KHZ_R1-1382612992-4096.hdf5,downloaded,4096,1382612992.0
GWTC-4.1/O4a,strain_hdf5_4khz,GW231102_052214,H1,https://gwosc.org/archive/data/O4a_4KHZ_R1/1382023168/H-H1_GWOSC_O4a_4KHZ_R1-1382936576-4096.hdf5,GWOSC,data/gwtc4p1/strain_4khz_hdf5/GW231102_052214/H-H1_GWOSC_O4a_4KHZ_R1-1382936576-4096.hdf5,downloaded,4096,1382936576.0
GWTC-4.1/O4a,strain_hdf5_4khz,GW231102_052214,L1,https://gwosc.org/archive/data/O4a_4KHZ_R1/1382023168/L-L1_GWOSC_O4a_4KHZ_R1-1382936576-4096.hdf5,GWOSC,data/gwtc4p1/strain_4khz_hdf5/GW231102_052214/L-L1_GWOSC_O4a_4KHZ_R1-1382936576-4096.hdf5,downloaded,4096,1382936576.0
GWTC-4.1/O4a,strain_hdf5_4khz,GW231102_071736,H1,https://gwosc.org/archive/data/O4a_4KHZ_R1/1382023168/H-H1_GWOSC_O4a_4KHZ_R1-1382940672-4096.hdf5,GWOSC,data/gwtc4p1/strain_4khz_hdf5/GW231102_071736/H-H1_GWOSC_O4a_4KHZ_R1-1382940672-4096.hdf5,downloaded,4096,1382940672.0
GWTC-4.1/O4a,strain_hdf5_4khz,GW231102_071736,L1,https://gwosc.org/archive/data/O4a_4KHZ_R1/1382023168/L-L1_GWOSC_O4a_4KHZ_R1-1382940672-4096.hdf5,GWOSC,data/gwtc4p1/strain_4khz_hdf5/GW231102_071736/L-L1_GWOSC_O4a_4KHZ_R1-1382940672-4096.hdf5,downloaded,4096,1382940672.0
GWTC-4.1/O4a,strain_hdf5_4khz,GW231102_232433,H1,https://gwosc.org/archive/data/O4a_4KHZ_R1/1382023168/H-H1_GWOSC_O4a_4KHZ_R1-1383002112-4096.hdf5,GWOSC,data/gwtc4p1/strain_4khz_hdf5/GW231102_232433/H-H1_GWOSC_O4a_4KHZ_R1-1383002112-4096.hdf5,downloaded,4096,1383002112.0
GWTC-4.1/O4a,strain_hdf5_4khz,GW231102_232433,L1,https://gwosc.org/archive/data/O4a_4KHZ_R1/1382023168/L-L1_GWOSC_O4a_4KHZ_R1-1383002112-4096.hdf5,GWOSC,data/gwtc4p1/strain_4khz_hdf5/GW231102_232433/L-L1_GWOSC_O4a_4KHZ_R1-1383002112-4096.hdf5,downloaded,4096,1383002112.0
GWTC-4.1/O4a,strain_hdf5_4khz,GW231104_133418,H1,https://gwosc.org/archive/data/O4a_4KHZ_R1/1383071744/H-H1_GWOSC_O4a_4KHZ_R1-1383137280-4096.hdf5,GWOSC,data/gwtc4p1/strain_4khz_hdf5/GW231104_133418/H-H1_GWOSC_O4a_4KHZ_R1-1383137280-4096.hdf5,downloaded,4096,1383137280.0
GWTC-4.1/O4a,strain_hdf5_4khz,GW231104_133418,L1,https://gwosc.org/archive/data/O4a_4KHZ_R1/1383071744/L-L1_GWOSC_O4a_4KHZ_R1-1383137280-4096.hdf5,GWOSC,data/gwtc4p1/strain_4khz_hdf5/GW231104_133418/L-L1_GWOSC_O4a_4KHZ_R1-1383137280-4096.hdf5,downloaded,4096,1383137280.0
GWTC-4.1/O4a,strain_hdf5_4khz,GW231108_125142,H1,https://gwosc.org/archive/data/O4a_4KHZ_R1/1383071744/H-H1_GWOSC_O4a_4KHZ_R1-1383481344-4096.hdf5,GWOSC,data/gwtc4p1/strain_4khz_hdf5/GW231108_125142/H-H1_GWOSC_O4a_4KHZ_R1-1383481344-4096.hdf5,downloaded,4096,1383481344.0
GWTC-4.1/O4a,strain_hdf5_4khz,GW231108_125142,L1,https://gwosc.org/archive/data/O4a_4KHZ_R1/1383071744/L-L1_GWOSC_O4a_4KHZ_R1-1383481344-4096.hdf5,GWOSC,data/gwtc4p1/strain_4khz_hdf5/GW231108_125142/L-L1_GWOSC_O4a_4KHZ_R1-1383481344-4096.hdf5,downloaded,4096,1383481344.0
GWTC-4.1/O4a,strain_hdf5_4khz,GW231110_040320,H1,https://gwosc.org/archive/data/O4a_4KHZ_R1/1383071744/H-H1_GWOSC_O4a_4KHZ_R1-1383620608-4096.hdf5,GWOSC,data/gwtc4p1/strain_4khz_hdf5/GW231110_040320/H-H1_GWOSC_O4a_4KHZ_R1-1383620608-4096.hdf5,downloaded,4096,1383620608.0
GWTC-4.1/O4a,strain_hdf5_4khz,GW231110_040320,L1,https://gwosc.org/archive/data/O4a_4KHZ_R1/1383071744/L-L1_GWOSC_O4a_4KHZ_R1-1383620608-4096.hdf5,GWOSC,data/gwtc4p1/strain_4khz_hdf5/GW231110_040320/L-L1_GWOSC_O4a_4KHZ_R1-1383620608-4096.hdf5,downloaded,4096,1383620608.0
GWTC-4.1/O4a,strain_hdf5_4khz,GW231113_062050,H1,https://gwosc.org/archive/data/O4a_4KHZ_R1/1383071744/H-H1_GWOSC_O4a_4KHZ_R1-1383890944-4096.hdf5,GWOSC,data/gwtc4p1/strain_4khz_hdf5/GW231113_062050/H-H1_GWOSC_O4a_4KHZ_R1-1383890944-4096.hdf5,downloaded,4096,1383890944.0
GWTC-4.1/O4a,strain_hdf5_4khz,GW231113_062050,L1,https://gwosc.org/archive/data/O4a_4KHZ_R1/1383071744/L-L1_GWOSC_O4a_4KHZ_R1-1383890944-4096.hdf5,GWOSC,data/gwtc4p1/strain_4khz_hdf5/GW231113_062050/L-L1_GWOSC_O4a_4KHZ_R1-1383890944-4096.hdf5,downloaded,4096,1383890944.0
GWTC-4.1/O4a,strain_hdf5_4khz,GW231113_112825,H1,https://gwosc.org/archive/data/O4a_4KHZ_R1/1383071744/H-H1_GWOSC_O4a_4KHZ_R1-1383907328-4096.hdf5,GWOSC,data/gwtc4p1/strain_4khz_hdf5/GW231113_112825/H-H1_GWOSC_O4a_4KHZ_R1-1383907328-4096.hdf5,downloaded,4096,1383907328.0
GWTC-4.1/O4a,strain_hdf5_4khz,GW231113_112825,L1,https://gwosc.org/archive/data/O4a_4KHZ_R1/1383071744/L-L1_GWOSC_O4a_4KHZ_R1-1383907328-4096.hdf5,GWOSC,data/gwtc4p1/strain_4khz_hdf5/GW231113_112825/L-L1_GWOSC_O4a_4KHZ_R1-1383907328-4096.hdf5,downloaded,4096,1383907328.0
GWTC-4.1/O4a,strain_hdf5_4khz,GW231113_122623,H1,https://gwosc.org/archive/data/O4a_4KHZ_R1/1383071744/H-H1_GWOSC_O4a_4KHZ_R1-1383911424-4096.hdf5,GWOSC,data/gwtc4p1/strain_4khz_hdf5/GW231113_122623/H-H1_GWOSC_O4a_4KHZ_R1-1383911424-4096.hdf5,downloaded,4096,1383911424.0
GWTC-4.1/O4a,strain_hdf5_4khz,GW231113_122623,L1,https://gwosc.org/archive/data/O4a_4KHZ_R1/1383071744/L-L1_GWOSC_O4a_4KHZ_R1-1383911424-4096.hdf5,GWOSC,data/gwtc4p1/strain_4khz_hdf5/GW231113_122623/L-L1_GWOSC_O4a_4KHZ_R1-1383911424-4096.hdf5,downloaded,4096,1383911424.0
GWTC-4.1/O4a,strain_hdf5_4khz,GW231113_150041,H1,https://gwosc.org/archive/data/O4a_4KHZ_R1/1383071744/H-H1_GWOSC_O4a_4KHZ_R1-1383919616-4096.hdf5,GWOSC,data/gwtc4p1/strain_4khz_hdf5/GW231113_150041/H-H1_GWOSC_O4a_4KHZ_R1-1383919616-4096.hdf5,downloaded,4096,1383919616.0
GWTC-4.1/O4a,strain_hdf5_4khz,GW231113_150041,L1,https://gwosc.org/archive/data/O4a_4KHZ_R1/1383071744/L-L1_GWOSC_O4a_4KHZ_R1-1383919616-4096.hdf5,GWOSC,data/gwtc4p1/strain_4khz_hdf5/GW231113_150041/L-L1_GWOSC_O4a_4KHZ_R1-1383919616-4096.hdf5,downloaded,4096,1383919616.0
GWTC-4.1/O4a,strain_hdf5_4khz,GW231113_200417,H1,https://gwosc.org/archive/data/O4a_4KHZ_R1/1383071744/H-H1_GWOSC_O4a_4KHZ_R1-1383940096-4096.hdf5,GWOSC,data/gwtc4p1/strain_4khz_hdf5/GW231113_200417/H-H1_GWOSC_O4a_4KHZ_R1-1383940096-4096.hdf5,downloaded,4096,1383940096.0
GWTC-4.1/O4a,strain_hdf5_4khz,GW231113_200417,L1,https://gwosc.org/archive/data/O4a_4KHZ_R1/1383071744/L-L1_GWOSC_O4a_4KHZ_R1-1383940096-4096.hdf5,GWOSC,data/gwtc4p1/strain_4khz_hdf5/GW231113_200417/L-L1_GWOSC_O4a_4KHZ_R1-1383940096-4096.hdf5,downloaded,4096,1383940096.0
GWTC-4.1/O4a,strain_hdf5_4khz,GW231114_043211,H1,https://gwosc.org/archive/data/O4a_4KHZ_R1/1383071744/H-H1_GWOSC_O4a_4KHZ_R1-1383968768-4096.hdf5,GWOSC,data/gwtc4p1/strain_4khz_hdf5/GW231114_043211/H-H1_GWOSC_O4a_4KHZ_R1-1383968768-4096.hdf5,downloaded,4096,1383968768.0
GWTC-4.1/O4a,strain_hdf5_4khz,GW231114_043211,L1,https://gwosc.org/archive/data/O4a_4KHZ_R1/1383071744/L-L1_GWOSC_O4a_4KHZ_R1-1383968768-4096.hdf5,GWOSC,data/gwtc4p1/strain_4khz_hdf5/GW231114_043211/L-L1_GWOSC_O4a_4KHZ_R1-1383968768-4096.hdf5,downloaded,4096,1383968768.0
GWTC-4.1/O4a,strain_hdf5_4khz,GW231118_005626,H1,https://gwosc.org/archive/data/O4a_4KHZ_R1/1384120320/H-H1_GWOSC_O4a_4KHZ_R1-1384300544-4096.hdf5,GWOSC,data/gwtc4p1/strain_4khz_hdf5/GW231118_005626/H-H1_GWOSC_O4a_4KHZ_R1-1384300544-4096.hdf5,downloaded,4096,1384300544.0
GWTC-4.1/O4a,strain_hdf5_4khz,GW231118_005626,L1,https://gwosc.org/archive/data/O4a_4KHZ_R1/1384120320/L-L1_GWOSC_O4a_4KHZ_R1-1384300544-4096.hdf5,GWOSC,data/gwtc4p1/strain_4khz_hdf5/GW231118_005626/L-L1_GWOSC_O4a_4KHZ_R1-1384300544-4096.hdf5,downloaded,4096,1384300544.0
GWTC-4.1/O4a,strain_hdf5_4khz,GW231118_071402,H1,https://gwosc.org/archive/data/O4a_4KHZ_R1/1384120320/H-H1_GWOSC_O4a_4KHZ_R1-1384325120-4096.hdf5,GWOSC,data/gwtc4p1/strain_4khz_hdf5/GW231118_071402/H-H1_GWOSC_O4a_4KHZ_R1-1384325120-4096.hdf5,downloaded,4096,1384325120.0
GWTC-4.1/O4a,strain_hdf5_4khz,GW231118_071402,L1,https://gwosc.org/archive/data/O4a_4KHZ_R1/1384120320/L-L1_GWOSC_O4a_4KHZ_R1-1384325120-4096.hdf5,GWOSC,data/gwtc4p1/strain_4khz_hdf5/GW231118_071402/L-L1_GWOSC_O4a_4KHZ_R1-1384325120-4096.hdf5,downloaded,4096,1384325120.0
GWTC-4.1/O4a,strain_hdf5_4khz,GW231118_090602,H1,https://gwosc.org/archive/data/O4a_4KHZ_R1/1384120320/H-H1_GWOSC_O4a_4KHZ_R1-1384333312-4096.hdf5,GWOSC,data/gwtc4p1/strain_4khz_hdf5/GW231118_090602/H-H1_GWOSC_O4a_4KHZ_R1-1384333312-4096.hdf5,downloaded,4096,1384333312.0
GWTC-4.1/O4a,strain_hdf5_4khz,GW231118_090602,L1,https://gwosc.org/archive/data/O4a_4KHZ_R1/1384120320/L-L1_GWOSC_O4a_4KHZ_R1-1384333312-4096.hdf5,GWOSC,data/gwtc4p1/strain_4khz_hdf5/GW231118_090602/L-L1_GWOSC_O4a_4KHZ_R1-1384333312-4096.hdf5,downloaded,4096,1384333312.0
GWTC-4.1/O4a,strain_hdf5_4khz,GW231119_075248,H1,https://gwosc.org/archive/data/O4a_4KHZ_R1/1384120320/H-H1_GWOSC_O4a_4KHZ_R1-1384415232-4096.hdf5,GWOSC,data/gwtc4p1/strain_4khz_hdf5/GW231119_075248/H-H1_GWOSC_O4a_4KHZ_R1-1384415232-4096.hdf5,downloaded,4096,1384415232.0
GWTC-4.1/O4a,strain_hdf5_4khz,GW231119_075248,L1,https://gwosc.org/archive/data/O4a_4KHZ_R1/1384120320/L-L1_GWOSC_O4a_4KHZ_R1-1384415232-4096.hdf5,GWOSC,data/gwtc4p1/strain_4khz_hdf5/GW231119_075248/L-L1_GWOSC_O4a_4KHZ_R1-1384415232-4096.hdf5,downloaded,4096,1384415232.0
GWTC-4.1/O4a,strain_hdf5_4khz,GW231120_022103,H1,https://gwosc.org/archive/data/O4a_4KHZ_R1/1384120320/H-H1_GWOSC_O4a_4KHZ_R1-1384480768-4096.hdf5,GWOSC,data/gwtc4p1/strain_4khz_hdf5/GW231120_022103/H-H1_GWOSC_O4a_4KHZ_R1-1384480768-4096.hdf5,downloaded,4096,1384480768.0
GWTC-4.1/O4a,strain_hdf5_4khz,GW231120_022103,L1,https://gwosc.org/archive/data/O4a_4KHZ_R1/1384120320/L-L1_GWOSC_O4a_4KHZ_R1-1384480768-4096.hdf5,GWOSC,data/gwtc4p1/strain_4khz_hdf5/GW231120_022103/L-L1_GWOSC_O4a_4KHZ_R1-1384480768-4096.hdf5,downloaded,4096,1384480768.0
GWTC-4.1/O4a,strain_hdf5_4khz,GW231123_135430,H1,https://gwosc.org/archive/data/O4a_4KHZ_R1/1384120320/H-H1_GWOSC_O4a_4KHZ_R1-1384779776-4096.hdf5,GWOSC,data/gwtc4p1/strain_4khz_hdf5/GW231123_135430/H-H1_GWOSC_O4a_4KHZ_R1-1384779776-4096.hdf5,downloaded,4096,1384779776.0
GWTC-4.1/O4a,strain_hdf5_4khz,GW231123_135430,L1,https://gwosc.org/archive/data/O4a_4KHZ_R1/1384120320/L-L1_GWOSC_O4a_4KHZ_R1-1384779776-4096.hdf5,GWOSC,data/gwtc4p1/strain_4khz_hdf5/GW231123_135430/L-L1_GWOSC_O4a_4KHZ_R1-1384779776-4096.hdf5,downloaded,4096,1384779776.0
GWTC-4.1/O4a,strain_hdf5_4khz,GW231126_010928,H1,https://gwosc.org/archive/data/O4a_4KHZ_R1/1384120320/H-H1_GWOSC_O4a_4KHZ_R1-1384992768-4096.hdf5,GWOSC,data/gwtc4p1/strain_4khz_hdf5/GW231126_010928/H-H1_GWOSC_O4a_4KHZ_R1-1384992768-4096.hdf5,downloaded,4096,1384992768.0
GWTC-4.1/O4a,strain_hdf5_4khz,GW231126_010928,L1,https://gwosc.org/archive/data/O4a_4KHZ_R1/1384120320/L-L1_GWOSC_O4a_4KHZ_R1-1384992768-4096.hdf5,GWOSC,data/gwtc4p1/strain_4khz_hdf5/GW231126_010928/L-L1_GWOSC_O4a_4KHZ_R1-1384992768-4096.hdf5,downloaded,4096,1384992768.0
GWTC-4.1/O4a,strain_hdf5_4khz,GW231127_061546,H1,https://gwosc.org/archive/data/O4a_4KHZ_R1/1384120320/H-H1_GWOSC_O4a_4KHZ_R1-1385099264-4096.hdf5,GWOSC,data/gwtc4p1/strain_4khz_hdf5/GW231127_061546/H-H1_GWOSC_O4a_4KHZ_R1-1385099264-4096.hdf5,downloaded,4096,1385099264.0
GWTC-4.1/O4a,strain_hdf5_4khz,GW231127_061546,L1,https://gwosc.org/archive/data/O4a_4KHZ_R1/1384120320/L-L1_GWOSC_O4a_4KHZ_R1-1385099264-4096.hdf5,GWOSC,data/gwtc4p1/strain_4khz_hdf5/GW231127_061546/L-L1_GWOSC_O4a_4KHZ_R1-1385099264-4096.hdf5,downloaded,4096,1385099264.0
GWTC-4.1/O4a,strain_hdf5_4khz,GW231127_165300,H1,https://gwosc.org/archive/data/O4a_4KHZ_R1/1384120320/H-H1_GWOSC_O4a_4KHZ_R1-1385136128-4096.hdf5,GWOSC,data/gwtc4p1/strain_4khz_hdf5/GW231127_165300/H-H1_GWOSC_O4a_4KHZ_R1-1385136128-4096.hdf5,downloaded,4096,1385136128.0
GWTC-4.1/O4a,strain_hdf5_4khz,GW231127_165300,L1,https://gwosc.org/archive/data/O4a_4KHZ_R1/1384120320/L-L1_GWOSC_O4a_4KHZ_R1-1385136128-4096.hdf5,GWOSC,data/gwtc4p1/strain_4khz_hdf5/GW231127_165300/L-L1_GWOSC_O4a_4KHZ_R1-1385136128-4096.hdf5,downloaded,4096,1385136128.0
GWTC-4.1/O4a,strain_hdf5_4khz,GW231129_081745,H1,https://gwosc.org/archive/data/O4a_4KHZ_R1/1385168896/H-H1_GWOSC_O4a_4KHZ_R1-1385279488-4096.hdf5,GWOSC,data/gwtc4p1/strain_4khz_hdf5/GW231129_081745/H-H1_GWOSC_O4a_4KHZ_R1-1385279488-4096.hdf5,downloaded,4096,1385279488.0
GWTC-4.1/O4a,strain_hdf5_4khz,GW231129_081745,L1,https://gwosc.org/archive/data/O4a_4KHZ_R1/1385168896/L-L1_GWOSC_O4a_4KHZ_R1-1385279488-4096.hdf5,GWOSC,data/gwtc4p1/strain_4khz_hdf5/GW231129_081745/L-L1_GWOSC_O4a_4KHZ_R1-1385279488-4096.hdf5,downloaded,4096,1385279488.0
GWTC-4.1/O4a,strain_hdf5_4khz,GW231204_090648,H1,https://gwosc.org/archive/data/O4a_4KHZ_R1/1385168896/H-H1_GWOSC_O4a_4KHZ_R1-1385713664-4096.hdf5,GWOSC,data/gwtc4p1/strain_4khz_hdf5/GW231204_090648/H-H1_GWOSC_O4a_4KHZ_R1-1385713664-4096.hdf5,downloaded,4096,1385713664.0
GWTC-4.1/O4a,strain_hdf5_4khz,GW231204_090648,L1,https://gwosc.org/archive/data/O4a_4KHZ_R1/1385168896/L-L1_GWOSC_O4a_4KHZ_R1-1385713664-4096.hdf5,GWOSC,data/gwtc4p1/strain_4khz_hdf5/GW231204_090648/L-L1_GWOSC_O4a_4KHZ_R1-1385713664-4096.hdf5,downloaded,4096,1385713664.0
GWTC-4.1/O4a,strain_hdf5_4khz,GW231206_010629,H1,https://gwosc.org/archive/data/O4a_4KHZ_R1/1385168896/H-H1_GWOSC_O4a_4KHZ_R1-1385857024-4096.hdf5,GWOSC,data/gwtc4p1/strain_4khz_hdf5/GW231206_010629/H-H1_GWOSC_O4a_4KHZ_R1-1385857024-4096.hdf5,downloaded,4096,1385857024.0
GWTC-4.1/O4a,strain_hdf5_4khz,GW231206_010629,L1,https://gwosc.org/archive/data/O4a_4KHZ_R1/1385168896/L-L1_GWOSC_O4a_4KHZ_R1-1385857024-4096.hdf5,GWOSC,data/gwtc4p1/strain_4khz_hdf5/GW231206_010629/L-L1_GWOSC_O4a_4KHZ_R1-1385857024-4096.hdf5,downloaded,4096,1385857024.0
GWTC-4.1/O4a,strain_hdf5_4khz,GW231206_233134,H1,https://gwosc.org/archive/data/O4a_4KHZ_R1/1385168896/H-H1_GWOSC_O4a_4KHZ_R1-1385938944-4096.hdf5,GWOSC,data/gwtc4p1/strain_4khz_hdf5/GW231206_233134/H-H1_GWOSC_O4a_4KHZ_R1-1385938944-4096.hdf5,downloaded,4096,1385938944.0
GWTC-4.1/O4a,strain_hdf5_4khz,GW231206_233134,L1,https://gwosc.org/archive/data/O4a_4KHZ_R1/1385168896/L-L1_GWOSC_O4a_4KHZ_R1-1385938944-4096.hdf5,GWOSC,data/gwtc4p1/strain_4khz_hdf5/GW231206_233134/L-L1_GWOSC_O4a_4KHZ_R1-1385938944-4096.hdf5,downloaded,4096,1385938944.0
GWTC-4.1/O4a,strain_hdf5_4khz,GW231206_233901,H1,https://gwosc.org/archive/data/O4a_4KHZ_R1/1385168896/H-H1_GWOSC_O4a_4KHZ_R1-1385938944-4096.hdf5,GWOSC,data/gwtc4p1/strain_4khz_hdf5/GW231206_233901/H-H1_GWOSC_O4a_4KHZ_R1-1385938944-4096.hdf5,downloaded,4096,1385938944.0
GWTC-4.1/O4a,strain_hdf5_4khz,GW231206_233901,L1,https://gwosc.org/archive/data/O4a_4KHZ_R1/1385168896/L-L1_GWOSC_O4a_4KHZ_R1-1385938944-4096.hdf5,GWOSC,data/gwtc4p1/strain_4khz_hdf5/GW231206_233901/L-L1_GWOSC_O4a_4KHZ_R1-1385938944-4096.hdf5,downloaded,4096,1385938944.0
GWTC-4.1/O4a,strain_hdf5_4khz,GW231213_111417,H1,https://gwosc.org/archive/data/O4a_4KHZ_R1/1386217472/H-H1_GWOSC_O4a_4KHZ_R1-1386500096-4096.hdf5,GWOSC,data/gwtc4p1/strain_4khz_hdf5/GW231213_111417/H-H1_GWOSC_O4a_4KHZ_R1-1386500096-4096.hdf5,downloaded,4096,1386500096.0
GWTC-4.1/O4a,strain_hdf5_4khz,GW231213_111417,L1,https://gwosc.org/archive/data/O4a_4KHZ_R1/1386217472/L-L1_GWOSC_O4a_4KHZ_R1-1386500096-4096.hdf5,GWOSC,data/gwtc4p1/strain_4khz_hdf5/GW231213_111417/L-L1_GWOSC_O4a_4KHZ_R1-1386500096-4096.hdf5,downloaded,4096,1386500096.0
GWTC-4.1/O4a,strain_hdf5_4khz,GW231220_173406,H1,https://gwosc.org/archive/data/O4a_4KHZ_R1/1386217472/H-H1_GWOSC_O4a_4KHZ_R1-1387126784-4096.hdf5,GWOSC,data/gwtc4p1/strain_4khz_hdf5/GW231220_173406/H-H1_GWOSC_O4a_4KHZ_R1-1387126784-4096.hdf5,downloaded,4096,1387126784.0
GWTC-4.1/O4a,strain_hdf5_4khz,GW231220_173406,L1,https://gwosc.org/archive/data/O4a_4KHZ_R1/1386217472/L-L1_GWOSC_O4a_4KHZ_R1-1387126784-4096.hdf5,GWOSC,data/gwtc4p1/strain_4khz_hdf5/GW231220_173406/L-L1_GWOSC_O4a_4KHZ_R1-1387126784-4096.hdf5,downloaded,4096,1387126784.0
GWTC-4.1/O4a,strain_hdf5_4khz,GW231221_135041,H1,https://gwosc.org/archive/data/O4a_4KHZ_R1/1386217472/H-H1_GWOSC_O4a_4KHZ_R1-1387200512-4096.hdf5,GWOSC,data/gwtc4p1/strain_4khz_hdf5/GW231221_135041/H-H1_GWOSC_O4a_4KHZ_R1-1387200512-4096.hdf5,downloaded,4096,1387200512.0
GWTC-4.1/O4a,strain_hdf5_4khz,GW231221_135041,L1,https://gwosc.org/archive/data/O4a_4KHZ_R1/1386217472/L-L1_GWOSC_O4a_4KHZ_R1-1387200512-4096.hdf5,GWOSC,data/gwtc4p1/strain_4khz_hdf5/GW231221_135041/L-L1_GWOSC_O4a_4KHZ_R1-1387200512-4096.hdf5,downloaded,4096,1387200512.0
GWTC-4.1/O4a,strain_hdf5_4khz,GW231223_032836,H1,https://gwosc.org/archive/data/O4a_4KHZ_R1/1387266048/H-H1_GWOSC_O4a_4KHZ_R1-1387335680-4096.hdf5,GWOSC,data/gwtc4p1/strain_4khz_hdf5/GW231223_032836/H-H1_GWOSC_O4a_4KHZ_R1-1387335680-4096.hdf5,downloaded,4096,1387335680.0
GWTC-4.1/O4a,strain_hdf5_4khz,GW231223_032836,L1,https://gwosc.org/archive/data/O4a_4KHZ_R1/1387266048/L-L1_GWOSC_O4a_4KHZ_R1-1387335680-4096.hdf5,GWOSC,data/gwtc4p1/strain_4khz_hdf5/GW231223_032836/L-L1_GWOSC_O4a_4KHZ_R1-1387335680-4096.hdf5,downloaded,4096,1387335680.0
GWTC-4.1/O4a,strain_hdf5_4khz,GW231223_075055,H1,https://gwosc.org/archive/data/O4a_4KHZ_R1/1387266048/H-H1_GWOSC_O4a_4KHZ_R1-1387352064-4096.hdf5,GWOSC,data/gwtc4p1/strain_4khz_hdf5/GW231223_075055/H-H1_GWOSC_O4a_4KHZ_R1-1387352064-4096.hdf5,downloaded,4096,1387352064.0
GWTC-4.1/O4a,strain_hdf5_4khz,GW231223_075055,L1,https://gwosc.org/archive/data/O4a_4KHZ_R1/1387266048/L-L1_GWOSC_O4a_4KHZ_R1-1387352064-4096.hdf5,GWOSC,data/gwtc4p1/strain_4khz_hdf5/GW231223_075055/L-L1_GWOSC_O4a_4KHZ_R1-1387352064-4096.hdf5,downloaded,4096,1387352064.0
GWTC-4.1/O4a,strain_hdf5_4khz,GW231223_202619,H1,https://gwosc.org/archive/data/O4a_4KHZ_R1/1387266048/H-H1_GWOSC_O4a_4KHZ_R1-1387397120-4096.hdf5,GWOSC,data/gwtc4p1/strain_4khz_hdf5/GW231223_202619/H-H1_GWOSC_O4a_4KHZ_R1-1387397120-4096.hdf5,downloaded,4096,1387397120.0
GWTC-4.1/O4a,strain_hdf5_4khz,GW231223_202619,L1,https://gwosc.org/archive/data/O4a_4KHZ_R1/1387266048/L-L1_GWOSC_O4a_4KHZ_R1-1387397120-4096.hdf5,GWOSC,data/gwtc4p1/strain_4khz_hdf5/GW231223_202619/L-L1_GWOSC_O4a_4KHZ_R1-1387397120-4096.hdf5,downloaded,4096,1387397120.0
GWTC-4.1/O4a,strain_hdf5_4khz,GW231224_024321,H1,https://gwosc.org/archive/data/O4a_4KHZ_R1/1387266048/H-H1_GWOSC_O4a_4KHZ_R1-1387417600-4096.hdf5,GWOSC,data/gwtc4p1/strain_4khz_hdf5/GW231224_024321/H-H1_GWOSC_O4a_4KHZ_R1-1387417600-4096.hdf5,downloaded,4096,1387417600.0
GWTC-4.1/O4a,strain_hdf5_4khz,GW231224_024321,L1,https://gwosc.org/archive/data/O4a_4KHZ_R1/1387266048/L-L1_GWOSC_O4a_4KHZ_R1-1387417600-4096.hdf5,GWOSC,data/gwtc4p1/strain_4khz_hdf5/GW231224_024321/L-L1_GWOSC_O4a_4KHZ_R1-1387417600-4096.hdf5,downloaded,4096,1387417600.0
GWTC-4.1/O4a,strain_hdf5_4khz,GW231226_101520,H1,https://gwosc.org/archive/data/O4a_4KHZ_R1/1387266048/H-H1_GWOSC_O4a_4KHZ_R1-1387618304-4096.hdf5,GWOSC,data/gwtc4p1/strain_4khz_hdf5/GW231226_101520/H-H1_GWOSC_O4a_4KHZ_R1-1387618304-4096.hdf5,downloaded,4096,1387618304.0
GWTC-4.1/O4a,strain_hdf5_4khz,GW231226_101520,L1,https://gwosc.org/archive/data/O4a_4KHZ_R1/1387266048/L-L1_GWOSC_O4a_4KHZ_R1-1387618304-4096.hdf5,GWOSC,data/gwtc4p1/strain_4khz_hdf5/GW231226_101520/L-L1_GWOSC_O4a_4KHZ_R1-1387618304-4096.hdf5,downloaded,4096,1387618304.0
GWTC-4.1/O4a,strain_hdf5_4khz,GW231230_170116,H1,https://gwosc.org/archive/data/O4a_4KHZ_R1/1387266048/H-H1_GWOSC_O4a_4KHZ_R1-1387986944-4096.hdf5,GWOSC,data/gwtc4p1/strain_4khz_hdf5/GW231230_170116/H-H1_GWOSC_O4a_4KHZ_R1-1387986944-4096.hdf5,downloaded,4096,1387986944.0
GWTC-4.1/O4a,strain_hdf5_4khz,GW231230_170116,L1,https://gwosc.org/archive/data/O4a_4KHZ_R1/1387266048/L-L1_GWOSC_O4a_4KHZ_R1-1387986944-4096.hdf5,GWOSC,data/gwtc4p1/strain_4khz_hdf5/GW231230_170116/L-L1_GWOSC_O4a_4KHZ_R1-1387986944-4096.hdf5,downloaded,4096,1387986944.0
GWTC-4.1/O4a,strain_hdf5_4khz,GW231231_120147,H1,https://gwosc.org/archive/data/O4a_4KHZ_R1/1387266048/H-H1_GWOSC_O4a_4KHZ_R1-1388056576-4096.hdf5,GWOSC,data/gwtc4p1/strain_4khz_hdf5/GW231231_120147/H-H1_GWOSC_O4a_4KHZ_R1-1388056576-4096.hdf5,downloaded,4096,1388056576.0
GWTC-4.1/O4a,strain_hdf5_4khz,GW231231_120147,L1,https://gwosc.org/archive/data/O4a_4KHZ_R1/1387266048/L-L1_GWOSC_O4a_4KHZ_R1-1388056576-4096.hdf5,GWOSC,data/gwtc4p1/strain_4khz_hdf5/GW231231_120147/L-L1_GWOSC_O4a_4KHZ_R1-1388056576-4096.hdf5,downloaded,4096,1388056576.0
GWTC-4.1/O4a,strain_hdf5_4khz,GW231231_154016,H1,https://gwosc.org/archive/data/O4a_4KHZ_R1/1387266048/H-H1_GWOSC_O4a_4KHZ_R1-1388068864-4096.hdf5,GWOSC,data/gwtc4p1/strain_4khz_hdf5/GW231231_154016/H-H1_GWOSC_O4a_4KHZ_R1-1388068864-4096.hdf5,downloaded,4096,1388068864.0
GWTC-4.1/O4a,strain_hdf5_4khz,GW231231_154016,L1,https://gwosc.org/archive/data/O4a_4KHZ_R1/1387266048/L-L1_GWOSC_O4a_4KHZ_R1-1388068864-4096.hdf5,GWOSC,data/gwtc4p1/strain_4khz_hdf5/GW231231_154016/L-L1_GWOSC_O4a_4KHZ_R1-1388068864-4096.hdf5,downloaded,4096,1388068864.0
GWTC-4.1/O4a,strain_hdf5_4khz,GW240104_164932,H1,https://gwosc.org/archive/data/O4a_4KHZ_R1/1388314624/H-H1_GWOSC_O4a_4KHZ_R1-1388421120-4096.hdf5,GWOSC,data/gwtc4p1/strain_4khz_hdf5/GW240104_164932/H-H1_GWOSC_O4a_4KHZ_R1-1388421120-4096.hdf5,downloaded,4096,1388421120.0
GWTC-4.1/O4a,strain_hdf5_4khz,GW240104_164932,L1,https://gwosc.org/archive/data/O4a_4KHZ_R1/1388314624/L-L1_GWOSC_O4a_4KHZ_R1-1388421120-4096.hdf5,GWOSC,data/gwtc4p1/strain_4khz_hdf5/GW240104_164932/L-L1_GWOSC_O4a_4KHZ_R1-1388421120-4096.hdf5,downloaded,4096,1388421120.0
GWTC-4.1/O4a,strain_hdf5_4khz,GW240105_151143,H1,https://gwosc.org/archive/data/O4a_4KHZ_R1/1388314624/H-H1_GWOSC_O4a_4KHZ_R1-1388498944-4096.hdf5,GWOSC,data/gwtc4p1/strain_4khz_hdf5/GW240105_151143/H-H1_GWOSC_O4a_4KHZ_R1-1388498944-4096.hdf5,downloaded,4096,1388498944.0
GWTC-4.1/O4a,strain_hdf5_4khz,GW240107_013215,H1,https://gwosc.org/archive/data/O4a_4KHZ_R1/1388314624/H-H1_GWOSC_O4a_4KHZ_R1-1388625920-4096.hdf5,GWOSC,data/gwtc4p1/strain_4khz_hdf5/GW240107_013215/H-H1_GWOSC_O4a_4KHZ_R1-1388625920-4096.hdf5,downloaded,4096,1388625920.0
GWTC-4.1/O4a,strain_hdf5_4khz,GW240107_013215,L1,https://gwosc.org/archive/data/O4a_4KHZ_R1/1388314624/L-L1_GWOSC_O4a_4KHZ_R1-1388625920-4096.hdf5,GWOSC,data/gwtc4p1/strain_4khz_hdf5/GW240107_013215/L-L1_GWOSC_O4a_4KHZ_R1-1388625920-4096.hdf5,downloaded,4096,1388625920.0
GWTC-4.1/O4a,strain_hdf5_4khz,GW240109_050431,H1,https://gwosc.org/archive/data/O4a_4KHZ_R1/1388314624/H-H1_GWOSC_O4a_4KHZ_R1-1388810240-4096.hdf5,GWOSC,data/gwtc4p1/strain_4khz_hdf5/GW240109_050431/H-H1_GWOSC_O4a_4KHZ_R1-1388810240-4096.hdf5,downloaded,4096,1388810240.0
GWTC-4.1/O4a,pe_hdf5_with_skymap_if_available,GW230518_125908,,https://zenodo.org/api/records/20275769/files/IGWN-GWTC4p1-18965dda8_5-GW230518_125908-combined_PEDataRelease.hdf5/content,https://doi.org/10.5281/zenodo.20275769,data/gwtc4p1/pe_hdf5/GW230518_125908/IGWN-GWTC4p1-18965dda8_5-GW230518_125908-combined_PEDataRelease.hdf5,downloaded,,
GWTC-4.1/O4a,pe_hdf5_with_skymap_if_available,GW230529_181500,,https://zenodo.org/api/records/20275769/files/IGWN-GWTC4p1-18965dda8_5-GW230529_181500-combined_PEDataRelease.hdf5/content,https://doi.org/10.5281/zenodo.20275769,data/gwtc4p1/pe_hdf5/GW230529_181500/IGWN-GWTC4p1-18965dda8_5-GW230529_181500-combined_PEDataRelease.hdf5,downloaded,,
GWTC-4.1/O4a,pe_hdf5_with_skymap_if_available,GW230601_224134,,https://zenodo.org/api/records/20275769/files/IGWN-GWTC4p1-18965dda8_5-GW230601_224134-combined_PEDataRelease.hdf5/content,https://doi.org/10.5281/zenodo.20275769,data/gwtc4p1/pe_hdf5/GW230601_224134/IGWN-GWTC4p1-18965dda8_5-GW230601_224134-combined_PEDataRelease.hdf5,downloaded,,
GWTC-4.1/O4a,pe_hdf5_with_skymap_if_available,GW230605_065343,,https://zenodo.org/api/records/20275769/files/IGWN-GWTC4p1-18965dda8_5-GW230605_065343-combined_PEDataRelease.hdf5/content,https://doi.org/10.5281/zenodo.20275769,data/gwtc4p1/pe_hdf5/GW230605_065343/IGWN-GWTC4p1-18965dda8_5-GW230605_065343-combined_PEDataRelease.hdf5,downloaded,,
GWTC-4.1/O4a,pe_hdf5_with_skymap_if_available,GW230606_004305,,https://zenodo.org/api/records/20275769/files/IGWN-GWTC4p1-18965dda8_5-GW230606_004305-combined_PEDataRelease.hdf5/content,https://doi.org/10.5281/zenodo.20275769,data/gwtc4p1/pe_hdf5/GW230606_004305/IGWN-GWTC4p1-18965dda8_5-GW230606_004305-combined_PEDataRelease.hdf5,downloaded,,
GWTC-4.1/O4a,pe_hdf5_with_skymap_if_available,GW230608_205047,,https://zenodo.org/api/records/20275769/files/IGWN-GWTC4p1-18965dda8_5-GW230608_205047-combined_PEDataRelease.hdf5/content,https://doi.org/10.5281/zenodo.20275769,data/gwtc4p1/pe_hdf5/GW230608_205047/IGWN-GWTC4p1-18965dda8_5-GW230608_205047-combined_PEDataRelease.hdf5,downloaded,,
GWTC-4.1/O4a,pe_hdf5_with_skymap_if_available,GW230609_064958,,https://zenodo.org/api/records/20275769/files/IGWN-GWTC4p1-18965dda8_5-GW230609_064958-combined_PEDataRelease.hdf5/content,https://doi.org/10.5281/zenodo.20275769,data/gwtc4p1/pe_hdf5/GW230609_064958/IGWN-GWTC4p1-18965dda8_5-GW230609_064958-combined_PEDataRelease.hdf5,downloaded,,
GWTC-4.1/O4a,pe_hdf5_with_skymap_if_available,GW230624_113103,,https://zenodo.org/api/records/20275769/files/IGWN-GWTC4p1-18965dda8_5-GW230624_113103-combined_PEDataRelease.hdf5/content,https://doi.org/10.5281/zenodo.20275769,data/gwtc4p1/pe_hdf5/GW230624_113103/IGWN-GWTC4p1-18965dda8_5-GW230624_113103-combined_PEDataRelease.hdf5,downloaded,,
GWTC-4.1/O4a,pe_hdf5_with_skymap_if_available,GW230627_015337,,https://zenodo.org/api/records/20275769/files/IGWN-GWTC4p1-18965dda8_5-GW230627_015337-combined_PEDataRelease.hdf5/content,https://doi.org/10.5281/zenodo.20275769,data/gwtc4p1/pe_hdf5/GW230627_015337/IGWN-GWTC4p1-18965dda8_5-GW230627_015337-combined_PEDataRelease.hdf5,downloaded,,
GWTC-4.1/O4a,pe_hdf5_with_skymap_if_available,GW230628_231200,,https://zenodo.org/api/records/20275769/files/IGWN-GWTC4p1-18965dda8_5-GW230628_231200-combined_PEDataRelease.hdf5/content,https://doi.org/10.5281/zenodo.20275769,data/gwtc4p1/pe_hdf5/GW230628_231200/IGWN-GWTC4p1-18965dda8_5-GW230628_231200-combined_PEDataRelease.hdf5,downloaded,,
GWTC-4.1/O4a,pe_hdf5_with_skymap_if_available,GW230630_125806,,https://zenodo.org/api/records/20275769/files/IGWN-GWTC4p1-18965dda8_5-GW230630_125806-combined_PEDataRelease.hdf5/content,https://doi.org/10.5281/zenodo.20275769,data/gwtc4p1/pe_hdf5/GW230630_125806/IGWN-GWTC4p1-18965dda8_5-GW230630_125806-combined_PEDataRelease.hdf5,downloaded,,
GWTC-4.1/O4a,pe_hdf5_with_skymap_if_available,GW230630_234532,,https://zenodo.org/api/records/20275769/files/IGWN-GWTC4p1-18965dda8_5-GW230630_234532-combined_PEDataRelease.hdf5/content,https://doi.org/10.5281/zenodo.20275769,data/gwtc4p1/pe_hdf5/GW230630_234532/IGWN-GWTC4p1-18965dda8_5-GW230630_234532-combined_PEDataRelease.hdf5,downloaded,,
GWTC-4.1/O4a,pe_hdf5_with_skymap_if_available,GW230702_185453,,https://zenodo.org/api/records/20275769/files/IGWN-GWTC4p1-18965dda8_5-GW230702_185453-combined_PEDataRelease.hdf5/content,https://doi.org/10.5281/zenodo.20275769,data/gwtc4p1/pe_hdf5/GW230702_185453/IGWN-GWTC4p1-18965dda8_5-GW230702_185453-combined_PEDataRelease.hdf5,downloaded,,
GWTC-4.1/O4a,pe_hdf5_with_skymap_if_available,GW230704_021211,,https://zenodo.org/api/records/20275769/files/IGWN-GWTC4p1-18965dda8_5-GW230704_021211-combined_PEDataRelease.hdf5/content,https://doi.org/10.5281/zenodo.20275769,data/gwtc4p1/pe_hdf5/GW230704_021211/IGWN-GWTC4p1-18965dda8_5-GW230704_021211-combined_PEDataRelease.hdf5,downloaded,,
GWTC-4.1/O4a,pe_hdf5_with_skymap_if_available,GW230704_212616,,https://zenodo.org/api/records/20275769/files/IGWN-GWTC4p1-18965dda8_5-GW230704_212616-combined_PEDataRelease.hdf5/content,https://doi.org/10.5281/zenodo.20275769,data/gwtc4p1/pe_hdf5/GW230704_212616/IGWN-GWTC4p1-18965dda8_5-GW230704_212616-combined_PEDataRelease.hdf5,downloaded,,
GWTC-4.1/O4a,pe_hdf5_with_skymap_if_available,GW230706_104333,,https://zenodo.org/api/records/20275769/files/IGWN-GWTC4p1-18965dda8_5-GW230706_104333-combined_PEDataRelease.hdf5/content,https://doi.org/10.5281/zenodo.20275769,data/gwtc4p1/pe_hdf5/GW230706_104333/IGWN-GWTC4p1-18965dda8_5-GW230706_104333-combined_PEDataRelease.hdf5,downloaded,,
GWTC-4.1/O4a,pe_hdf5_with_skymap_if_available,GW230707_124047,,https://zenodo.org/api/records/20275769/files/IGWN-GWTC4p1-18965dda8_5-GW230707_124047-combined_PEDataRelease.hdf5/content,https://doi.org/10.5281/zenodo.20275769,data/gwtc4p1/pe_hdf5/GW230707_124047/IGWN-GWTC4p1-18965dda8_5-GW230707_124047-combined_PEDataRelease.hdf5,downloaded,,
GWTC-4.1/O4a,pe_hdf5_with_skymap_if_available,GW230708_053705,,https://zenodo.org/api/records/20275769/files/IGWN-GWTC4p1-18965dda8_5-GW230708_053705-combined_PEDataRelease.hdf5/content,https://doi.org/10.5281/zenodo.20275769,data/gwtc4p1/pe_hdf5/GW230708_053705/IGWN-GWTC4p1-18965dda8_5-GW230708_053705-combined_PEDataRelease.hdf5,downloaded,,
GWTC-4.1/O4a,pe_hdf5_with_skymap_if_available,GW230708_230935,,https://zenodo.org/api/records/20275769/files/IGWN-GWTC4p1-18965dda8_5-GW230708_230935-combined_PEDataRelease.hdf5/content,https://doi.org/10.5281/zenodo.20275769,data/gwtc4p1/pe_hdf5/GW230708_230935/IGWN-GWTC4p1-18965dda8_5-GW230708_230935-combined_PEDataRelease.hdf5,downloaded,,
GWTC-4.1/O4a,pe_hdf5_with_skymap_if_available,GW230709_122727,,https://zenodo.org/api/records/20275769/files/IGWN-GWTC4p1-18965dda8_5-GW230709_122727-combined_PEDataRelease.hdf5/content,https://doi.org/10.5281/zenodo.20275769,data/gwtc4p1/pe_hdf5/GW230709_122727/IGWN-GWTC4p1-18965dda8_5-GW230709_122727-combined_PEDataRelease.hdf5,downloaded,,
GWTC-4.1/O4a,pe_hdf5_with_skymap_if_available,GW230712_090405,,https://zenodo.org/api/records/20275769/files/IGWN-GWTC4p1-18965dda8_5-GW230712_090405-combined_PEDataRelease.hdf5/content,https://doi.org/10.5281/zenodo.20275769,data/gwtc4p1/pe_hdf5/GW230712_090405/IGWN-GWTC4p1-18965dda8_5-GW230712_090405-combined_PEDataRelease.hdf5,downloaded,,
GWTC-4.1/O4a,pe_hdf5_with_skymap_if_available,GW230723_101834,,https://zenodo.org/api/records/20275769/files/IGWN-GWTC4p1-18965dda8_5-GW230723_101834-combined_PEDataRelease.hdf5/content,https://doi.org/10.5281/zenodo.20275769,data/gwtc4p1/pe_hdf5/GW230723_101834/IGWN-GWTC4p1-18965dda8_5-GW230723_101834-combined_PEDataRelease.hdf5,downloaded,,
GWTC-4.1/O4a,pe_hdf5_with_skymap_if_available,GW230726_002940,,https://zenodo.org/api/records/20275769/files/IGWN-GWTC4p1-18965dda8_5-GW230726_002940-combined_PEDataRelease.hdf5/content,https://doi.org/10.5281/zenodo.20275769,data/gwtc4p1/pe_hdf5/GW230726_002940/IGWN-GWTC4p1-18965dda8_5-GW230726_002940-combined_PEDataRelease.hdf5,downloaded,,
GWTC-4.1/O4a,pe_hdf5_with_skymap_if_available,GW230729_082317,,https://zenodo.org/api/records/20275769/files/IGWN-GWTC4p1-18965dda8_5-GW230729_082317-combined_PEDataRelease.hdf5/content,https://doi.org/10.5281/zenodo.20275769,data/gwtc4p1/pe_hdf5/GW230729_082317/IGWN-GWTC4p1-18965dda8_5-GW230729_082317-combined_PEDataRelease.hdf5,downloaded,,
GWTC-4.1/O4a,pe_hdf5_with_skymap_if_available,GW230731_215307,,https://zenodo.org/api/records/20275769/files/IGWN-GWTC4p1-18965dda8_5-GW230731_215307-combined_PEDataRelease.hdf5/content,https://doi.org/10.5281/zenodo.20275769,data/gwtc4p1/pe_hdf5/GW230731_215307/IGWN-GWTC4p1-18965dda8_5-GW230731_215307-combined_PEDataRelease.hdf5,downloaded,,
GWTC-4.1/O4a,pe_hdf5_with_skymap_if_available,GW230803_033412,,https://zenodo.org/api/records/20275769/files/IGWN-GWTC4p1-18965dda8_5-GW230803_033412-combined_PEDataRelease.hdf5/content,https://doi.org/10.5281/zenodo.20275769,data/gwtc4p1/pe_hdf5/GW230803_033412/IGWN-GWTC4p1-18965dda8_5-GW230803_033412-combined_PEDataRelease.hdf5,downloaded,,
GWTC-4.1/O4a,pe_hdf5_with_skymap_if_available,GW230805_034249,,https://zenodo.org/api/records/20275769/files/IGWN-GWTC4p1-18965dda8_5-GW230805_034249-combined_PEDataRelease.hdf5/content,https://doi.org/10.5281/zenodo.20275769,data/gwtc4p1/pe_hdf5/GW230805_034249/IGWN-GWTC4p1-18965dda8_5-GW230805_034249-combined_PEDataRelease.hdf5,downloaded,,
GWTC-4.1/O4a,pe_hdf5_with_skymap_if_available,GW230806_204041,,https://zenodo.org/api/records/20275769/files/IGWN-GWTC4p1-18965dda8_5-GW230806_204041-combined_PEDataRelease.hdf5/content,https://doi.org/10.5281/zenodo.20275769,data/gwtc4p1/pe_hdf5/GW230806_204041/IGWN-GWTC4p1-18965dda8_5-GW230806_204041-combined_PEDataRelease.hdf5,downloaded,,
GWTC-4.1/O4a,pe_hdf5_with_skymap_if_available,GW230811_032116,,https://zenodo.org/api/records/20275769/files/IGWN-GWTC4p1-18965dda8_5-GW230811_032116-combined_PEDataRelease.hdf5/content,https://doi.org/10.5281/zenodo.20275769,data/gwtc4p1/pe_hdf5/GW230811_032116/IGWN-GWTC4p1-18965dda8_5-GW230811_032116-combined_PEDataRelease.hdf5,downloaded,,
GWTC-4.1/O4a,pe_hdf5_with_skymap_if_available,GW230814_061920,,https://zenodo.org/api/records/20275769/files/IGWN-GWTC4p1-18965dda8_5-GW230814_061920-combined_PEDataRelease.hdf5/content,https://doi.org/10.5281/zenodo.20275769,data/gwtc4p1/pe_hdf5/GW230814_061920/IGWN-GWTC4p1-18965dda8_5-GW230814_061920-combined_PEDataRelease.hdf5,downloaded,,
GWTC-4.1/O4a,pe_hdf5_with_skymap_if_available,GW230814_230901,,https://zenodo.org/api/records/20275769/files/IGWN-GWTC4p1-18965dda8_5-GW230814_230901-combined_PEDataRelease.hdf5/content,https://doi.org/10.5281/zenodo.20275769,data/gwtc4p1/pe_hdf5/GW230814_230901/IGWN-GWTC4p1-18965dda8_5-GW230814_230901-combined_PEDataRelease.hdf5,downloaded,,
GWTC-4.1/O4a,pe_hdf5_with_skymap_if_available,GW230819_171910,,https://zenodo.org/api/records/20275769/files/IGWN-GWTC4p1-18965dda8_5-GW230819_171910-combined_PEDataRelease.hdf5/content,https://doi.org/10.5281/zenodo.20275769,data/gwtc4p1/pe_hdf5/GW230819_171910/IGWN-GWTC4p1-18965dda8_5-GW230819_171910-combined_PEDataRelease.hdf5,downloaded,,
GWTC-4.1/O4a,pe_hdf5_with_skymap_if_available,GW230820_212515,,https://zenodo.org/api/records/20275769/files/IGWN-GWTC4p1-18965dda8_5-GW230820_212515-combined_PEDataRelease.hdf5/content,https://doi.org/10.5281/zenodo.20275769,data/gwtc4p1/pe_hdf5/GW230820_212515/IGWN-GWTC4p1-18965dda8_5-GW230820_212515-combined_PEDataRelease.hdf5,downloaded,,
GWTC-4.1/O4a,pe_hdf5_with_skymap_if_available,GW230824_033047,,https://zenodo.org/api/records/20275769/files/IGWN-GWTC4p1-18965dda8_5-GW230824_033047-combined_PEDataRelease.hdf5/content,https://doi.org/10.5281/zenodo.20275769,data/gwtc4p1/pe_hdf5/GW230824_033047/IGWN-GWTC4p1-18965dda8_5-GW230824_033047-combined_PEDataRelease.hdf5,downloaded,,
GWTC-4.1/O4a,pe_hdf5_with_skymap_if_available,GW230825_041334,,https://zenodo.org/api/records/20275769/files/IGWN-GWTC4p1-18965dda8_5-GW230825_041334-combined_PEDataRelease.hdf5/content,https://doi.org/10.5281/zenodo.20275769,data/gwtc4p1/pe_hdf5/GW230825_041334/IGWN-GWTC4p1-18965dda8_5-GW230825_041334-combined_PEDataRelease.hdf5,downloaded,,
GWTC-4.1/O4a,pe_hdf5_with_skymap_if_available,GW230831_015414,,https://zenodo.org/api/records/20275769/files/IGWN-GWTC4p1-18965dda8_5-GW230831_015414-combined_PEDataRelease.hdf5/content,https://doi.org/10.5281/zenodo.20275769,data/gwtc4p1/pe_hdf5/GW230831_015414/IGWN-GWTC4p1-18965dda8_5-GW230831_015414-combined_PEDataRelease.hdf5,downloaded,,
GWTC-4.1/O4a,pe_hdf5_with_skymap_if_available,GW230904_051013,,https://zenodo.org/api/records/20275769/files/IGWN-GWTC4p1-18965dda8_5-GW230904_051013-combined_PEDataRelease.hdf5/content,https://doi.org/10.5281/zenodo.20275769,data/gwtc4p1/pe_hdf5/GW230904_051013/IGWN-GWTC4p1-18965dda8_5-GW230904_051013-combined_PEDataRelease.hdf5,downloaded,,
GWTC-4.1/O4a,pe_hdf5_with_skymap_if_available,GW230911_195324,,https://zenodo.org/api/records/20275769/files/IGWN-GWTC4p1-18965dda8_5-GW230911_195324-combined_PEDataRelease.hdf5/content,https://doi.org/10.5281/zenodo.20275769,data/gwtc4p1/pe_hdf5/GW230911_195324/IGWN-GWTC4p1-18965dda8_5-GW230911_195324-combined_PEDataRelease.hdf5,downloaded,,
GWTC-4.1/O4a,pe_hdf5_with_skymap_if_available,GW230914_111401,,https://zenodo.org/api/records/20275769/files/IGWN-GWTC4p1-18965dda8_5-GW230914_111401-combined_PEDataRelease.hdf5/content,https://doi.org/10.5281/zenodo.20275769,data/gwtc4p1/pe_hdf5/GW230914_111401/IGWN-GWTC4p1-18965dda8_5-GW230914_111401-combined_PEDataRelease.hdf5,downloaded,,
GWTC-4.1/O4a,pe_hdf5_with_skymap_if_available,GW230919_215712,,https://zenodo.org/api/records/20275769/files/IGWN-GWTC4p1-18965dda8_5-GW230919_215712-combined_PEDataRelease.hdf5/content,https://doi.org/10.5281/zenodo.20275769,data/gwtc4p1/pe_hdf5/GW230919_215712/IGWN-GWTC4p1-18965dda8_5-GW230919_215712-combined_PEDataRelease.hdf5,downloaded,,
GWTC-4.1/O4a,pe_hdf5_with_skymap_if_available,GW230920_071124,,https://zenodo.org/api/records/20275769/files/IGWN-GWTC4p1-18965dda8_5-GW230920_071124-combined_PEDataRelease.hdf5/content,https://doi.org/10.5281/zenodo.20275769,data/gwtc4p1/pe_hdf5/GW230920_071124/IGWN-GWTC4p1-18965dda8_5-GW230920_071124-combined_PEDataRelease.hdf5,downloaded,,
GWTC-4.1/O4a,pe_hdf5_with_skymap_if_available,GW230922_020344,,https://zenodo.org/api/records/20275769/files/IGWN-GWTC4p1-18965dda8_5-GW230922_020344-combined_PEDataRelease.hdf5/content,https://doi.org/10.5281/zenodo.20275769,data/gwtc4p1/pe_hdf5/GW230922_020344/IGWN-GWTC4p1-18965dda8_5-GW230922_020344-combined_PEDataRelease.hdf5,downloaded,,
GWTC-4.1/O4a,pe_hdf5_with_skymap_if_available,GW230922_040658,,https://zenodo.org/api/records/20275769/files/IGWN-GWTC4p1-18965dda8_5-GW230922_040658-combined_PEDataRelease.hdf5/content,https://doi.org/10.5281/zenodo.20275769,data/gwtc4p1/pe_hdf5/GW230922_040658/IGWN-GWTC4p1-18965dda8_5-GW230922_040658-combined_PEDataRelease.hdf5,downloaded,,
GWTC-4.1/O4a,pe_hdf5_with_skymap_if_available,GW230924_124453,,https://zenodo.org/api/records/20275769/files/IGWN-GWTC4p1-18965dda8_5-GW230924_124453-combined_PEDataRelease.hdf5/content,https://doi.org/10.5281/zenodo.20275769,data/gwtc4p1/pe_hdf5/GW230924_124453/IGWN-GWTC4p1-18965dda8_5-GW230924_124453-combined_PEDataRelease.hdf5,downloaded,,
GWTC-4.1/O4a,pe_hdf5_with_skymap_if_available,GW230927_043729,,https://zenodo.org/api/records/20275769/files/IGWN-GWTC4p1-18965dda8_5-GW230927_043729-combined_PEDataRelease.hdf5/content,https://doi.org/10.5281/zenodo.20275769,data/gwtc4p1/pe_hdf5/GW230927_043729/IGWN-GWTC4p1-18965dda8_5-GW230927_043729-combined_PEDataRelease.hdf5,downloaded,,
GWTC-4.1/O4a,pe_hdf5_with_skymap_if_available,GW230927_153832,,https://zenodo.org/api/records/20275769/files/IGWN-GWTC4p1-18965dda8_5-GW230927_153832-combined_PEDataRelease.hdf5/content,https://doi.org/10.5281/zenodo.20275769,data/gwtc4p1/pe_hdf5/GW230927_153832/IGWN-GWTC4p1-18965dda8_5-GW230927_153832-combined_PEDataRelease.hdf5,downloaded,,
GWTC-4.1/O4a,pe_hdf5_with_skymap_if_available,GW230928_215827,,https://zenodo.org/api/records/20275769/files/IGWN-GWTC4p1-18965dda8_5-GW230928_215827-combined_PEDataRelease.hdf5/content,https://doi.org/10.5281/zenodo.20275769,data/gwtc4p1/pe_hdf5/GW230928_215827/IGWN-GWTC4p1-18965dda8_5-GW230928_215827-combined_PEDataRelease.hdf5,downloaded,,
GWTC-4.1/O4a,pe_hdf5_with_skymap_if_available,GW230930_110730,,https://zenodo.org/api/records/20275769/files/IGWN-GWTC4p1-18965dda8_5-GW230930_110730-combined_PEDataRelease.hdf5/content,https://doi.org/10.5281/zenodo.20275769,data/gwtc4p1/pe_hdf5/GW230930_110730/IGWN-GWTC4p1-18965dda8_5-GW230930_110730-combined_PEDataRelease.hdf5,downloaded,,
GWTC-4.1/O4a,pe_hdf5_with_skymap_if_available,GW231001_140220,,https://zenodo.org/api/records/20275769/files/IGWN-GWTC4p1-18965dda8_5-GW231001_140220-combined_PEDataRelease.hdf5/content,https://doi.org/10.5281/zenodo.20275769,data/gwtc4p1/pe_hdf5/GW231001_140220/IGWN-GWTC4p1-18965dda8_5-GW231001_140220-combined_PEDataRelease.hdf5,downloaded,,
GWTC-4.1/O4a,pe_hdf5_with_skymap_if_available,GW231004_232346,,https://zenodo.org/api/records/20275769/files/IGWN-GWTC4p1-18965dda8_5-GW231004_232346-combined_PEDataRelease.hdf5/content,https://doi.org/10.5281/zenodo.20275769,data/gwtc4p1/pe_hdf5/GW231004_232346/IGWN-GWTC4p1-18965dda8_5-GW231004_232346-combined_PEDataRelease.hdf5,downloaded,,
GWTC-4.1/O4a,pe_hdf5_with_skymap_if_available,GW231005_021030,,https://zenodo.org/api/records/20275769/files/IGWN-GWTC4p1-18965dda8_5-GW231005_021030-combined_PEDataRelease.hdf5/content,https://doi.org/10.5281/zenodo.20275769,data/gwtc4p1/pe_hdf5/GW231005_021030/IGWN-GWTC4p1-18965dda8_5-GW231005_021030-combined_PEDataRelease.hdf5,downloaded,,
GWTC-4.1/O4a,pe_hdf5_with_skymap_if_available,GW231005_091549,,https://zenodo.org/api/records/20275769/files/IGWN-GWTC4p1-18965dda8_5-GW231005_091549-combined_PEDataRelease.hdf5/content,https://doi.org/10.5281/zenodo.20275769,data/gwtc4p1/pe_hdf5/GW231005_091549/IGWN-GWTC4p1-18965dda8_5-GW231005_091549-combined_PEDataRelease.hdf5,downloaded,,
GWTC-4.1/O4a,pe_hdf5_with_skymap_if_available,GW231008_142521,,https://zenodo.org/api/records/20275769/files/IGWN-GWTC4p1-18965dda8_5-GW231008_142521-combined_PEDataRelease.hdf5/content,https://doi.org/10.5281/zenodo.20275769,data/gwtc4p1/pe_hdf5/GW231008_142521/IGWN-GWTC4p1-18965dda8_5-GW231008_142521-combined_PEDataRelease.hdf5,downloaded,,
GWTC-4.1/O4a,pe_hdf5_with_skymap_if_available,GW231014_040532,,https://zenodo.org/api/records/20275769/files/IGWN-GWTC4p1-18965dda8_5-GW231014_040532-combined_PEDataRelease.hdf5/content,https://doi.org/10.5281/zenodo.20275769,data/gwtc4p1/pe_hdf5/GW231014_040532/IGWN-GWTC4p1-18965dda8_5-GW231014_040532-combined_PEDataRelease.hdf5,downloaded,,
GWTC-4.1/O4a,pe_hdf5_with_skymap_if_available,GW231018_233037,,https://zenodo.org/api/records/20275769/files/IGWN-GWTC4p1-18965dda8_5-GW231018_233037-combined_PEDataRelease.hdf5/content,https://doi.org/10.5281/zenodo.20275769,data/gwtc4p1/pe_hdf5/GW231018_233037/IGWN-GWTC4p1-18965dda8_5-GW231018_233037-combined_PEDataRelease.hdf5,downloaded,,
GWTC-4.1/O4a,pe_hdf5_with_skymap_if_available,GW231020_142947,,https://zenodo.org/api/records/20275769/files/IGWN-GWTC4p1-18965dda8_5-GW231020_142947-combined_PEDataRelease.hdf5/content,https://doi.org/10.5281/zenodo.20275769,data/gwtc4p1/pe_hdf5/GW231020_142947/IGWN-GWTC4p1-18965dda8_5-GW231020_142947-combined_PEDataRelease.hdf5,downloaded,,
GWTC-4.1/O4a,pe_hdf5_with_skymap_if_available,GW231026_130704,,https://zenodo.org/api/records/20275769/files/IGWN-GWTC4p1-18965dda8_5-GW231026_130704-combined_PEDataRelease.hdf5/content,https://doi.org/10.5281/zenodo.20275769,data/gwtc4p1/pe_hdf5/GW231026_130704/IGWN-GWTC4p1-18965dda8_5-GW231026_130704-combined_PEDataRelease.hdf5,downloaded,,
GWTC-4.1/O4a,pe_hdf5_with_skymap_if_available,GW231028_153006,,https://zenodo.org/api/records/20275769/files/IGWN-GWTC4p1-18965dda8_5-GW231028_153006-combined_PEDataRelease.hdf5/content,https://doi.org/10.5281/zenodo.20275769,data/gwtc4p1/pe_hdf5/GW231028_153006/IGWN-GWTC4p1-18965dda8_5-GW231028_153006-combined_PEDataRelease.hdf5,downloaded,,
GWTC-4.1/O4a,pe_hdf5_with_skymap_if_available,GW231029_111508,,https://zenodo.org/api/records/20275769/files/IGWN-GWTC4p1-18965dda8_5-GW231029_111508-combined_PEDataRelease.hdf5/content,https://doi.org/10.5281/zenodo.20275769,data/gwtc4p1/pe_hdf5/GW231029_111508/IGWN-GWTC4p1-18965dda8_5-GW231029_111508-combined_PEDataRelease.hdf5,downloaded,,
GWTC-4.1/O4a,pe_hdf5_with_skymap_if_available,GW231102_071736,,https://zenodo.org/api/records/20275769/files/IGWN-GWTC4p1-18965dda8_5-GW231102_071736-combined_PEDataRelease.hdf5/content,https://doi.org/10.5281/zenodo.20275769,data/gwtc4p1/pe_hdf5/GW231102_071736/IGWN-GWTC4p1-18965dda8_5-GW231102_071736-combined_PEDataRelease.hdf5,downloaded,,
GWTC-4.1/O4a,pe_hdf5_with_skymap_if_available,GW231104_133418,,https://zenodo.org/api/records/20275769/files/IGWN-GWTC4p1-18965dda8_5-GW231104_133418-combined_PEDataRelease.hdf5/content,https://doi.org/10.5281/zenodo.20275769,data/gwtc4p1/pe_hdf5/GW231104_133418/IGWN-GWTC4p1-18965dda8_5-GW231104_133418-combined_PEDataRelease.hdf5,downloaded,,
GWTC-4.1/O4a,pe_hdf5_with_skymap_if_available,GW231108_125142,,https://zenodo.org/api/records/20275769/files/IGWN-GWTC4p1-18965dda8_5-GW231108_125142-combined_PEDataRelease.hdf5/content,https://doi.org/10.5281/zenodo.20275769,data/gwtc4p1/pe_hdf5/GW231108_125142/IGWN-GWTC4p1-18965dda8_5-GW231108_125142-combined_PEDataRelease.hdf5,downloaded,,
GWTC-4.1/O4a,pe_hdf5_with_skymap_if_available,GW231110_040320,,https://zenodo.org/api/records/20275769/files/IGWN-GWTC4p1-18965dda8_5-GW231110_040320-combined_PEDataRelease.hdf5/content,https://doi.org/10.5281/zenodo.20275769,data/gwtc4p1/pe_hdf5/GW231110_040320/IGWN-GWTC4p1-18965dda8_5-GW231110_040320-combined_PEDataRelease.hdf5,downloaded,,
GWTC-4.1/O4a,pe_hdf5_with_skymap_if_available,GW231113_122623,,https://zenodo.org/api/records/20275769/files/IGWN-GWTC4p1-18965dda8_5-GW231113_122623-combined_PEDataRelease.hdf5/content,https://doi.org/10.5281/zenodo.20275769,data/gwtc4p1/pe_hdf5/GW231113_122623/IGWN-GWTC4p1-18965dda8_5-GW231113_122623-combined_PEDataRelease.hdf5,downloaded,,
GWTC-4.1/O4a,pe_hdf5_with_skymap_if_available,GW231113_150041,,https://zenodo.org/api/records/20275769/files/IGWN-GWTC4p1-18965dda8_5-GW231113_150041-combined_PEDataRelease.hdf5/content,https://doi.org/10.5281/zenodo.20275769,data/gwtc4p1/pe_hdf5/GW231113_150041/IGWN-GWTC4p1-18965dda8_5-GW231113_150041-combined_PEDataRelease.hdf5,downloaded,,
GWTC-4.1/O4a,pe_hdf5_with_skymap_if_available,GW231113_200417,,https://zenodo.org/api/records/20275769/files/IGWN-GWTC4p1-18965dda8_5-GW231113_200417-combined_PEDataRelease.hdf5/content,https://doi.org/10.5281/zenodo.20275769,data/gwtc4p1/pe_hdf5/GW231113_200417/IGWN-GWTC4p1-18965dda8_5-GW231113_200417-combined_PEDataRelease.hdf5,downloaded,,
GWTC-4.1/O4a,pe_hdf5_with_skymap_if_available,GW231114_043211,,https://zenodo.org/api/records/20275769/files/IGWN-GWTC4p1-18965dda8_5-GW231114_043211-combined_PEDataRelease.hdf5/content,https://doi.org/10.5281/zenodo.20275769,data/gwtc4p1/pe_hdf5/GW231114_043211/IGWN-GWTC4p1-18965dda8_5-GW231114_043211-combined_PEDataRelease.hdf5,downloaded,,
GWTC-4.1/O4a,pe_hdf5_with_skymap_if_available,GW231118_005626,,https://zenodo.org/api/records/20275769/files/IGWN-GWTC4p1-18965dda8_5-GW231118_005626-combined_PEDataRelease.hdf5/content,https://doi.org/10.5281/zenodo.20275769,data/gwtc4p1/pe_hdf5/GW231118_005626/IGWN-GWTC4p1-18965dda8_5-GW231118_005626-combined_PEDataRelease.hdf5,downloaded,,
GWTC-4.1/O4a,pe_hdf5_with_skymap_if_available,GW231118_071402,,https://zenodo.org/api/records/20275769/files/IGWN-GWTC4p1-18965dda8_5-GW231118_071402-combined_PEDataRelease.hdf5/content,https://doi.org/10.5281/zenodo.20275769,data/gwtc4p1/pe_hdf5/GW231118_071402/IGWN-GWTC4p1-18965dda8_5-GW231118_071402-combined_PEDataRelease.hdf5,downloaded,,
GWTC-4.1/O4a,pe_hdf5_with_skymap_if_available,GW231118_090602,,https://zenodo.org/api/records/20275769/files/IGWN-GWTC4p1-18965dda8_5-GW231118_090602-combined_PEDataRelease.hdf5/content,https://doi.org/10.5281/zenodo.20275769,data/gwtc4p1/pe_hdf5/GW231118_090602/IGWN-GWTC4p1-18965dda8_5-GW231118_090602-combined_PEDataRelease.hdf5,downloaded,,
GWTC-4.1/O4a,pe_hdf5_with_skymap_if_available,GW231119_075248,,https://zenodo.org/api/records/20275769/files/IGWN-GWTC4p1-18965dda8_5-GW231119_075248-combined_PEDataRelease.hdf5/content,https://doi.org/10.5281/zenodo.20275769,data/gwtc4p1/pe_hdf5/GW231119_075248/IGWN-GWTC4p1-18965dda8_5-GW231119_075248-combined_PEDataRelease.hdf5,downloaded,,
GWTC-4.1/O4a,pe_hdf5_with_skymap_if_available,GW231123_135430,,https://zenodo.org/api/records/20275769/files/IGWN-GWTC4p1-18965dda8_5-GW231123_135430-combined_PEDataRelease.hdf5/content,https://doi.org/10.5281/zenodo.20275769,data/gwtc4p1/pe_hdf5/GW231123_135430/IGWN-GWTC4p1-18965dda8_5-GW231123_135430-combined_PEDataRelease.hdf5,downloaded,,
GWTC-4.1/O4a,pe_hdf5_with_skymap_if_available,GW231127_165300,,https://zenodo.org/api/records/20275769/files/IGWN-GWTC4p1-18965dda8_5-GW231127_165300-combined_PEDataRelease.hdf5/content,https://doi.org/10.5281/zenodo.20275769,data/gwtc4p1/pe_hdf5/GW231127_165300/IGWN-GWTC4p1-18965dda8_5-GW231127_165300-combined_PEDataRelease.hdf5,downloaded,,
GWTC-4.1/O4a,pe_hdf5_with_skymap_if_available,GW231129_081745,,https://zenodo.org/api/records/20275769/files/IGWN-GWTC4p1-18965dda8_5-GW231129_081745-combined_PEDataRelease.hdf5/content,https://doi.org/10.5281/zenodo.20275769,data/gwtc4p1/pe_hdf5/GW231129_081745/IGWN-GWTC4p1-18965dda8_5-GW231129_081745-combined_PEDataRelease.hdf5,downloaded,,
GWTC-4.1/O4a,pe_hdf5_with_skymap_if_available,GW231206_233134,,https://zenodo.org/api/records/20275769/files/IGWN-GWTC4p1-18965dda8_5-GW231206_233134-combined_PEDataRelease.hdf5/content,https://doi.org/10.5281/zenodo.20275769,data/gwtc4p1/pe_hdf5/GW231206_233134/IGWN-GWTC4p1-18965dda8_5-GW231206_233134-combined_PEDataRelease.hdf5,downloaded,,
GWTC-4.1/O4a,pe_hdf5_with_skymap_if_available,GW231206_233901,,https://zenodo.org/api/records/20275769/files/IGWN-GWTC4p1-18965dda8_5-GW231206_233901-combined_PEDataRelease.hdf5/content,https://doi.org/10.5281/zenodo.20275769,data/gwtc4p1/pe_hdf5/GW231206_233901/IGWN-GWTC4p1-18965dda8_5-GW231206_233901-combined_PEDataRelease.hdf5,downloaded,,
GWTC-4.1/O4a,pe_hdf5_with_skymap_if_available,GW231213_111417,,https://zenodo.org/api/records/20275769/files/IGWN-GWTC4p1-18965dda8_5-GW231213_111417-combined_PEDataRelease.hdf5/content,https://doi.org/10.5281/zenodo.20275769,data/gwtc4p1/pe_hdf5/GW231213_111417/IGWN-GWTC4p1-18965dda8_5-GW231213_111417-combined_PEDataRelease.hdf5,downloaded,,
GWTC-4.1/O4a,pe_hdf5_with_skymap_if_available,GW231221_135041,,https://zenodo.org/api/records/20275769/files/IGWN-GWTC4p1-18965dda8_5-GW231221_135041-combined_PEDataRelease.hdf5/content,https://doi.org/10.5281/zenodo.20275769,data/gwtc4p1/pe_hdf5/GW231221_135041/IGWN-GWTC4p1-18965dda8_5-GW231221_135041-combined_PEDataRelease.hdf5,downloaded,,
GWTC-4.1/O4a,pe_hdf5_with_skymap_if_available,GW231223_032836,,https://zenodo.org/api/records/20275769/files/IGWN-GWTC4p1-18965dda8_5-GW231223_032836-combined_PEDataRelease.hdf5/content,https://doi.org/10.5281/zenodo.20275769,data/gwtc4p1/pe_hdf5/GW231223_032836/IGWN-GWTC4p1-18965dda8_5-GW231223_032836-combined_PEDataRelease.hdf5,downloaded,,
GWTC-4.1/O4a,pe_hdf5_with_skymap_if_available,GW231223_075055,,https://zenodo.org/api/records/20275769/files/IGWN-GWTC4p1-18965dda8_5-GW231223_075055-combined_PEDataRelease.hdf5/content,https://doi.org/10.5281/zenodo.20275769,data/gwtc4p1/pe_hdf5/GW231223_075055/IGWN-GWTC4p1-18965dda8_5-GW231223_075055-combined_PEDataRelease.hdf5,downloaded,,
GWTC-4.1/O4a,pe_hdf5_with_skymap_if_available,GW231223_202619,,https://zenodo.org/api/records/20275769/files/IGWN-GWTC4p1-18965dda8_5-GW231223_202619-combined_PEDataRelease.hdf5/content,https://doi.org/10.5281/zenodo.20275769,data/gwtc4p1/pe_hdf5/GW231223_202619/IGWN-GWTC4p1-18965dda8_5-GW231223_202619-combined_PEDataRelease.hdf5,downloaded,,
GWTC-4.1/O4a,pe_hdf5_with_skymap_if_available,GW231224_024321,,https://zenodo.org/api/records/20275769/files/IGWN-GWTC4p1-18965dda8_5-GW231224_024321-combined_PEDataRelease.hdf5/content,https://doi.org/10.5281/zenodo.20275769,data/gwtc4p1/pe_hdf5/GW231224_024321/IGWN-GWTC4p1-18965dda8_5-GW231224_024321-combined_PEDataRelease.hdf5,downloaded,,
GWTC-4.1/O4a,pe_hdf5_with_skymap_if_available,GW231226_101520,,https://zenodo.org/api/records/20275769/files/IGWN-GWTC4p1-18965dda8_5-GW231226_101520-combined_PEDataRelease.hdf5/content,https://doi.org/10.5281/zenodo.20275769,data/gwtc4p1/pe_hdf5/GW231226_101520/IGWN-GWTC4p1-18965dda8_5-GW231226_101520-combined_PEDataRelease.hdf5,downloaded,,
GWTC-4.1/O4a,pe_hdf5_with_skymap_if_available,GW231230_170116,,https://zenodo.org/api/records/20275769/files/IGWN-GWTC4p1-18965dda8_5-GW231230_170116-combined_PEDataRelease.hdf5/content,https://doi.org/10.5281/zenodo.20275769,data/gwtc4p1/pe_hdf5/GW231230_170116/IGWN-GWTC4p1-18965dda8_5-GW231230_170116-combined_PEDataRelease.hdf5,downloaded,,
GWTC-4.1/O4a,pe_hdf5_with_skymap_if_available,GW231231_154016,,https://zenodo.org/api/records/20275769/files/IGWN-GWTC4p1-18965dda8_5-GW231231_154016-combined_PEDataRelease.hdf5/content,https://doi.org/10.5281/zenodo.20275769,data/gwtc4p1/pe_hdf5/GW231231_154016/IGWN-GWTC4p1-18965dda8_5-GW231231_154016-combined_PEDataRelease.hdf5,downloaded,,
GWTC-4.1/O4a,pe_hdf5_with_skymap_if_available,GW240104_164932,,https://zenodo.org/api/records/20275769/files/IGWN-GWTC4p1-18965dda8_5-GW240104_164932-combined_PEDataRelease.hdf5/content,https://doi.org/10.5281/zenodo.20275769,data/gwtc4p1/pe_hdf5/GW240104_164932/IGWN-GWTC4p1-18965dda8_5-GW240104_164932-combined_PEDataRelease.hdf5,downloaded,,
GWTC-4.1/O4a,pe_hdf5_with_skymap_if_available,GW240107_013215,,https://zenodo.org/api/records/20275769/files/IGWN-GWTC4p1-18965dda8_5-GW240107_013215-combined_PEDataRelease.hdf5/content,https://doi.org/10.5281/zenodo.20275769,data/gwtc4p1/pe_hdf5/GW240107_013215/IGWN-GWTC4p1-18965dda8_5-GW240107_013215-combined_PEDataRelease.hdf5,downloaded,,
GWTC-4.1/O4a,pe_hdf5_with_skymap_if_available,GW240109_050431,,https://zenodo.org/api/records/20275769/files/IGWN-GWTC4p1-18965dda8_5-GW240109_050431-combined_PEDataRelease.hdf5/content,https://doi.org/10.5281/zenodo.20275769,data/gwtc4p1/pe_hdf5/GW240109_050431/IGWN-GWTC4p1-18965dda8_5-GW240109_050431-combined_PEDataRelease.hdf5,downloaded,,
