precision,recall,threshold
7.408230544134534e-05,1.0,-5.237630844116211
0.01570581952966306,1.0,4.890731334686279
0.01570066645376444,0.9996666666666667,4.890749931335449
0.029452202777286746,0.9996666666666667,5.500426292419434
0.0294426712496931,0.9993333333333333,5.500454425811768
0.08284056369162753,0.9993333333333333,6.717350959777832
0.08281522009450386,0.999,6.7174530029296875
0.08936665076335878,0.999,6.822783946990967
0.08933949604890414,0.9986666666666667,6.8228535652160645
0.0921279212792128,0.9986666666666667,6.862685680389404
0.09210000307512531,0.9983333333333333,6.862699508666992
0.1447489246532309,0.9983333333333333,7.524207592010498
0.14470758820686322,0.998,7.524226665496826
0.15074769649060973,0.998,7.587703227996826
0.15070493454179254,0.9976666666666667,7.587736129760742
0.15195207391988627,0.9976666666666667,7.6011962890625
0.15190901705930138,0.9973333333333333,7.601226329803467
0.15583333333333332,0.9973333333333333,7.639315605163574
0.15578936402937654,0.997,7.639554023742676
0.16913594209454874,0.997,7.769035816192627
0.16908895549397726,0.9966666666666667,7.769221305847168
0.17457815145676417,0.9966666666666667,7.822857856750488
0.1745299544552143,0.9963333333333333,7.822899341583252
0.20081967213114754,0.9963333333333333,8.066959381103516
0.20076597460189477,0.996,8.06717586517334
0.2147631711349098,0.996,8.188545227050781
0.21470672800460033,0.9956666666666667,8.188573837280273
0.23265051795311162,0.9956666666666667,8.341997146606445
0.23259074622215298,0.9953333333333333,8.342193603515625
0.2531366564937267,0.9953333333333333,8.506196022033691
0.2530733361593896,0.995,8.506197929382324
0.26656545811752097,0.995,8.611161231994629
0.2664999553451817,0.9946666666666667,8.61125659942627
0.27555637639671254,0.9946666666666667,8.677783966064453
0.2754894717399335,0.9943333333333333,8.678213119506836
0.2813354710930869,0.9943333333333333,8.719244003295898
0.2812676853423882,0.994,8.719557762145996
0.288953488372093,0.994,8.775696754455566
0.2888845818393255,0.9936666666666667,8.775839805603027
0.30026188557614825,0.9936666666666667,8.854070663452148
0.3001913971995568,0.9933333333333333,8.854113578796387
0.30330788804071246,0.9933333333333333,8.876082420349121
0.3032369706840391,0.993,8.876232147216797
0.3062609232034543,0.993,8.895240783691406
0.3061895949002673,0.9926666666666667,8.895444869995117
0.30704196308897824,0.9926666666666667,8.899297714233398
0.306970509383378,0.9923333333333333,8.899316787719727
0.31741123787184133,0.9923333333333333,8.96940803527832
0.31733845169545744,0.992,8.96944522857666
0.32354859752120024,0.992,9.009973526000977
0.3234750462107209,0.9916666666666667,9.01024055480957
0.3258845437616387,0.9916666666666667,9.025097846984863
0.32581069237510957,0.9913333333333333,9.025415420532227
0.3313279857397504,0.9913333333333333,9.058597564697266
0.33125348189415044,0.991,9.058598518371582
0.33457123565158675,0.991,9.078609466552734
0.3344963421496905,0.9906666666666667,9.078825950622559
0.35229966808914176,0.9906666666666667,9.193683624267578
0.3522228808535863,0.9903333333333333,9.193920135498047
0.35546781526681026,0.9903333333333333,9.217610359191895
0.3553906904391528,0.99,9.218648910522461
0.3754740834386852,0.99,9.334565162658691
0.375395119484132,0.9896666666666667,9.33536434173584
0.384237090720849,0.9896666666666667,9.388733863830566
0.3841573906290448,0.9893333333333333,9.388853073120117
0.38706311945748567,0.9893333333333333,9.40733814239502
0.38698317464458065,0.989,9.407659530639648
0.3898305084745763,0.989,9.424837112426758
0.3897503285151117,0.9886666666666667,9.42489242553711
0.39483493077742277,0.9886666666666667,9.456829071044922
0.39475436027160166,0.9883333333333333,9.456836700439453
0.3953333333333333,0.9883333333333333,9.459329605102539
0.395252700360048,0.988,9.459371566772461
0.40956197319331217,0.988,9.528541564941406
0.40948037589828634,0.9876666666666667,9.528575897216797
0.42358827734095783,0.9876666666666667,9.608635902404785
0.4235058621675722,0.9873333333333333,9.60879135131836
0.4361012956419317,0.9873333333333333,9.679779052734375
0.4360182594610514,0.987,9.680375099182129
0.43938269772963345,0.987,9.697742462158203
0.43929949539922825,0.9866666666666667,9.69798755645752
0.4520464263897373,0.9866666666666667,9.771031379699707
0.4519627310218421,0.9863333333333333,9.771456718444824
0.4536256323777403,0.9863333333333333,9.78132438659668
0.45354185832566696,0.986,9.781693458557129
0.4581074802539879,0.986,9.804695129394531
0.45802354399008677,0.9856666666666667,9.80512523651123
0.4641343588133731,0.9856666666666667,9.840799331665039
0.4640502354788069,0.9853333333333333,9.841489791870117
0.4658052316419792,0.9853333333333333,9.853328704833984
0.4657210401891253,0.985,9.853763580322266
0.4677853411429476,0.985,9.865358352661133
0.467701076630779,0.9846666666666667,9.86632251739502
0.4700827498408657,0.9846666666666667,9.87807846069336
0.46999840840362883,0.9843333333333333,9.87904167175293
0.47852860152325394,0.9843333333333333,9.923367500305176
0.4784440842787682,0.984,9.923872947692871
0.48156606851549755,0.984,9.938055038452148
0.48148148148148145,0.9836666666666667,9.938529968261719
0.48849528223804006,0.9836666666666667,9.97152328491211
0.48841059602649006,0.9833333333333333,9.973525047302246
0.4923230974632844,0.9833333333333333,9.99471664428711
0.49223835753630446,0.983,9.9947509765625
0.493391333444872,0.983,10.000161170959473
0.4933065595716198,0.9826666666666667,10.000494003295898
0.4934717107465685,0.9826666666666667,10.001096725463867
0.49338690775154864,0.9823333333333333,10.001775741577148
0.4935521688159437,0.9823333333333333,10.00493049621582
0.4934673366834171,0.982,10.005949020385742
0.49554247266610596,0.982,10.02239990234375
0.4954576043068641,0.9816666666666667,10.022489547729492
0.49687869073730384,0.9816666666666667,10.031758308410645
0.49679379007762403,0.9813333333333333,10.032182693481445
0.49898305084745764,0.9813333333333333,10.043977737426758
0.49889811832513986,0.981,10.044686317443848
0.5022184300341297,0.981,10.061273574829102
0.5021334698754054,0.9806666666666667,10.061576843261719
0.5044581618655692,0.9806666666666667,10.07254695892334
0.5043731778425656,0.9803333333333333,10.07269287109375
0.5050661171217585,0.9803333333333333,10.076026916503906
0.5049811061490896,0.98,10.076242446899414
0.5113043478260869,0.98,10.108030319213867
0.5112193424943469,0.9796666666666667,10.108844757080078
0.5131831674524183,0.9796666666666667,10.12052059173584
0.5130981487949703,0.9793333333333333,10.120786666870117
0.5131877729257642,0.9793333333333333,10.120940208435059
0.5131027253668763,0.979,10.120948791503906
0.5168954593453009,0.979,10.14718246459961
0.5168104207005809,0.9786666666666667,10.14766788482666
0.5212142730339073,0.9786666666666667,10.170256614685059
0.5211292613636364,0.9783333333333334,10.170557975769043
0.5243880650348401,0.9783333333333334,10.189189910888672
0.5243030736240172,0.978,10.189618110656738
0.5246781115879828,0.978,10.190940856933594
0.5245930960472187,0.9776666666666667,10.191143989562988
0.5260043041606887,0.9776666666666667,10.198773384094238
0.5259192825112108,0.9773333333333334,10.198793411254883
0.5290508841573439,0.9773333333333334,10.217307090759277
0.5289658906334597,0.977,10.217416763305664
0.5292524377031419,0.977,10.219048500061035
0.5291674191800614,0.9766666666666667,10.219148635864258
0.5417899408284024,0.9766666666666667,10.293877601623535
0.5417051969668948,0.9763333333333334,10.294339179992676
0.5418054014058453,0.9763333333333334,10.294439315795898
0.5417206290471785,0.976,10.295560836791992
0.5512048192771084,0.976,10.341102600097656
0.5511203163246093,0.9756666666666667,10.341336250305176
0.5513279336974948,0.9756666666666667,10.341917037963867
0.551243406179352,0.9753333333333334,10.343412399291992
0.5518672199170125,0.9753333333333334,10.346345901489258
0.5517826825127334,0.975,10.347235679626465
0.5521993581272419,0.975,10.349851608276367
0.5521148036253777,0.9746666666666667,10.350313186645508
0.5530546623794212,0.9746666666666667,10.357805252075195
0.5529701097237987,0.9743333333333334,10.357958793640137
0.5559147965005705,0.9743333333333334,10.368249893188477
0.5558303214761271,0.974,10.368778228759766
0.5567835365853658,0.974,10.373848915100098
0.5566990661330284,0.9736666666666667,10.374232292175293
0.558508604206501,0.9736666666666667,10.3845853805542
0.5584241728820042,0.9733333333333334,10.385147094726562
0.5649061714064616,0.9733333333333334,10.419685363769531
0.5648219814241486,0.973,10.422137260437012
0.5697833300800312,0.973,10.44845962524414
0.5696993361967981,0.9726666666666667,10.448973655700684
0.5787385957953193,0.9726666666666667,10.498828887939453
0.5786550287641341,0.9723333333333334,10.499778747558594
0.5806130573248408,0.9723333333333334,10.509370803833008
0.5805295640055743,0.972,10.509515762329102
0.5839006808169803,0.972,10.527416229248047
0.5838173442819948,0.9716666666666667,10.527853012084961
0.5839342948717948,0.9716666666666667,10.528560638427734
0.5838509316770186,0.9713333333333334,10.528581619262695
0.5840849869713369,0.9713333333333334,10.53073501586914
0.5840016038492382,0.971,10.53124713897705
0.5871800040314453,0.971,10.54753589630127
0.5870967741935483,0.9706666666666667,10.547954559326172
0.5892351274787535,0.9706666666666667,10.560091018676758
0.5891519935235783,0.9703333333333334,10.561071395874023
0.5895099230457675,0.9703333333333334,10.56401252746582
0.5894267773951792,0.97,10.564451217651367
0.5901439870208882,0.97,10.56820297241211
0.5900608519269777,0.9696666666666667,10.568703651428223
0.5937946519697898,0.9696666666666667,10.587860107421875
0.5937117190690078,0.9693333333333334,10.588274002075195
0.5949263502454992,0.9693333333333334,10.591625213623047
0.5948434622467772,0.969,10.591901779174805
0.6061301084236864,0.969,10.651673316955566
0.6060479666319082,0.9686666666666667,10.652685165405273
0.6076955248849853,0.9686666666666667,10.662904739379883
0.6076134699853587,0.9683333333333334,10.663372039794922
0.6146847228099873,0.9683333333333334,10.705503463745117
0.6146031746031746,0.968,10.705916404724121
0.6182669789227166,0.968,10.736885070800781
0.6181856899488927,0.9676666666666667,10.737573623657227
0.6238985600687729,0.9676666666666667,10.774030685424805
0.6238177128116938,0.9673333333333334,10.774096488952637
0.6303214596003476,0.9673333333333334,10.805126190185547
0.6302411470779926,0.967,10.80612564086914
0.6370223978919631,0.967,10.844398498535156
0.6369426751592356,0.9666666666666667,10.844559669494629
0.6420190391853,0.9666666666666667,10.876781463623047
0.6419397697077059,0.9663333333333334,10.876906394958496
0.6453695458593054,0.9663333333333334,10.89611530303955
0.6452905811623246,0.966,10.896815299987793
0.6455780797505012,0.966,10.897218704223633
0.6454991087344029,0.9656666666666667,10.897282600402832
0.6480984340044743,0.9656666666666667,10.912691116333008
0.6480196912060864,0.9653333333333334,10.912813186645508
0.652399189006533,0.9653333333333334,10.935188293457031
0.6523208652546192,0.965,10.935544967651367
0.6534988713318285,0.965,10.945610046386719
0.6534206367125762,0.9646666666666667,10.946908950805664
0.6563846677251077,0.9646666666666667,10.964118003845215
0.6563067150635209,0.9643333333333334,10.96438980102539
0.6564556387565237,0.9643333333333334,10.966297149658203
0.6563776668179755,0.964,10.966322898864746
0.6574221413957718,0.964,10.972270965576172
0.657344247385175,0.9636666666666667,10.97650146484375
0.6597444089456869,0.9636666666666667,10.99380874633789
0.6596667427527961,0.9633333333333334,10.996322631835938
0.6682080924855491,0.9633333333333334,11.038642883300781
0.6681313598519889,0.963,11.038905143737793
0.6718604651162791,0.963,11.064699172973633
0.6717841358455455,0.9626666666666667,11.065448760986328
0.6749240476746904,0.9626666666666667,11.091297149658203
0.6748480598410472,0.9623333333333334,11.091503143310547
0.6756377252515797,0.9623333333333334,11.095684051513672
0.675561797752809,0.962,11.09691047668457
0.6782608695652174,0.962,11.108835220336914
0.6781852374236013,0.9616666666666667,11.109566688537598
0.6833254381809569,0.9616666666666667,11.144851684570312
0.6832504145936982,0.9613333333333334,11.146743774414062
0.6845478281509613,0.9613333333333334,11.156234741210938
0.6844729344729344,0.961,11.156238555908203
0.6869192280200143,0.961,11.168994903564453
0.6868446139180172,0.9606666666666667,11.16999626159668
0.6870083432657926,0.9606666666666667,11.173101425170898
0.6869337148307105,0.9603333333333334,11.173257827758789
0.6889048302247729,0.9603333333333334,11.179634094238281
0.6888304233436977,0.96,11.183388710021973
0.6896551724137931,0.96,11.187453269958496
0.6895808383233533,0.9596666666666667,11.189985275268555
0.6965884345511735,0.9596666666666667,11.23066520690918
0.6965150048402711,0.9593333333333334,11.230978012084961
0.6964415395787945,0.959,11.233558654785156
0.7001703577512777,0.959,11.259221076965332
0.7000973709834469,0.9586666666666667,11.259455680847168
0.7006090133982947,0.9586666666666667,11.262325286865234
0.7005360623781677,0.9583333333333334,11.264091491699219
0.702075702075702,0.9583333333333334,11.27585220336914
0.7020029311187103,0.958,11.27627944946289
0.7023460410557185,0.958,11.277206420898438
0.7022732828159374,0.9576666666666667,11.277861595153809
0.7027886497064579,0.9576666666666667,11.280479431152344
0.7027159285539516,0.9573333333333334,11.281073570251465
0.7035766780989711,0.9573333333333334,11.285338401794434
0.7035040431266847,0.957,11.291189193725586
0.7038489825937729,0.957,11.293051719665527
0.7037763609612555,0.9566666666666667,11.293923377990723
0.7037037037037037,0.9563333333333334,11.295859336853027
0.7038763493621197,0.9563333333333334,11.296399116516113
0.7038036809815951,0.956,11.297541618347168
0.7039764359351989,0.956,11.300654411315918
0.7039037564448809,0.9556666666666667,11.301401138305664
0.7038310412573674,0.9553333333333334,11.303180694580078
0.7037582903463523,0.955,11.30328369140625
0.7065351418002466,0.955,11.317848205566406
0.7064627528367045,0.9546666666666667,11.319332122802734
0.7063903281519862,0.9543333333333334,11.319989204406738
0.7070881699184984,0.9543333333333334,11.325488090515137
0.7070158102766798,0.954,11.325653076171875
0.7084158415841584,0.954,11.334020614624023
0.7083436494181728,0.9536666666666667,11.3345947265625
0.7092216162617749,0.9536666666666667,11.33875846862793
0.7091495164889661,0.9533333333333334,11.341654777526855
0.7128614157527418,0.9533333333333334,11.358192443847656
0.712789827973074,0.953,11.359678268432617
0.7143928035982009,0.953,11.37073040008545
0.7143214196450888,0.9526666666666667,11.372109413146973
0.7189937106918239,0.9526666666666667,11.38684368133545
0.7189229994967288,0.9523333333333334,11.386992454528809
0.7191039516737981,0.9523333333333334,11.387779235839844
0.7190332326283988,0.952,11.391864776611328
0.7217589082638363,0.952,11.40963363647461
0.7216885743174924,0.9516666666666667,11.411179542541504
0.7218710493046776,0.9516666666666667,11.41142463684082
0.721800708143652,0.9513333333333334,11.412198066711426
0.722165991902834,0.9513333333333334,11.413427352905273
0.7220956719817767,0.951,11.414389610290527
0.7226443768996961,0.951,11.417366027832031
0.7225741069166456,0.9506666666666667,11.419099807739258
0.7233071265533857,0.9506666666666667,11.424110412597656
0.7232369355657027,0.9503333333333334,11.42469596862793
0.7239715591670899,0.9503333333333334,11.428428649902344
0.7239014478028956,0.95,11.428468704223633
0.7251908396946565,0.95,11.43347454071045
0.7251208959022653,0.9496666666666667,11.435150146484375
0.7269711661138045,0.9496666666666667,11.444146156311035
0.7269014803471159,0.9493333333333334,11.448604583740234
0.7268317589992341,0.949,11.449545860290527
0.72831926323868,0.949,11.464187622070312
0.7282497441146366,0.9486666666666667,11.464361190795898
0.728809218950064,0.9486666666666667,11.468036651611328
0.7287397540983607,0.9483333333333334,11.469757080078125
0.7307988697662471,0.9483333333333334,11.482891082763672
0.7307297019527236,0.948,11.483126640319824
0.7306604985864816,0.9476666666666667,11.484169960021973
0.7314124003087213,0.9476666666666667,11.488203048706055
0.7313432835820896,0.9473333333333334,11.490302085876465
0.7362694300518134,0.9473333333333334,11.515875816345215
0.7362010883648613,0.947,11.518171310424805
0.7375389408099688,0.947,11.531330108642578
0.7374707868086211,0.9466666666666667,11.536150932312012
0.7391983342009371,0.9466666666666667,11.543781280517578
0.7391304347826086,0.9463333333333334,11.544008255004883
0.7404799165362546,0.9463333333333334,11.55282211303711
0.7404122097573702,0.946,11.554880142211914
0.7439056356487549,0.946,11.586600303649902
0.7438384897745149,0.9456666666666667,11.587163925170898
0.7454019968470835,0.9456666666666667,11.594554901123047
0.745335085413929,0.9453333333333334,11.5949068069458
0.7498677948175568,0.9453333333333334,11.627601623535156
0.7498016397778365,0.945,11.627655029296875
0.7505957108816521,0.945,11.635976791381836
0.7505296610169492,0.9446666666666667,11.637262344360352
0.7521231422505308,0.9446666666666667,11.651134490966797
0.7520573400584019,0.9443333333333334,11.653605461120605
0.7540590896992281,0.9443333333333334,11.673812866210938
0.7539936102236422,0.944,11.674081802368164
0.7562082777036048,0.944,11.694129943847656
0.7561431623931624,0.9436666666666667,11.695087432861328
0.757762312633833,0.9436666666666667,11.70956039428711
0.7576974564926372,0.9433333333333334,11.710138320922852
0.7581034020894722,0.9433333333333334,11.714147567749023
0.7580385852090032,0.943,11.715892791748047
0.761302475780409,0.943,11.73412036895752
0.7612382234185734,0.9426666666666667,11.735576629638672
0.7611739364566505,0.9423333333333334,11.738818168640137
0.7617892751279979,0.9423333333333334,11.744997024536133
0.7617250673854448,0.942,11.746849060058594
0.7629589632829373,0.942,11.765094757080078
0.7628949500405077,0.9416666666666667,11.766018867492676
0.7651679306608884,0.9416666666666667,11.779315948486328
0.7651043077756705,0.9413333333333334,11.783960342407227
0.7653116531165312,0.9413333333333334,11.784235954284668
0.76524803469775,0.941,11.785140991210938
0.7700490998363339,0.941,11.824237823486328
0.7699863574351978,0.9406666666666667,11.824289321899414
0.7710382513661203,0.9406666666666667,11.832754135131836
0.7709756764143209,0.9403333333333334,11.83437442779541
0.773088517402028,0.9403333333333334,11.858174324035645
0.7730263157894737,0.94,11.86072826385498
0.7762180016515277,0.94,11.877826690673828
0.7761563876651982,0.9396666666666667,11.878281593322754
0.7778697571743929,0.9396666666666667,11.885722160339355
0.7778084460391941,0.9393333333333334,11.889192581176758
0.7780231916068471,0.9393333333333334,11.892833709716797
0.7779618889809445,0.939,11.895780563354492
0.7788222283660492,0.939,11.901901245117188
0.7787610619469026,0.9386666666666666,11.903478622436523
0.7786998616874136,0.9383333333333334,11.90713119506836
0.7786386275594909,0.938,11.907341003417969
0.7785773595350125,0.9376666666666666,11.909401893615723
0.7787929125138427,0.9376666666666666,11.912532806396484
0.7787316532816394,0.9373333333333334,11.913808822631836
0.7821974965229486,0.9373333333333334,11.93982982635498
0.7821368948247078,0.937,11.939922332763672
0.7820762593932646,0.9366666666666666,11.943669319152832
0.7857941834451901,0.9366666666666666,11.995254516601562
0.7857342657342657,0.9363333333333334,11.995952606201172
0.7859541130386122,0.9363333333333334,11.997566223144531
0.7858942065491183,0.936,12.001487731933594
0.7858342665173572,0.9356666666666666,12.002654075622559
0.7909270216962525,0.9356666666666666,12.033357620239258
0.7908680947012401,0.9353333333333333,12.036517143249512
0.7913141567963903,0.9353333333333333,12.042379379272461
0.7912552891396333,0.935,12.042476654052734
0.7928208027133974,0.935,12.05126667022705
0.7927622278767317,0.9346666666666666,12.05402660369873
0.7927036199095022,0.9343333333333333,12.05419921875
0.7926449787835926,0.934,12.055339813232422
0.7935429056924383,0.934,12.0648193359375
0.7934844192634561,0.9336666666666666,12.066004753112793
0.7952867688813174,0.9336666666666666,12.077411651611328
0.7952286282306164,0.9333333333333333,12.079230308532715
0.7959067652075043,0.9333333333333333,12.082722663879395
0.7958487347170884,0.933,12.084992408752441
0.7963015647226174,0.933,12.089061737060547
0.7962435970404098,0.9326666666666666,12.091428756713867
0.7961855963563905,0.9323333333333333,12.09167194366455
0.798230593607306,0.9323333333333333,12.113872528076172
0.7981729945760776,0.932,12.115673065185547
0.799771167048055,0.932,12.122222900390625
0.7997138769670958,0.9316666666666666,12.124876976013184
0.8004009163802979,0.9316666666666666,12.132623672485352
0.8003437410484102,0.9313333333333333,12.13436222076416
0.8024124066628374,0.9313333333333333,12.150115966796875
0.802355644929618,0.931,12.15194320678711
0.8025862068965517,0.931,12.157316207885742
0.8025294624892211,0.9306666666666666,12.158060073852539
0.8024726854514088,0.9303333333333333,12.159562110900879
0.8029344073647872,0.9303333333333333,12.165994644165039
0.8028776978417266,0.93,12.16810417175293
0.8028209556706966,0.9296666666666666,12.168998718261719
0.8035148372227023,0.9296666666666666,12.175287246704102
0.8034582132564841,0.9293333333333333,12.17600154876709
0.8036898241568176,0.9293333333333333,12.17630386352539
0.8036332179930796,0.929,12.17824935913086
0.805258595781566,0.929,12.190143585205078
0.8052023121387283,0.9286666666666666,12.190360069274902
0.805668016194332,0.9286666666666666,12.194235801696777
0.8056118021405844,0.9283333333333333,12.205775260925293
0.8070124601564764,0.9283333333333333,12.220507621765137
0.8069565217391305,0.928,12.22317886352539
0.8069005508843143,0.9276666666666666,12.223862648010254
0.8078374455732946,0.9276666666666666,12.234148025512695
0.8077816492450639,0.9273333333333333,12.23564338684082
0.8091913903432228,0.9273333333333333,12.245553970336914
0.8091358743089904,0.927,12.248929023742676
0.8090803259604191,0.9266666666666666,12.249679565429688
0.8093158660844251,0.9266666666666666,12.249872207641602
0.8092603377984857,0.9263333333333333,12.250772476196289
0.8113868613138686,0.9263333333333333,12.269458770751953
0.8113317757009346,0.926,12.270243644714355
0.8115687992988606,0.926,12.270830154418945
0.8115137346580947,0.9256666666666666,12.271217346191406
0.8114586378251973,0.9253333333333333,12.274349212646484
0.8114035087719298,0.925,12.277811050415039
0.8113483474700205,0.9246666666666666,12.27849006652832
0.8115857226448215,0.9246666666666666,12.282367706298828
0.8115305823822067,0.9243333333333333,12.282734870910645
0.812481687664811,0.9243333333333333,12.290128707885742
0.8124267291910903,0.924,12.291674613952637
0.813141683778234,0.924,12.293058395385742
0.8130868544600939,0.9236666666666666,12.294975280761719
0.8130319929556795,0.9233333333333333,12.29499626159668
0.8129770992366412,0.923,12.300214767456055
0.813454759106933,0.923,12.304510116577148
0.8133999412283279,0.9226666666666666,12.30497932434082
0.8141176470588235,0.9226666666666666,12.312331199645996
0.8140629596940276,0.9223333333333333,12.312753677368164
0.8143025309005297,0.9223333333333333,12.312877655029297
0.8142478657639093,0.922,12.314338684082031
0.8141931684334511,0.9216666666666666,12.314428329467773
0.8144329896907216,0.9216666666666666,12.315620422363281
0.8143783146729523,0.9213333333333333,12.31597900390625
0.8143236074270557,0.921,12.316963195800781
0.8142688679245284,0.9206666666666666,12.317026138305664
0.8149896724697551,0.9206666666666666,12.326807022094727
0.814935064935065,0.9203333333333333,12.329118728637695
0.8151756716858577,0.9203333333333333,12.329706192016602
0.8151210868281158,0.92,12.337409973144531
0.81506646971935,0.9196666666666666,12.337882041931152
0.8150118203309693,0.9193333333333333,12.33964729309082
0.8157349896480331,0.9193333333333333,12.341009140014648
0.815680473372781,0.919,12.341598510742188
0.8164050932780574,0.919,12.351073265075684
0.816350710900474,0.9186666666666666,12.354007720947266
0.8187759952465835,0.9186666666666666,12.371825218200684
0.8187221396731055,0.9183333333333333,12.373937606811523
0.8186682520808561,0.918,12.375268936157227
0.819155264723379,0.918,12.380514144897461
0.8191014578994347,0.9176666666666666,12.388065338134766
0.819047619047619,0.9173333333333333,12.390235900878906
0.8189937481393271,0.917,12.394484519958496
0.8207040572792362,0.917,12.409278869628906
0.8206505520740077,0.9166666666666666,12.409786224365234
0.8211406389967154,0.9166666666666666,12.411357879638672
0.8210872162485066,0.9163333333333333,12.413975715637207
0.8213325365999402,0.9163333333333333,12.415077209472656
0.8212791392707711,0.916,12.415828704833984
0.822754491017964,0.916,12.427370071411133
0.822701407607068,0.9156666666666666,12.427696228027344
0.8234412470023981,0.9156666666666666,12.432554244995117
0.8233883058470765,0.9153333333333333,12.433649063110352
0.8241296518607443,0.9153333333333333,12.442277908325195
0.8240768537976584,0.915,12.442285537719727
0.824024024024024,0.9146666666666666,12.446072578430176
0.8239711625112647,0.9143333333333333,12.447046279907227
0.8264537511298584,0.9143333333333333,12.485730171203613
0.8264014466546112,0.914,12.487859725952148
0.8268998793727382,0.914,12.495908737182617
0.8268476621417797,0.9136666666666666,12.496116638183594
0.8267954133977067,0.9133333333333333,12.496636390686035
0.8277945619335347,0.9133333333333333,12.505105972290039
0.827742520398912,0.913,12.505620002746582
0.82824312065316,0.913,12.508155822753906
0.8281911675741077,0.9126666666666666,12.510553359985352
0.8281391830559758,0.9123333333333333,12.51059627532959
0.8288915808600847,0.9123333333333333,12.51338005065918
0.8288397455316571,0.912,12.515482902526855
0.8300970873786407,0.912,12.530553817749023
0.8300455235204856,0.9116666666666666,12.53225040435791
0.8305496507743699,0.9116666666666666,12.532691955566406
0.830498177399757,0.9113333333333333,12.53289794921875
0.8307505317532665,0.9113333333333333,12.535432815551758
0.8306990881458967,0.911,12.536425590515137
0.8317102860620815,0.911,12.544885635375977
0.8316590563165905,0.9106666666666666,12.55083179473877
0.8316077953714982,0.9103333333333333,12.55184555053711
0.8315565031982942,0.91,12.55482292175293
0.8325709057639524,0.91,12.562626838684082
0.8325198291641245,0.9096666666666666,12.568486213684082
0.8337916284754048,0.9096666666666666,12.574592590332031
0.8337408312958435,0.9093333333333333,12.57509994506836
0.8345059651269502,0.9093333333333333,12.587196350097656
0.8344553243574051,0.909,12.592706680297852
0.8344046525864708,0.9086666666666666,12.596477508544922
0.8343539497856706,0.9083333333333333,12.597835540771484
0.8353770692826487,0.9083333333333333,12.607104301452637
0.8353265869365225,0.908,12.611352920532227
0.8355828220858895,0.908,12.612805366516113
0.8355323718932188,0.9076666666666666,12.614775657653809
0.8357888275015347,0.9076666666666666,12.617576599121094
0.8357384095793675,0.9073333333333333,12.623758316040039
0.8356879606879607,0.907,12.62667465209961
0.8356374807987711,0.9066666666666666,12.626794815063477
0.8355869698832207,0.9063333333333333,12.626815795898438
0.8361008610086101,0.9063333333333333,12.627761840820312
0.8360504460166103,0.906,12.6300687789917
0.836,0.9056666666666666,12.631128311157227
0.8367724052971974,0.9056666666666666,12.63559341430664
0.8367221195317314,0.9053333333333333,12.63850212097168
0.83775447254781,0.9053333333333333,12.649706840515137
0.837704412218451,0.905,12.651002883911133
0.8376543209876544,0.9046666666666666,12.657426834106445
0.8376041988267984,0.9043333333333333,12.660120964050293
0.8378628783199505,0.9043333333333333,12.660298347473145
0.8378127896200185,0.904,12.66054630279541
0.8380716934487021,0.904,12.663862228393555
0.8380216383307574,0.9036666666666666,12.664993286132812
0.8379715522572665,0.9033333333333333,12.665401458740234
0.838230745437674,0.9033333333333333,12.665618896484375
0.838180693069307,0.903,12.667098045349121
0.8386996904024768,0.903,12.67391586303711
0.838649736760607,0.9026666666666666,12.674400329589844
0.8385997521685254,0.9023333333333333,12.679177284240723
0.8393798449612403,0.9023333333333333,12.695016860961914
0.8393300248138957,0.902,12.69504451751709
0.8392801737511635,0.9016666666666666,12.695321083068848
0.8395406579764122,0.9016666666666666,12.701478004455566
0.8394908413536168,0.9013333333333333,12.703086853027344
0.8405346596207647,0.9013333333333333,12.70639419555664
0.8404850746268657,0.901,12.707029342651367
0.8412698412698413,0.901,12.714441299438477
0.8412204234122043,0.9006666666666666,12.715375900268555
0.8425319613345806,0.9006666666666666,12.726282119750977
0.8424828446662508,0.9003333333333333,12.73320198059082
0.8424336973478939,0.9,12.734457969665527
0.8442776735459663,0.9,12.744779586791992
0.8442289646543635,0.8996666666666666,12.747781753540039
0.844180225281602,0.8993333333333333,12.751805305480957
0.8444444444444444,0.8993333333333333,12.752450942993164
0.8443957420162805,0.899,12.757680892944336
0.8454545454545455,0.899,12.76679801940918
0.8454060834117278,0.8986666666666666,12.768303871154785
0.845357590966123,0.8983333333333333,12.772464752197266
0.845309068089112,0.898,12.772665023803711
0.8452605147520402,0.8976666666666666,12.772924423217773
0.8455259026687598,0.8976666666666666,12.774558067321777
0.8454773869346733,0.8973333333333333,12.774669647216797
0.8454288407163054,0.897,12.775306701660156
0.8453802639849152,0.8966666666666666,12.776817321777344
0.8456460232631248,0.8966666666666666,12.776979446411133
0.8455974842767295,0.8963333333333333,12.778634071350098
0.8461296412838263,0.8963333333333333,12.78410530090332
0.846081208687441,0.896,12.786575317382812
0.8460327455919395,0.8956666666666667,12.790103912353516
0.8459842519685039,0.8953333333333333,12.792257308959961
0.8467843631778058,0.8953333333333333,12.796006202697754
0.8467360454115421,0.895,12.798887252807617
0.8483412322274881,0.895,12.812114715576172
0.8482932996207333,0.8946666666666667,12.812908172607422
0.8493670886075949,0.8946666666666667,12.823610305786133
0.8493194048749604,0.8943333333333333,12.825620651245117
0.8495883470550981,0.8943333333333333,12.828141212463379
0.8495407031992398,0.894,12.829427719116211
0.8494930291508238,0.8936666666666667,12.831378936767578
0.849445324881141,0.8933333333333333,12.832683563232422
0.8493975903614458,0.893,12.83438491821289
0.8502062837194542,0.893,12.845032691955566
0.8501587301587301,0.8926666666666667,12.847625732421875
0.8501111463956812,0.8923333333333333,12.850038528442383
0.8506514140451223,0.8923333333333333,12.85576057434082
0.8506039415130324,0.892,12.857254028320312
0.8505564387917329,0.8916666666666667,12.859838485717773
0.8505089058524173,0.8913333333333333,12.86459732055664
0.8507795100222717,0.8913333333333333,12.866456985473633
0.8507320178230426,0.891,12.867729187011719
0.8512738853503184,0.891,12.873452186584473
0.851226505256451,0.8906666666666667,12.874653816223145
0.8517692062480077,0.8906666666666667,12.876968383789062
0.8517219387755102,0.8903333333333333,12.877397537231445
0.8530820824017885,0.8903333333333333,12.883804321289062
0.853035143769968,0.89,12.888587951660156
0.8529881751358261,0.8896666666666667,12.888910293579102
0.8532608695652174,0.8896666666666667,12.889741897583008
0.8532139430764311,0.8893333333333333,12.89035701751709
0.8531669865642995,0.889,12.912590980529785
0.85312,0.8886666666666667,12.91368293762207
0.853393085787452,0.8886666666666667,12.916404724121094
0.8533461415305795,0.8883333333333333,12.918251991271973
0.8536194746957079,0.8883333333333333,12.91832160949707
0.8535725728933035,0.888,12.923396110534668
0.853525641025641,0.8876666666666667,12.92561149597168
0.8546213093709885,0.8876666666666667,12.9334077835083
0.8545746388443017,0.8873333333333333,12.935535430908203
0.8545279383429673,0.887,12.936513900756836
0.8556270096463022,0.887,12.939227104187012
0.8555805725313606,0.8866666666666667,12.940658569335938
0.8555341055341056,0.8863333333333333,12.94106674194336
0.855487608625684,0.886,12.944146156311035
0.8557630392788153,0.886,12.947145462036133
0.8557165861513688,0.8856666666666667,12.948974609375
0.8559922680412371,0.8856666666666667,12.949542045593262
0.8559458588462778,0.8853333333333333,12.950088500976562
0.8567741935483871,0.8853333333333333,12.955512046813965
0.856727976766699,0.885,12.960865020751953
0.8566817301484829,0.8846666666666667,12.960968017578125
0.8572351421188631,0.8846666666666667,12.968038558959961
0.85718901453958,0.8843333333333333,12.979687690734863
0.8571428571428571,0.884,12.97980785369873
0.8574199806013579,0.884,12.980364799499512
0.8573738680465718,0.8836666666666667,12.982025146484375
0.8573277256551278,0.8833333333333333,12.984701156616211
0.8572815533980582,0.883,12.985135078430176
0.8572353512463581,0.8826666666666667,12.98708724975586
0.8571891191709845,0.8823333333333333,12.993352890014648
0.8583009079118028,0.8823333333333333,12.999933242797852
0.8582549464807007,0.882,13.000110626220703
0.8585334198572355,0.882,13.001794815063477
0.8584875040571243,0.8816666666666667,13.00306510925293
0.8587662337662337,0.8816666666666667,13.003334045410156
0.8587203637544657,0.8813333333333333,13.007954597473145
0.8595578673602081,0.8813333333333333,13.02048110961914
0.8595121951219512,0.881,13.020689964294434
0.8594664931685101,0.8806666666666667,13.022417068481445
0.860586319218241,0.8806666666666667,13.033101081848145
0.8605408927989573,0.8803333333333333,13.034682273864746
0.8604954367666232,0.88,13.036373138427734
0.8613376835236541,0.88,13.043858528137207
0.8612924281984334,0.8796666666666667,13.045178413391113
0.8618549967341607,0.8796666666666667,13.04953384399414
0.8618098660568442,0.8793333333333333,13.049689292907715
0.861764705882353,0.879,13.054449081420898
0.8617195161817588,0.8786666666666667,13.057125091552734
0.8616742969260955,0.8783333333333333,13.064020156860352
0.8628028814669286,0.8783333333333333,13.083070755004883
0.8627579430068785,0.878,13.095354080200195
0.8638897999344047,0.878,13.099625587463379
0.8638451443569554,0.8776666666666667,13.104562759399414
0.8641286511322612,0.8776666666666667,13.10573673248291
0.8640840446487197,0.8773333333333333,13.10629653930664
0.864039408866995,0.877,13.106972694396973
0.8639947437582128,0.8766666666666667,13.107574462890625
0.864847089773101,0.8766666666666667,13.111366271972656
0.8648026315789473,0.8763333333333333,13.111621856689453
0.8653719552337064,0.8763333333333333,13.114211082458496
0.8653276259466579,0.876,13.118595123291016
0.8652832674571805,0.8756666666666667,13.12079906463623
0.8652388797364086,0.8753333333333333,13.121662139892578
0.8651944627554383,0.875,13.134214401245117
0.8651500164853281,0.8746666666666667,13.137252807617188
0.8651055408970977,0.8743333333333333,13.145294189453125
0.8650610359617288,0.874,13.154912948608398
0.8653465346534653,0.874,13.15604019165039
0.8653020798943546,0.8736666666666667,13.156734466552734
0.8658738024446647,0.8736666666666667,13.15754222869873
0.8658294778585591,0.8733333333333333,13.16041374206543
0.8657851239669422,0.873,13.162517547607422
0.8666446062210457,0.873,13.170835494995117
0.8666004634227077,0.8726666666666667,13.175861358642578
0.8665562913907284,0.8723333333333333,13.176380157470703
0.8668433256045048,0.8723333333333333,13.17780876159668
0.8667992047713717,0.872,13.178789138793945
0.8670865097779251,0.872,13.179903030395508
0.8670424403183024,0.8716666666666667,13.180452346801758
0.867330016583748,0.8716666666666667,13.181046485900879
0.8672859986728599,0.8713333333333333,13.181995391845703
0.8687271518777002,0.8713333333333333,13.200621604919434
0.8686835106382979,0.871,13.202675819396973
0.8686398403724642,0.8706666666666667,13.205901145935059
0.8685961410512308,0.8703333333333333,13.206158638000488
0.8685524126455907,0.87,13.206265449523926
0.8688415446071904,0.87,13.207014083862305
0.8687978687978688,0.8696666666666667,13.207127571105957
0.8687541638907396,0.8693333333333333,13.209394454956055
0.8690436521159614,0.8693333333333333,13.21002197265625
0.869,0.869,13.222463607788086
0.8695797198132088,0.869,13.241146087646484
0.8695362028695363,0.8686666666666667,13.242359161376953
0.869826435246996,0.8686666666666667,13.244848251342773
0.8697829716193656,0.8683333333333333,13.246747970581055
0.8697394789579158,0.868,13.257194519042969
0.869695957233545,0.8676666666666667,13.257372856140137
0.8699866310160428,0.8676666666666667,13.264909744262695
0.8699431628217987,0.8673333333333333,13.264965057373047
0.8698996655518395,0.867,13.265380859375
0.8698561391769822,0.8666666666666667,13.279791831970215
0.8701472556894244,0.8666666666666667,13.279869079589844
0.8701037830599263,0.8663333333333333,13.280457496643066
0.870060281312793,0.866,13.28174877166748
0.8700167504187605,0.8656666666666667,13.282546997070312
0.8703083109919572,0.8656666666666667,13.286992073059082
0.8702648340596715,0.8653333333333333,13.29446792602539
0.8702213279678068,0.865,13.297011375427246
0.8716829022505879,0.865,13.312772750854492
0.8716397849462365,0.8646666666666667,13.314231872558594
0.8715966386554622,0.8643333333333333,13.321250915527344
0.8715534633490248,0.864,13.325577735900879
0.8721399730820996,0.864,13.327990531921387
0.8720969370582295,0.8636666666666667,13.328484535217285
0.8720538720538721,0.8633333333333333,13.329262733459473
0.872010778039744,0.863,13.337593078613281
0.871967654986523,0.8626666666666667,13.338889122009277
0.8722615436467812,0.8626666666666667,13.343809127807617
0.8722184760620364,0.8623333333333333,13.344762802124023
0.8721753794266441,0.862,13.346338272094727
0.8727640904488694,0.862,13.34924030303955
0.8727211343686698,0.8616666666666667,13.354765892028809
0.873015873015873,0.8616666666666667,13.355976104736328
0.8729729729729729,0.8613333333333333,13.36009693145752
0.8729300439337614,0.861,13.364103317260742
0.8728870858688302,0.8606666666666667,13.364459991455078
0.8728440987487318,0.8603333333333333,13.364973068237305
0.8731393775372125,0.8603333333333333,13.36516284942627
0.8730964467005076,0.86,13.36610221862793
0.8733920108327691,0.86,13.367427825927734
0.873349136471385,0.8596666666666667,13.370396614074707
0.8736449864498645,0.8596666666666667,13.370891571044922
0.8736021687563538,0.8593333333333333,13.374433517456055
0.8738983050847458,0.8593333333333333,13.374752044677734
0.873855544252289,0.859,13.374946594238281
0.8738127544097694,0.8586666666666667,13.378229141235352
0.8737699355276553,0.8583333333333333,13.381553649902344
0.8743633276740238,0.8583333333333333,13.386847496032715
0.8743206521739131,0.858,13.388338088989258
0.8749150237933379,0.858,13.392393112182617
0.874872492349541,0.8576666666666667,13.393117904663086
0.8751700680272109,0.8576666666666667,13.395410537719727
0.8751275944198708,0.8573333333333333,13.396713256835938
0.8754254594962559,0.8573333333333333,13.397666931152344
0.8753830439223698,0.857,13.402908325195312
0.8753405994550408,0.8566666666666667,13.404738426208496
0.8756388415672913,0.8566666666666667,13.407493591308594
0.8755964553510566,0.8563333333333333,13.408357620239258
0.8755540402318446,0.856,13.409266471862793
0.8755115961800819,0.8556666666666667,13.41436767578125
0.8754691231661549,0.8553333333333333,13.420670509338379
0.8760669170365313,0.8553333333333333,13.426859855651855
0.8760245901639344,0.855,13.42709732055664
0.8763238811069354,0.855,13.427257537841797
0.8762816131237184,0.8546666666666667,13.433979034423828
0.8768809849521204,0.8546666666666667,13.436015129089355
0.8768388641806363,0.8543333333333333,13.43789291381836
0.8774392331393358,0.8543333333333333,13.443982124328613
0.8773972602739726,0.854,13.447916030883789
0.8773552586502227,0.8536666666666667,13.448729515075684
0.8773132282385195,0.8533333333333334,13.449199676513672
0.8772711690092561,0.853,13.450176239013672
0.8778730703259006,0.853,13.45698070526123
0.8778311599176389,0.8526666666666667,13.458781242370605
0.8777892207346378,0.8523333333333334,13.460596084594727
0.8777472527472527,0.852,13.464601516723633
0.8777052559257987,0.8516666666666667,13.464941024780273
0.8776632302405498,0.8513333333333334,13.466975212097168
0.8776211756617395,0.851,13.467048645019531
0.8779229711141678,0.851,13.467316627502441
0.8778809769521844,0.8506666666666667,13.468525886535645
0.8778389538885065,0.8503333333333334,13.482765197753906
0.8777969018932874,0.85,13.486465454101562
0.8777548209366391,0.8496666666666667,13.48954963684082
0.8777127109886325,0.8493333333333334,13.491131782531738
0.877670572019297,0.849,13.491449356079102
0.8779731127197518,0.849,13.493310928344727
0.8779310344827587,0.8486666666666667,13.495294570922852
0.8778889272162814,0.8483333333333334,13.495421409606934
0.878191856452726,0.8483333333333334,13.49545669555664
0.8781498101484294,0.848,13.497281074523926
0.8781077348066298,0.8476666666666667,13.49808120727539
0.8780656303972366,0.8473333333333334,13.499176025390625
0.8786726581403388,0.8473333333333334,13.501875877380371
0.8786307053941909,0.847,13.508075714111328
0.8785887236250433,0.8466666666666667,13.511262893676758
0.8785467128027682,0.8463333333333334,13.516119956970215
0.8785046728971962,0.846,13.521695137023926
0.8791132663664704,0.846,13.532299041748047
0.8790713790713791,0.8456666666666667,13.534993171691895
0.8790294627383015,0.8453333333333334,13.53855037689209
0.8799444829979182,0.8453333333333334,13.539551734924316
0.8799028115237765,0.845,13.546772003173828
0.8798611111111111,0.8446666666666667,13.549372673034668
0.8798193817297673,0.8443333333333334,13.549422264099121
0.8797776233495483,0.844,13.54955005645752
0.8800834202294057,0.844,13.552021026611328
0.8800417246175244,0.8436666666666667,13.552663803100586
0.88,0.8433333333333334,13.552797317504883
0.8803061934585943,0.8433333333333334,13.558248519897461
0.8802645318482423,0.843,13.558496475219727
0.8802228412256268,0.8426666666666667,13.558856964111328
0.8801811215604319,0.8423333333333334,13.560413360595703
0.8801393728222997,0.842,13.57369613647461
0.8800975949808295,0.8416666666666667,13.575316429138184
0.8804044630404463,0.8416666666666667,13.57571792602539
0.8803627485176142,0.8413333333333334,13.58547592163086
0.880321004884857,0.841,13.586638450622559
0.8802792321116929,0.8406666666666667,13.589111328125
0.8802374301675978,0.8403333333333334,13.598512649536133
0.8805448829898708,0.8403333333333334,13.59898567199707
0.8805031446540881,0.84,13.599235534667969
0.8804613771408598,0.8396666666666667,13.613658905029297
0.8804195804195805,0.8393333333333334,13.617862701416016
0.8803777544596013,0.839,13.617866516113281
0.8816112084063047,0.839,13.62283706665039
0.8815697266993693,0.8386666666666667,13.622966766357422
0.881528215913074,0.8383333333333334,13.623083114624023
0.8824561403508772,0.8383333333333334,13.629914283752441
0.8824148824148824,0.838,13.630006790161133
0.882373595505618,0.8376666666666667,13.630535125732422
0.882683526519143,0.8376666666666667,13.633224487304688
0.8826423049894588,0.8373333333333334,13.636260986328125
0.8826010544815466,0.837,13.638199806213379
0.8829113924050633,0.837,13.644969940185547
0.88287020752726,0.8366666666666667,13.647274017333984
0.8828289936664321,0.8363333333333334,13.649625778198242
0.8831397395283351,0.8363333333333334,13.660104751586914
0.8830985915492958,0.836,13.661322593688965
0.8830574145825995,0.8356666666666667,13.661479949951172
0.883016208597604,0.8353333333333334,13.662033081054688
0.8829749735636235,0.835,13.66811752319336
0.8829337094499294,0.8346666666666667,13.673035621643066
0.8828924162257495,0.8343333333333334,13.675701141357422
0.8835157077303212,0.8343333333333334,13.680680274963379
0.8834745762711864,0.834,13.681329727172852
0.8834334157541505,0.8336666666666667,13.68313980102539
0.8833922261484098,0.8333333333333334,13.684503555297852
0.8833510074231177,0.833,13.686033248901367
0.8836633663366337,0.833,13.68609619140625
0.883622214361514,0.8326666666666667,13.687275886535645
0.883934890304317,0.8326666666666667,13.688630104064941
0.8838938053097345,0.8323333333333334,13.691869735717773
0.8838526912181303,0.832,13.693855285644531
0.8838115479985831,0.8316666666666667,13.695056915283203
0.8837703756201276,0.8313333333333334,13.695902824401855
0.8837291740517547,0.831,13.696423530578613
0.8836879432624114,0.8306666666666667,13.697746276855469
0.8836466832210004,0.8303333333333334,13.699728012084961
0.8845880681818182,0.8303333333333334,13.700334548950195
0.8845470692717584,0.83,13.711642265319824
0.8845060412224591,0.8296666666666667,13.71313190460205
0.8844649840028439,0.8293333333333334,13.718244552612305
0.8844238975817923,0.829,13.718954086303711
0.8843827819281395,0.8286666666666667,13.7310791015625
0.8843416370106761,0.8283333333333334,13.732563972473145
0.8843004627981488,0.828,13.733512878417969
0.8842592592592593,0.8276666666666667,13.738845825195312
0.8842180263626648,0.8273333333333334,13.749889373779297
0.8851640513552068,0.8273333333333334,13.753633499145508
0.8851230824117018,0.827,13.7538480758667
0.8850820842255531,0.8266666666666667,13.755643844604492
0.8850410567654409,0.8263333333333334,13.756492614746094
0.885,0.826,13.757372856140137
0.8853161843515541,0.826,13.758092880249023
0.8852751965689778,0.8256666666666667,13.758152961730957
0.8852341794780122,0.8253333333333334,13.760103225708008
0.8851931330472103,0.825,13.766386032104492
0.8855098389982111,0.825,13.768329620361328
0.8854688618468146,0.8246666666666667,13.769074440002441
0.8854278553526674,0.8243333333333334,13.771689414978027
0.8853868194842407,0.824,13.772074699401855
0.8853457542099605,0.8236666666666667,13.77386474609375
0.8853046594982079,0.8233333333333334,13.77585506439209
0.885263535317318,0.823,13.77833366394043
0.8855810616929699,0.823,13.778564453125
0.8855400071761751,0.8226666666666667,13.784449577331543
0.8858578607322326,0.8226666666666667,13.784627914428711
0.8858168761220826,0.8223333333333334,13.785791397094727
0.8861350574712644,0.8223333333333334,13.786340713500977
0.8860941430111391,0.822,13.788558959960938
0.8860531991373113,0.8216666666666667,13.789566040039062
0.8860122258180511,0.8213333333333334,13.79218864440918
0.8863309352517985,0.8213333333333334,13.794347763061523
0.8862900323857502,0.821,13.79748249053955
0.8866090712742981,0.821,13.804121017456055
0.8865682391069499,0.8206666666666667,13.805192947387695
0.8865273775216138,0.8203333333333334,13.805946350097656
0.8871665465032444,0.8203333333333334,13.810434341430664
0.8871258564731338,0.82,13.813929557800293
0.887085137085137,0.8196666666666667,13.817543983459473
0.8870443883074702,0.8193333333333334,13.825642585754395
0.8870036101083032,0.819,13.826009750366211
0.8869628024557602,0.8186666666666667,13.82638931274414
0.8869219653179191,0.8183333333333334,13.831673622131348
0.8868810986628117,0.818,13.84144115447998
0.8868402024584238,0.8176666666666667,13.842124938964844
0.8867992766726944,0.8173333333333334,13.843406677246094
0.8867583212735166,0.817,13.853514671325684
0.8870792616720955,0.817,13.85604476928711
0.8870383779869659,0.8166666666666667,13.856459617614746
0.8869974646867077,0.8163333333333334,13.859394073486328
0.8873188405797101,0.8163333333333334,13.8596773147583
0.8872779992750996,0.816,13.863292694091797
0.8872371283538796,0.8156666666666667,13.864195823669434
0.887196227783823,0.8153333333333334,13.869006156921387
0.887155297532656,0.815,13.870357513427734
0.8874773139745916,0.815,13.872413635253906
0.8874364560639071,0.8146666666666667,13.872623443603516
0.8873955684707592,0.8143333333333334,13.877059936523438
0.8873546511627907,0.814,13.88880729675293
0.8876772082878953,0.814,13.894472122192383
0.8876363636363637,0.8136666666666666,13.897308349609375
0.887595489268825,0.8133333333333334,13.898904800415039
0.8875545851528385,0.813,13.90921688079834
0.8875136512559155,0.8126666666666666,13.914905548095703
0.8874726875455208,0.8123333333333334,13.91573715209961
0.8874316939890711,0.812,13.916406631469727
0.8877551020408163,0.812,13.917364120483398
0.8877141815530442,0.8116666666666666,13.917448043823242
0.888037928519329,0.8116666666666666,13.917543411254883
0.8879970813571689,0.8113333333333334,13.92109489440918
0.887956204379562,0.811,13.921382904052734
0.8879152975538518,0.8106666666666666,13.922039031982422
0.8882395909422937,0.8106666666666666,13.926084518432617
0.8881987577639752,0.8103333333333333,13.927762985229492
0.8881578947368421,0.81,13.94690227508545
0.8881170018281536,0.8096666666666666,13.946952819824219
0.8880760790051208,0.8093333333333333,13.95171070098877
0.8880351262349067,0.809,13.9528226852417
0.888685463200293,0.809,13.954595565795898
0.8886446886446886,0.8086666666666666,13.954845428466797
0.8886038842066691,0.8083333333333333,13.960479736328125
0.8885630498533724,0.808,13.969361305236816
0.8885221855518886,0.8076666666666666,13.971388816833496
0.888481291269259,0.8073333333333333,13.971414566040039
0.8884403669724771,0.807,13.971778869628906
0.8883994126284875,0.8066666666666666,13.972960472106934
0.8883584282041865,0.8063333333333333,13.974775314331055
0.8883174136664217,0.806,13.97551155090332
0.8882763689819919,0.8056666666666666,13.976337432861328
0.888235294117647,0.8053333333333333,13.976968765258789
0.8881941890400883,0.805,13.978883743286133
0.8881530537159676,0.8046666666666666,13.980226516723633
0.889134438305709,0.8046666666666666,13.995004653930664
0.8890935887988209,0.8043333333333333,13.999798774719238
0.8890527091780317,0.804,14.000894546508789
0.8890117994100295,0.8036666666666666,14.004404067993164
0.8889708594614534,0.8033333333333333,14.008460998535156
0.8889298892988929,0.803,14.010257720947266
0.8892580287929125,0.803,14.018033027648926
0.8892171344165436,0.8026666666666666,14.019756317138672
0.889176209826376,0.8023333333333333,14.020044326782227
0.8891352549889135,0.802,14.023988723754883
0.88909426987061,0.8016666666666666,14.027303695678711
0.8894230769230769,0.8016666666666666,14.028871536254883
0.8893821679615243,0.8013333333333333,14.032831192016602
0.8893412287194671,0.801,14.033292770385742
0.8893002591632728,0.8006666666666666,14.033961296081543
0.8892592592592593,0.8003333333333333,14.036888122558594
0.8902484241750093,0.8003333333333333,14.039275169372559
0.8902077151335311,0.8,14.039904594421387
0.8901669758812616,0.7996666666666666,14.046031951904297
0.8901262063845583,0.7993333333333333,14.046042442321777
0.8900854066097289,0.799,14.04880142211914
0.8907469342251951,0.799,14.053922653198242
0.8907063197026023,0.7986666666666666,14.055030822753906
0.8906656749721086,0.7983333333333333,14.055810928344727
0.890625,0.798,14.058493614196777
0.8905842947525121,0.7976666666666666,14.058978080749512
0.8905435591958303,0.7973333333333333,14.064820289611816
0.8908752327746741,0.7973333333333333,14.065768241882324
0.8908345752608048,0.797,14.066346168518066
0.8911666045471487,0.797,14.068321228027344
0.8911260253542133,0.7966666666666666,14.074991226196289
0.8910854158895934,0.7963333333333333,14.07650375366211
0.891044776119403,0.796,14.081043243408203
0.8910041060097051,0.7956666666666666,14.085123062133789
0.8909634055265123,0.7953333333333333,14.087635040283203
0.8909226746357863,0.795,14.08877182006836
0.890881913303438,0.7946666666666666,14.089068412780762
0.8908411214953271,0.7943333333333333,14.094259262084961
0.8908002991772626,0.794,14.096330642700195
0.8907594463150019,0.7936666666666666,14.096953392028809
0.8907185628742516,0.7933333333333333,14.099813461303711
0.8906776488206665,0.793,14.10263442993164
0.8906367041198502,0.7926666666666666,14.10316276550293
0.8909704008992132,0.7926666666666666,14.103408813476562
0.8909295352323838,0.7923333333333333,14.104988098144531
0.890888638920135,0.792,14.10806655883789
0.890847711927982,0.7916666666666666,14.113425254821777
0.8908067542213883,0.7913333333333333,14.11613655090332
0.8907657657657657,0.791,14.118817329406738
0.8907247465264739,0.7906666666666666,14.119834899902344
0.8906836964688204,0.7903333333333333,14.124711036682129
0.8906426155580609,0.79,14.127635955810547
0.8906015037593985,0.7896666666666666,14.128593444824219
0.8905603610379842,0.7893333333333333,14.130022048950195
0.8905191873589164,0.789,14.134858131408691
0.8904779826872412,0.7886666666666666,14.136549949645996
0.8904367469879518,0.7883333333333333,14.143409729003906
0.8903954802259887,0.788,14.144224166870117
0.8903541823662396,0.7876666666666666,14.144353866577148
0.8903128533735394,0.7873333333333333,14.145181655883789
0.8902714932126696,0.787,14.148632049560547
0.8902301018483592,0.7866666666666666,14.150083541870117
0.890188679245283,0.7863333333333333,14.153387069702148
0.8905247263118158,0.7863333333333333,14.153843879699707
0.8904833836858006,0.786,14.156936645507812
0.8908197959954666,0.786,14.166431427001953
0.8907785336356765,0.7856666666666666,14.16847038269043
0.8907372400756144,0.7853333333333333,14.168950080871582
0.890695915279879,0.785,14.169754028320312
0.8906545592130155,0.7846666666666666,14.170829772949219
0.8906131718395155,0.7843333333333333,14.17430591583252
0.8905717531238168,0.784,14.179227828979492
0.890530303030303,0.7836666666666666,14.180115699768066
0.8904888215233043,0.7833333333333333,14.1809663772583
0.8904473085670963,0.783,14.184900283813477
0.8904057641259007,0.7826666666666666,14.187112808227539
0.8903641881638846,0.7823333333333333,14.187931060791016
0.8903225806451613,0.782,14.197211265563965
0.8902809415337889,0.7816666666666666,14.198125839233398
0.8902392707937714,0.7813333333333333,14.202409744262695
0.8901975683890577,0.781,14.203729629516602
0.8901558342835424,0.7806666666666666,14.204072952270508
0.8901140684410647,0.7803333333333333,14.205717086791992
0.8900722708254089,0.78,14.21160888671875
0.8900304414003044,0.7796666666666666,14.211709022521973
0.8899885801294252,0.7793333333333333,14.212260246276855
0.8899466869763899,0.779,14.215022087097168
0.8899047619047619,0.7786666666666666,14.218622207641602
0.8898628048780488,0.7783333333333333,14.22533130645752
0.8898208158597026,0.778,14.231803894042969
0.8897787948131197,0.7776666666666666,14.232454299926758
0.8897367417016406,0.7773333333333333,14.233070373535156
0.8896946564885496,0.777,14.235342979431152
0.8900343642611683,0.777,14.240442276000977
0.8899923605805958,0.7766666666666666,14.241262435913086
0.8899503247993886,0.7763333333333333,14.242259979248047
0.8906309751434034,0.7763333333333333,14.243721008300781
0.8905891354246366,0.776,14.257818222045898
0.8905472636815921,0.7756666666666666,14.25918960571289
0.8905053598774885,0.7753333333333333,14.259765625
0.8904634239754883,0.775,14.260218620300293
0.8904214559386974,0.7746666666666666,14.26915168762207
0.8911042944785276,0.7746666666666666,14.274090766906738
0.8910625239739164,0.7743333333333333,14.275084495544434
0.8914044512663085,0.7743333333333333,14.277667045593262
0.891362763915547,0.774,14.277713775634766
0.891321044546851,0.7736666666666666,14.281559944152832
0.8912792931233192,0.7733333333333333,14.282615661621094
0.8912375096079939,0.773,14.283557891845703
0.89119569396386,0.7726666666666666,14.284770965576172
0.8911538461538462,0.7723333333333333,14.285079002380371
0.8911119661408234,0.772,14.286521911621094
0.8910700538876059,0.7716666666666666,14.286711692810059
0.8910281093569503,0.7713333333333333,14.288585662841797
0.8909861325115562,0.771,14.292128562927246
0.8909441233140655,0.7706666666666667,14.292906761169434
0.8912875867386276,0.7706666666666667,14.294637680053711
0.8912456613960663,0.7703333333333333,14.301161766052246
0.8912037037037037,0.77,14.308430671691895
0.8911617136240834,0.7696666666666667,14.309404373168945
0.8915057915057915,0.7696666666666667,14.314120292663574
0.8914638856701429,0.7693333333333333,14.316558837890625
0.8918083462132921,0.7693333333333333,14.319622039794922
0.8917665249323541,0.769,14.321500778198242
0.8921113689095128,0.769,14.323570251464844
0.8920696324951644,0.7686666666666667,14.324652671813965
0.8920278637770898,0.7683333333333333,14.325854301452637
0.89198606271777,0.768,14.326375961303711
0.8919442292796282,0.7676666666666667,14.334897994995117
0.891902363425029,0.7673333333333333,14.335058212280273
0.891860465116279,0.767,14.339117050170898
0.8918185343156262,0.7666666666666667,14.349092483520508
0.8917765709852599,0.7663333333333333,14.350406646728516
0.8917345750873108,0.766,14.352598190307617
0.8916925465838509,0.7656666666666667,14.35340690612793
0.8916504854368932,0.7653333333333333,14.354475021362305
0.8916083916083916,0.765,14.356283187866211
0.891566265060241,0.7646666666666667,14.367916107177734
0.8915241057542769,0.7643333333333333,14.368819236755371
0.8914819136522754,0.764,14.36923599243164
0.8914396887159534,0.7636666666666667,14.370489120483398
0.8913974309069677,0.7633333333333333,14.376749992370605
0.8913551401869159,0.763,14.376802444458008
0.8917023763147643,0.763,14.377246856689453
0.8916601714731099,0.7626666666666667,14.37860107421875
0.8916179337231969,0.7623333333333333,14.382185935974121
0.891575663026521,0.762,14.387048721313477
0.8915333593445182,0.7616666666666667,14.388065338134766
0.8914910226385636,0.7613333333333333,14.38886833190918
0.8914486528699727,0.761,14.389188766479492
0.89140625,0.7606666666666667,14.393651008605957
0.8928012519561815,0.7606666666666667,14.402318000793457
0.8927592954990216,0.7603333333333333,14.402904510498047
0.8927173061863743,0.76,14.405179023742676
0.8926752839796318,0.7596666666666667,14.410961151123047
0.8926332288401254,0.7593333333333333,14.413362503051758
0.8925911407291258,0.759,14.417137145996094
0.8925490196078432,0.7586666666666667,14.417928695678711
0.8925068654374264,0.7583333333333333,14.427897453308105
0.8924646781789639,0.758,14.428861618041992
0.8924224577934825,0.7576666666666667,14.430049896240234
0.8923802042419482,0.7573333333333333,14.430497169494629
0.8923379174852653,0.757,14.433595657348633
0.8922955974842768,0.7566666666666667,14.434999465942383
0.892253244199764,0.7563333333333333,14.440446853637695
0.8922108575924469,0.756,14.442530632019043
0.892168437622983,0.7556666666666667,14.444189071655273
0.8921259842519685,0.7553333333333333,14.444278717041016
0.892083497439937,0.755,14.44537353515625
0.8920409771473601,0.7546666666666667,14.449193954467773
0.8919984233346472,0.7543333333333333,14.453092575073242
0.8919558359621451,0.754,14.454673767089844
0.8919132149901381,0.7536666666666667,14.455831527709961
0.8918705603788477,0.7533333333333333,14.457738876342773
0.8918278720884327,0.753,14.463292121887207
0.891785150078989,0.7526666666666667,14.463788032531738
0.8917423943105491,0.7523333333333333,14.463990211486816
0.891699604743083,0.752,14.464561462402344
0.8916567813364966,0.7516666666666667,14.464900970458984
0.8916139240506329,0.7513333333333333,14.466132164001465
0.8915710328452711,0.751,14.466983795166016
0.8915281076801267,0.7506666666666667,14.469975471496582
0.8918811881188119,0.7506666666666667,14.470943450927734
0.8918383518225039,0.7503333333333333,14.47160530090332
0.89179548156956,0.75,14.474971771240234
0.8917525773195877,0.7496666666666667,14.475018501281738
0.8917096390321301,0.7493333333333333,14.477794647216797
0.8924176260420802,0.7493333333333333,14.478828430175781
0.892374900714853,0.749,14.48150634765625
0.8923321414382201,0.7486666666666667,14.483646392822266
0.8922893481717011,0.7483333333333333,14.485458374023438
0.8922465208747515,0.748,14.487249374389648
0.8926014319809069,0.748,14.491682052612305
0.892558694787107,0.7476666666666667,14.494352340698242
0.892515923566879,0.7473333333333333,14.495238304138184
0.8924731182795699,0.747,14.495525360107422
0.8924302788844621,0.7466666666666667,14.496870040893555
0.8923874053407732,0.7463333333333333,14.498689651489258
0.8927432216905901,0.7463333333333333,14.501063346862793
0.89270043877144,0.746,14.504653930664062
0.8926576217079011,0.7456666666666667,14.50668716430664
0.8926147704590819,0.7453333333333333,14.51035213470459
0.8925718849840255,0.745,14.510505676269531
0.89252896524171,0.7446666666666667,14.510799407958984
0.8924860111910472,0.7443333333333333,14.511561393737793
0.8924430227908836,0.744,14.511848449707031
0.8924,0.7436666666666667,14.513517379760742
0.8923569427771109,0.7433333333333333,14.514486312866211
0.8923138510808647,0.743,14.515034675598145
0.8922707248698438,0.7426666666666667,14.524309158325195
0.8926282051282052,0.7426666666666667,14.52433967590332
0.8925851703406814,0.7423333333333333,14.524534225463867
0.892542101042502,0.742,14.524932861328125
0.892498997192138,0.7416666666666667,14.526435852050781
0.8924558587479936,0.7413333333333333,14.527519226074219
0.8924126856684063,0.741,14.529377937316895
0.8923694779116466,0.7406666666666667,14.53004264831543
0.892326235435918,0.7403333333333333,14.53271484375
0.8922829581993569,0.74,14.532905578613281
0.8922396461600322,0.7396666666666667,14.536428451538086
0.8921962992759453,0.7393333333333333,14.53770637512207
0.8925553319919517,0.7393333333333333,14.540424346923828
0.892512077294686,0.739,14.542247772216797
0.8924687877567459,0.7386666666666667,14.542388916015625
0.8928283642224013,0.7386666666666667,14.543022155761719
0.8927851672712616,0.7383333333333333,14.546442985534668
0.8927419354838709,0.738,14.551499366760254
0.8926986688180718,0.7376666666666667,14.553398132324219
0.8926553672316384,0.7373333333333333,14.556205749511719
0.8926120306822769,0.737,14.564315795898438
0.8925686591276252,0.7366666666666667,14.564409255981445
0.8925252525252525,0.7363333333333333,14.568592071533203
0.8924818108326596,0.736,14.572517395019531
0.8924383340072786,0.7356666666666667,14.573548316955566
0.892799352750809,0.7356666666666667,14.577916145324707
0.8927559692432213,0.7353333333333333,14.581870079040527
0.8927125506072875,0.735,14.583839416503906
0.892669096800324,0.7346666666666667,14.58794116973877
0.893030794165316,0.7346666666666667,14.595792770385742
0.892987434130523,0.7343333333333333,14.601253509521484
0.8929440389294404,0.734,14.605901718139648
0.8933062880324544,0.734,14.606674194335938
0.893262987012987,0.7336666666666667,14.609699249267578
0.8932196508323184,0.7333333333333333,14.609882354736328
0.8931762794476036,0.733,14.613809585571289
0.8931328728159285,0.7326666666666667,14.616531372070312
0.8934959349593496,0.7326666666666667,14.617094993591309
0.8934526230174867,0.7323333333333333,14.622102737426758
0.8934092758340114,0.732,14.622637748718262
0.8933658933658933,0.7316666666666667,14.623007774353027
0.8933224755700325,0.7313333333333333,14.623364448547363
0.8936863543788187,0.7313333333333333,14.623941421508789
0.8936430317848411,0.731,14.626073837280273
0.8935996738687322,0.7306666666666667,14.631505966186523
0.8939641109298532,0.7306666666666667,14.633792877197266
0.893920848633211,0.7303333333333333,14.634668350219727
0.8938775510204081,0.73,14.635396957397461
0.893834218048183,0.7296666666666667,14.6360445022583
0.8937908496732027,0.7293333333333333,14.63685131072998
0.8941561095218635,0.7293333333333333,14.638168334960938
0.8941128372853638,0.729,14.644216537475586
0.8940695296523518,0.7286666666666667,14.644247055053711
0.894026186579378,0.7283333333333334,14.64592170715332
0.8939828080229226,0.728,14.646203994750977
0.8939393939393939,0.7276666666666667,14.64661979675293
0.8938959442851291,0.7273333333333334,14.647701263427734
0.8938524590163934,0.727,14.64891529083252
0.8938089380893809,0.7266666666666667,14.64972972869873
0.8937653814602133,0.7263333333333334,14.652223587036133
0.8937217890849405,0.726,14.653032302856445
0.8936781609195402,0.7256666666666667,14.658834457397461
0.8936344969199178,0.7253333333333334,14.660165786743164
0.8940016433853739,0.7253333333333334,14.660945892333984
0.8939580764488286,0.725,14.661619186401367
0.8939144736842105,0.7246666666666667,14.662481307983398
0.8938708350473057,0.7243333333333334,14.666990280151367
0.8938271604938272,0.724,14.66839599609375
0.8937834499794154,0.7236666666666667,14.671401977539062
0.8937397034596376,0.7233333333333334,14.673063278198242
0.8941079522043676,0.7233333333333334,14.681228637695312
0.8940643033800495,0.723,14.681876182556152
0.894020618556701,0.7226666666666667,14.681904792785645
0.893976897689769,0.7223333333333334,14.68667221069336
0.8939331407346265,0.722,14.69745922088623
0.8938893476465731,0.7216666666666667,14.699413299560547
0.8938455183808344,0.7213333333333334,14.70129680633545
0.893801652892562,0.721,14.70205020904541
0.8937577511368334,0.7206666666666667,14.705068588256836
0.8937138130686518,0.7203333333333334,14.706476211547852
0.8936698386429458,0.72,14.709930419921875
0.8936258278145696,0.7196666666666667,14.714357376098633
0.8935817805383023,0.7193333333333334,14.715853691101074
0.8935376967688484,0.719,14.717948913574219
0.8934935764608372,0.7186666666666667,14.72191333770752
0.8934494195688225,0.7183333333333334,14.72259521484375
0.8934052260472832,0.718,14.725072860717773
0.8937759336099586,0.718,14.728629112243652
0.8937318389373183,0.7176666666666667,14.728816032409668
0.893687707641196,0.7173333333333334,14.729324340820312
0.8936435396759451,0.717,14.731956481933594
0.8935993349958438,0.7166666666666667,14.732702255249023
0.8935550935550935,0.7163333333333334,14.736052513122559
0.8935108153078203,0.716,14.736124992370605
0.8934665002080733,0.7156666666666667,14.746132850646973
0.8934221482098251,0.7153333333333334,14.748863220214844
0.893377759266972,0.715,14.75007152557373
0.8933333333333333,0.7146666666666667,14.751355171203613
0.893705710712797,0.7146666666666667,14.754295349121094
0.8936613844870726,0.7143333333333334,14.75748348236084
0.8936170212765957,0.714,14.759135246276855
0.8939899833055092,0.714,14.76150131225586
0.8939457202505219,0.7136666666666667,14.762615203857422
0.8943191311612364,0.7136666666666667,14.766396522521973
0.8942749686585876,0.7133333333333334,14.766397476196289
0.8942307692307693,0.713,14.771200180053711
0.8941865328314513,0.7126666666666667,14.772703170776367
0.894142259414226,0.7123333333333334,14.774969100952148
0.8940979489326077,0.712,14.774993896484375
0.8940536013400335,0.7116666666666667,14.782853126525879
0.8940092165898618,0.7113333333333334,14.787015914916992
0.893964794635373,0.711,14.789080619812012
0.8939203354297693,0.7106666666666667,14.790258407592773
0.8938758389261745,0.7103333333333334,14.7929105758667
0.8938313050776332,0.71,14.792932510375977
0.8937867338371117,0.7096666666666667,14.795598983764648
0.8937421251574968,0.7093333333333334,14.798931121826172
0.8936974789915967,0.709,14.80205249786377
0.8936527952921396,0.7086666666666667,14.802637100219727
0.8936080740117746,0.7083333333333334,14.805506706237793
0.8939840134623475,0.7083333333333334,14.806535720825195
0.8939393939393939,0.708,14.808916091918945
0.8943157894736842,0.708,14.811408996582031
0.8942712721145746,0.7076666666666667,14.819889068603516
0.8942267172355668,0.7073333333333334,14.820322036743164
0.8941821247892074,0.707,14.821640014648438
0.8941374947279629,0.7066666666666667,14.826553344726562
0.8940928270042194,0.7063333333333334,14.831628799438477
0.8940481215702828,0.706,14.834226608276367
0.8940033783783784,0.7056666666666667,14.834856033325195
0.8939585973806506,0.7053333333333334,14.835058212280273
0.8939137785291631,0.705,14.83615779876709
0.8938689217758985,0.7046666666666667,14.836213111877441
0.893824027072758,0.7043333333333334,14.839448928833008
0.8937790943715616,0.704,14.84124755859375
0.8937341236240475,0.7036666666666667,14.842613220214844
0.8936891147818721,0.7033333333333334,14.843013763427734
0.8936440677966102,0.703,14.84946060180664
0.894022891055532,0.703,14.850625991821289
0.8939779474130619,0.7026666666666667,14.852936744689941
0.8939329656342808,0.7023333333333334,14.855400085449219
0.8938879456706282,0.702,14.86069107055664
0.8938428874734607,0.7016666666666667,14.865345001220703
0.8937977909940527,0.7013333333333334,14.867937088012695
0.8937526561835955,0.701,14.868147850036621
0.8937074829931972,0.7006666666666667,14.870428085327148
0.8936622713738834,0.7003333333333334,14.879131317138672
0.8936170212765957,0.7,14.881731033325195
0.8935717326521925,0.6996666666666667,14.88909912109375
0.893526405451448,0.6993333333333334,14.890371322631836
0.893907115466553,0.6993333333333334,14.892852783203125
0.8938618925831202,0.699,14.894771575927734
0.8938166311300639,0.6986666666666667,14.895307540893555
0.8937713310580204,0.6983333333333334,14.898621559143066
0.8937259923175416,0.698,14.905349731445312
0.8936806148590948,0.6976666666666667,14.910074234008789
0.8936351986330628,0.6973333333333334,14.911540031433105
0.8935897435897436,0.697,14.912141799926758
0.8935442496793502,0.6966666666666667,14.912897109985352
0.8939264328485885,0.6966666666666667,14.915457725524902
0.8938810440735986,0.6963333333333334,14.917166709899902
0.894263698630137,0.6963333333333334,14.917261123657227
0.8942184154175589,0.696,14.917403221130371
0.8941730934018852,0.6956666666666667,14.924861907958984
0.894127732533219,0.6953333333333334,14.93315601348877
0.894082332761578,0.695,14.935419082641602
0.894036894036894,0.6946666666666667,14.93677043914795
0.8939914163090129,0.6943333333333334,14.936897277832031
0.8939458995276943,0.694,14.937538146972656
0.8939003436426117,0.6936666666666667,14.938345909118652
0.8938547486033519,0.6933333333333334,14.940873146057129
0.8942390369733448,0.6933333333333334,14.94145679473877
0.8941935483870967,0.693,14.943556785583496
0.8941480206540448,0.6926666666666667,14.943565368652344
0.8941024537236333,0.6923333333333334,14.94498062133789
0.8940568475452196,0.692,14.950150489807129
0.894011202068074,0.6916666666666667,14.951892852783203
0.8939655172413793,0.6913333333333334,14.956979751586914
0.8939197930142303,0.691,14.957426071166992
0.8938740293356342,0.6906666666666667,14.967940330505371
0.8938282261545102,0.6903333333333334,14.97392463684082
0.8937823834196891,0.69,14.976274490356445
0.8937365010799136,0.6896666666666667,14.978347778320312
0.8936905790838375,0.6893333333333334,14.97939682006836
0.893644617380026,0.689,14.981363296508789
0.893598615916955,0.6886666666666666,14.989234924316406
0.8935525746430116,0.6883333333333334,14.989917755126953
0.8935064935064935,0.688,14.991232872009277
0.8938934603724557,0.688,14.991264343261719
0.8938474870017331,0.6876666666666666,14.99282455444336
0.8938014737754659,0.6873333333333334,14.993314743041992
0.8941890719861232,0.6873333333333334,14.994184494018555
0.8941431670281995,0.687,14.994193077087402
0.8940972222222222,0.6866666666666666,14.995528221130371
0.8940512375162831,0.6863333333333334,14.99595832824707
0.8944396177237185,0.6863333333333334,14.998498916625977
0.894393741851369,0.686,15.001096725463867
0.8943478260869565,0.6856666666666666,15.007434844970703
0.8943018703784255,0.6853333333333333,15.009346008300781
0.8942558746736292,0.685,15.013280868530273
0.8942098389203309,0.6846666666666666,15.016586303710938
0.894163763066202,0.6843333333333333,15.018192291259766
0.8941176470588236,0.684,15.01926326751709
0.8940714908456844,0.6836666666666666,15.020654678344727
0.8940252943741823,0.6833333333333333,15.022331237792969
0.893979057591623,0.683,15.023882865905762
0.8939327804452204,0.6826666666666666,15.031225204467773
0.8938864628820961,0.6823333333333333,15.032732009887695
0.8938401048492791,0.682,15.034019470214844
0.8937937062937062,0.6816666666666666,15.038384437561035
0.8937472671622213,0.6813333333333333,15.038917541503906
0.8937007874015748,0.681,15.046628952026367
0.8936542669584245,0.6806666666666666,15.04783821105957
0.8936077057793345,0.6803333333333333,15.048160552978516
0.8935611038107752,0.68,15.056055068969727
0.8935144609991236,0.6796666666666666,15.057796478271484
0.893467777290662,0.6793333333333333,15.060005187988281
0.8934210526315789,0.679,15.063308715820312
0.8933742869679684,0.6786666666666666,15.064300537109375
0.8933274802458296,0.6783333333333333,15.067194938659668
0.8932806324110671,0.678,15.070650100708008
0.8932337434094904,0.6776666666666666,15.07131576538086
0.8931868131868131,0.6773333333333333,15.075664520263672
0.8931398416886543,0.677,15.076129913330078
0.8930928288605368,0.6766666666666666,15.077741622924805
0.8930457746478874,0.6763333333333333,15.080340385437012
0.8934390136503743,0.6763333333333333,15.082295417785645
0.8933920704845815,0.676,15.087526321411133
0.8933450859409432,0.6756666666666666,15.090632438659668
0.8932980599647267,0.6753333333333333,15.090654373168945
0.8932509925011027,0.675,15.090723037719727
0.8936451897616946,0.675,15.095773696899414
0.893598233995585,0.6746666666666666,15.097875595092773
0.8935512367491166,0.6743333333333333,15.09877872467041
0.8935041979673001,0.674,15.09913444519043
0.8934571175950486,0.6736666666666666,15.103598594665527
0.8934099955771783,0.6733333333333333,15.104095458984375
0.893362831858407,0.673,15.104719161987305
0.8933156263833555,0.6726666666666666,15.106773376464844
0.8937112488928255,0.6726666666666666,15.106954574584961
0.8936641559592379,0.6723333333333333,15.112390518188477
0.8936170212765957,0.672,15.113100051879883
0.893569844789357,0.6716666666666666,15.113521575927734
0.8935226264418811,0.6713333333333333,15.114173889160156
0.8934753661784287,0.671,15.116270065307617
0.8934280639431617,0.6706666666666666,15.117175102233887
0.8942222222222223,0.6706666666666666,15.12528133392334
0.8941751889728768,0.6703333333333333,15.125840187072754
0.8941281138790036,0.67,15.126153945922852
0.8940809968847352,0.6696666666666666,15.126327514648438
0.8940338379341051,0.6693333333333333,15.127083778381348
0.8939866369710467,0.669,15.1276216506958
0.8939393939393939,0.6686666666666666,15.13109016418457
0.8938921087828801,0.6683333333333333,15.133281707763672
0.8938447814451382,0.668,15.134576797485352
0.8937974118697011,0.6676666666666666,15.135165214538574
0.89375,0.6673333333333333,15.137401580810547
0.8937025457793658,0.667,15.139732360839844
0.8936550491510277,0.6666666666666666,15.145559310913086
0.8936075100581136,0.6663333333333333,15.147500991821289
0.8935599284436494,0.666,15.151182174682617
0.8935123042505593,0.6656666666666666,15.152759552001953
0.8939122649955237,0.6656666666666666,15.156158447265625
0.8938647559337215,0.6653333333333333,15.157096862792969
0.8938172043010753,0.665,15.157105445861816
0.8937696100403406,0.6646666666666666,15.159433364868164
0.8937219730941705,0.6643333333333333,15.164834976196289
0.8936742934051144,0.664,15.168071746826172
0.8936265709156194,0.6636666666666666,15.16873836517334
0.8935788055680287,0.6633333333333333,15.168859481811523
0.8935309973045822,0.663,15.172955513000488
0.8934831460674157,0.6626666666666666,15.174543380737305
0.8938848920863309,0.6626666666666666,15.176494598388672
0.8938371569950517,0.6623333333333333,15.177215576171875
0.8937893789378938,0.662,15.178698539733887
0.8937415578568213,0.6616666666666666,15.179059982299805
0.8936936936936937,0.6613333333333333,15.181266784667969
0.8936457863902659,0.661,15.18411636352539
0.8935978358881875,0.6606666666666666,15.18840217590332
0.8935498421290031,0.6603333333333333,15.189077377319336
0.8935018050541517,0.66,15.190135955810547
0.8934537246049662,0.6596666666666666,15.197964668273926
0.8934056007226739,0.6593333333333333,15.199575424194336
0.8933574333483958,0.659,15.200918197631836
0.8933092224231465,0.6586666666666666,15.201662063598633
0.8932609678878336,0.6583333333333333,15.205427169799805
0.893212669683258,0.658,15.209980964660645
0.8931643277501131,0.6576666666666666,15.211061477661133
0.8931159420289855,0.6573333333333333,15.211936950683594
0.8930675124603534,0.657,15.214494705200195
0.8930190389845875,0.6566666666666666,15.2147855758667
0.8929705215419501,0.6563333333333333,15.215465545654297
0.8929219600725953,0.656,15.217684745788574
0.8928733545165684,0.6556666666666666,15.220218658447266
0.8928247048138056,0.6553333333333333,15.226667404174805
0.8927760109041345,0.655,15.227193832397461
0.8927272727272727,0.6546666666666666,15.228002548217773
0.8926784902228285,0.6543333333333333,15.228445053100586
0.8926296633303002,0.654,15.229640007019043
0.892580791989076,0.6536666666666666,15.236010551452637
0.8925318761384335,0.6533333333333333,15.237619400024414
0.8924829157175399,0.653,15.239938735961914
0.8924339106654512,0.6526666666666666,15.240776062011719
0.8923848609211126,0.6523333333333333,15.241203308105469
0.8927919708029197,0.6523333333333333,15.246013641357422
0.8927430397078959,0.652,15.251185417175293
0.8926940639269406,0.6516666666666666,15.254770278930664
0.8926450433988122,0.6513333333333333,15.256513595581055
0.8925959780621572,0.651,15.260368347167969
0.8925468678555099,0.6506666666666666,15.269218444824219
0.8924977127172918,0.6503333333333333,15.270313262939453
0.8924485125858124,0.65,15.271714210510254
0.8923992673992674,0.6496666666666666,15.273998260498047
0.8923499770957398,0.6493333333333333,15.275649070739746
0.8923006416131989,0.649,15.280494689941406
0.8922512608895002,0.6486666666666666,15.280925750732422
0.8922018348623854,0.6483333333333333,15.282381057739258
0.8921523634694815,0.648,15.283021926879883
0.8921028466483012,0.6476666666666666,15.283385276794434
0.8920532843362425,0.6473333333333333,15.289514541625977
0.8920036764705882,0.647,15.289661407470703
0.8919540229885058,0.6466666666666666,15.289878845214844
0.8919043238270469,0.6463333333333333,15.291646957397461
0.8918545789231477,0.646,15.291885375976562
0.891804788213628,0.6456666666666667,15.293939590454102
0.8917549516351911,0.6453333333333333,15.297836303710938
0.8917050691244239,0.645,15.297935485839844
0.8916551406177963,0.6446666666666667,15.298088073730469
0.8916051660516605,0.6443333333333333,15.302050590515137
0.891555145362252,0.644,15.304144859313965
0.8915050784856879,0.6436666666666667,15.304433822631836
0.8914549653579676,0.6433333333333333,15.307601928710938
0.8914048059149723,0.643,15.315511703491211
0.8913546000924641,0.6426666666666667,15.317476272583008
0.8913043478260869,0.6423333333333333,15.325197219848633
0.8912540490513651,0.642,15.328126907348633
0.8912037037037037,0.6416666666666667,15.33096694946289
0.8911533117183882,0.6413333333333333,15.331363677978516
0.891566265060241,0.6413333333333333,15.331966400146484
0.8915159944367177,0.641,15.33454704284668
0.891465677179963,0.6406666666666667,15.337017059326172
0.891415313225058,0.6403333333333333,15.338241577148438
0.8913649025069638,0.64,15.338563919067383
0.8913144449605203,0.6396666666666667,15.339678764343262
0.8912639405204461,0.6393333333333333,15.339733123779297
0.891213389121339,0.639,15.343809127807617
0.8911627906976745,0.6386666666666667,15.344232559204102
0.8911121451838064,0.6383333333333333,15.345943450927734
0.8910614525139665,0.638,15.350440979003906
0.8910107126222636,0.6376666666666667,15.353097915649414
0.8909599254426841,0.6373333333333333,15.354425430297852
0.8909090909090909,0.637,15.357329368591309
0.8913246268656716,0.637,15.359315872192383
0.8912739150723286,0.6366666666666667,15.361793518066406
0.8912231559290383,0.6363333333333333,15.363212585449219
0.8911723493694536,0.636,15.363889694213867
0.8911214953271028,0.6356666666666667,15.364276885986328
0.8910705937353903,0.6353333333333333,15.368169784545898
0.8910196445275959,0.635,15.368555068969727
0.8909686476368741,0.6346666666666667,15.37246036529541
0.8909176029962547,0.6343333333333333,15.375137329101562
0.8908665105386416,0.634,15.375235557556152
0.8908153701968134,0.6336666666666667,15.37597370147705
0.8907641819034224,0.6333333333333333,15.376117706298828
0.8907129455909943,0.633,15.377399444580078
0.8906616611919287,0.6326666666666667,15.377721786499023
0.8906103286384977,0.6323333333333333,15.378469467163086
0.8905589478628464,0.632,15.381600379943848
0.8909774436090225,0.632,15.382160186767578
0.8909261871180065,0.6316666666666667,15.383005142211914
0.8908748824082785,0.6313333333333333,15.386431694030762
0.8912941176470588,0.6313333333333333,15.389241218566895
0.8912429378531074,0.631,15.393138885498047
0.8911917098445595,0.6306666666666667,15.396751403808594
0.8911404335532517,0.6303333333333333,15.397917747497559
0.8910891089108911,0.63,15.399825096130371
0.8910377358490567,0.6296666666666667,15.402938842773438
0.8914582350165172,0.6296666666666667,15.406614303588867
0.8914069877242682,0.6293333333333333,15.406620025634766
0.8913556920170052,0.629,15.410205841064453
0.8913043478260869,0.6286666666666667,15.410877227783203
0.891725768321513,0.6286666666666667,15.410964965820312
0.8916745506149479,0.6283333333333333,15.412960052490234
0.8916232844297208,0.628,15.415289878845215
0.8915719696969697,0.6276666666666667,15.415522575378418
0.8915206063477025,0.6273333333333333,15.415960311889648
0.8919431279620853,0.6273333333333333,15.417481422424316
0.8918918918918919,0.627,15.41900634765625
0.8918406072106262,0.6266666666666667,15.42293930053711
0.8917892738490745,0.6263333333333333,15.426675796508789
0.8917378917378918,0.626,15.427284240722656
0.891686460807601,0.6256666666666667,15.427522659301758
0.8916349809885932,0.6253333333333333,15.427716255187988
0.891583452211127,0.625,15.42857551574707
0.8915318744053282,0.6246666666666667,15.429887771606445
0.8914802475011899,0.6243333333333333,15.433243751525879
0.8914285714285715,0.624,15.434503555297852
0.8913768461171987,0.6236666666666667,15.434857368469238
0.8913250714966635,0.6233333333333333,15.453463554382324
0.8917501192179303,0.6233333333333333,15.457662582397461
0.8916984732824428,0.623,15.459153175354004
0.8916467780429594,0.6226666666666667,15.461962699890137
0.8915950334288443,0.6223333333333333,15.466653823852539
0.8915432393693263,0.622,15.467974662780762
0.891491395793499,0.6216666666666667,15.474132537841797
0.8914395026303205,0.6213333333333333,15.475404739379883
0.8913875598086124,0.621,15.47661304473877
0.8913355672570608,0.6206666666666667,15.480039596557617
0.8912835249042146,0.6203333333333333,15.480624198913574
0.8912314326784858,0.62,15.482109069824219
0.8911792905081496,0.6196666666666667,15.484834671020508
0.891127098321343,0.6193333333333333,15.488914489746094
0.8910748560460653,0.619,15.489326477050781
0.8910225636101776,0.6186666666666667,15.490283012390137
0.8909702209414025,0.6183333333333333,15.490463256835938
0.8909178279673234,0.618,15.490909576416016
0.8908653846153847,0.6176666666666667,15.49162769317627
0.8908128908128908,0.6173333333333333,15.493738174438477
0.8907603464870067,0.617,15.493905067443848
0.8907077515647569,0.6166666666666667,15.494550704956055
0.890655105973025,0.6163333333333333,15.497125625610352
0.8906024096385542,0.616,15.49822998046875
0.890549662487946,0.6156666666666667,15.498517990112305
0.8904968644476604,0.6153333333333333,15.501622200012207
0.8913568324480927,0.6153333333333333,15.502090454101562
0.8913043478260869,0.615,15.505144119262695
0.8912518124697921,0.6146666666666667,15.507981300354004
0.8911992263056093,0.6143333333333333,15.508005142211914
0.8911465892597968,0.614,15.511858940124512
0.8910939012584704,0.6136666666666667,15.512248992919922
0.8910411622276029,0.6133333333333333,15.512264251708984
0.8909883720930233,0.613,15.515405654907227
0.8909355307804169,0.6126666666666667,15.516559600830078
0.8908826382153249,0.6123333333333333,15.516609191894531
0.8908296943231441,0.612,15.519439697265625
0.8907766990291263,0.6116666666666667,15.521665573120117
0.8907236522583779,0.6113333333333333,15.524370193481445
0.89067055393586,0.611,15.535308837890625
0.8906174039863879,0.6106666666666667,15.539690017700195
0.8905642023346303,0.6103333333333333,15.541216850280762
0.8905109489051095,0.61,15.542041778564453
0.8904576436222006,0.6096666666666667,15.552623748779297
0.8904042864101315,0.6093333333333333,15.553587913513184
0.8903508771929824,0.609,15.55628490447998
0.8907849829351536,0.609,15.562681198120117
0.8907317073170732,0.6086666666666667,15.565205574035645
0.8911664226451927,0.6086666666666667,15.566051483154297
0.89111328125,0.6083333333333333,15.566162109375
0.8910600879335613,0.608,15.56666088104248
0.8910068426197458,0.6076666666666667,15.577814102172852
0.8909535452322739,0.6073333333333333,15.580615997314453
0.8909001956947162,0.607,15.58466911315918
0.8908467939304944,0.6066666666666667,15.592000007629395
0.8907933398628796,0.6063333333333333,15.592443466186523
0.8907398334149926,0.606,15.595365524291992
0.890686274509804,0.6056666666666667,15.596441268920898
0.8906326630701324,0.6053333333333333,15.599896430969238
0.8905789990186457,0.605,15.603239059448242
0.8905252822778595,0.6046666666666667,15.603846549987793
0.8904715127701375,0.6043333333333333,15.605725288391113
0.8909090909090909,0.6043333333333333,15.60605239868164
0.8908554572271387,0.604,15.606189727783203
0.8908017707820954,0.6036666666666667,15.612333297729492
0.890748031496063,0.6033333333333334,15.619622230529785
0.8906942392909897,0.603,15.621519088745117
0.8906403940886699,0.6026666666666667,15.622673034667969
0.8910793494332183,0.6026666666666667,15.624120712280273
0.8910256410256411,0.6023333333333334,15.628042221069336
0.8909718796250616,0.602,15.631582260131836
0.8909180651530109,0.6016666666666667,15.63545036315918
0.8908641975308642,0.6013333333333334,15.638042449951172
0.8908102766798419,0.601,15.639516830444336
0.8907563025210085,0.6006666666666667,15.640829086303711
0.890702274975272,0.6003333333333334,15.64169979095459
0.8906481939633845,0.6,15.642706871032715
0.8905940594059406,0.5996666666666667,15.644054412841797
0.8910351659237247,0.5996666666666667,15.645631790161133
0.8909811694747275,0.5993333333333334,15.646885871887207
0.8909271194843827,0.599,15.647064208984375
0.8908730158730159,0.5986666666666667,15.649003982543945
0.890818858560794,0.5983333333333334,15.649650573730469
0.8907646474677259,0.598,15.650575637817383
0.8907103825136612,0.5976666666666667,15.65347957611084
0.8906560636182903,0.5973333333333334,15.653900146484375
0.8906016907011437,0.597,15.656949043273926
0.8905472636815921,0.5966666666666667,15.658602714538574
0.8904927824788452,0.5963333333333334,15.658763885498047
0.8904382470119522,0.596,15.662567138671875
0.8903836571998007,0.5956666666666667,15.667379379272461
0.8903290129611167,0.5953333333333334,15.686857223510742
0.8902743142144638,0.595,15.687902450561523
0.8902195608782435,0.5946666666666667,15.689382553100586
0.890164752870694,0.5943333333333334,15.689512252807617
0.8901098901098901,0.594,15.691028594970703
0.8900549725137431,0.5936666666666667,15.69223690032959
0.8905,0.5936666666666667,15.692830085754395
0.8904452226113057,0.5933333333333334,15.693276405334473
0.8903903903903904,0.593,15.69433307647705
0.8903355032548823,0.5926666666666667,15.696426391601562
0.8902805611222445,0.5923333333333334,15.697558403015137
0.8902255639097745,0.592,15.698083877563477
0.8901705115346038,0.5916666666666667,15.700328826904297
0.8901154039136979,0.5913333333333334,15.701045989990234
0.8900602409638554,0.591,15.70293140411377
0.8900050226017077,0.5906666666666667,15.703834533691406
0.8899497487437186,0.5903333333333334,15.706433296203613
0.889894419306184,0.59,15.708340644836426
0.8898390342052314,0.5896666666666667,15.710654258728027
0.8897835933568193,0.5893333333333334,15.711132049560547
0.8897280966767371,0.589,15.715410232543945
0.8896725440806046,0.5886666666666667,15.715755462646484
0.889616935483871,0.5883333333333334,15.719526290893555
0.8895612708018155,0.588,15.719847679138184
0.8895055499495459,0.5876666666666667,15.720062255859375
0.889954568399798,0.5876666666666667,15.72127914428711
0.8898989898989899,0.5873333333333334,15.721488952636719
0.8898433552299141,0.587,15.721797943115234
0.8897876643073812,0.5866666666666667,15.730342864990234
0.8897319170460294,0.5863333333333334,15.73072338104248
0.8896761133603239,0.586,15.733036041259766
0.889620253164557,0.5856666666666667,15.734718322753906
0.889564336372847,0.5853333333333334,15.73630142211914
0.8895083628991384,0.585,15.737608909606934
0.8894523326572008,0.5846666666666667,15.738473892211914
0.8893962455606291,0.5843333333333334,15.740177154541016
0.8893401015228426,0.584,15.742305755615234
0.8892839004570848,0.5836666666666667,15.742359161376953
0.8892276422764228,0.5833333333333334,15.747764587402344
0.8891713268937468,0.583,15.753519058227539
0.8891149542217701,0.5826666666666667,15.75904655456543
0.889058524173028,0.5823333333333334,15.760763168334961
0.8890020366598778,0.582,15.760774612426758
0.8889454915944982,0.5816666666666667,15.760846138000488
0.8888888888888888,0.5813333333333334,15.76421070098877
0.88883222845487,0.581,15.768562316894531
0.8887755102040816,0.5806666666666667,15.773883819580078
0.8887187340479836,0.5803333333333334,15.77411937713623
0.8886618998978549,0.58,15.77542781829834
0.888605007664793,0.5796666666666667,15.776630401611328
0.8885480572597138,0.5793333333333334,15.777907371520996
0.8884910485933504,0.579,15.782328605651855
0.8884339815762539,0.5786666666666667,15.783227920532227
0.8883768561187916,0.5783333333333334,15.784802436828613
0.8883196721311475,0.578,15.7857084274292
0.8882624295233214,0.5776666666666667,15.787166595458984
0.8882051282051282,0.5773333333333334,15.787359237670898
0.888147768086198,0.577,15.788119316101074
0.8880903490759754,0.5766666666666667,15.794188499450684
0.8880328710837185,0.5763333333333334,15.799957275390625
0.8879753340184995,0.576,15.800580024719238
0.8884318766066838,0.576,15.80068588256836
0.8883744855967078,0.5756666666666667,15.803203582763672
0.8883170355120947,0.5753333333333334,15.80364990234375
0.888259526261586,0.575,15.806004524230957
0.8882019577537352,0.5746666666666667,15.80645751953125
0.8881443298969072,0.5743333333333334,15.806659698486328
0.8880866425992779,0.574,15.808234214782715
0.8880288957688338,0.5736666666666667,15.808342933654785
0.8879710893133712,0.5733333333333334,15.809511184692383
0.8879132231404959,0.573,15.812382698059082
0.8878552971576228,0.5726666666666667,15.813291549682617
0.8877973112719751,0.5723333333333334,15.817461967468262
0.8877392653905846,0.572,15.821004867553711
0.8876811594202898,0.5716666666666667,15.823848724365234
0.887622993267737,0.5713333333333334,15.831689834594727
0.8875647668393782,0.571,15.832381248474121
0.8880248833592534,0.571,15.840652465820312
0.8879668049792531,0.5706666666666667,15.841167449951172
0.8879086663207058,0.5703333333333334,15.842865943908691
0.8883696780893042,0.5703333333333334,15.845184326171875
0.8883116883116883,0.57,15.849393844604492
0.8882536382536382,0.5696666666666667,15.84956169128418
0.8881955278211129,0.5693333333333334,15.85297679901123
0.8881373569198752,0.569,15.853528022766113
0.888079125455492,0.5686666666666667,15.855587005615234
0.8880208333333334,0.5683333333333334,15.858800888061523
0.8884835852006253,0.5683333333333334,15.864246368408203
0.8884254431699687,0.568,15.86544418334961
0.8883672404799166,0.5676666666666667,15.869958877563477
0.8883089770354906,0.5673333333333334,15.870752334594727
0.8882506527415144,0.567,15.873344421386719
0.8881922675026124,0.5666666666666667,15.875017166137695
0.8881338212232096,0.5663333333333334,15.876921653747559
0.8880753138075314,0.566,15.879756927490234
0.8880167451596023,0.5656666666666667,15.882461547851562
0.8879581151832461,0.5653333333333334,15.88851547241211
0.8884232582503929,0.5653333333333334,15.890045166015625
0.8883647798742138,0.565,15.890435218811035
0.8883062401678028,0.5646666666666667,15.89057731628418
0.8882476390346274,0.5643333333333334,15.893760681152344
0.8881889763779528,0.564,15.895540237426758
0.8881302521008403,0.5636666666666666,15.895545959472656
0.8885969521807672,0.5636666666666666,15.897228240966797
0.8885383806519453,0.5633333333333334,15.904791831970215
0.8884797475013151,0.563,15.905624389648438
0.888421052631579,0.5626666666666666,15.908002853393555
0.8883622959452343,0.5623333333333334,15.908512115478516
0.8883034773445733,0.562,15.90861701965332
0.8882445967316817,0.5616666666666666,15.909177780151367
0.8881856540084389,0.5613333333333334,15.910750389099121
0.8881266490765172,0.561,15.911212921142578
0.8880675818373812,0.5606666666666666,15.913433074951172
0.8880084521922874,0.5603333333333333,15.917720794677734
0.8879492600422833,0.56,15.918848037719727
0.8878900052882073,0.5596666666666666,15.919878959655762
0.8878306878306879,0.5593333333333333,15.921777725219727
0.8877713075701429,0.559,15.922308921813965
0.8877118644067796,0.5586666666666666,15.926355361938477
0.8876523582405935,0.5583333333333333,15.930154800415039
0.887592788971368,0.558,15.932092666625977
0.8875331564986737,0.5576666666666666,15.932998657226562
0.8874734607218684,0.5573333333333333,15.93724250793457
0.8874137015400956,0.557,15.937982559204102
0.8873538788522848,0.5566666666666666,15.93906307220459
0.8872939925571505,0.5563333333333333,15.939458847045898
0.8872340425531915,0.556,15.939682960510254
0.8877062267163385,0.556,15.941020011901855
0.8876464323748668,0.5556666666666666,15.942060470581055
0.8881193393713372,0.5556666666666666,15.946453094482422
0.8880597014925373,0.5553333333333333,15.947212219238281
0.888,0.555,15.948805809020996
0.887940234791889,0.5546666666666666,15.949207305908203
0.8884143085958356,0.5546666666666666,15.95100212097168
0.8883547008547008,0.5543333333333333,15.952033996582031
0.8882950293960449,0.554,15.952160835266113
0.888235294117647,0.5536666666666666,15.9530029296875
0.8881754949170679,0.5533333333333333,15.957990646362305
0.8886509635974305,0.5533333333333333,15.958409309387207
0.8885913229780397,0.553,15.959030151367188
0.8885316184351554,0.5526666666666666,15.959625244140625
0.8890080428954423,0.5526666666666666,15.961206436157227
0.8889484978540773,0.5523333333333333,15.96353816986084
0.8888888888888888,0.552,15.966410636901855
0.888829215896885,0.5516666666666666,15.967198371887207
0.8893068242880172,0.5516666666666666,15.972244262695312
0.889247311827957,0.5513333333333333,15.974589347839355
0.8891877353415815,0.551,15.975564956665039
0.8891280947255114,0.5506666666666666,15.979715347290039
0.8890683898761443,0.5503333333333333,15.980901718139648
0.8890086206896551,0.55,15.990680694580078
0.8889487870619946,0.5496666666666666,15.992366790771484
0.8888888888888888,0.5493333333333333,15.993432998657227
0.8888289260658392,0.549,15.997121810913086
0.8887688984881209,0.5486666666666666,15.99919319152832
0.8887088060507834,0.5483333333333333,16.006454467773438
0.8886486486486487,0.548,16.00678825378418
0.8885884261763115,0.5476666666666666,16.010395050048828
0.8885281385281385,0.5473333333333333,16.012285232543945
0.8884677855982674,0.547,16.012962341308594
0.8884073672806068,0.5466666666666666,16.022153854370117
0.8883468834688347,0.5463333333333333,16.022686004638672
0.8888286334056399,0.5463333333333333,16.023656845092773
0.8887683125339121,0.546,16.02890396118164
0.8887079261672095,0.5456666666666666,16.032560348510742
0.888647474198805,0.5453333333333333,16.035831451416016
0.8885869565217391,0.545,16.036304473876953
0.88852637302882,0.5446666666666666,16.04018211364746
0.8884657236126224,0.5443333333333333,16.04140281677246
0.8884050081654872,0.544,16.04616928100586
0.8883442265795207,0.5436666666666666,16.046432495117188
0.888283378746594,0.5433333333333333,16.046493530273438
0.8882224645583424,0.543,16.05235481262207
0.8881614839061648,0.5426666666666666,16.055850982666016
0.8881004366812227,0.5423333333333333,16.056304931640625
0.8880393227744402,0.542,16.057796478271484
0.8879781420765027,0.5416666666666666,16.06290054321289
0.8879168944778567,0.5413333333333333,16.064666748046875
0.887855579868709,0.541,16.065757751464844
0.8877941981390257,0.5406666666666666,16.071399688720703
0.8877327491785323,0.5403333333333333,16.072237014770508
0.8876712328767123,0.54,16.072574615478516
0.887609649122807,0.5396666666666666,16.07329750061035
0.8875479978058146,0.5393333333333333,16.084211349487305
0.8874862788144896,0.539,16.086589813232422
0.8874244920373421,0.5386666666666666,16.086759567260742
0.8873626373626373,0.5383333333333333,16.088237762451172
0.8873007146783948,0.538,16.08935546875
0.8872387238723872,0.5376666666666666,16.09004783630371
0.8871766648321409,0.5373333333333333,16.09258270263672
0.887114537444934,0.537,16.095439910888672
0.8870523415977961,0.5366666666666666,16.096681594848633
0.8869900771775082,0.5363333333333333,16.099515914916992
0.8869277440706013,0.536,16.101755142211914
0.8868653421633554,0.5356666666666666,16.10222625732422
0.8868028713418001,0.5353333333333333,16.10261344909668
0.8867403314917127,0.535,16.103134155273438
0.886677722498618,0.5346666666666666,16.103986740112305
0.8866150442477876,0.5343333333333333,16.108264923095703
0.8865522966242391,0.534,16.109695434570312
0.8864894795127354,0.5336666666666666,16.109962463378906
0.8864265927977839,0.5333333333333333,16.11029815673828
0.8863636363636364,0.533,16.11438751220703
0.8863006100942873,0.5326666666666666,16.114582061767578
0.8862375138734739,0.5323333333333333,16.115310668945312
0.8861743475846752,0.532,16.119510650634766
0.8861111111111111,0.5316666666666666,16.122163772583008
0.886047804335742,0.5313333333333333,16.122737884521484
0.8859844271412681,0.531,16.129119873046875
0.885920979410128,0.5306666666666666,16.129619598388672
0.8858574610244989,0.5303333333333333,16.129638671875
0.8857938718662952,0.53,16.131441116333008
0.8857302118171684,0.5296666666666666,16.131729125976562
0.8856664807585053,0.5293333333333333,16.138656616210938
0.8856026785714286,0.529,16.140399932861328
0.8855388051367951,0.5286666666666666,16.14122200012207
0.8854748603351955,0.5283333333333333,16.14230728149414
0.8854108440469536,0.528,16.14260482788086
0.8853467561521253,0.5276666666666666,16.142934799194336
0.885282596530498,0.5273333333333333,16.14468002319336
0.8852183650615901,0.527,16.14786148071289
0.8851540616246498,0.5266666666666666,16.14951515197754
0.8850896860986547,0.5263333333333333,16.15207290649414
0.8850252383623107,0.526,16.156110763549805
0.8849607182940517,0.5256666666666666,16.157779693603516
0.8848961257720381,0.5253333333333333,16.159423828125
0.8848314606741573,0.525,16.1599063873291
0.8847667228780214,0.5246666666666666,16.163944244384766
0.8847019122609674,0.5243333333333333,16.166831970214844
0.8846370287000562,0.524,16.167221069335938
0.8845720720720721,0.5236666666666666,16.16759490966797
0.8845070422535212,0.5233333333333333,16.168983459472656
0.8844419391206313,0.523,16.172109603881836
0.8843767625493514,0.5226666666666666,16.172260284423828
0.8843115124153499,0.5223333333333333,16.172739028930664
0.8842461885940147,0.522,16.176254272460938
0.884180790960452,0.5216666666666666,16.177364349365234
0.8841153193894856,0.5213333333333333,16.179372787475586
0.8840497737556561,0.521,16.180830001831055
0.8839841539332202,0.5206666666666667,16.183101654052734
0.8839184597961495,0.5203333333333333,16.183368682861328
0.8838526912181303,0.52,16.185766220092773
0.8837868480725624,0.5196666666666667,16.18593978881836
0.8842881452070335,0.5196666666666667,16.189699172973633
0.8842224744608399,0.5193333333333333,16.19141960144043
0.8841567291311755,0.519,16.196277618408203
0.884090909090909,0.5186666666666667,16.198780059814453
0.8840250142126208,0.5183333333333333,16.19900131225586
0.8839590443686007,0.518,16.19982147216797
0.883892999430848,0.5176666666666667,16.200275421142578
0.8838268792710706,0.5173333333333333,16.20093536376953
0.8837606837606837,0.517,16.201696395874023
0.8836944127708096,0.5166666666666667,16.204471588134766
0.8836280661722761,0.5163333333333333,16.205791473388672
0.8841324200913242,0.5163333333333333,16.207321166992188
0.8840662478583666,0.516,16.21080207824707
0.884,0.5156666666666667,16.21123695373535
0.8839336763865066,0.5153333333333333,16.2119140625
0.8838672768878718,0.515,16.21324348449707
0.8838008013737836,0.5146666666666667,16.216205596923828
0.8837342497136311,0.5143333333333333,16.217945098876953
0.8836676217765043,0.514,16.219486236572266
0.8836009174311926,0.5136666666666667,16.221282958984375
0.8841078600114745,0.5136666666666667,16.22140884399414
0.8840413318025259,0.5133333333333333,16.222055435180664
0.8839747271682941,0.513,16.222732543945312
0.8839080459770114,0.5126666666666667,16.22284698486328
0.8838412880966072,0.5123333333333333,16.225845336914062
0.8837744533947065,0.512,16.230003356933594
0.8837075417386299,0.5116666666666667,16.23236846923828
0.8836405529953917,0.5113333333333333,16.232648849487305
0.8835734870317002,0.511,16.235166549682617
0.8835063437139562,0.5106666666666667,16.236896514892578
0.8834391229082516,0.5103333333333333,16.23705291748047
0.8833718244803695,0.51,16.237140655517578
0.8833044482957828,0.5096666666666667,16.23790168762207
0.8832369942196532,0.5093333333333333,16.238075256347656
0.8831694621168306,0.509,16.23939323425293
0.8831018518518519,0.5086666666666667,16.240985870361328
0.8830341632889404,0.5083333333333333,16.241432189941406
0.8829663962920047,0.508,16.245059967041016
0.8828985507246376,0.5076666666666667,16.247482299804688
0.882830626450116,0.5073333333333333,16.2481689453125
0.8827626233313988,0.507,16.24826431274414
0.8826945412311266,0.5066666666666667,16.25188446044922
0.8826263800116212,0.5063333333333333,16.252288818359375
0.8825581395348837,0.506,16.253604888916016
0.8824898196625945,0.5056666666666667,16.259490966796875
0.8824214202561118,0.5053333333333333,16.26495933532715
0.8823529411764706,0.505,16.265350341796875
0.8828671328671329,0.505,16.269384384155273
0.882798833819242,0.5046666666666667,16.27055549621582
0.882730455075846,0.5043333333333333,16.27321434020996
0.882661996497373,0.504,16.274578094482422
0.8825934579439252,0.5036666666666667,16.2746639251709
0.8825248392752776,0.5033333333333333,16.279041290283203
0.8824561403508772,0.503,16.27960205078125
0.882387361029842,0.5026666666666667,16.281192779541016
0.8823185011709602,0.5023333333333333,16.282163619995117
0.8822495606326889,0.502,16.286998748779297
0.8821805392731535,0.5016666666666667,16.292247772216797
0.8821114369501466,0.5013333333333333,16.292922973632812
0.8820422535211268,0.501,16.29337501525879
0.8819729888432178,0.5006666666666667,16.295116424560547
0.881903642773208,0.5003333333333333,16.295757293701172
0.8818342151675485,0.5,16.299110412597656
0.8817647058823529,0.49966666666666665,16.299808502197266
0.8816951147733961,0.49933333333333335,16.300045013427734
0.8816254416961131,0.499,16.302330017089844
0.8815556865055981,0.49866666666666665,16.30306625366211
0.8814858490566038,0.49833333333333335,16.303504943847656
0.8814159292035398,0.498,16.303918838500977
0.8813459268004723,0.49766666666666665,16.303958892822266
0.8812758417011223,0.49733333333333335,16.30413818359375
0.8812056737588653,0.497,16.305187225341797
0.8817267888823181,0.497,16.312395095825195
0.8816568047337278,0.49666666666666665,16.315921783447266
0.881586737714624,0.49633333333333335,16.31848907470703
0.8815165876777251,0.496,16.320119857788086
0.8814463544754001,0.49566666666666664,16.329782485961914
0.8813760379596679,0.49533333333333335,16.329856872558594
0.8813056379821959,0.495,16.333356857299805
0.8812351543942993,0.49466666666666664,16.336238861083984
0.88116458704694,0.49433333333333335,16.3382511138916
0.8810939357907254,0.494,16.341785430908203
0.8810232004759072,0.49366666666666664,16.342731475830078
0.8809523809523809,0.49333333333333335,16.347917556762695
0.8808814770696843,0.493,16.34811782836914
0.8808104886769964,0.49266666666666664,16.351736068725586
0.8807394156231365,0.49233333333333335,16.351991653442383
0.8806682577565632,0.492,16.353164672851562
0.8805970149253731,0.49166666666666664,16.355451583862305
0.8805256869772998,0.49133333333333334,16.35551643371582
0.8804542737597131,0.491,16.3568115234375
0.8803827751196173,0.49066666666666664,16.357873916625977
0.8803111909036505,0.49033333333333334,16.365699768066406
0.8802395209580839,0.49,16.366008758544922
0.8801677651288197,0.48966666666666664,16.36713409423828
0.8806954436450839,0.48966666666666664,16.368484497070312
0.880623875224955,0.48933333333333334,16.369949340820312
0.8805522208883554,0.489,16.37055206298828
0.8804804804804804,0.4886666666666667,16.374860763549805
0.8804086538461539,0.48833333333333334,16.375873565673828
0.8803367408298256,0.488,16.377117156982422
0.8802647412755716,0.4876666666666667,16.3818416595459
0.8801926550270921,0.48733333333333334,16.384090423583984
0.8801204819277109,0.487,16.384824752807617
0.8800482218203737,0.4866666666666667,16.38996124267578
0.8799758745476478,0.48633333333333334,16.39113426208496
0.8799034399517199,0.486,16.391386032104492
0.8809667673716012,0.486,16.393348693847656
0.880894800483676,0.4856666666666667,16.395166397094727
0.8808227465214761,0.48533333333333334,16.397138595581055
0.8807506053268765,0.485,16.398839950561523
0.8806783767413688,0.4846666666666667,16.4007568359375
0.8806060606060606,0.48433333333333334,16.404064178466797
0.8811400848999393,0.48433333333333334,16.405075073242188
0.8810679611650486,0.484,16.405406951904297
0.8809957498482088,0.4836666666666667,16.405710220336914
0.8809234507897934,0.48333333333333334,16.40802001953125
0.8808510638297873,0.483,16.414630889892578
0.8807785888077859,0.4826666666666667,16.414791107177734
0.8807060255629945,0.48233333333333334,16.41733169555664
0.8806333739342266,0.482,16.419912338256836
0.8805606337599025,0.4816666666666667,16.421546936035156
0.8804878048780488,0.48133333333333334,16.424022674560547
0.8804148871262966,0.481,16.425148010253906
0.8803418803418803,0.4806666666666667,16.425264358520508
0.8802687843616371,0.48033333333333333,16.42603874206543
0.8801955990220048,0.48,16.426082611083984
0.8801223241590214,0.4796666666666667,16.42658233642578
0.8806609547123623,0.4796666666666667,16.428564071655273
0.8805878750765462,0.47933333333333333,16.429397583007812
0.8805147058823529,0.479,16.4310245513916
0.8804414469650521,0.4786666666666667,16.431522369384766
0.8809815950920246,0.4786666666666667,16.433624267578125
0.8809085328422345,0.47833333333333333,16.435043334960938
0.8808353808353808,0.478,16.438627243041992
0.8807621389059619,0.4776666666666667,16.438941955566406
0.8806888068880688,0.47733333333333333,16.43993377685547
0.8806153846153846,0.477,16.440988540649414
0.8805418719211823,0.4766666666666667,16.448720932006836
0.8804682686383241,0.47633333333333333,16.450023651123047
0.8803945745992602,0.476,16.454071044921875
0.8803207896360271,0.4756666666666667,16.456077575683594
0.8802469135802469,0.47533333333333333,16.458492279052734
0.8801729462631254,0.475,16.46183204650879
0.8800988875154512,0.4746666666666667,16.461894989013672
0.8800247371675943,0.47433333333333333,16.46664047241211
0.879950495049505,0.474,16.46773338317871
0.8798761609907121,0.4736666666666667,16.468276977539062
0.8798017348203222,0.47333333333333333,16.469982147216797
0.879727216367018,0.473,16.47100257873535
0.880272952853598,0.473,16.474483489990234
0.8801986343885785,0.4726666666666667,16.47868537902832
0.8801242236024844,0.4723333333333333,16.487361907958984
0.8806712243629583,0.4723333333333333,16.48798370361328
0.8805970149253731,0.472,16.490524291992188
0.880522713130056,0.4716666666666667,16.49394989013672
0.8804483188044832,0.4713333333333333,16.49567985534668
0.8803738317757009,0.471,16.496601104736328
0.8802992518703242,0.4706666666666667,16.50101661682129
0.8802245789145352,0.4703333333333333,16.5015869140625
0.8801498127340824,0.47,16.5020694732666
0.8800749531542785,0.4696666666666667,16.504844665527344
0.88,0.4693333333333333,16.50522232055664
0.8805503439649781,0.4693333333333333,16.5062255859375
0.8804755944931164,0.469,16.51166343688965
0.8804007514088916,0.4686666666666667,16.515544891357422
0.8803258145363408,0.4683333333333333,16.51749038696289
0.8802507836990595,0.468,16.517549514770508
0.8801756587202008,0.4676666666666667,16.51840591430664
0.8801004394224733,0.4673333333333333,16.518661499023438
0.8800251256281407,0.467,16.519716262817383
0.8799497171590195,0.4666666666666667,16.52507781982422
0.879874213836478,0.4663333333333333,16.530725479125977
0.8797986154814349,0.466,16.532926559448242
0.8797229219143576,0.4656666666666667,16.534244537353516
0.8796471329552615,0.4653333333333333,16.53633689880371
0.880201765447667,0.4653333333333333,16.537506103515625
0.8801261829652997,0.465,16.53823471069336
0.8800505050505051,0.4646666666666667,16.539085388183594
0.8799747315224258,0.4643333333333333,16.53997802734375
0.8798988621997471,0.464,16.544330596923828
0.8798228969006958,0.46366666666666667,16.54843521118164
0.879746835443038,0.4633333333333333,16.548757553100586
0.8796706776440786,0.463,16.54882049560547
0.8795944233206591,0.46266666666666667,16.549779891967773
0.8795180722891566,0.4623333333333333,16.550636291503906
0.8794416243654822,0.462,16.553836822509766
0.8793650793650793,0.46166666666666667,16.55453872680664
0.8792884371029225,0.4613333333333333,16.555484771728516
0.8792116973935156,0.461,16.558490753173828
0.8791348600508906,0.46066666666666667,16.564563751220703
0.879057924888606,0.4603333333333333,16.565025329589844
0.8789808917197452,0.46,16.565860748291016
0.8789037603569152,0.45966666666666667,16.566234588623047
0.8788265306122449,0.4593333333333333,16.570528030395508
0.8787492022973835,0.459,16.58172035217285
0.8786717752234994,0.45866666666666667,16.58271026611328
0.8785942492012779,0.4583333333333333,16.586257934570312
0.8785166240409207,0.458,16.586389541625977
0.8784388995521433,0.45766666666666667,16.587871551513672
0.8783610755441741,0.4573333333333333,16.59283447265625
0.8782831518257527,0.457,16.597869873046875
0.8782051282051282,0.45666666666666667,16.599124908447266
0.8781270044900578,0.4563333333333333,16.60015869140625
0.8780487804878049,0.456,16.600236892700195
0.8779704560051381,0.45566666666666666,16.60114860534668
0.877892030848329,0.4553333333333333,16.601978302001953
0.8778135048231511,0.455,16.605091094970703
0.8777348777348777,0.45466666666666666,16.605791091918945
0.8776561493882807,0.4543333333333333,16.609954833984375
0.8775773195876289,0.454,16.610233306884766
0.877498388136686,0.45366666666666666,16.614654541015625
0.8774193548387097,0.4533333333333333,16.614978790283203
0.8773402194964494,0.453,16.616924285888672
0.8772609819121447,0.45266666666666666,16.617603302001953
0.8771816418875242,0.4523333333333333,16.628433227539062
0.8777490297542044,0.4523333333333333,16.628631591796875
0.8776699029126214,0.452,16.629995346069336
0.8775906735751295,0.45166666666666666,16.631080627441406
0.8775113415424498,0.4513333333333333,16.633914947509766
0.877431906614786,0.451,16.636104583740234
0.8773523685918235,0.45066666666666666,16.637981414794922
0.8772727272727273,0.4503333333333333,16.638620376586914
0.8771929824561403,0.45,16.642822265625
0.8771131339401821,0.44966666666666666,16.644176483154297
0.8770331815224464,0.4493333333333333,16.647207260131836
0.876953125,0.449,16.648334503173828
0.8768729641693811,0.44866666666666666,16.65121841430664
0.8767926988265972,0.4483333333333333,16.651275634765625
0.8767123287671232,0.448,16.657405853271484
0.8766318537859008,0.44766666666666666,16.66045379638672
0.8765512736773351,0.44733333333333336,16.6605281829834
0.8764705882352941,0.447,16.660888671875
0.8763897972531066,0.44666666666666666,16.66748046875
0.8763089005235603,0.44633333333333336,16.669679641723633
0.8762278978388998,0.446,16.672962188720703
0.8761467889908257,0.44566666666666666,16.67885398864746
0.8760655737704918,0.44533333333333336,16.679298400878906
0.8759842519685039,0.445,16.679828643798828
0.8759028233749179,0.44466666666666665,16.68006706237793
0.8758212877792378,0.44433333333333336,16.682910919189453
0.8757396449704142,0.444,16.683624267578125
0.8756578947368421,0.44366666666666665,16.68484115600586
0.8755760368663594,0.44333333333333336,16.686552047729492
0.8754940711462451,0.443,16.687334060668945
0.8754119973632168,0.44266666666666665,16.689056396484375
0.8753298153034301,0.44233333333333336,16.689661026000977
0.8752475247524752,0.442,16.690406799316406
0.8751651254953765,0.44166666666666665,16.693723678588867
0.8750826173165895,0.44133333333333336,16.695201873779297
0.875,0.441,16.69666290283203
0.8749172733289212,0.44066666666666665,16.698562622070312
0.8748344370860928,0.44033333333333335,16.70050048828125
0.8747514910536779,0.44,16.70363998413086
0.8746684350132626,0.43966666666666665,16.705516815185547
0.8745852687458527,0.43933333333333335,16.705961227416992
0.8745019920318725,0.439,16.707231521606445
0.8744186046511628,0.43866666666666665,16.708805084228516
0.8743351063829787,0.43833333333333335,16.715896606445312
0.874251497005988,0.438,16.716880798339844
0.874167776298269,0.43766666666666665,16.71973419189453
0.8740839440373085,0.43733333333333335,16.72381591796875
0.874,0.437,16.72382926940918
0.8739159439626417,0.43666666666666665,16.726076126098633
0.8738317757009346,0.43633333333333335,16.72620391845703
0.87374749498998,0.436,16.72859764099121
0.8736631016042781,0.43566666666666665,16.73082733154297
0.8735785953177257,0.43533333333333335,16.734853744506836
0.8734939759036144,0.435,16.73882293701172
0.8734092431346283,0.43466666666666665,16.73930549621582
0.8733243967828418,0.43433333333333335,16.74124526977539
0.8732394366197183,0.434,16.741445541381836
0.8738255033557047,0.434,16.743993759155273
0.8737407656145064,0.43366666666666664,16.74460792541504
0.8736559139784946,0.43333333333333335,16.748031616210938
0.8735709482178884,0.433,16.74980926513672
0.873485868102288,0.43266666666666664,16.75400733947754
0.8734006734006734,0.43233333333333335,16.758134841918945
0.8733153638814016,0.432,16.75865936279297
0.8732299393122049,0.43166666666666664,16.762508392333984
0.873144399460189,0.43133333333333335,16.762939453125
0.8730587440918298,0.431,16.76369857788086
0.8729729729729729,0.43066666666666664,16.763965606689453
0.8728870858688302,0.43033333333333335,16.765399932861328
0.8728010825439784,0.43,16.772178649902344
0.8727149627623562,0.42966666666666664,16.77883529663086
0.8726287262872628,0.42933333333333334,16.792539596557617
0.8725423728813559,0.429,16.792888641357422
0.8724559023066486,0.42866666666666664,16.794063568115234
0.8723693143245078,0.42833333333333334,16.79787826538086
0.8722826086956522,0.428,16.79894256591797
0.8721957851801495,0.42766666666666664,16.799137115478516
0.8733832539142273,0.42766666666666664,16.80333137512207
0.8732970027247956,0.42733333333333334,16.8045654296875
0.8732106339468303,0.427,16.80602264404297
0.8731241473396999,0.4266666666666667,16.809558868408203
0.8730375426621161,0.42633333333333334,16.810115814208984
0.8729508196721312,0.426,16.810287475585938
0.872863978127136,0.4256666666666667,16.81085205078125
0.8727770177838577,0.42533333333333334,16.811859130859375
0.8726899383983573,0.425,16.812686920166016
0.8726027397260274,0.4246666666666667,16.816165924072266
0.8725154215215901,0.42433333333333334,16.81664276123047
0.8724279835390947,0.424,16.81715202331543
0.8723404255319149,0.4236666666666667,16.817401885986328
0.8729395604395604,0.4236666666666667,16.821029663085938
0.872852233676976,0.42333333333333334,16.8221435546875
0.8727647867950481,0.423,16.829191207885742
0.8726772195457674,0.4226666666666667,16.83083152770996
0.8725895316804407,0.42233333333333334,16.832839965820312
0.8725017229496899,0.422,16.833784103393555
0.8724137931034482,0.4216666666666667,16.833942413330078
0.8723257418909592,0.42133333333333334,16.835540771484375
0.8722375690607734,0.421,16.847394943237305
0.8728403593642018,0.421,16.848186492919922
0.8727524204702628,0.4206666666666667,16.849523544311523
0.8726643598615917,0.42033333333333334,16.851818084716797
0.8725761772853186,0.42,16.85353660583496
0.8724878724878725,0.4196666666666667,16.859695434570312
0.8723994452149791,0.41933333333333334,16.86044692993164
0.8723108952116586,0.419,16.86190414428711
0.8722222222222222,0.4186666666666667,16.86725616455078
0.872133425990271,0.41833333333333333,16.867664337158203
0.8720445062586927,0.418,16.87127113342285
0.871955462769659,0.4176666666666667,16.87190055847168
0.871866295264624,0.41733333333333333,16.875377655029297
0.8717770034843205,0.417,16.875728607177734
0.8716875871687587,0.4166666666666667,16.876201629638672
0.8715980460572226,0.41633333333333333,16.877283096313477
0.8715083798882681,0.416,16.87965202331543
0.8714185883997205,0.4156666666666667,16.88021469116211
0.8713286713286713,0.41533333333333333,16.881723403930664
0.8712386284114766,0.415,16.885133743286133
0.8711484593837535,0.4146666666666667,16.88963508605957
0.8710581639803784,0.41433333333333333,16.89148712158203
0.8709677419354839,0.414,16.893033981323242
0.8708771929824561,0.4136666666666667,16.894737243652344
0.8707865168539326,0.41333333333333333,16.89926528930664
0.8706957132817991,0.413,16.901731491088867
0.870604781997187,0.4126666666666667,16.902416229248047
0.8705137227304715,0.41233333333333333,16.905479431152344
0.8704225352112676,0.412,16.907228469848633
0.8703312191684285,0.4116666666666667,16.90761947631836
0.8702397743300423,0.41133333333333333,16.909099578857422
0.8701482004234298,0.411,16.913049697875977
0.8700564971751412,0.4106666666666667,16.916305541992188
0.8699646643109541,0.4103333333333333,16.91863250732422
0.8705799151343706,0.4103333333333333,16.923892974853516
0.8704883227176221,0.41,16.92646598815918
0.8703966005665722,0.4096666666666667,16.929677963256836
0.8703047484053863,0.4093333333333333,16.93160057067871
0.8702127659574468,0.409,16.931743621826172
0.8701206529453513,0.4086666666666667,16.93185043334961
0.8700284090909091,0.4083333333333333,16.933603286743164
0.8699360341151386,0.408,16.936187744140625
0.8698435277382646,0.4076666666666667,16.93675994873047
0.8697508896797153,0.4073333333333333,16.937837600708008
0.8696581196581197,0.407,16.93838119506836
0.8695652173913043,0.4066666666666667,16.94021224975586
0.869472182596291,0.4063333333333333,16.940692901611328
0.8693790149892934,0.406,16.941205978393555
0.8692857142857143,0.4056666666666667,16.941234588623047
0.8691922802001429,0.4053333333333333,16.943880081176758
0.869098712446352,0.405,16.948413848876953
0.8690050107372942,0.4046666666666667,16.950410842895508
0.8689111747851003,0.4043333333333333,16.95313262939453
0.8688172043010752,0.404,16.955230712890625
0.8687230989956959,0.4036666666666667,16.956125259399414
0.8686288585786073,0.4033333333333333,16.95937156677246
0.8685344827586207,0.403,16.961336135864258
0.8684399712437095,0.4026666666666667,16.964187622070312
0.8683453237410071,0.4023333333333333,16.964941024780273
0.8682505399568035,0.402,16.966445922851562
0.8681556195965417,0.40166666666666667,16.969484329223633
0.8680605623648161,0.4013333333333333,16.97275161743164
0.8679653679653679,0.401,16.972885131835938
0.867870036101083,0.40066666666666667,16.973400115966797
0.8677745664739884,0.4003333333333333,16.976573944091797
0.8676789587852495,0.4,16.978153228759766
0.8675832127351665,0.39966666666666667,16.98172378540039
0.8674873280231716,0.3993333333333333,16.98676300048828
0.8673913043478261,0.399,16.98935317993164
0.8672951414068165,0.39866666666666667,16.992218017578125
0.8671988388969522,0.3983333333333333,16.99591827392578
0.8671023965141612,0.398,16.997638702392578
0.8670058139534884,0.39766666666666667,16.997678756713867
0.866909090909091,0.3973333333333333,16.997787475585938
0.8668122270742358,0.397,17.002845764160156
0.8667152221412965,0.39666666666666667,17.00290298461914
0.8666180758017493,0.3963333333333333,17.003742218017578
0.8665207877461707,0.396,17.006729125976562
0.8664233576642336,0.39566666666666667,17.009685516357422
0.8663257852447042,0.3953333333333333,17.012784957885742
0.8662280701754386,0.395,17.01323699951172
0.8661302121433797,0.39466666666666667,17.014484405517578
0.8660322108345534,0.3943333333333333,17.015121459960938
0.865934065934066,0.394,17.015716552734375
0.8658357771260997,0.39366666666666666,17.017112731933594
0.8657373440939105,0.3933333333333333,17.018339157104492
0.8663729809104258,0.3933333333333333,17.02151107788086
0.8662747979426892,0.393,17.022472381591797
0.8661764705882353,0.39266666666666666,17.02623748779297
0.8660779985283297,0.3923333333333333,17.02743148803711
0.865979381443299,0.392,17.027545928955078
0.8658806190125277,0.39166666666666666,17.029685974121094
0.8657817109144543,0.3913333333333333,17.029869079589844
0.8656826568265683,0.391,17.030841827392578
0.8655834564254062,0.39066666666666666,17.031902313232422
0.8654841093865484,0.3903333333333333,17.032203674316406
0.8653846153846154,0.39,17.037405014038086
0.8652849740932642,0.38966666666666666,17.039066314697266
0.8651851851851852,0.3893333333333333,17.040180206298828
0.865826538176427,0.3893333333333333,17.04098129272461
0.865727002967359,0.389,17.04546546936035
0.8656273199703044,0.38866666666666666,17.045482635498047
0.8655274888558693,0.3883333333333333,17.045822143554688
0.8654275092936803,0.388,17.045944213867188
0.8653273809523809,0.38766666666666666,17.0511474609375
0.8652271034996277,0.3873333333333333,17.053728103637695
0.8651266766020864,0.387,17.05672836303711
0.8650260999254288,0.38666666666666666,17.060264587402344
0.8649253731343284,0.3863333333333333,17.060802459716797
0.864824495892457,0.386,17.066150665283203
0.8654708520179372,0.386,17.06639862060547
0.8653702318623785,0.38566666666666666,17.0672607421875
0.8652694610778443,0.38533333333333336,17.075803756713867
0.8651685393258427,0.385,17.079936981201172
0.8650674662668666,0.38466666666666666,17.08108139038086
0.8657164291072769,0.38466666666666666,17.081172943115234
0.8656156156156156,0.38433333333333336,17.081676483154297
0.8655146506386175,0.384,17.082035064697266
0.8654135338345864,0.38366666666666666,17.083271026611328
0.8653122648607976,0.38333333333333336,17.083465576171875
0.865210843373494,0.383,17.08376121520996
0.8651092690278824,0.38266666666666665,17.084407806396484
0.8650075414781297,0.38233333333333336,17.084476470947266
0.8649056603773585,0.382,17.08485221862793
0.8648036253776435,0.38166666666666665,17.089262008666992
0.8647014361300076,0.38133333333333336,17.089815139770508
0.8645990922844176,0.381,17.095386505126953
0.8644965934897805,0.38066666666666665,17.098636627197266
0.8643939393939394,0.38033333333333336,17.101051330566406
0.8642911296436695,0.38,17.10228157043457
0.8641881638846738,0.37966666666666665,17.10393714904785
0.8640850417615793,0.37933333333333336,17.104496002197266
0.8639817629179332,0.379,17.106521606445312
0.8638783269961977,0.37866666666666665,17.10662841796875
0.8645357686453576,0.37866666666666665,17.108482360839844
0.8644325971058644,0.37833333333333335,17.115079879760742
0.864329268292683,0.378,17.11688804626465
0.8642257818459191,0.37766666666666665,17.12095832824707
0.8641221374045801,0.37733333333333335,17.130638122558594
0.8640183346065698,0.377,17.133325576782227
0.863914373088685,0.37666666666666665,17.13430404663086
0.8638102524866106,0.37633333333333335,17.134620666503906
0.8637059724349158,0.376,17.134689331054688
0.8636015325670499,0.37566666666666665,17.13548469543457
0.8634969325153374,0.37533333333333335,17.137630462646484
0.8633921719109747,0.375,17.139957427978516
0.8632872503840245,0.37466666666666665,17.143095016479492
0.8631821675634127,0.37433333333333335,17.143253326416016
0.8638461538461538,0.37433333333333335,17.143543243408203
0.8637413394919169,0.374,17.147871017456055
0.8636363636363636,0.37366666666666665,17.147920608520508
0.8635312259059368,0.37333333333333335,17.149173736572266
0.8634259259259259,0.373,17.149206161499023
0.8633204633204633,0.37266666666666665,17.149635314941406
0.8632148377125193,0.37233333333333335,17.151092529296875
0.8631090487238979,0.372,17.152137756347656
0.8630030959752322,0.37166666666666665,17.154956817626953
0.8628969790859798,0.37133333333333335,17.170427322387695
0.8635658914728682,0.37133333333333335,17.170475006103516
0.8634600465477114,0.371,17.171188354492188
0.8633540372670807,0.37066666666666664,17.172765731811523
0.8632478632478633,0.37033333333333335,17.176834106445312
0.8631415241057543,0.37,17.178102493286133
0.8638132295719845,0.37,17.17822265625
0.8637071651090342,0.36966666666666664,17.178298950195312
0.8636009353078722,0.36933333333333335,17.178619384765625
0.8634945397815913,0.369,17.180179595947266
0.8633879781420765,0.36866666666666664,17.183609008789062
0.86328125,0.36833333333333335,17.186216354370117
0.8631743549648163,0.368,17.18739128112793
0.8630672926447575,0.36766666666666664,17.187549591064453
0.8629600626468285,0.36733333333333335,17.188039779663086
0.8628526645768025,0.367,17.18807601928711
0.8627450980392157,0.36666666666666664,17.193872451782227
0.8626373626373627,0.36633333333333334,17.195890426635742
0.8625294579732914,0.366,17.196245193481445
0.8624213836477987,0.36566666666666664,17.198989868164062
0.8623131392604249,0.36533333333333334,17.200481414794922
0.8622047244094488,0.365,17.200984954833984
0.8620961386918834,0.36466666666666664,17.206520080566406
0.862776025236593,0.36466666666666664,17.206619262695312
0.8626677190213102,0.36433333333333334,17.208850860595703
0.8625592417061612,0.364,17.212081909179688
0.8632411067193676,0.364,17.21393585205078
0.8631329113924051,0.3636666666666667,17.214824676513672
0.8630245447347585,0.36333333333333334,17.221023559570312
0.8629160063391442,0.363,17.221385955810547
0.8628072957969866,0.3626666666666667,17.222612380981445
0.8626984126984127,0.36233333333333334,17.223297119140625
0.8625893566322478,0.362,17.22336196899414
0.8624801271860095,0.3616666666666667,17.226238250732422
0.862370723945903,0.36133333333333334,17.228849411010742
0.8630573248407644,0.36133333333333334,17.228954315185547
0.8629482071713147,0.361,17.22903823852539
0.8628389154704944,0.3606666666666667,17.233604431152344
0.8627294493216281,0.36033333333333334,17.234560012817383
0.8626198083067093,0.36,17.23748779296875
0.8625099920063949,0.3596666666666667,17.246068954467773
0.8624,0.35933333333333334,17.24608039855957
0.8622898318654924,0.359,17.247243881225586
0.8621794871794872,0.3586666666666667,17.24732780456543
0.8620689655172413,0.35833333333333334,17.25813865661621
0.8619582664526485,0.358,17.26034164428711
0.8618473895582329,0.3576666666666667,17.2654972076416
0.8617363344051447,0.35733333333333334,17.268110275268555
0.8624296057924377,0.35733333333333334,17.268295288085938
0.8623188405797102,0.357,17.2789306640625
0.8622078968573731,0.3566666666666667,17.279285430908203
0.8620967741935484,0.35633333333333334,17.281692504882812
0.8619854721549637,0.356,17.28177261352539
0.8618739903069467,0.3556666666666667,17.28179931640625
0.8617623282134196,0.35533333333333333,17.283082962036133
0.8616504854368932,0.355,17.287017822265625
0.8615384615384616,0.3546666666666667,17.28927993774414
0.8614262560777958,0.35433333333333333,17.2894229888916
0.8613138686131386,0.354,17.290050506591797
0.8612012987012987,0.3536666666666667,17.29103660583496
0.8610885458976442,0.35333333333333333,17.29145050048828
0.8609756097560975,0.353,17.294227600097656
0.8608624898291294,0.3526666666666667,17.294605255126953
0.8607491856677525,0.35233333333333333,17.294757843017578
0.8606356968215159,0.352,17.29498291015625
0.8613376835236541,0.352,17.295745849609375
0.8612244897959184,0.3516666666666667,17.296993255615234
0.8611111111111112,0.35133333333333333,17.298118591308594
0.8609975470155355,0.351,17.306011199951172
0.8608837970540099,0.3506666666666667,17.30810546875
0.8607698607698607,0.35033333333333333,17.310325622558594
0.860655737704918,0.35,17.317323684692383
0.8605414273995078,0.3496666666666667,17.318965911865234
0.8604269293924466,0.34933333333333333,17.320537567138672
0.8611339359079704,0.34933333333333333,17.323017120361328
0.8610197368421053,0.349,17.326120376586914
0.8609053497942387,0.3486666666666667,17.328184127807617
0.8607907742998353,0.34833333333333333,17.3314151763916
0.8606760098928277,0.348,17.33597755432129
0.8605610561056105,0.3476666666666667,17.336536407470703
0.8604459124690339,0.3473333333333333,17.34343910217285
0.8603305785123967,0.347,17.34412384033203
0.8602150537634409,0.3466666666666667,17.3461856842041
0.8600993377483444,0.3463333333333333,17.347339630126953
0.859983429991715,0.346,17.351587295532227
0.8598673300165838,0.3456666666666667,17.353429794311523
0.8597510373443984,0.3453333333333333,17.354101181030273
0.8596345514950167,0.345,17.355247497558594
0.8595178719866999,0.3446666666666667,17.356487274169922
0.8594009983361065,0.3443333333333333,17.35732078552246
0.8592839300582847,0.344,17.357725143432617
0.86,0.344,17.35820960998535
0.859883236030025,0.3436666666666667,17.36098861694336
0.8597662771285476,0.3433333333333333,17.36190414428711
0.8596491228070176,0.343,17.363025665283203
0.8595317725752508,0.3426666666666667,17.36322021484375
0.8594142259414226,0.3423333333333333,17.367549896240234
0.8592964824120602,0.342,17.370027542114258
0.8591785414920369,0.3416666666666667,17.379594802856445
0.8590604026845637,0.3413333333333333,17.380966186523438
0.8589420654911839,0.341,17.381175994873047
0.8588235294117647,0.3406666666666667,17.38152503967285
0.8595458368376787,0.3406666666666667,17.389984130859375
0.8594276094276094,0.3403333333333333,17.393800735473633
0.8593091828138163,0.34,17.395816802978516
0.8591905564924115,0.3396666666666667,17.400245666503906
0.8590717299578059,0.3393333333333333,17.403385162353516
0.8589527027027027,0.339,17.407520294189453
0.8588334742180896,0.33866666666666667,17.40898895263672
0.8587140439932318,0.3383333333333333,17.40955352783203
0.8585944115156647,0.338,17.41109848022461
0.8584745762711864,0.33766666666666667,17.41211700439453
0.8583545377438507,0.3373333333333333,17.412242889404297
0.8582342954159593,0.337,17.41272735595703
0.8581138487680544,0.33666666666666667,17.414386749267578
0.8579931972789115,0.3363333333333333,17.418819427490234
0.857872340425532,0.336,17.421459197998047
0.8577512776831345,0.33566666666666667,17.422985076904297
0.8576300085251491,0.3353333333333333,17.423969268798828
0.8575085324232082,0.335,17.424129486083984
0.8573868488471392,0.33466666666666667,17.4307861328125
0.8572649572649572,0.3343333333333333,17.432029724121094
0.8571428571428571,0.334,17.432600021362305
0.8570205479452054,0.33366666666666667,17.432781219482422
0.856898029134533,0.3333333333333333,17.438684463500977
0.8567753001715266,0.333,17.439090728759766
0.8575107296137339,0.333,17.439762115478516
0.8573883161512027,0.33266666666666667,17.43998146057129
0.8572656921754084,0.3323333333333333,17.440773010253906
0.8571428571428571,0.332,17.44261360168457
0.8578811369509044,0.332,17.444110870361328
0.8577586206896551,0.33166666666666667,17.44599723815918
0.8576358930112166,0.3313333333333333,17.44744110107422
0.8575129533678757,0.331,17.448238372802734
0.857389801210026,0.33066666666666666,17.45380401611328
0.8572664359861591,0.3303333333333333,17.456167221069336
0.8571428571428571,0.33,17.45659065246582
0.8578856152512998,0.33,17.458744049072266
0.8577623590633131,0.32966666666666666,17.46426773071289
0.8576388888888888,0.3293333333333333,17.465017318725586
0.8575152041702867,0.329,17.46637725830078
0.8573913043478261,0.32866666666666666,17.466506958007812
0.8572671888598782,0.3283333333333333,17.468109130859375
0.8571428571428571,0.328,17.471113204956055
0.8570183086312119,0.32766666666666666,17.473716735839844
0.8568935427574171,0.3273333333333333,17.475482940673828
0.856768558951965,0.327,17.477025985717773
0.8566433566433567,0.32666666666666666,17.47759246826172
0.8565179352580927,0.3263333333333333,17.47918701171875
0.8563922942206655,0.326,17.481292724609375
0.8562664329535495,0.32566666666666666,17.482006072998047
0.856140350877193,0.3253333333333333,17.483455657958984
0.8560140474100087,0.325,17.484970092773438
0.8558875219683656,0.32466666666666666,17.487062454223633
0.8557607739665787,0.3243333333333333,17.487764358520508
0.8556338028169014,0.324,17.488739013671875
0.8555066079295154,0.32366666666666666,17.48920249938965
0.855379188712522,0.3233333333333333,17.48973846435547
0.8561341571050309,0.3233333333333333,17.49629020690918
0.8560070671378092,0.323,17.499431610107422
0.8558797524314765,0.32266666666666666,17.49971580505371
0.856637168141593,0.32266666666666666,17.499982833862305
0.8565101860053145,0.32233333333333336,17.502010345458984
0.8572695035460993,0.32233333333333336,17.502159118652344
0.8571428571428571,0.322,17.504776000976562
0.8570159857904085,0.32166666666666666,17.50515365600586
0.858540925266904,0.32166666666666666,17.514291763305664
0.8584149599287623,0.32133333333333336,17.514408111572266
0.8582887700534759,0.321,17.515541076660156
0.8581623550401427,0.32066666666666666,17.51700782775879
0.8580357142857142,0.32033333333333336,17.520673751831055
0.8579088471849866,0.32,17.523296356201172
0.8577817531305904,0.31966666666666665,17.527280807495117
0.8576544315129812,0.31933333333333336,17.528533935546875
0.8575268817204301,0.319,17.531232833862305
0.8573991031390135,0.31866666666666665,17.532869338989258
0.8572710951526032,0.31833333333333336,17.533838272094727
0.8571428571428571,0.318,17.53860092163086
0.8570143884892086,0.31766666666666665,17.54050064086914
0.8568856885688569,0.31733333333333336,17.54071044921875
0.8567567567567568,0.317,17.542909622192383
0.8566275924256087,0.31666666666666665,17.543048858642578
0.8564981949458483,0.31633333333333336,17.54534912109375
0.8563685636856369,0.316,17.546974182128906
0.85623869801085,0.31566666666666665,17.552440643310547
0.8561085972850678,0.31533333333333335,17.555835723876953
0.8568840579710145,0.31533333333333335,17.56368637084961
0.85675430643699,0.315,17.566993713378906
0.8566243194192378,0.31466666666666665,17.569454193115234
0.8564940962761126,0.31433333333333335,17.571081161499023
0.8563636363636363,0.314,17.574352264404297
0.8562329390354868,0.31366666666666665,17.57685089111328
0.8561020036429873,0.31333333333333335,17.576919555664062
0.8559708295350957,0.313,17.57912254333496
0.8558394160583942,0.31266666666666665,17.580026626586914
0.8557077625570776,0.31233333333333335,17.584903717041016
0.8555758683729433,0.312,17.585037231445312
0.8554437328453797,0.31166666666666665,17.589418411254883
0.8553113553113553,0.31133333333333335,17.58977699279785
0.8551787351054079,0.311,17.591392517089844
0.8550458715596331,0.31066666666666665,17.594982147216797
0.8549127640036731,0.31033333333333335,17.59874153137207
0.8547794117647058,0.31,17.599395751953125
0.8546458141674333,0.30966666666666665,17.610944747924805
0.85451197053407,0.30933333333333335,17.615985870361328
0.8543778801843318,0.309,17.616947174072266
0.8542435424354243,0.30866666666666664,17.619680404663086
0.8541089566020313,0.30833333333333335,17.623615264892578
0.8539741219963032,0.308,17.626026153564453
0.8538390379278445,0.30766666666666664,17.629484176635742
0.8537037037037037,0.30733333333333335,17.629796981811523
0.8535681186283596,0.307,17.630279541015625
0.8534322820037106,0.30666666666666664,17.631732940673828
0.8532961931290622,0.30633333333333335,17.631877899169922
0.8531598513011153,0.306,17.633840560913086
0.8530232558139534,0.30566666666666664,17.633975982666016
0.8528864059590316,0.30533333333333335,17.634267807006836
0.8527493010251631,0.305,17.634807586669922
0.8526119402985075,0.30466666666666664,17.636268615722656
0.8524743230625583,0.30433333333333334,17.63925552368164
0.8523364485981308,0.304,17.643680572509766
0.8531337698783911,0.304,17.644798278808594
0.852996254681648,0.30366666666666664,17.64502716064453
0.8528584817244611,0.30333333333333334,17.658105850219727
0.8527204502814258,0.303,17.65863609313965
0.8525821596244132,0.30266666666666664,17.660236358642578
0.8533834586466166,0.30266666666666664,17.661663055419922
0.8532455315145814,0.30233333333333334,17.66498565673828
0.8540489642184558,0.30233333333333334,17.66681480407715
0.8539114043355325,0.302,17.669673919677734
0.8547169811320755,0.302,17.671260833740234
0.8545797922568461,0.3016666666666667,17.67214584350586
0.8544423440453687,0.30133333333333334,17.67504119873047
0.8543046357615894,0.301,17.676786422729492
0.8541666666666666,0.3006666666666667,17.677371978759766
0.8540284360189574,0.30033333333333334,17.685375213623047
0.8538899430740038,0.3,17.68639373779297
0.8547008547008547,0.3,17.68699836730957
0.8545627376425855,0.2996666666666667,17.691162109375
0.8544243577545195,0.29933333333333334,17.692237854003906
0.8542857142857143,0.299,17.692670822143555
0.8541468064823642,0.2986666666666667,17.696327209472656
0.8540076335877863,0.29833333333333334,17.69699478149414
0.8538681948424068,0.298,17.6997013092041
0.8537284894837476,0.2976666666666667,17.70199203491211
0.8535885167464115,0.29733333333333334,17.705984115600586
0.853448275862069,0.297,17.70676040649414
0.8533077660594439,0.2966666666666667,17.707012176513672
0.8531669865642995,0.29633333333333334,17.707033157348633
0.8530259365994236,0.296,17.709789276123047
0.8528846153846154,0.2956666666666667,17.711610794067383
0.8527430221366699,0.29533333333333334,17.718204498291016
0.8526011560693642,0.295,17.719751358032227
0.8524590163934426,0.2946666666666667,17.722143173217773
0.8523166023166023,0.29433333333333334,17.7230224609375
0.8521739130434782,0.294,17.724740982055664
0.8520309477756286,0.2936666666666667,17.728191375732422
0.8518877057115198,0.29333333333333333,17.728530883789062
0.8517441860465116,0.293,17.732810974121094
0.8516003879728419,0.2926666666666667,17.733139038085938
0.8514563106796117,0.29233333333333333,17.734939575195312
0.8513119533527697,0.292,17.73497772216797
0.8511673151750972,0.2916666666666667,17.738388061523438
0.8510223953261928,0.29133333333333333,17.743579864501953
0.8508771929824561,0.291,17.744773864746094
0.8507317073170731,0.2906666666666667,17.74542808532715
0.8505859375,0.29033333333333333,17.748870849609375
0.8504398826979472,0.29,17.75045394897461
0.850293542074364,0.2896666666666667,17.751522064208984
0.8501469147894222,0.28933333333333333,17.753032684326172
0.85,0.289,17.753456115722656
0.8498527968596663,0.2886666666666667,17.76010513305664
0.849705304518664,0.28833333333333333,17.760372161865234
0.8495575221238938,0.288,17.76166343688965
0.8494094488188977,0.2876666666666667,17.762489318847656
0.8492610837438423,0.28733333333333333,17.762561798095703
0.849112426035503,0.287,17.763290405273438
0.8489634748272458,0.2866666666666667,17.771543502807617
0.8488142292490118,0.28633333333333333,17.773412704467773
0.8486646884272997,0.286,17.77631187438965
0.8485148514851485,0.2856666666666667,17.778194427490234
0.848364717542121,0.2853333333333333,17.781538009643555
0.8482142857142857,0.285,17.796585083007812
0.8480635551142006,0.2846666666666667,17.797344207763672
0.8489065606361829,0.2846666666666667,17.79840850830078
0.8487562189054726,0.2843333333333333,17.802000045776367
0.849601593625498,0.2843333333333333,17.803831100463867
0.8494516450648056,0.284,17.804712295532227
0.8493013972055888,0.2836666666666667,17.8049259185791
0.8491508491508492,0.2833333333333333,17.805526733398438
0.849,0.283,17.80814552307129
0.8488488488488488,0.2826666666666667,17.808815002441406
0.8486973947895792,0.2823333333333333,17.810197830200195
0.8495486459378134,0.2823333333333333,17.811891555786133
0.8493975903614458,0.282,17.811992645263672
0.8492462311557789,0.2816666666666667,17.81246566772461
0.8490945674044266,0.2813333333333333,17.81399154663086
0.8489425981873112,0.281,17.81682014465332
0.8487903225806451,0.2806666666666667,17.81715965270996
0.8486377396569122,0.2803333333333333,17.818260192871094
0.8494949494949495,0.2803333333333333,17.821788787841797
0.8493427704752275,0.28,17.822772979736328
0.8491902834008097,0.2796666666666667,17.82305335998535
0.8490374873353597,0.2793333333333333,17.826658248901367
0.8488843813387424,0.279,17.828289031982422
0.848730964467005,0.2786666666666667,17.829837799072266
0.8485772357723578,0.2783333333333333,17.834381103515625
0.8484231943031536,0.278,17.84222412109375
0.8482688391038696,0.2776666666666667,17.850208282470703
0.8481141692150866,0.2773333333333333,17.850311279296875
0.8489795918367347,0.2773333333333333,17.85272216796875
0.8488253319713994,0.277,17.85348129272461
0.8486707566462167,0.27666666666666667,17.8546142578125
0.8485158648925282,0.2763333333333333,17.857851028442383
0.8483606557377049,0.276,17.859188079833984
0.8482051282051282,0.27566666666666667,17.859294891357422
0.8480492813141683,0.2753333333333333,17.870418548583984
0.8478931140801644,0.275,17.878738403320312
0.8477366255144033,0.27466666666666667,17.881061553955078
0.8475798146240988,0.2743333333333333,17.884658813476562
0.8474226804123711,0.274,17.886337280273438
0.847265221878225,0.27366666666666667,17.89777374267578
0.8471074380165289,0.2733333333333333,17.89869499206543
0.8479834539813857,0.2733333333333333,17.90546417236328
0.8478260869565217,0.273,17.90793800354004
0.8476683937823835,0.27266666666666667,17.910167694091797
0.8485477178423236,0.27266666666666667,17.910690307617188
0.8483904465212876,0.2723333333333333,17.920732498168945
0.8482328482328483,0.272,17.923215866088867
0.8480749219562955,0.27166666666666667,17.923572540283203
0.8479166666666667,0.2713333333333333,17.92633056640625
0.8477580813347236,0.271,17.93180274963379
0.8475991649269311,0.27066666666666667,17.93497657775879
0.8474399164054337,0.2703333333333333,17.935535430908203
0.8472803347280334,0.27,17.935699462890625
0.8471204188481676,0.26966666666666667,17.94395637512207
0.8469601677148847,0.2693333333333333,17.94740867614746
0.8467995802728226,0.269,17.95037841796875
0.8466386554621849,0.26866666666666666,17.95409393310547
0.8464773922187171,0.2683333333333333,17.957181930541992
0.8463157894736842,0.268,17.957618713378906
0.8461538461538461,0.26766666666666666,17.95982551574707
0.8459915611814346,0.2673333333333333,17.964210510253906
0.8458289334741288,0.267,17.964773178100586
0.8456659619450317,0.26666666666666666,17.966339111328125
0.8455026455026455,0.2663333333333333,17.968297958374023
0.8453389830508474,0.266,17.968631744384766
0.8451749734888653,0.26566666666666666,17.969152450561523
0.8450106157112527,0.2653333333333333,17.970458984375
0.844845908607864,0.265,17.97096061706543
0.8446808510638298,0.26466666666666666,17.971115112304688
0.8445154419595314,0.2643333333333333,17.97121810913086
0.8443496801705757,0.264,17.972190856933594
0.8441835645677694,0.26366666666666666,17.977535247802734
0.844017094017094,0.2633333333333333,17.98119354248047
0.8438502673796792,0.263,17.986631393432617
0.8436830835117773,0.26266666666666666,17.988327026367188
0.8435155412647374,0.2623333333333333,17.991657257080078
0.8433476394849786,0.262,17.9942626953125
0.8442534908700322,0.262,17.994436264038086
0.8440860215053764,0.26166666666666666,17.996923446655273
0.8439181916038752,0.2613333333333333,17.997385025024414
0.84375,0.261,17.99895477294922
0.8435814455231931,0.26066666666666666,18.004474639892578
0.8434125269978402,0.26033333333333336,18.004589080810547
0.8432432432432433,0.26,18.007049560546875
0.8430735930735931,0.25966666666666666,18.009029388427734
0.8429035752979415,0.25933333333333336,18.012832641601562
0.8427331887201736,0.259,18.012939453125
0.8425624321389794,0.25866666666666666,18.014446258544922
0.842391304347826,0.25833333333333336,18.016178131103516
0.8422198041349293,0.258,18.01642608642578
0.8420479302832244,0.25766666666666665,18.018152236938477
0.8418756815703381,0.25733333333333336,18.0187931060791
0.8417030567685589,0.257,18.01926040649414
0.8415300546448088,0.25666666666666665,18.02176284790039
0.8413566739606126,0.25633333333333336,18.027278900146484
0.8411829134720701,0.256,18.03721046447754
0.8410087719298246,0.25566666666666665,18.040409088134766
0.8408342480790341,0.25533333333333336,18.04102897644043
0.8406593406593407,0.255,18.043888092041016
0.8404840484048405,0.25466666666666665,18.046483993530273
0.8414096916299559,0.25466666666666665,18.046627044677734
0.8412348401323043,0.25433333333333336,18.047115325927734
0.8410596026490066,0.254,18.047775268554688
0.8408839779005525,0.25366666666666665,18.049701690673828
0.8407079646017699,0.25333333333333335,18.05081558227539
0.840531561461794,0.253,18.051715850830078
0.8403547671840355,0.25266666666666665,18.05824851989746
0.8401775804661488,0.25233333333333335,18.061826705932617
0.84,0.252,18.06325912475586
0.8398220244716351,0.25166666666666665,18.06585693359375
0.8396436525612472,0.25133333333333335,18.06622886657715
0.8394648829431438,0.251,18.067920684814453
0.8392857142857143,0.25066666666666665,18.068605422973633
0.8391061452513966,0.25033333333333335,18.06989097595215
0.8389261744966443,0.25,18.072521209716797
0.8398656215005599,0.25,18.073516845703125
0.8396860986547086,0.24966666666666668,18.07846450805664
0.8395061728395061,0.24933333333333332,18.080463409423828
0.8404494382022472,0.24933333333333332,18.08303451538086
0.8402699662542182,0.249,18.085437774658203
0.8400900900900901,0.24866666666666667,18.086666107177734
0.8410372040586246,0.24866666666666667,18.09653091430664
0.8408577878103838,0.24833333333333332,18.099063873291016
0.8406779661016949,0.248,18.10012435913086
0.8404977375565611,0.24766666666666667,18.100135803222656
0.840317100792752,0.24733333333333332,18.1049747467041
0.8401360544217688,0.247,18.112577438354492
0.8399545970488081,0.24666666666666667,18.114887237548828
0.8397727272727272,0.24633333333333332,18.11719512939453
0.8395904436860068,0.246,18.121368408203125
0.8394077448747153,0.24566666666666667,18.12590980529785
0.8392246294184721,0.24533333333333332,18.130722045898438
0.839041095890411,0.245,18.131601333618164
0.8388571428571429,0.24466666666666667,18.13332176208496
0.8386727688787186,0.24433333333333335,18.13449478149414
0.8396334478808706,0.24433333333333335,18.134532928466797
0.8394495412844036,0.244,18.137460708618164
0.8392652123995408,0.24366666666666667,18.140352249145508
0.8390804597701149,0.24333333333333335,18.144948959350586
0.8388952819332566,0.243,18.145498275756836
0.8387096774193549,0.24266666666666667,18.147266387939453
0.8385236447520185,0.24233333333333335,18.14814567565918
0.8383371824480369,0.242,18.149646759033203
0.838150289017341,0.24166666666666667,18.150575637817383
0.8379629629629629,0.24133333333333334,18.156021118164062
0.8377752027809965,0.241,18.157424926757812
0.8387470997679815,0.241,18.157569885253906
0.8385598141695703,0.24066666666666667,18.15911865234375
0.8383720930232558,0.24033333333333334,18.160234451293945
0.8381839348079162,0.24,18.1630859375
0.837995337995338,0.23966666666666667,18.163482666015625
0.838973162193699,0.23966666666666667,18.16424560546875
0.8387850467289719,0.23933333333333334,18.165313720703125
0.8385964912280702,0.239,18.16549301147461
0.8384074941451991,0.23866666666666667,18.17186164855957
0.8382180539273154,0.23833333333333334,18.179698944091797
0.8380281690140845,0.238,18.18073272705078
0.8378378378378378,0.23766666666666666,18.182552337646484
0.8376470588235294,0.23733333333333334,18.183246612548828
0.8374558303886925,0.237,18.18453598022461
0.8372641509433962,0.23666666666666666,18.186843872070312
0.8370720188902007,0.23633333333333334,18.190214157104492
0.8380614657210402,0.23633333333333334,18.190628051757812
0.8378698224852071,0.236,18.19287109375
0.8376777251184834,0.23566666666666666,18.19489860534668
0.8374851720047449,0.23533333333333334,18.19498062133789
0.83729216152019,0.235,18.195201873779297
0.8370986920332937,0.23466666666666666,18.196117401123047
0.8369047619047619,0.23433333333333334,18.200101852416992
0.8367103694874851,0.234,18.20063018798828
0.8365155131264916,0.23366666666666666,18.203872680664062
0.8363201911589009,0.23333333333333334,18.203895568847656
0.8361244019138756,0.233,18.207792282104492
0.8359281437125748,0.23266666666666666,18.208038330078125
0.8357314148681055,0.23233333333333334,18.20855712890625
0.8377403846153846,0.23233333333333334,18.210784912109375
0.8375451263537906,0.232,18.212387084960938
0.8373493975903614,0.23166666666666666,18.215335845947266
0.8371531966224367,0.23133333333333334,18.215648651123047
0.8381642512077294,0.23133333333333334,18.224695205688477
0.837968561064087,0.231,18.22553253173828
0.837772397094431,0.23066666666666666,18.227741241455078
0.8398058252427184,0.23066666666666666,18.232133865356445
0.8396111786148238,0.23033333333333333,18.232847213745117
0.8394160583941606,0.23,18.240915298461914
0.8392204628501827,0.22966666666666666,18.241683959960938
0.8390243902439024,0.22933333333333333,18.24539566040039
0.8400488400488401,0.22933333333333333,18.24917221069336
0.8398533007334963,0.229,18.2497615814209
0.8396572827417381,0.22866666666666666,18.258129119873047
0.8394607843137255,0.22833333333333333,18.258758544921875
0.8392638036809816,0.228,18.260723114013672
0.8390663390663391,0.22766666666666666,18.26218032836914
0.8388683886838868,0.22733333333333333,18.26300048828125
0.8386699507389163,0.227,18.263668060302734
0.8384710234278668,0.22666666666666666,18.265047073364258
0.8382716049382716,0.22633333333333333,18.26531219482422
0.8380716934487021,0.226,18.268281936645508
0.8378712871287128,0.22566666666666665,18.27121353149414
0.8376703841387856,0.22533333333333333,18.271398544311523
0.8374689826302729,0.225,18.273975372314453
0.8372670807453416,0.22466666666666665,18.275497436523438
0.8383084577114428,0.22466666666666665,18.280288696289062
0.838107098381071,0.22433333333333333,18.28276824951172
0.8379052369077307,0.224,18.28323745727539
0.8377028714107366,0.22366666666666668,18.284996032714844
0.8375,0.22333333333333333,18.286558151245117
0.83729662077597,0.223,18.288265228271484
0.8370927318295739,0.22266666666666668,18.28897476196289
0.8368883312421581,0.22233333333333333,18.300140380859375
0.8366834170854272,0.222,18.307479858398438
0.8364779874213837,0.22166666666666668,18.310518264770508
0.836272040302267,0.22133333333333333,18.317138671875
0.8394437420986094,0.22133333333333333,18.34016990661621
0.839240506329114,0.221,18.345165252685547
0.8390367553865653,0.22066666666666668,18.35028648376465
0.8388324873096447,0.22033333333333333,18.354511260986328
0.8386277001270648,0.22,18.356369018554688
0.8384223918575063,0.21966666666666668,18.357318878173828
0.8382165605095542,0.21933333333333332,18.35751724243164
0.8380102040816326,0.219,18.359249114990234
0.8378033205619413,0.21866666666666668,18.363689422607422
0.8375959079283888,0.21833333333333332,18.369041442871094
0.8373879641485276,0.218,18.371646881103516
0.8371794871794872,0.21766666666666667,18.372440338134766
0.8369704749679076,0.21733333333333332,18.373340606689453
0.8380462724935732,0.21733333333333332,18.38058853149414
0.8378378378378378,0.217,18.38192367553711
0.8389175257731959,0.217,18.382110595703125
0.8387096774193549,0.21666666666666667,18.382434844970703
0.838501291989664,0.21633333333333332,18.384204864501953
0.8382923673997412,0.216,18.38541030883789
0.8380829015544041,0.21566666666666667,18.38716697692871
0.8378728923476005,0.21533333333333332,18.396774291992188
0.8376623376623377,0.215,18.39704132080078
0.8374512353706112,0.21466666666666667,18.398029327392578
0.8385416666666666,0.21466666666666667,18.399494171142578
0.8383311603650587,0.21433333333333332,18.400768280029297
0.8381201044386423,0.214,18.40340805053711
0.8379084967320262,0.21366666666666667,18.405166625976562
0.837696335078534,0.21333333333333335,18.406314849853516
0.8374836173001311,0.213,18.408052444458008
0.8372703412073491,0.21266666666666667,18.42469596862793
0.8370565045992115,0.21233333333333335,18.429040908813477
0.8368421052631579,0.212,18.433746337890625
0.836627140974967,0.21166666666666667,18.433860778808594
0.8364116094986808,0.21133333333333335,18.435161590576172
0.8361955085865258,0.211,18.435245513916016
0.8359788359788359,0.21066666666666667,18.436391830444336
0.8357615894039735,0.21033333333333334,18.438066482543945
0.8355437665782494,0.21,18.439064025878906
0.8353253652058433,0.20966666666666667,18.43954849243164
0.8351063829787234,0.20933333333333334,18.447607040405273
0.8348868175765646,0.209,18.44995880126953
0.8346666666666667,0.20866666666666667,18.450305938720703
0.8344459279038718,0.20833333333333334,18.456192016601562
0.8342245989304813,0.208,18.45644760131836
0.8340026773761714,0.20766666666666667,18.457691192626953
0.8337801608579088,0.20733333333333334,18.459922790527344
0.8335570469798658,0.207,18.47174835205078
0.8333333333333334,0.20666666666666667,18.474262237548828
0.8331090174966352,0.20633333333333334,18.481168746948242
0.8328840970350404,0.206,18.484783172607422
0.8326585695006747,0.20566666666666666,18.485214233398438
0.8324324324324325,0.20533333333333334,18.486473083496094
0.8322056833558863,0.205,18.490785598754883
0.8319783197831978,0.20466666666666666,18.4915714263916
0.8317503392130258,0.20433333333333334,18.49196434020996
0.8315217391304348,0.204,18.492263793945312
0.8312925170068027,0.20366666666666666,18.494482040405273
0.8310626702997275,0.20333333333333334,18.497478485107422
0.8308321964529332,0.203,18.499431610107422
0.8306010928961749,0.20266666666666666,18.50008773803711
0.8303693570451436,0.20233333333333334,18.50824546813965
0.8301369863013699,0.202,18.508636474609375
0.8299039780521262,0.20166666666666666,18.50989532470703
0.8296703296703297,0.20133333333333334,18.51041030883789
0.8294360385144429,0.201,18.51406478881836
0.8292011019283747,0.20066666666666666,18.5142765045166
0.8289655172413793,0.20033333333333334,18.515792846679688
0.8287292817679558,0.2,18.516016006469727
0.8284923928077456,0.19966666666666666,18.517723083496094
0.8282548476454293,0.19933333333333333,18.520153045654297
0.8280166435506241,0.199,18.521629333496094
0.8277777777777777,0.19866666666666666,18.523143768310547
0.8289290681502086,0.19866666666666666,18.52385902404785
0.8286908077994429,0.19833333333333333,18.528669357299805
0.8284518828451883,0.198,18.530149459838867
0.8282122905027933,0.19766666666666666,18.537799835205078
0.827972027972028,0.19733333333333333,18.538436889648438
0.8277310924369747,0.197,18.542409896850586
0.8274894810659187,0.19666666666666666,18.5462589263916
0.827247191011236,0.19633333333333333,18.548551559448242
0.8270042194092827,0.196,18.550859451293945
0.8267605633802817,0.19566666666666666,18.551504135131836
0.8265162200282088,0.19533333333333333,18.557262420654297
0.826271186440678,0.195,18.56028175354004
0.826025459688826,0.19466666666666665,18.562305450439453
0.8257790368271954,0.19433333333333333,18.564794540405273
0.825531914893617,0.194,18.571117401123047
0.8252840909090909,0.19366666666666665,18.57451629638672
0.8250355618776671,0.19333333333333333,18.574691772460938
0.8262108262108262,0.19333333333333333,18.57917022705078
0.8259629101283881,0.193,18.583200454711914
0.8257142857142857,0.19266666666666668,18.585487365722656
0.8254649499284692,0.19233333333333333,18.599040985107422
0.8252148997134671,0.192,18.602054595947266
0.8249641319942611,0.19166666666666668,18.606830596923828
0.8247126436781609,0.19133333333333333,18.61398696899414
0.8244604316546763,0.191,18.614032745361328
0.8242074927953891,0.19066666666666668,18.617666244506836
0.823953823953824,0.19033333333333333,18.619001388549805
0.8236994219653179,0.19,18.621858596801758
0.8248914616497829,0.19,18.62318992614746
0.8246376811594203,0.18966666666666668,18.628332138061523
0.8243831640058055,0.18933333333333333,18.632762908935547
0.8241279069767442,0.189,18.63406753540039
0.8238719068413392,0.18866666666666668,18.63559341430664
0.8236151603498543,0.18833333333333332,18.635910034179688
0.8233576642335766,0.188,18.64400863647461
0.8230994152046783,0.18766666666666668,18.645294189453125
0.8228404099560761,0.18733333333333332,18.646329879760742
0.8225806451612904,0.187,18.653549194335938
0.8237885462555066,0.187,18.65530776977539
0.8235294117647058,0.18666666666666668,18.656824111938477
0.8232695139911634,0.18633333333333332,18.662681579589844
0.8230088495575221,0.186,18.670190811157227
0.8227474150664698,0.18566666666666667,18.670631408691406
0.8224852071005917,0.18533333333333332,18.671518325805664
0.8222222222222222,0.185,18.672801971435547
0.8219584569732937,0.18466666666666667,18.674583435058594
0.8216939078751857,0.18433333333333332,18.676116943359375
0.8214285714285714,0.184,18.67626190185547
0.8211624441132638,0.18366666666666667,18.682586669921875
0.8208955223880597,0.18333333333333332,18.684680938720703
0.820627802690583,0.183,18.687284469604492
0.8203592814371258,0.18266666666666667,18.693384170532227
0.8200899550224887,0.18233333333333332,18.69487762451172
0.8198198198198198,0.182,18.698917388916016
0.8195488721804511,0.18166666666666667,18.70254135131836
0.8192771084337349,0.18133333333333335,18.70498275756836
0.8190045248868778,0.181,18.706684112548828
0.8202416918429003,0.181,18.707645416259766
0.8199697428139183,0.18066666666666667,18.708393096923828
0.8224582701062215,0.18066666666666667,18.717655181884766
0.8221884498480243,0.18033333333333335,18.71875
0.821917808219178,0.18,18.726713180541992
0.8216463414634146,0.17966666666666667,18.73153305053711
0.8213740458015267,0.17933333333333334,18.733444213867188
0.8211009174311926,0.179,18.73526382446289
0.8208269525267994,0.17866666666666667,18.739408493041992
0.8205521472392638,0.17833333333333334,18.74679946899414
0.8202764976958525,0.178,18.752124786376953
0.82,0.17766666666666667,18.75310707092285
0.8197226502311248,0.17733333333333334,18.75341796875
0.8194444444444444,0.177,18.754173278808594
0.8191653786707882,0.17666666666666667,18.756200790405273
0.8188854489164087,0.17633333333333334,18.758615493774414
0.8186046511627907,0.176,18.759469985961914
0.8183229813664596,0.17566666666666667,18.769500732421875
0.8180404354587869,0.17533333333333334,18.777584075927734
0.8177570093457944,0.175,18.78258514404297
0.8174726989079563,0.17466666666666666,18.784645080566406
0.81875,0.17466666666666666,18.786579132080078
0.8184663536776213,0.17433333333333334,18.788022994995117
0.8197492163009404,0.17433333333333334,18.788681030273438
0.8194662480376766,0.174,18.78898811340332
0.8207547169811321,0.174,18.793277740478516
0.8204724409448819,0.17366666666666666,18.794267654418945
0.8217665615141956,0.17366666666666666,18.7955379486084
0.8214849921011058,0.17333333333333334,18.7956600189209
0.8212025316455697,0.173,18.799606323242188
0.820919175911252,0.17266666666666666,18.800918579101562
0.8206349206349206,0.17233333333333334,18.8055477142334
0.8203497615262321,0.172,18.806106567382812
0.8200636942675159,0.17166666666666666,18.811006546020508
0.8197767145135566,0.17133333333333334,18.818016052246094
0.8194888178913738,0.171,18.81892967224121
0.8208,0.171,18.823795318603516
0.8205128205128205,0.17066666666666666,18.825044631958008
0.8202247191011236,0.17033333333333334,18.826751708984375
0.819935691318328,0.17,18.8287353515625
0.8196457326892109,0.16966666666666666,18.83004379272461
0.8193548387096774,0.16933333333333334,18.835947036743164
0.8190630048465266,0.169,18.837724685668945
0.8187702265372169,0.16866666666666666,18.83784294128418
0.8184764991896273,0.16833333333333333,18.83785057067871
0.8181818181818182,0.168,18.841716766357422
0.8178861788617886,0.16766666666666666,18.845605850219727
0.8175895765472313,0.16733333333333333,18.8476505279541
0.8172920065252854,0.167,18.85641860961914
0.8169934640522876,0.16666666666666666,18.857791900634766
0.8183306055646481,0.16666666666666666,18.85875701904297
0.8180327868852459,0.16633333333333333,18.868240356445312
0.8177339901477833,0.166,18.868663787841797
0.8174342105263158,0.16566666666666666,18.875263214111328
0.8171334431630972,0.16533333333333333,18.878345489501953
0.8168316831683168,0.165,18.88031005859375
0.8165289256198347,0.16466666666666666,18.885021209716797
0.8162251655629139,0.16433333333333333,18.886489868164062
0.8159203980099502,0.164,18.889921188354492
0.8156146179401993,0.16366666666666665,18.895145416259766
0.8169717138103162,0.16366666666666665,18.8989200592041
0.8166666666666667,0.16333333333333333,18.90589141845703
0.8180300500834724,0.16333333333333333,18.906198501586914
0.8177257525083612,0.163,18.912046432495117
0.8174204355108877,0.16266666666666665,18.91614532470703
0.8171140939597316,0.16233333333333333,18.91805648803711
0.8168067226890756,0.162,18.925233840942383
0.8164983164983165,0.16166666666666665,18.925643920898438
0.8161888701517707,0.16133333333333333,18.926156997680664
0.8158783783783784,0.161,18.927175521850586
0.8155668358714044,0.16066666666666668,18.928054809570312
0.8152542372881356,0.16033333333333333,18.933197021484375
0.8180272108843537,0.16033333333333333,18.940093994140625
0.817717206132879,0.16,18.947864532470703
0.8174061433447098,0.15966666666666668,18.95090103149414
0.8170940170940171,0.15933333333333333,18.953989028930664
0.8184931506849316,0.15933333333333333,18.96056365966797
0.8181818181818182,0.159,18.960596084594727
0.8178694158075601,0.15866666666666668,18.96136474609375
0.8192771084337349,0.15866666666666668,18.96261215209961
0.8189655172413793,0.15833333333333333,18.962862014770508
0.8186528497409327,0.158,18.96739959716797
0.8183391003460208,0.15766666666666668,18.969194412231445
0.8197573656845754,0.15766666666666668,18.97092628479004
0.8194444444444444,0.15733333333333333,18.975509643554688
0.8191304347826087,0.157,18.979278564453125
0.818815331010453,0.15666666666666668,18.981632232666016
0.8184991273996509,0.15633333333333332,18.984615325927734
0.8181818181818182,0.156,18.985248565673828
0.8178633975481612,0.15566666666666668,18.98801612854004
0.8175438596491228,0.15533333333333332,18.99112319946289
0.8172231985940246,0.155,18.995521545410156
0.8169014084507042,0.15466666666666667,18.996109008789062
0.8165784832451499,0.15433333333333332,18.997406005859375
0.8162544169611308,0.154,18.999814987182617
0.815929203539823,0.15366666666666667,18.999927520751953
0.8156028368794326,0.15333333333333332,19.004056930541992
0.8152753108348135,0.153,19.005348205566406
0.8149466192170819,0.15266666666666667,19.005605697631836
0.8163992869875223,0.15266666666666667,19.008018493652344
0.8160714285714286,0.15233333333333332,19.008201599121094
0.815742397137746,0.152,19.017318725585938
0.8154121863799283,0.15166666666666667,19.021408081054688
0.8150807899461401,0.15133333333333332,19.024850845336914
0.8165467625899281,0.15133333333333332,19.026945114135742
0.8162162162162162,0.151,19.03237533569336
0.8158844765342961,0.15066666666666667,19.036794662475586
0.8155515370705244,0.15033333333333335,19.03785514831543
0.8152173913043478,0.15,19.040212631225586
0.8166969147005445,0.15,19.040891647338867
0.8163636363636364,0.14966666666666667,19.041336059570312
0.8160291438979964,0.14933333333333335,19.044376373291016
0.8156934306569343,0.149,19.04886245727539
0.8153564899451554,0.14866666666666667,19.053638458251953
0.815018315018315,0.14833333333333334,19.05472183227539
0.8146788990825689,0.148,19.055776596069336
0.8143382352941176,0.14766666666666667,19.065311431884766
0.8139963167587477,0.14733333333333334,19.071216583251953
0.8136531365313653,0.147,19.073360443115234
0.8133086876155268,0.14666666666666667,19.074207305908203
0.812962962962963,0.14633333333333334,19.075162887573242
0.8126159554730983,0.146,19.08612823486328
0.8122676579925651,0.14566666666666667,19.08727264404297
0.8119180633147114,0.14533333333333334,19.08797836303711
0.8115671641791045,0.145,19.09134292602539
0.811214953271028,0.14466666666666667,19.091611862182617
0.8127340823970037,0.14466666666666667,19.091764450073242
0.8123827392120075,0.14433333333333334,19.094181060791016
0.8120300751879699,0.144,19.096481323242188
0.8116760828625236,0.14366666666666666,19.099000930786133
0.8113207547169812,0.14333333333333334,19.105934143066406
0.8128544423440454,0.14333333333333334,19.109375
0.8125,0.143,19.110774993896484
0.8121442125237192,0.14266666666666666,19.111536026000977
0.811787072243346,0.14233333333333334,19.11174964904785
0.8114285714285714,0.142,19.11394500732422
0.8110687022900763,0.14166666666666666,19.115001678466797
0.8107074569789675,0.14133333333333334,19.115413665771484
0.8103448275862069,0.141,19.11853790283203
0.8099808061420346,0.14066666666666666,19.120891571044922
0.8096153846153846,0.14033333333333334,19.128015518188477
0.8092485549132948,0.14,19.12942123413086
0.8108108108108109,0.14,19.131580352783203
0.8104448742746615,0.13966666666666666,19.13353157043457
0.810077519379845,0.13933333333333334,19.135669708251953
0.8097087378640777,0.139,19.137325286865234
0.8093385214007782,0.13866666666666666,19.139123916625977
0.8109161793372319,0.13866666666666666,19.139400482177734
0.810546875,0.13833333333333334,19.145301818847656
0.8101761252446184,0.138,19.147830963134766
0.8098039215686275,0.13766666666666666,19.150876998901367
0.8094302554027505,0.13733333333333334,19.162464141845703
0.8090551181102362,0.137,19.162851333618164
0.8086785009861933,0.13666666666666666,19.16508674621582
0.808300395256917,0.13633333333333333,19.165843963623047
0.807920792079208,0.136,19.171592712402344
0.8075396825396826,0.13566666666666666,19.176197052001953
0.8071570576540755,0.13533333333333333,19.1787109375
0.8067729083665338,0.135,19.182846069335938
0.8063872255489022,0.13466666666666666,19.184627532958984
0.806,0.13433333333333333,19.186683654785156
0.8056112224448898,0.134,19.193161010742188
0.8052208835341366,0.13366666666666666,19.198062896728516
0.8048289738430584,0.13333333333333333,19.200252532958984
0.8044354838709677,0.133,19.20052719116211
0.804040404040404,0.13266666666666665,19.201711654663086
0.8036437246963563,0.13233333333333333,19.201751708984375
0.8032454361054767,0.132,19.203723907470703
0.8028455284552846,0.13166666666666665,19.204797744750977
0.8024439918533605,0.13133333333333333,19.205251693725586
0.8020408163265306,0.131,19.20657730102539
0.8016359918200409,0.13066666666666665,19.207233428955078
0.8012295081967213,0.13033333333333333,19.21876335144043
0.8008213552361396,0.13,19.222332000732422
0.8004115226337448,0.12966666666666668,19.223600387573242
0.8,0.12933333333333333,19.22519302368164
0.7995867768595041,0.129,19.22552490234375
0.7991718426501035,0.12866666666666668,19.230541229248047
0.7987551867219918,0.12833333333333333,19.230783462524414
0.7983367983367984,0.128,19.23322296142578
0.7979166666666667,0.12766666666666668,19.236610412597656
0.7974947807933194,0.12733333333333333,19.237262725830078
0.797071129707113,0.127,19.237815856933594
0.7966457023060797,0.12666666666666668,19.245853424072266
0.7962184873949579,0.12633333333333333,19.246017456054688
0.79957805907173,0.12633333333333333,19.249195098876953
0.7991543340380549,0.126,19.265392303466797
0.798728813559322,0.12566666666666668,19.268648147583008
0.7983014861995754,0.12533333333333332,19.272428512573242
0.7978723404255319,0.125,19.277307510375977
0.7974413646055437,0.12466666666666666,19.280967712402344
0.7970085470085471,0.12433333333333334,19.28876495361328
0.7965738758029979,0.124,19.2935791015625
0.796137339055794,0.12366666666666666,19.293588638305664
0.7956989247311828,0.12333333333333334,19.29473876953125
0.7952586206896551,0.123,19.301082611083984
0.7948164146868251,0.12266666666666666,19.302997589111328
0.7943722943722944,0.12233333333333334,19.304302215576172
0.7939262472885033,0.122,19.308521270751953
0.7934782608695652,0.12166666666666667,19.3085880279541
0.7930283224400871,0.12133333333333333,19.311893463134766
0.7925764192139738,0.121,19.318599700927734
0.7921225382932167,0.12066666666666667,19.323978424072266
0.7916666666666666,0.12033333333333333,19.32583999633789
0.7912087912087912,0.12,19.33047866821289
0.7907488986784141,0.11966666666666667,19.342435836791992
0.7902869757174393,0.11933333333333333,19.344528198242188
0.7898230088495575,0.119,19.345508575439453
0.7893569844789357,0.11866666666666667,19.346160888671875
0.7928730512249443,0.11866666666666667,19.350984573364258
0.7924107142857143,0.11833333333333333,19.351749420166016
0.7919463087248322,0.118,19.37932586669922
0.7955056179775281,0.118,19.383949279785156
0.795045045045045,0.11766666666666667,19.38492202758789
0.7945823927765236,0.11733333333333333,19.391742706298828
0.7941176470588235,0.117,19.39333724975586
0.7936507936507936,0.11666666666666667,19.39478302001953
0.7931818181818182,0.11633333333333333,19.396259307861328
0.7927107061503417,0.116,19.403547286987305
0.7922374429223744,0.11566666666666667,19.403602600097656
0.7917620137299771,0.11533333333333333,19.41733169555664
0.7912844036697247,0.115,19.417367935180664
0.7908045977011494,0.11466666666666667,19.423723220825195
0.7903225806451613,0.11433333333333333,19.426116943359375
0.789838337182448,0.114,19.435155868530273
0.7893518518518519,0.11366666666666667,19.437986373901367
0.7888631090487239,0.11333333333333333,19.438920974731445
0.7883720930232558,0.113,19.445295333862305
0.7878787878787878,0.11266666666666666,19.44680404663086
0.7873831775700935,0.11233333333333333,19.447891235351562
0.7868852459016393,0.112,19.453571319580078
0.7863849765258216,0.11166666666666666,19.45550537109375
0.7858823529411765,0.11133333333333334,19.45769500732422
0.7877358490566038,0.11133333333333334,19.457782745361328
0.7872340425531915,0.111,19.46065330505371
0.7867298578199052,0.11066666666666666,19.466468811035156
0.7862232779097387,0.11033333333333334,19.468097686767578
0.7857142857142857,0.11,19.4696044921875
0.7852028639618138,0.10966666666666666,19.470903396606445
0.7870813397129187,0.10966666666666666,19.493494033813477
0.7865707434052758,0.10933333333333334,19.494407653808594
0.7860576923076923,0.109,19.494754791259766
0.7855421686746988,0.10866666666666666,19.494834899902344
0.785024154589372,0.10833333333333334,19.49624252319336
0.784503631961259,0.108,19.496519088745117
0.7839805825242718,0.10766666666666666,19.507659912109375
0.7834549878345499,0.10733333333333334,19.51504135131836
0.7829268292682927,0.107,19.528152465820312
0.78239608801956,0.10666666666666667,19.532550811767578
0.7818627450980392,0.10633333333333334,19.532913208007812
0.7813267813267813,0.106,19.541091918945312
0.7807881773399015,0.10566666666666667,19.548812866210938
0.7802469135802469,0.10533333333333333,19.54901123046875
0.7797029702970297,0.105,19.551176071166992
0.7791563275434243,0.10466666666666667,19.55243682861328
0.7810945273631841,0.10466666666666667,19.553680419921875
0.7805486284289277,0.10433333333333333,19.55418586730957
0.78,0.104,19.556137084960938
0.7794486215538847,0.10366666666666667,19.56159210205078
0.7788944723618091,0.10333333333333333,19.56881332397461
0.7783375314861462,0.103,19.57193374633789
0.7777777777777778,0.10266666666666667,19.578332901000977
0.7772151898734178,0.10233333333333333,19.582727432250977
0.7766497461928934,0.102,19.58392333984375
0.7760814249363868,0.10166666666666667,19.586013793945312
0.7755102040816326,0.10133333333333333,19.60736083984375
0.7774936061381074,0.10133333333333333,19.609966278076172
0.7769230769230769,0.101,19.612180709838867
0.7763496143958869,0.10066666666666667,19.612560272216797
0.7757731958762887,0.10033333333333333,19.619827270507812
0.7797927461139896,0.10033333333333333,19.626209259033203
0.7792207792207793,0.1,19.628677368164062
0.783289817232376,0.1,19.648311614990234
0.7827225130890052,0.09966666666666667,19.655799865722656
0.7821522309711286,0.09933333333333333,19.656391143798828
0.781578947368421,0.099,19.656421661376953
0.7810026385224275,0.09866666666666667,19.657634735107422
0.7804232804232805,0.09833333333333333,19.66486358642578
0.7798408488063661,0.098,19.667430877685547
0.7792553191489362,0.09766666666666667,19.66757583618164
0.7786666666666666,0.09733333333333333,19.669137954711914
0.7780748663101604,0.097,19.672090530395508
0.782258064516129,0.097,19.672910690307617
0.7816711590296496,0.09666666666666666,19.678024291992188
0.7810810810810811,0.09633333333333334,19.678237915039062
0.7804878048780488,0.096,19.695255279541016
0.779891304347826,0.09566666666666666,19.70020294189453
0.782016348773842,0.09566666666666666,19.700702667236328
0.7814207650273224,0.09533333333333334,19.7032470703125
0.7808219178082192,0.095,19.703350067138672
0.7802197802197802,0.09466666666666666,19.705686569213867
0.7796143250688705,0.09433333333333334,19.71042251586914
0.7790055248618785,0.094,19.714487075805664
0.778393351800554,0.09366666666666666,19.721410751342773
0.7777777777777778,0.09333333333333334,19.728483200073242
0.7771587743732591,0.093,19.731414794921875
0.776536312849162,0.09266666666666666,19.734188079833984
0.7759103641456583,0.09233333333333334,19.734207153320312
0.7780898876404494,0.09233333333333334,19.737871170043945
0.7774647887323943,0.092,19.75018882751465
0.7768361581920904,0.09166666666666666,19.750965118408203
0.7762039660056658,0.09133333333333334,19.75298309326172
0.7755681818181818,0.091,19.75551986694336
0.7749287749287749,0.09066666666666667,19.759763717651367
0.7742857142857142,0.09033333333333333,19.760257720947266
0.7736389684813754,0.09,19.7681884765625
0.7729885057471264,0.08966666666666667,19.76905059814453
0.7723342939481268,0.08933333333333333,19.782928466796875
0.7716763005780347,0.089,19.788768768310547
0.7710144927536232,0.08866666666666667,19.790019989013672
0.7703488372093024,0.08833333333333333,19.791522979736328
0.7696793002915452,0.088,19.793907165527344
0.7690058479532164,0.08766666666666667,19.795400619506836
0.7683284457478006,0.08733333333333333,19.806140899658203
0.7705882352941177,0.08733333333333333,19.809558868408203
0.7699115044247787,0.087,19.811809539794922
0.772189349112426,0.087,19.814075469970703
0.771513353115727,0.08666666666666667,19.817569732666016
0.7708333333333334,0.08633333333333333,19.83057975769043
0.7731343283582089,0.08633333333333333,19.830810546875
0.7724550898203593,0.086,19.835609436035156
0.7717717717717718,0.08566666666666667,19.841575622558594
0.7710843373493976,0.08533333333333333,19.851245880126953
0.770392749244713,0.085,19.860618591308594
0.7696969696969697,0.08466666666666667,19.866806030273438
0.7689969604863222,0.08433333333333333,19.86745834350586
0.7682926829268293,0.084,19.868358612060547
0.7675840978593272,0.08366666666666667,19.869312286376953
0.7699386503067485,0.08366666666666667,19.871591567993164
0.7692307692307693,0.08333333333333333,19.87344741821289
0.7685185185185185,0.083,19.874074935913086
0.7678018575851393,0.08266666666666667,19.876636505126953
0.7670807453416149,0.08233333333333333,19.878267288208008
0.7663551401869159,0.082,19.892990112304688
0.765625,0.08166666666666667,19.89510726928711
0.768025078369906,0.08166666666666667,19.896106719970703
0.7672955974842768,0.08133333333333333,19.897174835205078
0.7665615141955836,0.081,19.89830207824707
0.7689873417721519,0.081,19.902225494384766
0.7682539682539683,0.08066666666666666,19.905414581298828
0.767515923566879,0.08033333333333334,19.910259246826172
0.7699680511182109,0.08033333333333334,19.916391372680664
0.7692307692307693,0.08,19.917705535888672
0.7684887459807074,0.07966666666666666,19.918697357177734
0.7709677419354839,0.07966666666666666,19.932737350463867
0.7702265372168284,0.07933333333333334,19.94011688232422
0.7727272727272727,0.07933333333333334,19.9610595703125
0.7719869706840391,0.079,19.96178436279297
0.7712418300653595,0.07866666666666666,19.963642120361328
0.7704918032786885,0.07833333333333334,19.96485137939453
0.7697368421052632,0.078,19.972068786621094
0.768976897689769,0.07766666666666666,19.973800659179688
0.7682119205298014,0.07733333333333334,19.981639862060547
0.770764119601329,0.07733333333333334,19.983448028564453
0.77,0.077,19.989774703979492
0.7692307692307693,0.07666666666666666,19.99081802368164
0.7684563758389261,0.07633333333333334,19.997926712036133
0.7736486486486487,0.07633333333333334,20.00876235961914
0.7728813559322034,0.076,20.009843826293945
0.7721088435374149,0.07566666666666666,20.010635375976562
0.7713310580204779,0.07533333333333334,20.027931213378906
0.7705479452054794,0.075,20.031070709228516
0.7697594501718213,0.07466666666666667,20.038410186767578
0.7689655172413793,0.07433333333333333,20.0457820892334
0.7681660899653979,0.074,20.04633331298828
0.7708333333333334,0.074,20.05390167236328
0.7700348432055749,0.07366666666666667,20.055038452148438
0.7692307692307693,0.07333333333333333,20.05780029296875
0.7684210526315789,0.073,20.066102981567383
0.7676056338028169,0.07266666666666667,20.066333770751953
0.7667844522968198,0.07233333333333333,20.066871643066406
0.7659574468085106,0.072,20.07117462158203
0.7651245551601423,0.07166666666666667,20.079700469970703
0.7642857142857142,0.07133333333333333,20.084779739379883
0.7634408602150538,0.071,20.093034744262695
0.7661870503597122,0.071,20.103382110595703
0.7653429602888087,0.07066666666666667,20.10512924194336
0.7644927536231884,0.07033333333333333,20.109821319580078
0.7672727272727272,0.07033333333333333,20.110029220581055
0.7664233576642335,0.07,20.115310668945312
0.7692307692307693,0.07,20.121959686279297
0.7683823529411765,0.06966666666666667,20.123729705810547
0.7675276752767528,0.06933333333333333,20.13530158996582
0.7666666666666667,0.069,20.136537551879883
0.7657992565055762,0.06866666666666667,20.14480209350586
0.7686567164179104,0.06866666666666667,20.159875869750977
0.7677902621722846,0.06833333333333333,20.179378509521484
0.7669172932330827,0.068,20.182876586914062
0.7660377358490567,0.06766666666666667,20.185571670532227
0.7718631178707225,0.06766666666666667,20.195110321044922
0.7709923664122137,0.06733333333333333,20.20287322998047
0.7701149425287356,0.067,20.20745086669922
0.7692307692307693,0.06666666666666667,20.209819793701172
0.7683397683397684,0.06633333333333333,20.209989547729492
0.7674418604651163,0.066,20.219711303710938
0.7665369649805448,0.06566666666666666,20.220470428466797
0.765625,0.06533333333333333,20.221206665039062
0.7686274509803922,0.06533333333333333,20.22480010986328
0.7677165354330708,0.065,20.22686767578125
0.766798418972332,0.06466666666666666,20.234725952148438
0.7698412698412699,0.06466666666666666,20.23607063293457
0.7689243027888446,0.06433333333333334,20.23623275756836
0.768,0.064,20.238780975341797
0.7670682730923695,0.06366666666666666,20.244060516357422
0.7661290322580645,0.06333333333333334,20.248615264892578
0.7651821862348178,0.063,20.25137710571289
0.7642276422764228,0.06266666666666666,20.254501342773438
0.763265306122449,0.06233333333333333,20.26119613647461
0.7622950819672131,0.062,20.263866424560547
0.7613168724279835,0.06166666666666667,20.270586013793945
0.7603305785123967,0.06133333333333333,20.27334213256836
0.7593360995850622,0.061,20.286298751831055
0.7625,0.061,20.300128936767578
0.7615062761506276,0.06066666666666667,20.311208724975586
0.7605042016806722,0.060333333333333336,20.319751739501953
0.759493670886076,0.06,20.333919525146484
0.7584745762711864,0.059666666666666666,20.34702491760254
0.7617021276595745,0.059666666666666666,20.355636596679688
0.7606837606837606,0.059333333333333335,20.360939025878906
0.759656652360515,0.059,20.363649368286133
0.7629310344827587,0.059,20.36701202392578
0.7619047619047619,0.058666666666666666,20.372238159179688
0.7608695652173914,0.058333333333333334,20.376243591308594
0.759825327510917,0.058,20.384395599365234
0.7587719298245614,0.057666666666666665,20.397953033447266
0.7654867256637168,0.057666666666666665,20.418895721435547
0.7644444444444445,0.05733333333333333,20.42371368408203
0.7633928571428571,0.057,20.426252365112305
0.7623318385650224,0.056666666666666664,20.42633056640625
0.7657657657657657,0.056666666666666664,20.427465438842773
0.7647058823529411,0.05633333333333333,20.447717666625977
0.7681818181818182,0.05633333333333333,20.455612182617188
0.7671232876712328,0.056,20.459980010986328
0.7660550458715596,0.05566666666666667,20.464893341064453
0.7649769585253456,0.05533333333333333,20.473270416259766
0.7685185185185185,0.05533333333333333,20.48583221435547
0.7674418604651163,0.055,20.506282806396484
0.7710280373831776,0.055,20.50653839111328
0.7699530516431925,0.05466666666666667,20.50726318359375
0.7688679245283019,0.05433333333333333,20.508033752441406
0.7677725118483413,0.054,20.52798080444336
0.7666666666666667,0.05366666666666667,20.531597137451172
0.7655502392344498,0.05333333333333334,20.532703399658203
0.7644230769230769,0.053,20.537981033325195
0.7681159420289855,0.053,20.539649963378906
0.7669902912621359,0.05266666666666667,20.552242279052734
0.7658536585365854,0.052333333333333336,20.557170867919922
0.7647058823529411,0.052,20.561939239501953
0.7635467980295566,0.051666666666666666,20.565475463867188
0.7623762376237624,0.051333333333333335,20.593708038330078
0.7611940298507462,0.051,20.59669303894043
0.76,0.050666666666666665,20.60464096069336
0.7638190954773869,0.050666666666666665,20.611404418945312
0.7626262626262627,0.050333333333333334,20.61243438720703
0.766497461928934,0.050333333333333334,20.61483383178711
0.7653061224489796,0.05,20.6267147064209
0.764102564102564,0.049666666666666665,20.628150939941406
0.7628865979381443,0.04933333333333333,20.630491256713867
0.7616580310880829,0.049,20.631980895996094
0.765625,0.049,20.638355255126953
0.7643979057591623,0.048666666666666664,20.639629364013672
0.7631578947368421,0.04833333333333333,20.644145965576172
0.7619047619047619,0.048,20.665699005126953
0.7606382978723404,0.04766666666666667,20.667057037353516
0.7593582887700535,0.04733333333333333,20.682350158691406
0.7580645161290323,0.047,20.696434020996094
0.7663043478260869,0.047,20.71280860900879
0.7650273224043715,0.04666666666666667,20.71426010131836
0.7637362637362637,0.04633333333333333,20.7208251953125
0.7679558011049724,0.04633333333333333,20.72479248046875
0.7666666666666667,0.046,20.724822998046875
0.7653631284916201,0.04566666666666667,20.72624969482422
0.7640449438202247,0.04533333333333334,20.72896957397461
0.7627118644067796,0.045,20.73056983947754
0.7613636363636364,0.04466666666666667,20.73984146118164
0.76,0.044333333333333336,20.75774383544922
0.7586206896551724,0.044,20.762954711914062
0.7572254335260116,0.043666666666666666,20.771989822387695
0.7660818713450293,0.043666666666666666,20.795230865478516
0.7647058823529411,0.043333333333333335,20.79658317565918
0.7738095238095238,0.043333333333333335,20.80889892578125
0.7724550898203593,0.043,20.816551208496094
0.7710843373493976,0.042666666666666665,20.819171905517578
0.7696969696969697,0.042333333333333334,20.821449279785156
0.7682926829268293,0.042,20.82685089111328
0.7668711656441718,0.041666666666666664,20.83969497680664
0.7763975155279503,0.041666666666666664,20.865354537963867
0.775,0.04133333333333333,20.869422912597656
0.7735849056603774,0.041,20.877079010009766
0.7784810126582279,0.041,20.87789535522461
0.7770700636942676,0.04066666666666666,20.880464553833008
0.782051282051282,0.04066666666666666,20.88191795349121
0.7806451612903226,0.04033333333333333,20.8836612701416
0.7792207792207793,0.04,20.891651153564453
0.7777777777777778,0.03966666666666667,20.902990341186523
0.7763157894736842,0.03933333333333333,20.921371459960938
0.7748344370860927,0.039,20.930185317993164
0.7733333333333333,0.03866666666666667,20.930355072021484
0.7718120805369127,0.03833333333333333,20.93294906616211
0.7702702702702703,0.038,20.951271057128906
0.7755102040816326,0.038,20.97434425354004
0.773972602739726,0.03766666666666667,20.99375343322754
0.7724137931034483,0.037333333333333336,20.996328353881836
0.7708333333333334,0.037,21.013389587402344
0.7692307692307693,0.03666666666666667,21.016204833984375
0.7676056338028169,0.036333333333333336,21.0183162689209
0.7659574468085106,0.036,21.032241821289062
0.7642857142857142,0.035666666666666666,21.040908813476562
0.762589928057554,0.035333333333333335,21.04446029663086
0.7608695652173914,0.035,21.04494857788086
0.7720588235294118,0.035,21.075233459472656
0.7703703703703704,0.034666666666666665,21.07663345336914
0.7686567164179104,0.034333333333333334,21.086345672607422
0.7744360902255639,0.034333333333333334,21.094295501708984
0.7727272727272727,0.034,21.100814819335938
0.7709923664122137,0.033666666666666664,21.12063217163086
0.7692307692307693,0.03333333333333333,21.122953414916992
0.7674418604651163,0.033,21.141115188598633
0.765625,0.03266666666666666,21.144588470458984
0.7637795275590551,0.03233333333333333,21.14670181274414
0.7619047619047619,0.032,21.15041160583496
0.768,0.032,21.161762237548828
0.7661290322580645,0.03166666666666667,21.16226577758789
0.7642276422764228,0.03133333333333333,21.179243087768555
0.7622950819672131,0.031,21.18517303466797
0.7603305785123967,0.030666666666666665,21.19985580444336
0.7666666666666667,0.030666666666666665,21.20488166809082
0.7647058823529411,0.030333333333333334,21.214847564697266
0.7627118644067796,0.03,21.217805862426758
0.7606837606837606,0.029666666666666668,21.229427337646484
0.7586206896551724,0.029333333333333333,21.262226104736328
0.7565217391304347,0.029,21.273418426513672
0.7543859649122807,0.028666666666666667,21.287269592285156
0.7522123893805309,0.028333333333333332,21.29464340209961
0.7589285714285714,0.028333333333333332,21.298686981201172
0.7567567567567568,0.028,21.31028175354004
0.7545454545454545,0.027666666666666666,21.3118896484375
0.7522935779816514,0.027333333333333334,21.315261840820312
0.7592592592592593,0.027333333333333334,21.317426681518555
0.7570093457943925,0.027,21.341381072998047
0.7547169811320755,0.02666666666666667,21.34836769104004
0.7523809523809524,0.026333333333333334,21.349647521972656
0.75,0.026,21.351091384887695
0.7475728155339806,0.025666666666666667,21.35468101501465
0.7450980392156863,0.025333333333333333,21.367551803588867
0.7425742574257426,0.025,21.37466812133789
0.7575757575757576,0.025,21.39900779724121
0.7551020408163265,0.024666666666666667,21.401077270507812
0.7525773195876289,0.024333333333333332,21.40441131591797
0.7604166666666666,0.024333333333333332,21.412168502807617
0.7578947368421053,0.024,21.456449508666992
0.7553191489361702,0.023666666666666666,21.5062255859375
0.7526881720430108,0.023333333333333334,21.508968353271484
0.75,0.023,21.514217376708984
0.7472527472527473,0.02266666666666667,21.55120277404785
0.7444444444444445,0.022333333333333334,21.573528289794922
0.7415730337078652,0.022,21.575672149658203
0.7386363636363636,0.021666666666666667,21.592103958129883
0.7471264367816092,0.021666666666666667,21.599483489990234
0.7441860465116279,0.021333333333333333,21.611602783203125
0.7411764705882353,0.021,21.628944396972656
0.7380952380952381,0.020666666666666667,21.637784957885742
0.7349397590361446,0.02033333333333333,21.64906883239746
0.7439024390243902,0.02033333333333333,21.650089263916016
0.7407407407407407,0.02,21.65424346923828
0.7375,0.019666666666666666,21.65436553955078
0.7468354430379747,0.019666666666666666,21.674274444580078
0.7435897435897436,0.019333333333333334,21.677295684814453
0.7402597402597403,0.019,21.680286407470703
0.7368421052631579,0.018666666666666668,21.68633460998535
0.7333333333333333,0.018333333333333333,21.723678588867188
0.7432432432432432,0.018333333333333333,21.724590301513672
0.7397260273972602,0.018,21.731266021728516
0.7361111111111112,0.017666666666666667,21.73424530029297
0.7464788732394366,0.017666666666666667,21.738874435424805
0.7428571428571429,0.017333333333333333,21.84520149230957
0.7391304347826086,0.017,21.860698699951172
0.7352941176470589,0.016666666666666666,21.88512420654297
0.7313432835820896,0.01633333333333333,21.89068603515625
0.7272727272727273,0.016,21.909809112548828
0.7230769230769231,0.015666666666666666,21.92595100402832
0.71875,0.015333333333333332,21.951683044433594
0.7142857142857143,0.015,21.953413009643555
0.7096774193548387,0.014666666666666666,21.972084045410156
0.7049180327868853,0.014333333333333333,21.995223999023438
0.7,0.014,21.99657440185547
0.6949152542372882,0.013666666666666667,22.014923095703125
0.6896551724137931,0.013333333333333334,22.026565551757812
0.6842105263157895,0.013,22.02978515625
0.7090909090909091,0.013,22.07589340209961
0.7037037037037037,0.012666666666666666,22.087993621826172
0.7307692307692307,0.012666666666666666,22.120677947998047
0.7254901960784313,0.012333333333333333,22.152469635009766
0.72,0.012,22.1580753326416
0.7142857142857143,0.011666666666666667,22.1619930267334
0.7083333333333334,0.011333333333333334,22.180871963500977
0.7021276595744681,0.011,22.21703338623047
0.717391304347826,0.011,22.21764373779297
0.7111111111111111,0.010666666666666666,22.2640380859375
0.7045454545454546,0.010333333333333333,22.311359405517578
0.7209302325581395,0.010333333333333333,22.34429931640625
0.7142857142857143,0.01,22.42618751525879
0.7073170731707317,0.009666666666666667,22.452842712402344
0.7,0.009333333333333334,22.463390350341797
0.6923076923076923,0.009,22.541725158691406
0.6842105263157895,0.008666666666666666,22.545597076416016
0.6756756756756757,0.008333333333333333,22.572616577148438
0.6666666666666666,0.008,22.65614891052246
0.7058823529411765,0.008,22.835342407226562
0.696969696969697,0.007666666666666666,22.849998474121094
0.71875,0.007666666666666666,22.865793228149414
0.7096774193548387,0.007333333333333333,22.892662048339844
0.7,0.007,22.904205322265625
0.6896551724137931,0.006666666666666667,22.943471908569336
0.7407407407407407,0.006666666666666667,23.021759033203125
0.7307692307692307,0.006333333333333333,23.095123291015625
0.72,0.006,23.221952438354492
0.7083333333333334,0.005666666666666667,23.251197814941406
0.6956521739130435,0.005333333333333333,23.307533264160156
0.7272727272727273,0.005333333333333333,23.382278442382812
0.7142857142857143,0.005,23.449432373046875
0.7,0.004666666666666667,23.492084503173828
0.7368421052631579,0.004666666666666667,23.494741439819336
0.7222222222222222,0.004333333333333333,23.544414520263672
0.7647058823529411,0.004333333333333333,23.641090393066406
0.75,0.004,23.65140151977539
0.7333333333333333,0.0036666666666666666,23.895984649658203
0.7142857142857143,0.0033333333333333335,23.912090301513672
0.6923076923076923,0.003,23.97686004638672
0.6666666666666666,0.0026666666666666666,24.038169860839844
0.6363636363636364,0.0023333333333333335,24.16840362548828
0.7,0.0023333333333333335,24.376968383789062
0.6666666666666666,0.002,24.46728515625
0.625,0.0016666666666666668,24.470245361328125
0.7142857142857143,0.0016666666666666668,24.62509536743164
0.6666666666666666,0.0013333333333333333,24.74847984313965
0.6,0.001,24.933475494384766
0.5,0.0006666666666666666,25.165103912353516
1.0,0.0006666666666666666,26.767353057861328
1.0,0.0003333333333333333,28.848487854003906
1.0,0.0,
