event_i,event_j,delta_t_days,time_score,sky_norm_sep,sky_step_weight,sky_log_overlap,snr_ratio,ang_sep_deg,combined_time_sky_z
GW240406_062847,GW240413_022019,6.827452994745086,0.5732528,3.1960142,-0.5,-3.6641285,-0.42268082,35.503468,1.8577395878989673
GW240406_062847,GW240414_054515,7.969760461430306,0.72702783,6.4503098,-0.5,-19.528292,-0.036814585,77.93989,1.8914122730832061
GW240406_062847,GW240420_175625,14.477518764472117,0.035988156,2.1609457,0.1,-3.5681589,-0.12033243,91.51402,1.1240764431264028
GW240406_062847,GW240426_031451,19.865324878386325,0.09474692,7.125238,-0.5,-25.078638,-0.13192618,139.76985,0.9649481199580172
GW240406_062847,GW240428_225440,22.68463171891592,0.3320092,3.2194667,-0.5,-3.885404,-0.32156354,38.47331,1.5253654559746468
GW240406_062847,GW240501_033534,24.879711077745867,0.3320092,10.66202,-0.5,-55.981457,-0.09104473,158.70393,0.9453626791899183
GW240406_062847,GW240505_133552,29.29658200411057,0.2735977,6.9017854,-0.5,-23.095074,-0.25156555,109.941086,1.2316176270912316
GW240406_062847,GW240507_041632,30.908153487711594,0.2735977,2.4497993,0.1,-2.3624501,-0.17589204,40.696426,1.4624408590609417
GW240406_062847,GW240511_031507,34.86551014309128,0.104784556,5.4512324,-0.5,-13.443058,-0.35124263,61.416313,1.1082178093794917
GW240406_062847,GW240512_024139,35.84225982879599,0.104784556,2.830145,0.1,-2.7228248,-0.03130457,34.076183,1.2275697508231773
GW240406_062847,GW240513_183302,37.50295125214314,0.104784556,7.112834,-0.5,-23.962536,-0.25475734,83.459076,0.9911009444728853
GW240406_062847,GW240514_121713,38.24196566663131,0.104784556,10.926982,-0.5,-58.473457,-0.32906446,135.30318,0.6068793140440523
GW240406_062847,GW240515_005301,38.766819597079795,0.104784556,7.2768493,-0.5,-25.586336,-0.032184064,106.59332,0.97302263292779
GW240406_062847,GW240519_012815,42.791297354921696,0.09330103,4.146006,-0.5,-8.4825535,-0.05818847,89.601234,1.1477405664127076
GW240406_062847,GW240520_213616,44.6301975329855,0.09330103,2.0098157,0.5,-0.8343541,-0.060753893,25.397957,1.2328905279188063
GW240406_062847,GW240525_031210,48.863457665219904,-0.20667636,9.402159,-0.5,-43.498413,-0.20601414,151.30345,0.34766580657242574
GW240406_062847,GW240526_093944,50.13260156504258,-0.20667636,6.6885066,-0.5,-21.437645,-0.14786626,96.01184,0.5932757159970324
GW240406_062847,GW240527_183429,51.50394860342973,-0.20667636,4.6642227,-0.5,-10.467481,-0.12856932,86.85205,0.7154102239293133
GW240406_062847,GW240527_230910,51.694704470399905,-0.20667636,12.912993,-0.5,-81.932365,-0.02000158,143.64624,-0.08023223833915627
GW240406_062847,GW240530_012417,53.788542606052424,-0.20667636,8.377352,-0.5,-34.19629,-0.055184763,122.481346,0.4512294642680528
GW240406_062847,GW240531_040326,54.899058492142295,-0.24045733,0.4343544,1.0,0.74415696,-0.24905609,6.528319,0.794036272725333
GW240406_062847,GW240531_075248,55.058339789048944,-0.24045733,4.8173327,-0.5,-10.982336,-0.19417374,80.72137,0.6634813044122668
GW240406_062847,GW240601_061200,55.988338488241034,-0.24045733,4.4869447,-0.5,-8.934499,-0.118778594,58.23823,0.6862805614642951
GW240406_062847,GW240601_231004,56.69532559964116,-0.24045733,10.042803,-0.5,-49.42608,-0.07726434,139.03294,0.2354742594746541
GW240406_062847,GW240612_081540,67.074221918972,-0.39246207,7.4712253,-0.5,-27.56938,-0.28381467,144.0609,0.2709394214696931
GW240406_062847,GW240615_113620,70.21357428815905,-0.39246207,8.4486685,-0.5,-34.217346,-0.8321314,92.47797,0.19692538840349866
GW240406_062847,GW240615_160735,70.40193812982628,-0.39246207,5.861177,-0.5,-16.20929,-0.06303063,82.593796,0.39741510548254155
GW240406_062847,GW240618_071627,73.03309331101951,-0.39246207,4.08586,-0.5,-8.30999,-0.3407564,91.67532,0.48536064996071604
GW240406_062847,GW240621_195059,76.55707794401933,-0.38587266,7.612157,-0.5,-27.52062,-0.88474226,84.19305,0.28049357110459006
GW240406_062847,GW240621_200935,76.56999576254576,-0.38587266,3.721293,-0.5,-5.794582,-0.04896734,48.35865,0.5223768231517847
GW240406_062847,GW240621_214041,76.63326170078307,-0.38587266,7.2315397,-0.5,-25.883495,-0.3472736,144.84964,0.29872023140905624
GW240406_062847,GW240622_004008,76.75787617685619,-0.38587266,2.443745,0.1,-1.7207731,-0.12711753,29.672905,0.5677318988210243
GW240406_062847,GW240627_131622,82.28303598464915,-0.38587266,6.3498216,-0.5,-19.134905,-0.1320601,86.930534,0.3738545460597582
GW240406_062847,GW240629_145256,84.35010346412659,-0.38587266,9.731464,-0.5,-46.037987,-0.11536826,115.38753,0.07433353804057642
GW240406_062847,GW240630_101703,85.15851246831869,-0.38587266,4.1646557,-0.5,-7.69523,-0.09118482,58.407703,0.5012162720239292
GW240406_062847,GW240703_191355,88.53133549638645,-0.7066782,1.6552631,0.5,-1.9216622,-0.10099707,49.854332,0.12678048214993826
GW240406_062847,GW240705_053215,89.96074112577571,-0.7066782,5.8687544,-0.5,-16.14944,-0.21856952,78.498665,-0.03162213473833553
GW240406_062847,GW240716_034900,100.88903485633709,-0.8908795,4.1248393,-0.5,-8.877552,-0.13737975,113.46752,-0.20256465823095282
GW240406_062847,GW240824_205609,140.6023309674059,-1.0487857,11.767973,-0.5,-68.12308,-0.26555786,153.68607,-1.0781081273535464
GW240406_062847,GW240825_055146,140.97429474172216,-1.0487857,3.4306457,-0.5,-4.7957144,-0.08956051,45.49314,-0.3730634161190977
GW240406_062847,GW240830_211120,146.61287587965253,-1.0487857,5.03042,-0.5,-11.536186,-0.013828745,65.79898,-0.4481073433529285
GW240406_062847,GW240902_143306,149.33632971304158,-1.0487857,5.1535363,-0.5,-12.262579,-0.05394023,70.847305,-0.45619451672396233
GW240406_062847,GW240907_153833,154.38178083813025,-1.0487857,7.6753197,-0.5,-28.950935,-0.14899117,136.33745,-0.6419915696668783
GW240406_062847,GW240908_082628,155.08171884833388,-1.0487857,11.152015,-0.5,-61.053947,-0.0111405,144.89687,-0.9994051395342112
GW240406_062847,GW240908_125134,155.26581465037884,-1.0487857,5.2926884,-0.5,-13.408948,-0.2874568,89.74311,-0.46895742596713075
GW240406_062847,GW240910_103535,157.1713842740241,-1.0487857,6.964502,-0.5,-22.998413,-0.4631403,85.05094,-0.5757201484244014
GW240406_062847,GW240915_001357,161.73969703987515,-1.0688436,8.337061,-0.5,-33.681675,-0.28825518,111.5185,-0.7220905058688812
GW240406_062847,GW240915_105151,162.18267548915412,-1.0688436,4.9755588,-0.5,-12.510853,-0.2054989,121.53551,-0.48638866271071235
GW240406_062847,GW240916_184352,163.51046778623981,-1.0688436,2.4102242,0.1,-1.9363054,-0.13550895,33.94921,-0.3686586899112428
GW240406_062847,GW240919_061559,165.9911029856845,-1.0688436,8.153838,-0.5,-31.779282,-0.38688844,89.67123,-0.700910524578583
GW240406_062847,GW240920_073424,167.0455621802724,-1.0688436,6.241871,-0.5,-18.30572,-0.15783766,79.29623,-0.5509048501422362
GW240406_062847,GW240920_124024,167.2580668946052,-1.0688436,5.585063,-0.5,-14.226925,-1.1825379,64.36791,-0.5054942671175433
GW240406_062847,GW240921_201835,168.5762487302141,-1.0688436,3.5853488,-0.5,-6.066648,-0.011091551,68.42831,-0.4146431754327229
GW240406_062847,GW240922_142106,169.327991822889,-1.0688436,10.749523,-0.5,-56.49028,-0.11114588,129.18272,-0.9760263354583388
GW240406_062847,GW240923_204006,170.59118300710287,-1.0688436,3.8430786,-0.5,-6.369961,-0.029272111,52.89079,-0.418020058033442
GW240406_062847,GW240924_000316,170.73227601863996,-1.0688436,10.544457,-0.5,-54.718754,-0.07981438,155.69038,-0.9563033402942867
GW240406_062847,GW240925_005809,171.7703944762686,-1.0688436,8.727566,-0.5,-36.662716,-1.0054857,97.95732,-0.7552794317765473
GW240406_062847,GW240930_035959,176.89666743639444,-1.0688436,7.399737,-0.5,-26.150621,-0.3083684,91.56209,-0.6382447681364061
GW240406_062847,GW240930_234614,177.72045161323967,-1.0688436,6.857752,-0.5,-22.352127,-0.003982111,87.66664,-0.5959548603163543
GW240406_062847,GW241002_030559,178.8591640292715,-1.0688436,9.497018,-0.5,-44.399265,-0.024911782,153.17194,-0.8414130233575564
GW240406_062847,GW241006_015333,182.8088611687554,-1.0688436,4.947532,-0.5,-10.949169,-0.3840294,59.337585,-0.46900191630252386
GW240406_062847,GW241007_082943,184.08397326833395,-1.0688436,7.5391636,-0.5,-27.280746,-0.16433282,97.516914,-0.6508268282228064
GW240406_062847,GW241009_022835,185.83319193986003,-1.2622733,3.754995,-0.5,-6.698474,-0.28836918,71.99634,-0.6862006273647585
GW240406_062847,GW241009_084816,186.09686229256567,-1.2622733,8.770105,-0.5,-37.292675,-0.07843936,111.97647,-1.0268160998053144
GW240406_062847,GW241009_220455,186.65008818998658,-1.2622733,5.141816,-0.5,-12.2073765,-0.11491652,70.867676,-0.747533081813091
GW240406_062847,GW241011_233834,188.71512799877812,-1.2622733,7.928093,-0.5,-30.01079,-1.1256449,89.249115,-0.945744437155744
GW240406_062847,GW241101_220523,209.65040705416766,-1.2622733,3.4087577,-0.5,-6.245718,-0.054942258,96.89114,-0.6811599442011055
GW240406_062847,GW241102_124058,210.25845938824392,-1.2622733,8.724958,-0.5,-36.62536,-0.62690836,97.21555,-1.0193866427417517
GW240406_062847,GW241102_144729,210.34631759386923,-1.2622733,10.672736,-0.5,-55.986897,-0.06235264,150.44615,-1.2349451197023005
GW240406_062847,GW241109_033317,216.87812618973078,-1.4549596,3.8580554,-0.5,-7.857303,-0.025285538,108.52228,-0.9626087677866457
GW240406_062847,GW241109_115924,217.22959499424255,-1.4549596,4.9657726,-0.5,-12.801179,-0.05275612,143.6992,-1.0176505903508444
GW240406_062847,GW241110_124123,218.2587473541305,-1.4549596,6.4948797,-0.5,-19.80267,-0.10005236,77.9269,-1.0956005266558382
GW240406_062847,GW241111_111552,219.1993596573257,-1.4549596,6.2912965,-0.5,-18.57051,-0.33024892,78.14834,-1.0818824922089247
GW240406_062847,GW241113_163507,221.42106021745613,-1.4549596,2.2257426,0.1,-3.072227,-0.10960029,68.51207,-0.9093349148147389
GW240406_062847,GW241114_024711,221.84610976186616,-1.4549596,7.5695367,-0.5,-27.734861,-0.044227883,109.549934,-1.1839122712993935
GW240406_062847,GW241114_235258,222.7251186455869,-1.4549596,3.2464175,-0.5,-5.7326465,-0.10353063,93.53699,-0.9389542544423128
GW240406_062847,GW241116_151753,224.36742784186922,-1.4549596,8.214828,-0.5,-33.474857,-0.21703176,164.31897,-1.2478175659296604
GW240406_062847,GW241124_024914,231.8475283549036,-1.4549596,3.5862164,-0.5,-6.102503,-0.2815215,69.57466,-0.9430719889635774
GW240406_062847,GW241125_010116,232.77255653506353,-1.4549596,5.848548,-0.5,-16.511465,-0.11455932,99.467995,-1.0589584467966842
GW240406_062847,GW241127_061008,234.987040930647,-1.4549596,9.652675,-0.5,-45.17407,-0.9784597,108.85587,-1.378068795944493
GW240406_062847,GW241129_021832,236.82621206438375,-1.4549596,9.403027,-0.5,-42.980263,-0.36213776,116.30609,-1.353644423464427
GW240406_062847,GW241130_034908,237.889128595207,-1.4549596,3.4977138,-0.5,-4.920166,-0.17604326,43.94684,-0.9299086378753136
GW240406_062847,GW241130_110422,238.19136824479259,-1.4549596,8.756383,-0.5,-37.395878,-0.086920336,125.017075,-1.2914715985640874
GW240406_062847,GW241201_055758,238.9785964158122,-1.4549596,6.357064,-0.5,-19.821234,-0.25145358,119.87,-1.0958072083728374
GW240406_062847,GW241210_060606,247.98424711924736,-1.4549596,4.8078594,-0.5,-10.599074,-0.10121839,68.04704,-0.9931338237322123
GW240406_062847,GW241210_120900,248.23625860324336,-1.4549596,8.596835,-0.5,-36.554752,-0.28257427,161.04213,-1.2821070672024386
GW240406_062847,GW241225_042553,262.9146452415486,-0.2470929,3.5756183,-0.5,-6.0893645,-0.3842216,70.23504,0.7088819675138576
GW240406_062847,GW241225_082815,263.08296030138376,-0.2470929,9.604467,-0.5,-45.155777,-0.44607916,135.3628,0.2739425326000231
GW240406_062847,GW241229_155844,267.39579688924607,-0.2470929,3.0749173,-0.5,-4.6353507,-0.34563357,67.1187,0.7250699896926608
GW240406_062847,GW241230_084504,268.0946371340034,-0.2470929,1.3380564,0.5,-1.461009,-0.011804496,40.585556,0.7604109972072022
GW240406_062847,GW241230_233618,268.713543632472,-0.2470929,7.3774014,-0.5,-26.33097,-0.07268128,108.4927,0.48352539582102394
GW240406_062847,GW241231_054133,268.9671959959771,-0.2470929,5.6610293,-0.5,-14.626188,-0.42896163,64.33957,0.6138386537096217
GW240406_062847,GW250101_011205,269.7800595567679,-0.2470929,6.670957,-0.5,-21.307669,-0.15011434,95.1514,0.5394514978190776
GW240406_062847,GW250104_015122,272.8073430022349,-0.2470929,5.0691886,-0.5,-12.047274,-0.0066296915,77.62875,0.6425505728983985
GW240406_062847,GW250108_152221,277.3705302348374,-0.2470929,11.327168,-0.5,-63.16244,-0.0025575128,157.83095,0.07346831718063401
GW240406_062847,GW250109_010541,277.77562018686973,-0.2470929,7.206991,-0.5,-24.839212,-0.06450219,93.57524,0.5001336403873436
GW240406_062847,GW250109_074552,278.0535241051432,-0.2470929,5.1013894,-0.5,-13.475748,-0.04467212,147.02934,0.6266468893809145
GW240406_062847,GW250114_082203,283.0786496041108,-0.2470929,1.2883062,0.5,0.6176165,-1.9215821,14.280218,0.7835530300631336
GW240406_062847,GW250116_015318,284.8086861042209,-0.2470929,4.9120345,-0.5,-11.644622,-0.35747233,91.03704,0.6470334299011707
GW240406_062847,GW250118_023225,286.83585701673394,-0.2470929,4.0333033,-0.5,-7.554239,-0.22479753,69.000244,0.6925730323897555
GW240406_062847,GW250118_055802,286.9786409169104,-0.2470929,5.057235,-0.5,-11.844575,-0.096243575,72.131454,0.6448072853991487
GW240406_062847,GW250118_170523,287.4420754523989,-0.2470929,8.643534,-0.5,-36.45733,-0.17281897,126.10269,0.3707852652540127
GW240406_062847,GW250119_025138,287.8491999999213,-0.2470929,8.501688,-0.5,-35.01164,-0.22955045,110.575294,0.3868806172372971
GW240406_062847,GW250119_190238,288.5235002335934,-0.2470929,10.083688,-0.5,-49.36923,-0.58169574,110.45741,0.22703276920561583
GW240413_022019,GW240414_054515,1.14230746668522,0.98100364,19.940453,-0.5,-195.98541,-0.4594954,110.97864,0.2741785504652141
GW240413_022019,GW240420_175625,7.650065769727031,0.72702783,2.9790342,0.1,-5.6043515,-0.5430133,122.046486,2.046432155759681
GW240413_022019,GW240426_031451,13.03787188364124,0.5157103,9.489086,-0.5,-44.360363,-0.554607,155.85431,1.325963047954879
GW240413_022019,GW240428_225440,15.857178724170835,0.52348214,13.274777,-0.5,-85.17561,-0.101117276,69.96768,0.882181540953319
GW240413_022019,GW240501_033534,18.05225808300078,0.52348214,12.187194,-0.5,-72.67375,-0.5137256,125.79141,1.0213689468797533
GW240413_022019,GW240505_133552,22.469129009365485,0.3320092,12.262323,-0.5,-73.856155,-0.6742464,144.4238,0.7463576813432964
GW240413_022019,GW240507_041632,24.080700492966507,0.3320092,4.73707,-0.5,-10.042349,-0.59857285,60.094803,1.4568181309644168
GW240413_022019,GW240511_031507,28.038057148346194,0.5727229,8.172618,-0.5,-29.614388,-0.071438186,28.200832,1.5681020361028557
GW240413_022019,GW240512_024139,29.0148068340509,0.5727229,7.3290343,-0.5,-23.998161,-0.39137626,40.10603,1.6306293606008102
GW240413_022019,GW240513_183302,30.675498257398054,0.2735977,18.593779,-0.5,-169.72588,-0.16792348,88.49171,-0.400872131560301
GW240413_022019,GW240514_121713,31.414512671886218,0.2735977,16.490385,-0.5,-133.35323,-0.09361637,102.05249,0.004076746756341398
GW240413_022019,GW240515_005301,31.93936660233471,0.2735977,12.038551,-0.5,-70.8054,-0.39049676,120.11137,0.7004426414821652
GW240413_022019,GW240519_012815,35.96384436017661,0.104784556,6.529198,-0.5,-20.920347,-0.4808693,122.50351,1.0249706480611513
GW240413_022019,GW240520_213616,37.80274453824041,0.104784556,7.2535663,-0.5,-23.847742,-0.36192694,48.47731,0.992378981988307
GW240413_022019,GW240525_031210,42.03600467047482,0.09330103,10.024427,-0.5,-48.955387,-0.62869495,120.26758,0.6971429740969111
GW240413_022019,GW240526_093944,43.30514857029749,0.09330103,7.468744,-0.5,-26.143702,-0.5705471,71.25973,0.9511130984539587
GW240413_022019,GW240527_183429,44.67649560868464,0.09330103,7.4277472,-0.5,-26.772629,-0.55125016,113.065605,0.9441110412586838
GW240413_022019,GW240527_230910,44.86725147565482,0.09330103,37.677868,-0.5,-705.71796,-0.44268242,111.261024,-6.6148143548007825
GW240413_022019,GW240530_012417,46.96108961130734,-0.20667636,15.581979,-0.5,-119.73287,-0.47786558,154.82945,-0.5010779199846147
GW240413_022019,GW240531_040326,48.07160549739721,-0.20667636,3.9851336,-0.5,-6.3904443,-0.6717369,41.96176,0.7608012334542997
GW240413_022019,GW240531_075248,48.230886794303856,-0.20667636,8.605122,-0.5,-35.875973,-0.61685455,110.78617,0.43252898405693874
GW240413_022019,GW240601_061200,49.16088549349595,-0.20667636,11.7194,-0.5,-66.39215,-0.54145944,85.671936,0.09278216728847061
GW240413_022019,GW240601_231004,49.86787260489607,-0.20667636,18.836859,-0.5,-175.49403,-0.49994516,164.89548,-1.1218855827560834
GW240413_022019,GW240612_081540,60.24676892422691,-0.24045733,7.059672,-0.5,-24.209097,-0.70649546,113.125,0.5162233522374136
GW240413_022019,GW240615_113620,63.38612129341397,-0.39246207,55.285595,-0.5,-1523.5554,-0.40945056,120.93352,-16.38437347111103
GW240413_022019,GW240615_160735,63.57448513508119,-0.39246207,8.13662,-0.5,-31.269135,-0.48571146,74.37255,0.22974881490574084
GW240413_022019,GW240618_071627,66.20564031627443,-0.39246207,3.1057324,-0.5,-4.5262504,-0.7634372,61.207493,0.5274862879675265
GW240413_022019,GW240621_195059,69.72962494927424,-0.39246207,37.41692,-0.5,-695.74274,-0.46206146,101.12321,-7.1680580217334455
GW240413_022019,GW240621_200935,69.74254276780067,-0.39246207,4.4048476,-0.5,-7.4288945,-0.47164816,32.32272,0.49517017982138933
GW240413_022019,GW240621_214041,69.80580870603798,-0.39246207,8.622991,-0.5,-36.57604,-0.76995444,145.875,0.17066527965803135
GW240413_022019,GW240622_004008,69.9304231821111,-0.39246207,9.808986,-0.5,-45.328014,-0.29556328,55.842873,0.07322660374853306
GW240413_022019,GW240627_131622,75.45558298990406,-0.38587266,11.949391,-0.5,-69.41754,-0.5547409,101.672,-0.18595886388320623
GW240413_022019,GW240629_145256,77.5226504693815,-0.38587266,25.12796,-0.5,-312.68985,-0.30731255,127.052086,-2.8943908311699373
GW240413_022019,GW240630_101703,78.3310594735736,-0.38587266,10.301816,-0.5,-51.20773,-0.51386565,93.09494,0.016777064914807627
GW240413_022019,GW240703_191355,81.70388250164136,-0.38587266,2.9434829,0.1,-4.748166,-0.5236779,82.842575,0.5340269202745321
GW240413_022019,GW240705_053215,83.13328813103062,-0.38587266,14.250074,-0.5,-99.43078,-0.20411131,113.8956,-0.5201062688332566
GW240413_022019,GW240716_034900,94.061581861592,-0.7066782,3.585715,-0.5,-6.6341925,-0.28530106,90.83135,0.07431430678909257
GW240413_022019,GW240824_205609,133.7748779726608,-1.2459191,17.372887,-0.5,-148.66692,-0.6882387,129.45824,-2.2444177217740524
GW240413_022019,GW240825_055146,134.1468417469771,-1.2459191,10.380645,-0.5,-51.728264,-0.5122413,80.95707,-1.1651672890875528
GW240413_022019,GW240830_211120,139.78542288490743,-1.0487857,12.804304,-0.5,-79.743034,-0.43650958,95.87426,-1.2074769944068304
GW240413_022019,GW240902_143306,142.5088767182965,-1.0487857,9.055586,-0.5,-39.046787,-0.47662106,77.87896,-0.7543920652414221
GW240413_022019,GW240907_153833,147.55432784338515,-1.0487857,10.168059,-0.5,-50.736958,-0.57167196,143.97792,-0.8845426406442568
GW240413_022019,GW240908_082628,148.25426585358878,-1.0487857,15.515844,-0.5,-118.09719,-0.43382132,113.79374,-1.6344866455742042
GW240413_022019,GW240908_125134,148.43836165563377,-1.0487857,7.9920526,-0.5,-30.82816,-0.7101376,104.96117,-0.6628913319149982
GW240413_022019,GW240910_103535,150.34393127927902,-1.0487857,14.618709,-0.5,-104.12426,-0.04045948,85.375595,-1.478921332755784
GW240413_022019,GW240915_001357,154.91224404513008,-1.0487857,9.552093,-0.5,-43.519928,-0.13442564,76.35502,-0.8041930368072956
GW240413_022019,GW240915_105151,155.35522249440905,-1.0487857,6.7570653,-0.5,-22.747559,-0.2171819,148.29057,-0.5729273014687105
GW240413_022019,GW240916_184352,156.6830147914947,-1.0487857,4.246657,-0.5,-7.18181,-0.5581898,38.776005,-0.3996286155764275
GW240413_022019,GW240919_061559,159.16364999093943,-1.0688436,41.73009,-0.5,-866.2193,-0.035792366,101.50217,-9.991010306402533
GW240413_022019,GW240920_073424,160.2181091855273,-1.0688436,15.763968,-0.5,-121.82926,-0.26484317,107.3369,-1.7034670694774676
GW240413_022019,GW240920_124024,160.4306138998601,-1.0688436,13.928232,-0.5,-93.618385,-0.75985706,58.761345,-1.3893859471297731
GW240413_022019,GW240921_201835,161.74879573546903,-1.0688436,2.2837625,0.1,-1.8675874,-0.41158926,36.053852,-0.36789362991945723
GW240413_022019,GW240922_142106,162.50053882814393,-1.0688436,26.55606,-0.5,-349.73438,-0.31153494,143.97693,-4.240810914082471
GW240413_022019,GW240923_204006,163.7637300123578,-1.0688436,8.898573,-0.5,-37.64294,-0.39340872,76.74592,-0.7661926001727507
GW240413_022019,GW240924_000316,163.90482302389486,-1.0688436,11.9121275,-0.5,-69.32537,-0.5024952,120.88451,-1.118923692007757
GW240413_022019,GW240925_005809,164.9429414815235,-1.0688436,39.664627,-0.5,-782.776,-0.58280486,131.2466,-9.062008159743536
GW240413_022019,GW240930_035959,170.06921444164934,-1.0688436,20.42788,-0.5,-206.03026,-0.114312395,126.06053,-2.6409049220279046
GW240413_022019,GW240930_234614,170.89299861849457,-1.0688436,8.233401,-0.5,-31.515226,-0.4186987,57.275684,-0.697970709148285
GW240413_022019,GW241002_030559,172.03171103452644,-1.0688436,9.775104,-0.5,-46.495167,-0.39776903,117.74803,-0.8647473955773153
GW240413_022019,GW241006_015333,175.98140817401034,-1.0688436,17.65009,-0.5,-152.8651,-0.038651437,94.74312,-2.048999402920799
GW240413_022019,GW241007_082943,177.25652027358888,-1.0688436,9.045073,-0.5,-38.604706,-0.58701366,65.40016,-0.7769002547852164
GW240413_022019,GW241009_022835,179.00573894511496,-1.0688436,2.300893,0.1,-1.9202669,-0.71105,36.568672,-0.368480127514713
GW240413_022019,GW241009_084816,179.2694092978206,-1.0688436,13.164645,-0.5,-84.26645,-0.34424147,91.201744,-1.2852677122512475
GW240413_022019,GW241009_220455,179.82263519524147,-1.0688436,11.852272,-0.5,-68.2962,-0.53759736,102.59815,-1.1074656296571512
GW240413_022019,GW241011_233834,181.887675004033,-1.0688436,31.20692,-0.5,-483.13696,-0.7029641,106.7455,-5.72602653937469
GW240413_022019,GW241101_220523,202.82295405942256,-1.2622733,2.5849524,0.1,-3.6233082,-0.47762308,68.04403,-0.6519637786469274
GW240413_022019,GW241102_124058,203.43100639349885,-1.2622733,43.197395,-0.5,-928.9596,-0.20422755,130.47041,-10.954042120283031
GW240413_022019,GW241102_144729,203.51886459912416,-1.2622733,13.422467,-0.5,-88.24972,-0.36032817,122.7835,-1.5941378978651741
GW240413_022019,GW241109_033317,210.0506731949857,-1.2622733,4.976789,-0.5,-12.642125,-0.44796637,129.4156,-0.7523732839236063
GW240413_022019,GW241109_115924,210.40214199949745,-1.2622733,4.3340592,-0.5,-9.716006,-0.3699247,116.48683,-0.7197958241662528
GW240413_022019,GW241110_124123,211.43129435938542,-1.2622733,9.939931,-0.5,-46.507416,-0.52273315,53.463425,-1.1294068903291956
GW240413_022019,GW241111_111552,212.37190666258059,-1.2622733,14.543056,-0.5,-103.16213,-0.0924319,91.135826,-1.7601627962713005
GW240413_022019,GW241113_163507,214.59360722271106,-1.2622733,3.0128489,0.1,-5.0044665,-0.31308052,86.92912,-0.6673406764843508
GW240413_022019,GW241114_024711,215.01865676712106,-1.2622733,13.892645,-0.5,-94.79202,-0.4669087,134.9987,-1.666975567315155
GW240413_022019,GW241114_235258,215.89766565084182,-1.4549596,2.4478679,0.1,-3.3099103,-0.31915018,65.46047,-0.9119811224406509
GW240413_022019,GW241116_151753,217.53997484712414,-1.4549596,8.4635515,-0.5,-35.210056,-0.6397126,142.9018,-1.2671361164228025
GW240413_022019,GW241124_024914,225.02007536015853,-1.4549596,3.0289018,0.1,-3.8944268,-0.7042023,48.966698,-0.9184887403984234
GW240413_022019,GW241125_010116,225.94510354031843,-1.4549596,5.607845,-0.5,-14.6257105,-0.53724015,74.01954,-1.0379637103392478
GW240413_022019,GW241127_061008,228.1595879359019,-1.4549596,22.904451,-0.5,-258.5457,-0.5557789,79.83738,-3.7536063595544977
GW240413_022019,GW241129_021832,229.99875906963868,-1.4549596,13.943459,-0.5,-94.58811,-0.060543053,85.91396,-1.9282118671276267
GW240413_022019,GW241130_034908,231.06167560046194,-1.4549596,11.821662,-0.5,-67.374695,-0.24663757,77.37392,-1.6252357939934383
GW240413_022019,GW241130_110422,231.36391525004748,-1.4549596,11.934951,-0.5,-69.449486,-0.5096012,112.475655,-1.6483351355706668
GW240413_022019,GW241201_055758,232.15114342106713,-1.4549596,6.111236,-0.5,-17.897865,-0.6741344,94.77912,-1.074393704135674
GW240413_022019,GW241210_060606,241.15679412450228,-1.4549596,10.418946,-0.5,-52.464684,-0.32146242,96.22088,-1.4592376518765773
GW240413_022019,GW241210_120900,241.40880560849828,-1.4549596,10.495294,-0.5,-54.280376,-0.7052551,161.19348,-1.479452368178905
GW240413_022019,GW241225_042553,256.0871922468035,-0.2470929,4.767253,-0.5,-10.706196,-0.038459193,78.451546,0.6574812405980851
GW240413_022019,GW241225_082815,256.2555073066387,-0.2470929,17.47045,-0.5,-150.77583,-0.023398338,159.74359,-0.9019608754381847
GW240413_022019,GW241229_155844,260.56834389450097,-0.2470929,4.678931,-0.5,-10.577679,-0.7683144,88.95213,0.6589120650192717
GW240413_022019,GW241230_084504,261.26718413925835,-0.2470929,1.2206568,0.5,-1.17725,-0.43448532,34.632816,0.7635701810295534
GW240413_022019,GW241230_233618,261.8860906377269,-0.2470929,11.685217,-0.5,-66.63109,-0.4953621,117.575554,0.034850710062242884
GW240413_022019,GW241231_054133,262.139743001232,-0.2470929,22.605158,-0.5,-251.8873,-0.006280817,85.01483,-2.027668635408706
GW240413_022019,GW250101_011205,262.9526065620228,-0.2470929,10.337765,-0.5,-51.658226,-0.57279515,97.20867,0.2015485928488418
GW240413_022019,GW250104_015122,265.9798900074898,-0.2470929,8.126571,-0.5,-31.545202,-0.41605112,88.83153,0.4254736128165942
GW240413_022019,GW250108_152221,270.5430772400923,-0.2470929,14.187633,-0.5,-98.756905,-0.42523834,126.20203,-0.32281674726100734
GW240413_022019,GW250109_010541,270.9481671921247,-0.2470929,14.224603,-0.5,-98.891815,-0.35817865,104.09845,-0.32431875190569964
GW240413_022019,GW250109_074552,271.22607111039815,-0.2470929,5.861488,-0.5,-17.49313,-0.46735293,156.80412,0.5819200357227006
GW240413_022019,GW250114_082203,276.2511966093657,-0.2470929,11.000609,-0.5,-56.307224,-1.4989012,30.799507,0.14978974043355606
GW240413_022019,GW250116_015318,277.98123310947585,-0.2470929,4.391873,-0.5,-8.817068,-0.78015316,66.38303,0.678513531418669
GW240413_022019,GW250118_023225,280.00840402198884,-0.2470929,6.115725,-0.5,-17.622252,-0.64747834,81.512276,0.5804824797588972
GW240413_022019,GW250118_055802,280.1511879221654,-0.2470929,5.6682396,-0.5,-14.287843,-0.5189244,53.29555,0.6176055676230454
GW240413_022019,GW250118_170523,280.6146224576538,-0.2470929,15.11947,-0.5,-112.62372,-0.24986184,149.537,-0.4772006212623137
GW240413_022019,GW250119_025138,281.0217470051762,-0.2470929,11.906377,-0.5,-68.61383,-0.19313037,87.60387,0.012776176834175257
GW240413_022019,GW250119_190238,281.6960472388483,-0.2470929,60.22346,-0.5,-1808.7765,-0.15901493,134.18571,-19.36103667121595
GW240414_054515,GW240420_175625,6.507758303041811,0.5732528,1.2552685,0.5,-1.9682533,-0.08351784,51.771496,1.8766203346274155
GW240414_054515,GW240426_031451,11.895564416956018,0.5157103,4.7606034,-0.5,-10.751103,-0.095111586,81.40024,1.7001461752071059
GW240414_054515,GW240428_225440,14.714871257485616,0.035988156,8.4927,-0.5,-33.723984,-0.35837814,60.280132,0.7883415593976689
GW240414_054515,GW240501_033534,16.90995061631556,0.52348214,9.953207,-0.5,-48.13545,-0.054230146,113.105774,1.294562084789146
GW240414_054515,GW240505_133552,21.326821542680264,0.09474692,3.5730915,-0.5,-5.2082863,-0.21475095,45.38207,1.186171391764482
GW240414_054515,GW240507_041632,22.938393026281286,0.3320092,6.128412,-0.5,-17.732548,-0.13907745,83.024864,1.3712005747686742
GW240414_054515,GW240511_031507,26.895749681660973,0.5727229,21.434988,-0.5,-227.01192,-0.38805723,125.91354,-0.6295906773205282
GW240414_054515,GW240512_024139,27.872499367365684,0.5727229,10.623228,-0.5,-54.129574,-0.06811915,77.005165,1.2951662682140148
GW240414_054515,GW240513_183302,29.533190790712833,0.2735977,15.331888,-0.5,-115.08701,-0.29157194,103.13406,0.20744059894608113
GW240414_054515,GW240514_121713,30.272205205200997,0.2735977,18.78859,-0.5,-174.35619,-0.36587903,146.62103,-0.45242292197382383
GW240414_054515,GW240515_005301,30.79705913564949,0.2735977,4.3815928,-0.5,-8.145804,-0.06899865,48.424908,1.398052841687301
GW240414_054515,GW240519_012815,34.82153689349139,0.104784556,2.2525287,0.1,-2.2042978,-0.021373881,43.59835,1.2333426856715406
GW240414_054515,GW240520_213616,36.660437071555194,0.104784556,9.889011,-0.5,-46.84634,-0.09756848,81.10496,0.7363278978512268
GW240414_054515,GW240525_031210,40.89369720378959,0.09330103,9.976045,-0.5,-48.617382,-0.16919956,128.74052,0.7009060975360222
GW240414_054515,GW240526_093944,42.16284110361227,0.09330103,10.680285,-0.5,-55.50863,-0.11105167,113.8496,0.624183542295623
GW240414_054515,GW240527_183429,43.53418814199942,0.09330103,3.9324636,-0.5,-7.0121136,-0.09175473,62.71144,1.1641114657051241
GW240414_054515,GW240527_230910,43.7249440089696,0.09330103,24.595943,-0.5,-299.66586,-0.016813008,137.6478,-2.094100600342192
GW240414_054515,GW240530_012417,45.81878214462212,0.09330103,4.0611267,-0.5,-6.7863317,-0.018370178,44.733685,1.1666251713025098
GW240414_054515,GW240531_040326,46.92929803071198,-0.20667636,6.195136,-0.5,-17.825163,-0.2122415,71.57226,0.633494687027951
GW240414_054515,GW240531_075248,47.08857932761863,-0.20667636,0.7717774,1.0,0.7224511,-0.15735915,10.591944,0.8399914763943817
GW240414_054515,GW240601_061200,48.01857802681073,-0.20667636,3.2981303,-0.5,-3.5115056,-0.081964,28.759869,0.7928534205360451
GW240414_054515,GW240601_231004,48.725565138210854,-0.20667636,6.134083,-0.5,-17.152346,-0.04044975,61.1041,0.6409853862647208
GW240414_054515,GW240612_081540,59.104461457541696,-0.24045733,7.0020065,-0.5,-23.888014,-0.24700007,117.034424,0.5197980774238568
GW240414_054515,GW240615_113620,62.24381382672875,-0.24045733,10.981418,-0.5,-57.347153,-0.86894596,57.46565,0.14728629452167602
GW240414_054515,GW240615_160735,62.43217766839597,-0.24045733,8.115095,-0.5,-31.333635,-0.026216041,83.608154,0.4369034833044621
GW240414_054515,GW240618_071627,65.06333284958922,-0.39246207,8.237806,-0.5,-33.690746,-0.3039418,167.00635,0.20278820102512807
GW240414_054515,GW240621_195059,68.58731748258901,-0.39246207,15.012604,-0.5,-109.82854,-0.9215569,82.09493,-0.6448792856489414
GW240414_054515,GW240621_200935,68.60023530111545,-0.39246207,13.947724,-0.5,-95.3475,-0.012152751,121.94923,-0.48365709869563356
GW240414_054515,GW240621_214041,68.66350123935275,-0.39246207,4.2498045,-0.5,-8.504484,-0.31045902,74.6786,0.4831952804585965
GW240414_054515,GW240622_004008,68.78811571542587,-0.39246207,10.130878,-0.5,-49.066288,-0.16393213,75.1394,0.03160715332607884
GW240414_054515,GW240627_131622,74.31327552321885,-0.38587266,8.816949,-0.5,-37.164536,-0.09524551,85.934616,0.17312463819668392
GW240414_054515,GW240629_145256,76.38034300269628,-0.38587266,12.779623,-0.5,-79.27543,-0.15218285,88.69143,-0.295710019647182
GW240414_054515,GW240630_101703,77.1887520068884,-0.38587266,3.713948,-0.5,-5.285037,-0.05437023,37.9227,0.528049756369019
GW240414_054515,GW240703_191355,80.56157503495614,-0.38587266,1.7523991,0.5,-1.979703,-0.06418248,50.018852,0.5648491462209326
GW240414_054515,GW240705_053215,81.9909806643454,-0.38587266,1.8065373,0.5,0.16685797,-0.25538412,16.799969,0.5887475268505769
GW240414_054515,GW240716_034900,92.91927439490678,-0.7066782,5.6951137,-0.5,-16.457289,-0.17419434,146.78392,-0.035049509217467745
GW240414_054515,GW240824_205609,132.63257050597556,-1.2459191,11.397508,-0.5,-63.051357,-0.22874326,100.742455,-1.2912310748917675
GW240414_054515,GW240825_055146,133.00453428029186,-1.2459191,3.9456112,-0.5,-5.949251,-0.05274592,36.037354,-0.6554942308811269
GW240414_054515,GW240830_211120,138.6431154182222,-1.0487857,1.9509169,0.5,-0.009651697,-0.022985842,17.303253,-0.31977857967012474
GW240414_054515,GW240902_143306,141.36656925161128,-1.0487857,10.214161,-0.5,-50.476147,-0.017125642,100.369965,-0.8816389462044669
GW240414_054515,GW240907_153833,146.41202037669993,-1.0487857,4.4434905,-0.5,-9.021348,-0.112176575,66.37033,-0.4201088084178998
GW240414_054515,GW240908_082628,147.11195838690355,-1.0487857,13.388592,-0.5,-87.70444,-0.025674086,117.016136,-1.2961139553758603
GW240414_054515,GW240908_125134,147.29605418894855,-1.0487857,3.0747883,-0.5,-3.741995,-0.2506422,42.945896,-0.3613320069518003
GW240414_054515,GW240910_103535,149.2016238125938,-1.0487857,9.148817,-0.5,-39.629745,-0.49995488,68.89417,-0.7608823340814728
GW240414_054515,GW240915_001357,153.76993657844486,-1.0487857,17.658043,-0.5,-154.10477,-0.3250698,164.2255,-2.0353710311999476
GW240414_054515,GW240915_105151,154.21291502772382,-1.0487857,2.961168,0.1,-4.3487067,-0.2423135,66.49299,-0.3680867303893917
GW240414_054515,GW240916_184352,155.5407073248095,-1.0487857,7.6205764,-0.5,-27.441204,-0.09869438,78.448845,-0.6251832262801247
GW240414_054515,GW240919_061559,158.0213425242542,-1.0487857,17.026058,-0.5,-142.0352,-0.42370304,90.91923,-1.9009965295984328
GW240414_054515,GW240920_073424,159.0758017188421,-1.0688436,7.031131,-0.5,-22.693377,-0.19465226,58.388805,-0.5997541047459736
GW240414_054515,GW240920_124024,159.2883064331749,-1.0688436,18.64997,-0.5,-171.35089,-1.2193525,118.53835,-2.2548079305433775
GW240414_054515,GW240921_201835,160.6064882687838,-1.0688436,8.873814,-0.5,-38.718884,-0.047906138,146.30495,-0.77817143334712
GW240414_054515,GW240922_142106,161.3582313614587,-1.0688436,7.9491253,-0.5,-29.286833,-0.14796047,57.318268,-0.6731612584543009
GW240414_054515,GW240923_204006,162.62142254567257,-1.0688436,4.000632,-0.5,-6.318472,-0.066086695,39.39793,-0.41744681515350834
GW240414_054515,GW240924_000316,162.76251555720964,-1.0688436,11.268591,-0.5,-62.064953,-0.042999797,126.27944,-1.0380910309738063
GW240414_054515,GW240925_005809,163.80063401483827,-1.0688436,3.5064592,-0.5,-3.4020343,-1.0423002,20.309694,-0.38497713970983605
GW240414_054515,GW240930_035959,168.9269069749641,-1.0688436,4.7021217,-0.5,-8.902021,-0.345183,36.62848,-0.4462103357572968
GW240414_054515,GW240930_234614,169.75069115180935,-1.0688436,19.443352,-0.5,-187.02597,-0.040796697,163.82367,-2.4293238311720913
GW240414_054515,GW241002_030559,170.8894035678412,-1.0688436,9.68321,-0.5,-45.745872,-0.06172637,125.396034,-0.8564052517577034
GW240414_054515,GW241006_015333,174.83910070732512,-1.0688436,4.2702456,-0.5,-6.798817,-0.42084396,30.61894,-0.42279465945616934
GW240414_054515,GW241007_082943,176.11421280690365,-1.0688436,15.502112,-0.5,-118.21504,-0.12751824,134.14395,-1.6632287532247074
GW240414_054515,GW241009_022835,177.86343147842973,-1.0688436,8.51951,-0.5,-35.649933,-0.25155458,141.33012,-0.74400377936625
GW240414_054515,GW241009_084816,178.12710183113538,-1.0688436,12.356166,-0.5,-74.33577,-0.115253955,103.816376,-1.1747061382146367
GW240414_054515,GW241009_220455,178.68032772855625,-1.0688436,4.8629823,-0.5,-10.145909,-0.07810193,48.026176,-0.46005895576043
GW240414_054515,GW241011_233834,180.74536753734782,-1.0688436,6.6298113,-0.5,-19.253757,-1.1624595,38.82808,-0.5614596753786367
GW240414_054515,GW241101_220523,201.68064659273736,-1.2622733,6.194045,-0.5,-19.497513,-0.01812767,165.6842,-0.8286966077224722
GW240414_054515,GW241102_124058,202.28869892681362,-1.2622733,7.8390207,-0.5,-27.923546,-0.663723,44.150963,-0.9225064512827909
GW240414_054515,GW241102_144729,202.37655713243893,-1.2622733,10.414641,-0.5,-52.639862,-0.09916723,107.36587,-1.1976814657613337
GW240414_054515,GW241109_033317,208.90836572830048,-1.2622733,2.8033166,0.1,-4.220078,-0.011529048,74.105125,-0.6586078165184401
GW240414_054515,GW241109_115924,209.25983453281225,-1.2622733,4.0006185,-0.5,-8.357249,-0.08957071,109.19391,-0.7046683278592647
GW240414_054515,GW241110_124123,210.2889868927002,-1.2622733,15.723105,-0.5,-121.29159,-0.06323777,112.86651,-1.9620040881909442
GW240414_054515,GW241111_111552,211.22959919589536,-1.2622733,11.418111,-0.5,-63.053085,-0.36706352,89.8119,-1.313615362920011
GW240414_054515,GW241113_163507,213.45129975602583,-1.2622733,1.392077,0.5,-1.4615613,-0.14641488,40.70685,-0.627896327898797
GW240414_054515,GW241114_024711,213.87634930043583,-1.2622733,3.2581537,-0.5,-3.8115919,-0.0074132956,35.24606,-0.6540600038455675
GW240414_054515,GW241114_235258,214.7553581841566,-1.2622733,5.997361,-0.5,-18.329163,-0.14034522,162.89488,-0.8156889739907023
GW240414_054515,GW241116_151753,216.39766738043892,-1.4549596,5.4012103,-0.5,-14.057025,-0.18021718,94.74183,-1.0316323441282227
GW240414_054515,GW241124_024914,223.8777678934733,-1.4549596,6.2505655,-0.5,-18.925024,-0.24470691,105.32798,-1.0858294058731082
GW240414_054515,GW241125_010116,224.8027960736332,-1.4549596,8.21619,-0.5,-32.77661,-0.07774474,115.267166,-1.2400437596702836
GW240414_054515,GW241127_061008,227.01728046921667,-1.4549596,20.944408,-0.5,-216.62372,-1.0152743,123.4641,-3.2868750858092866
GW240414_054515,GW241129_021832,228.85645160295346,-1.4549596,16.20281,-0.5,-129.11066,-0.39895236,126.09554,-2.312562904561843
GW240414_054515,GW241130_034908,229.91936813377671,-1.4549596,6.3576345,-0.5,-18.132278,-0.21285784,51.429142,-1.0770035040965498
GW240414_054515,GW241130_110422,230.22160778336226,-1.4549596,8.324911,-0.5,-33.106735,-0.050105754,87.87108,-1.2437191394687248
GW240414_054515,GW241201_055758,231.0088359543819,-1.4549596,6.8819156,-0.5,-22.994448,-0.21463898,111.633125,-1.1311356606048166
GW240414_054515,GW241210_060606,240.01448665781706,-1.4549596,5.71311,-0.5,-14.742328,-0.13803297,59.341568,-1.0392620486582707
GW240414_054515,GW241210_120900,240.26649814181306,-1.4549596,5.462136,-0.5,-14.213734,-0.24575967,87.8177,-1.033377034687096
GW240414_054515,GW241225_042553,254.94488478011831,-0.2470929,5.7479854,-0.5,-15.942662,-0.4210362,98.45856,0.5991819088300759
GW240414_054515,GW241225_082815,255.11319983995347,-0.2470929,5.604153,-0.5,-14.110066,-0.48289374,57.75421,0.6195848110335694
GW240414_054515,GW241229_155844,259.42603642781575,-0.2470929,1.7642151,0.5,-1.2483593,-0.308819,34.572556,0.7627784974681914
GW240414_054515,GW241230_084504,260.1248766725731,-0.2470929,3.858579,-0.5,-7.9042516,-0.02501009,111.00278,0.6886762230624939
GW240414_054515,GW241230_233618,260.7437831710417,-0.2470929,8.409223,-0.5,-33.91794,-0.03586669,93.58119,0.3990571496601266
GW240414_054515,GW241231_054133,260.99743553454675,-0.2470929,12.683016,-0.5,-77.77482,-0.46577623,76.87978,-0.08921616468647231
GW240414_054515,GW250101_011205,261.8102990953376,-0.2470929,10.161699,-0.5,-50.081203,-0.11329975,107.070076,0.2191061123350235
GW240414_054515,GW250104_015122,264.8375825408046,-0.2470929,7.801619,-0.5,-29.130486,-0.04344428,92.995186,0.4523574616291959
GW240414_054515,GW250108_152221,269.4007697734071,-0.2470929,11.00688,-0.5,-58.939384,-0.034257073,111.01362,0.12048502079150164
GW240414_054515,GW250109_010541,269.80585972543946,-0.2470929,10.639549,-0.5,-54.674202,-0.10131677,92.84818,0.16797072392991938
GW240414_054515,GW250109_074552,270.0837636437129,-0.2470929,2.6151972,0.1,-3.76533,-0.007857533,71.05674,0.7347562203080304
GW240414_054515,GW250114_082203,275.1088891426805,-0.2470929,16.152946,-0.5,-127.61597,-1.9583967,89.11715,-0.6441143381156527
GW240414_054515,GW250116_015318,276.8389256427906,-0.2470929,7.1792064,-0.5,-25.037624,-0.32065773,113.754,0.4979246538866917
GW240414_054515,GW250118_023225,278.86609655530367,-0.2470929,6.4539843,-0.5,-19.867912,-0.18798295,91.32858,0.5554807872500571
GW240414_054515,GW250118_055802,279.00888045548015,-0.2470929,13.1270075,-0.5,-84.610176,-0.05942899,138.3054,-0.16531648755540224
GW240414_054515,GW250118_170523,279.47231499096864,-0.2470929,6.572805,-0.5,-20.133278,-0.20963357,72.12692,0.5525263832715643
GW240414_054515,GW250119_025138,279.879439538491,-0.2470929,12.392378,-0.5,-74.8673,-0.26636502,108.55572,-0.05684581134912231
GW240414_054515,GW250119_190238,280.55373977216306,-0.2470929,13.205516,-0.5,-84.25076,-0.6185103,69.3307,-0.16131502079032795
GW240420_175625,GW240426_031451,5.387806113914207,0.790937,1.114008,1.0,-1.9322741,-0.011593749,49.064526,2.174713057774325
GW240420_175625,GW240428_225440,8.207112954443804,0.72702783,1.2944069,0.5,-2.0162687,-0.44189596,53.33555,2.0863794814403187
GW240420_175625,GW240501_033534,10.402192313273748,0.669271,2.6018548,0.1,-4.6086903,-0.029287696,109.66674,1.9785323175843348
GW240420_175625,GW240505_133552,14.819063239638453,0.035988156,0.59303224,1.0,-1.4176626,-0.13123311,25.221363,1.1480186370138192
GW240420_175625,GW240507_041632,16.430634723239475,0.52348214,1.4684258,0.5,-2.3321652,-0.05555961,62.83381,1.8045053549732137
GW240420_175625,GW240511_031507,20.387991378619162,0.09474692,3.6591017,-0.5,-7.863644,-0.47157505,150.06544,1.1566084049167793
GW240420_175625,GW240512_024139,21.364741064323873,0.09474692,2.7807837,0.1,-5.0461774,-0.151637,114.65416,1.1879762043423892
GW240420_175625,GW240513_183302,23.025432487671022,0.3320092,1.3405237,0.5,-2.0739996,-0.37508976,55.15226,1.5455324276961195
GW240420_175625,GW240514_121713,23.764446902159186,0.3320092,2.7420764,0.1,-4.9441915,-0.44939688,113.33566,1.513577622358846
GW240420_175625,GW240515_005301,24.28930083260768,0.3320092,2.1246514,0.5,-3.476996,-0.1525165,89.37653,1.5299124006607543
GW240420_175625,GW240519_012815,28.31377859044958,0.5727229,0.18208402,1.0,-1.3698769,-0.06214396,8.187848,1.882557619089363
GW240420_175625,GW240520_213616,30.15267876851338,0.2735977,1.7768804,0.5,-2.7670722,-0.18108632,73.57886,1.457936066148002
GW240420_175625,GW240525_031210,34.38593890074778,0.104784556,2.3050046,0.1,-3.9012244,-0.08568172,98.172066,1.2144502343937356
GW240420_175625,GW240526_093944,35.65508280057046,0.104784556,3.856942,-0.5,-8.653102,-0.02753383,161.85707,1.161545992483212
GW240420_175625,GW240527_183429,37.02642983895761,0.104784556,0.3046667,1.0,-1.3383647,-0.00823689,13.286234,1.2429834080328122
GW240420_175625,GW240527_230910,37.21718570592779,0.104784556,2.5811272,0.1,-4.4983425,-0.100330845,105.75569,1.2078023184529156
GW240420_175625,GW240530_012417,39.31102384158031,0.104784556,1.262933,0.5,-2.0169647,-0.06514766,53.114906,1.2354283278021945
GW240420_175625,GW240531_040326,40.42153972767017,0.09330103,2.046235,0.5,-3.319843,-0.12872367,86.352875,1.205218748194044
GW240420_175625,GW240531_075248,40.58082102457682,0.09330103,1.4335164,0.5,-2.284139,-0.07384131,61.420643,1.216749588713209
GW240420_175625,GW240601_061200,41.51081972376892,0.09330103,1.8427578,0.5,-2.8914025,-0.0015538373,76.50176,1.2099887203540254
GW240420_175625,GW240601_231004,42.21780683516904,0.09330103,1.5489051,0.5,-2.4064436,-0.04306809,64.73369,1.215387929830652
GW240420_175625,GW240612_081540,52.596703154499885,-0.20667636,2.820864,0.1,-5.283683,-0.16348223,123.823166,0.7731231788769837
GW240420_175625,GW240615_113620,55.736055523686936,-0.24045733,0.14008145,1.0,-1.1746988,-0.9524638,5.7327814,0.7726730095263707
GW240420_175625,GW240615_160735,55.92441936535416,-0.24045733,3.2260125,-0.5,-6.414421,-0.057301797,135.09209,0.7143374293569521
GW240420_175625,GW240618_071627,58.5555745465474,-0.24045733,2.68311,0.1,-4.970668,-0.22042395,121.73286,0.7304112170451977
GW240420_175625,GW240621_195059,62.07955917954721,-0.24045733,0.81993,1.0,-1.5025331,-1.0050747,33.58056,0.7690231211985603
GW240420_175625,GW240621_200935,62.092476998073636,-0.24045733,2.4743803,0.1,-4.2550387,-0.07136509,102.73556,0.7383785551548059
GW240420_175625,GW240621_214041,62.15574293631094,-0.24045733,2.0030751,0.5,-3.32635,-0.22694117,88.594475,0.7487179577555017
GW240420_175625,GW240622_004008,62.28035741238406,-0.24045733,1.6064986,0.5,-2.4716663,-0.24744996,66.28537,0.7582334365280282
GW240420_175625,GW240627_131622,67.80551722017704,-0.39246207,0.8734663,1.0,-1.5859343,-0.0117276665,36.460663,0.5602218102382753
GW240420_175625,GW240629_145256,69.87258469965447,-0.39246207,0.95399827,1.0,-1.6322749,-0.2357007,39.283485,0.5597058850103506
GW240420_175625,GW240630_101703,70.68099370384658,-0.39246207,0.8606182,1.0,-1.580099,-0.029147612,36.01976,0.5602867765259507
GW240420_175625,GW240703_191355,74.05381673191432,-0.38587266,0.84151655,1.0,-1.9042877,-0.01933536,41.756084,0.5656887694610918
GW240420_175625,GW240705_053215,75.48322236130359,-0.38587266,0.8508529,1.0,-1.5615401,-0.33890194,35.42985,0.5695046927740045
GW240420_175625,GW240716_034900,86.41151609186497,-0.7066782,1.9892268,0.5,-3.4656832,-0.2577122,95.64278,0.10959037986868386
GW240420_175625,GW240824_205609,126.12481220293377,-1.2459191,2.6111062,0.1,-4.6036725,-0.14522542,108.46526,-0.6405134535357309
GW240420_175625,GW240825_055146,126.49677597725005,-1.2459191,1.3010432,0.5,-2.0441551,-0.03077192,54.128124,-0.6120174905158078
GW240420_175625,GW240830_211120,132.1353571151804,-1.2459191,1.6008446,0.5,-2.476398,-0.10650368,66.50938,-0.6168297949477339
GW240420_175625,GW240902_143306,134.85881094856947,-1.2459191,1.3904332,0.5,-2.1720133,-0.0663922,58.066235,-0.6134409781925965
GW240420_175625,GW240907_153833,139.90426207365812,-1.0487857,1.9833415,0.5,-3.2422278,-0.028658736,85.77902,-0.3557679304233328
GW240420_175625,GW240908_082628,140.60420008386174,-1.0487857,2.9638314,0.1,-5.5858746,-0.109191924,123.05536,-0.3818605336495456
GW240420_175625,GW240908_125134,140.78829588590673,-1.0487857,2.1418025,0.5,-3.5539727,-0.16712439,91.93602,-0.35923869096873895
GW240420_175625,GW240910_103535,142.69386550955198,-1.0487857,2.901375,0.1,-5.391232,-0.5834727,119.772606,-0.3796935131144972
GW240420_175625,GW240915_001357,147.26217827540304,-1.0487857,3.2914078,-0.5,-6.616256,-0.4085876,137.05609,-0.3933321174820481
GW240420_175625,GW240915_105151,147.705156724682,-1.0487857,0.64865565,1.0,-1.6257987,-0.32583132,30.088587,-0.33777168477062
GW240420_175625,GW240916_184352,149.03294902176768,-1.0487857,2.762686,0.1,-5.0269604,-0.015176534,115.68415,-0.3756379551130491
GW240420_175625,GW240919_061559,151.5135842212124,-1.0487857,0.99510044,1.0,-1.6606752,-0.50722086,40.737873,-0.3381599761282042
GW240420_175625,GW240920_073424,152.56804341580028,-1.0487857,0.37068793,1.0,-1.2581141,-0.27817008,15.357413,-0.33367812912226386
GW240420_175625,GW240920_124024,152.7805481301331,-1.0487857,1.983438,0.5,-3.1396408,-1.3028704,81.48622,-0.35462579521486487
GW240420_175625,GW240921_201835,154.098729965742,-1.0487857,2.944445,0.1,-5.636002,-0.13142398,128.99461,-0.3824186199410165
GW240420_175625,GW240922_142106,154.8504730584169,-1.0487857,1.9324247,0.5,-3.0466068,-0.2314783,79.66266,-0.35359001625622644
GW240420_175625,GW240923_204006,156.11366424263076,-1.0487857,2.0678747,0.5,-3.343655,-0.14960454,86.36745,-0.3568971546604728
GW240420_175625,GW240924_000316,156.25475725416783,-1.0487857,2.4995673,0.1,-4.3457828,-0.040518045,105.24997,-0.36805417690411896
GW240420_175625,GW240925_005809,157.29287571179646,-1.0487857,1.1489041,1.0,-1.8285513,-1.1258181,47.10492,-0.3400289971643636
GW240420_175625,GW240930_035959,162.4191486719223,-1.0688436,0.38887778,1.0,-1.2601858,-0.42870086,16.072096,-0.3611312246662772
GW240420_175625,GW240930_234614,163.24293284876754,-1.0688436,2.9500418,0.1,-5.541965,-0.12431454,122.29101,-0.4088017041370551
GW240420_175625,GW241002_030559,164.3816452647994,-1.0688436,2.6529508,0.1,-4.764415,-0.14524421,113.02752,-0.4001449774934367
GW240420_175625,GW241006_015333,168.3313424042833,-1.0688436,0.9572787,1.0,-1.637324,-0.5043618,39.456314,-0.3653300296822581
GW240420_175625,GW241007_082943,169.60645450386184,-1.0688436,4.0998096,-0.5,-9.597072,-0.0440004,170.14557,-0.4539485625224958
GW240420_175625,GW241009_022835,171.35567317538792,-1.0688436,3.4184148,-0.5,-7.1456556,-0.16803674,149.89021,-0.42665612818469306
GW240420_175625,GW241009_084816,171.61934352809357,-1.0688436,3.446346,-0.5,-7.1290097,-0.19877179,142.84822,-0.4264708037200181
GW240420_175625,GW241009_220455,172.17256942551444,-1.0688436,0.49464017,1.0,-1.3282526,-0.0054159076,20.662548,-0.3618890341814627
GW240420_175625,GW241011_233834,174.237609234306,-1.0688436,2.1405323,0.5,-3.459947,-1.2459774,87.78116,-0.38562190257567885
GW240420_175625,GW241101_220523,195.17288828969555,-1.2622733,2.3808773,0.1,-4.3433766,-0.06539017,115.73483,-0.6599805415686506
GW240420_175625,GW241102_124058,195.7809406237718,-1.2622733,0.28784668,1.0,-1.2089018,-0.7472408,11.795263,-0.6250833845278256
GW240420_175625,GW241102_144729,195.86879882939712,-1.2622733,2.7442083,0.1,-4.9762573,-0.18268506,114.9204,-0.6670266139215244
GW240420_175625,GW241109_033317,202.40060742525867,-1.2622733,0.50844574,1.0,-1.6312511,-0.095046885,24.628098,-0.6297855409084128
GW240420_175625,GW241109_115924,202.75207622977044,-1.2622733,2.481968,0.1,-4.6015654,-0.17308855,121.39887,-0.6628550429856885
GW240420_175625,GW241110_124123,203.78122858965838,-1.2622733,3.9661536,-0.5,-9.044388,-0.020280067,163.47917,-0.7123184712213904
GW240420_175625,GW241111_111552,204.72184089285355,-1.2622733,1.0611253,1.0,-1.7482624,-0.45058134,43.870968,-0.6310882669403479
GW240420_175625,GW241113_163507,206.94354145298402,-1.2622733,1.8438326,0.5,-3.2663379,-0.22993271,92.23816,-0.6479895088004852
GW240420_175625,GW241114_024711,207.36859099739402,-1.2622733,1.5962927,0.5,-2.4911017,-0.076104544,67.053154,-0.6393585457028598
GW240420_175625,GW241114_235258,208.24759988111478,-1.2622733,2.3453703,0.1,-4.2688284,-0.22386305,114.54358,-0.6591505710314589
GW240420_175625,GW241116_151753,209.8899090773971,-1.2622733,2.1431718,0.5,-3.6162238,-0.096699335,94.76413,-0.6518849059902578
GW240420_175625,GW241124_024914,217.3700095904315,-1.4549596,3.5068083,-0.5,-7.4562736,-0.16118906,154.11597,-0.9581439712791275
GW240420_175625,GW241125_010116,218.2950377705914,-1.4549596,3.7468135,-0.5,-8.280563,-0.0057731066,160.9064,-0.9673210652786555
GW240420_175625,GW241127_061008,220.50952216617486,-1.4549596,3.8548791,-0.5,-8.599321,-1.0987922,158.10599,-0.970869904816992
GW240420_175625,GW241129_021832,222.34869329991164,-1.4549596,3.6714091,-0.5,-7.924128,-0.48247018,151.7321,-0.9633527518918473
GW240420_175625,GW241130_034908,223.4116098307349,-1.4549596,1.1533319,1.0,-1.8524412,-0.2963757,47.732876,-0.8957546314600444
GW240420_175625,GW241130_110422,223.71384948032045,-1.4549596,2.8614545,0.1,-5.3078012,-0.033412088,120.00564,-0.9342243105404782
GW240420_175625,GW241201_055758,224.5010776513401,-1.4549596,3.2600696,-0.5,-6.6106067,-0.13112114,142.49783,-0.9487288790248276
GW240420_175625,GW241210_060606,233.50672835477525,-1.4549596,0.61855435,1.0,-1.4031396,-0.22155082,25.915356,-0.8907524064806196
GW240420_175625,GW241210_120900,233.75873983877125,-1.4549596,1.597248,0.5,-2.5697484,-0.16224183,69.730965,-0.9037406525202472
GW240420_175625,GW241225_042553,248.4371264770765,-1.4549596,1.2819424,0.5,-2.1339934,-0.50455403,56.476097,-0.898889246213602
GW240420_175625,GW241225_082815,248.60544153691166,-1.4549596,1.5863445,0.5,-2.4691205,-0.5664116,66.430664,-0.9026203284654393
GW240420_175625,GW241229_155844,252.91827812477393,-0.2470929,1.9046892,0.5,-3.1718569,-0.22530115,85.847755,0.7413635558767979
GW240420_175625,GW241230_084504,253.6171183695313,-0.2470929,1.8851881,0.5,-3.3323967,-0.10852793,93.78743,0.7395762118643328
GW240420_175625,GW241230_233618,254.23602486799987,-0.2470929,1.0035484,1.0,-1.724437,-0.047651153,42.235943,0.7574781654869296
GW240420_175625,GW241231_054133,254.48967723150497,-0.2470929,0.9819489,1.0,-1.6525719,-0.54929405,40.298023,0.7582782634765625
GW240420_175625,GW250101_011205,255.3025407922958,-0.2470929,1.3373892,0.5,-2.107923,-0.029781912,56.082104,0.7532086872366541
GW240420_175625,GW250104_015122,258.32982423776275,-0.2470929,1.1175,1.0,-1.8555331,-0.12696213,47.273384,0.7560186284882646
GW240420_175625,GW250108_152221,262.8930114703653,-0.2470929,2.6314201,0.1,-4.6705036,-0.11777491,110.05395,0.7246786205654929
GW240420_175625,GW250109_010541,263.2981014223976,-0.2470929,1.0079885,1.0,-1.701612,-0.18483461,41.84787,0.7577322838751054
GW240420_175625,GW250109_074552,263.5760053406711,-0.2470929,1.6004891,0.5,-2.799449,-0.07566031,78.17351,0.7455096977202567
GW240420_175625,GW250114_082203,268.6011308396387,-0.2470929,2.2362523,0.1,-3.6671216,-2.0419145,91.601204,0.7358496075747962
GW240420_175625,GW250116_015318,270.3311673397488,-0.2470929,3.7682602,-0.5,-8.390137,-0.2371399,164.18993,0.6832667012660463
GW240420_175625,GW250118_023225,272.35833825226183,-0.2470929,1.1671604,1.0,-1.9442433,-0.10446511,50.170036,0.7550309882879566
GW240420_175625,GW250118_055802,272.5011221524383,-0.2470929,2.3906121,0.1,-4.071123,-0.024088852,100.24756,0.7313517240488563
GW240420_175625,GW250118_170523,272.9645566879268,-0.2470929,0.83585536,1.0,-1.5682752,-0.2931514,35.14431,0.7592167668664802
GW240420_175625,GW250119_025138,273.37168123544916,-0.2470929,3.555021,-0.5,-7.5130153,-0.34988287,147.61588,0.6930319876912561
GW240420_175625,GW250119_190238,274.0459814691212,-0.2470929,0.5440706,1.0,-1.3130012,-0.70202816,22.267082,0.7620588183196026
GW240426_031451,GW240428_225440,2.8193068405295962,1.130381,5.9598784,-0.5,-17.16852,-0.45348972,101.348076,2.4692865143009755
GW240426_031451,GW240501_033534,5.01438619935954,0.790937,3.2050912,-0.5,-4.7856126,-0.040881444,61.478214,2.142945886224312
GW240426_031451,GW240505_133552,9.431257125724246,0.5435311,1.8603536,0.5,-1.4636186,-0.11963936,37.212154,1.8415929782159925
GW240426_031451,GW240507_041632,11.042828609325268,0.669271,5.0096464,-0.5,-12.335484,-0.04396586,102.95132,1.8925073437966526
GW240426_031451,GW240511_031507,15.000185264704957,0.035988156,9.204038,-0.5,-41.70914,-0.4831688,152.15877,0.6994401358679169
GW240426_031451,GW240512_024139,15.976934950409664,0.52348214,9.280473,-0.5,-42.479492,-0.16323075,158.40454,1.357531737465986
GW240426_031451,GW240513_183302,17.637626373756817,0.52348214,4.042462,-0.5,-7.5612926,-0.38668352,68.12977,1.7462877307544271
GW240426_031451,GW240514_121713,18.37664078824498,0.52348214,4.0323014,-0.5,-7.5739007,-0.46099064,69.80546,1.7461473611027478
GW240426_031451,GW240515_005301,18.901494718693474,0.09474692,4.409508,-0.5,-9.352007,-0.16411024,83.7733,1.1400379642266218
GW240426_031451,GW240519_012815,22.925972476535375,0.3320092,2.122927,0.5,-2.413882,-0.07373771,52.57919,1.5417484035604139
GW240426_031451,GW240520_213616,24.764872654599174,0.3320092,6.7096157,-0.5,-21.974667,-0.19268006,117.3813,1.3239716470666023
GW240426_031451,GW240525_031210,28.998132786833576,0.5727229,2.5774345,0.1,-3.0677102,-0.07408797,51.891018,1.8636550731520267
GW240426_031451,GW240526_093944,30.267276686656253,0.2735977,6.603309,-0.5,-21.408102,-0.015940081,123.96353,1.2503992468113
GW240426_031451,GW240527_183429,31.638623725043402,0.2735977,2.384386,0.1,-2.7847888,-0.003356859,52.94747,1.4577388208008775
GW240426_031451,GW240527_230910,31.82937959201358,0.2735977,3.6954737,-0.5,-6.1685205,-0.111924596,60.735355,1.4200666052242537
GW240426_031451,GW240530_012417,33.9232177276661,0.2735977,2.351568,0.1,-2.3928087,-0.07674141,44.625576,1.462102867138222
GW240426_031451,GW240531_040326,35.03373361375597,0.104784556,7.0070686,-0.5,-24.21053,-0.11712991,135.19528,0.9883399502425103
GW240426_031451,GW240531_075248,35.19301491066262,0.104784556,4.1234803,-0.5,-8.300087,-0.062247563,85.22176,1.1654762259369051
GW240426_031451,GW240601_061200,36.12301360985471,0.104784556,6.1908083,-0.5,-18.656513,-0.013147586,109.84655,1.0501746690811975
GW240426_031451,GW240601_231004,36.830000721254834,0.104784556,2.1311696,0.5,-1.8354757,-0.05466184,39.182343,1.2374489054326034
GW240426_031451,GW240612_081540,47.208897040585676,-0.20667636,3.3461144,-0.5,-5.5899553,-0.15188849,76.16831,0.7697133446319253
GW240426_031451,GW240615_113620,50.348249409772734,-0.20667636,2.909226,0.1,-3.55738,-0.96405756,47.463764,0.7923426859751501
GW240426_031451,GW240615_160735,50.53661325143995,-0.20667636,6.938845,-0.5,-23.65858,-0.06889555,128.87207,0.5685492947403715
GW240426_031451,GW240618_071627,53.167768432633196,-0.20667636,4.0140705,-0.5,-8.274459,-0.20883021,102.32284,0.7398258687626429
GW240426_031451,GW240621_195059,56.691753065633,-0.24045733,3.5924833,-0.5,-5.78797,-1.0166684,58.887756,0.7213119180184662
GW240426_031451,GW240621_200935,56.70467088415943,-0.24045733,6.957646,-0.5,-23.699167,-0.08295884,123.53252,0.5219005696462028
GW240426_031451,GW240621_214041,56.767936822396734,-0.24045733,2.3936899,0.1,-2.9118001,-0.21534742,56.01316,0.7533332796252872
GW240426_031451,GW240622_004008,56.892551298469854,-0.24045733,6.4947476,-0.5,-20.515203,-0.25904372,111.324234,0.5573487031847688
GW240426_031451,GW240627_131622,62.41771110626283,-0.24045733,3.1378963,-0.5,-4.4751225,-0.00013391813,57.328854,0.7359282895686741
GW240426_031451,GW240629_145256,64.48477858574026,-0.39246207,1.7549665,0.5,-0.9407082,-0.24729444,29.728775,0.5674053277644854
GW240426_031451,GW240630_101703,65.29318758993237,-0.39246207,4.557966,-0.5,-9.966841,-0.04074136,84.42141,0.4669143757327724
GW240426_031451,GW240703_191355,68.66601061800012,-0.39246207,2.79431,0.1,-4.6053796,-0.03092911,90.69674,0.5266053159083167
GW240426_031451,GW240705_053215,70.09541624738938,-0.39246207,4.000657,-0.5,-7.5287175,-0.3504957,72.15323,0.49405881699997023
GW240426_031451,GW240716_034900,81.02370997795076,-0.38587266,2.3314252,0.1,-3.2649992,-0.26930594,70.062096,0.5505395137611222
GW240426_031451,GW240824_205609,120.73700608901956,-1.2459191,3.607303,-0.5,-6.0063896,-0.13363166,64.218094,-0.6561303722759841
GW240426_031451,GW240825_055146,121.10896986333584,-1.2459191,5.640578,-0.5,-15.424697,-0.042365666,101.25011,-0.7609875372939614
GW240426_031451,GW240830_211120,126.7475510012662,-1.2459191,5.528175,-0.5,-14.782123,-0.11809743,98.4972,-0.75383354259893
GW240426_031451,GW240902_143306,129.47100483465525,-1.2459191,4.343081,-0.5,-8.987784,-0.07798595,79.53333,-0.6893232373040143
GW240426_031451,GW240907_153833,134.51645595974392,-1.2459191,2.7710493,0.1,-3.7161112,-0.017064989,59.554485,-0.6306319365158438
GW240426_031451,GW240908_082628,135.21639396994755,-1.2459191,4.2431664,-0.5,-8.496796,-0.120785676,75.33019,-0.6838568955543909
GW240426_031451,GW240908_125134,135.4004897719925,-1.2459191,4.710712,-0.5,-10.909576,-0.15553063,98.12224,-0.7107191906895289
GW240426_031451,GW240910_103535,137.3060593956378,-1.0487857,6.9071918,-0.5,-23.284737,-0.5950665,118.7352,-0.5789078842334076
GW240426_031451,GW240915_001357,141.87437216148885,-1.0487857,5.391136,-0.5,-14.0583105,-0.42018136,97.23317,-0.4761869965617615
GW240426_031451,GW240915_105151,142.3173506107678,-1.0487857,0.7063792,1.0,-0.60163003,-0.33742508,19.254744,-0.32636927244913294
GW240426_031451,GW240916_184352,143.64514290785348,-1.0487857,8.608908,-0.5,-36.640934,-0.0035827856,159.84906,-0.7276068961718488
GW240426_031451,GW240919_061559,146.1257781072982,-1.0487857,3.450385,-0.5,-5.2824025,-0.5188146,56.412247,-0.3784818779137839
GW240426_031451,GW240920_073424,147.18023730188608,-1.0487857,3.4475763,-0.5,-5.413615,-0.28976384,60.48055,-0.3799427129110055
GW240426_031451,GW240920_124024,147.39274201621888,-1.0487857,5.8178368,-0.5,-16.296928,-1.3144641,97.21017,-0.5011102782784492
GW240426_031451,GW240921_201835,148.71092385182777,-1.0487857,5.594236,-0.5,-15.62479,-0.14301772,126.41267,-0.4936271387551544
GW240426_031451,GW240922_142106,149.46266694450267,-1.0487857,3.528419,-0.5,-5.6388793,-0.24307205,60.16813,-0.38245065316510907
GW240426_031451,GW240923_204006,150.72585812871654,-1.0487857,6.558511,-0.5,-21.064894,-0.16119829,120.17903,-0.5541936307178174
GW240426_031451,GW240924_000316,150.86695114025363,-1.0487857,2.9751797,0.1,-4.06545,-0.052111793,56.791946,-0.36493314070192406
GW240426_031451,GW240925_005809,151.90506959788226,-1.0487857,3.8264759,-0.5,-6.669435,-1.1374118,63.147327,-0.39392417470506835
GW240426_031451,GW240930_035959,157.0313425580081,-1.0487857,3.075401,-0.5,-4.1724925,-0.4402946,53.22068,-0.3661248785668901
GW240426_031451,GW240930_234614,157.85512673485334,-1.0487857,6.008219,-0.5,-17.526648,-0.13590829,105.748825,-0.5148011529682435
GW240426_031451,GW241002_030559,158.99383915088518,-1.0688436,3.1742141,-0.5,-4.786802,-0.15683796,63.997272,-0.4003942197602454
GW240426_031451,GW241006_015333,162.9435362903691,-1.0688436,5.0504723,-0.5,-12.1656475,-0.51595557,86.03689,-0.48254537657955643
GW240426_031451,GW241007_082943,164.21864838994765,-1.0688436,6.85251,-0.5,-22.968216,-0.032406647,121.363205,-0.602813983715562
GW240426_031451,GW241009_022835,165.9678670614737,-1.0688436,6.047162,-0.5,-18.267704,-0.156443,137.09691,-0.5504816123633899
GW240426_031451,GW241009_084816,166.23153741417934,-1.0688436,6.0421023,-0.5,-17.729513,-0.21036555,106.27672,-0.544489753733931
GW240426_031451,GW241009_220455,166.78476331160024,-1.0688436,3.7961214,-0.5,-6.7647696,-0.017009657,69.61769,-0.42241559609854845
GW240426_031451,GW241011_233834,168.84980312039178,-1.0688436,5.799066,-0.5,-16.165813,-1.2575711,95.832405,-0.52708056177197
GW240426_031451,GW241101_220523,189.78508217578133,-1.2622733,3.066571,-0.5,-5.304329,-0.07698392,94.73166,-0.6706791446983391
GW240426_031451,GW241102_124058,190.39313450985762,-1.2622733,2.7948961,0.1,-3.2474685,-0.75883454,45.968513,-0.6477794294594523
GW240426_031451,GW241102_144729,190.4809927154829,-1.2622733,3.7195067,-0.5,-6.502537,-0.19427882,69.09381,-0.6840191934715047
GW240426_031451,GW241109_033317,197.01280131134445,-1.2622733,1.0405872,1.0,-1.1261479,-0.10664064,31.862892,-0.6241620577200344
GW240426_031451,GW241109_115924,197.36427011585621,-1.2622733,2.4209661,0.1,-3.5633523,-0.1846823,75.93381,-0.6512962702808154
GW240426_031451,GW241110_124123,198.3934224757442,-1.2622733,8.348611,-0.5,-34.262062,-0.031873815,142.25047,-0.9930752723436762
GW240426_031451,GW241111_111552,199.33403477893935,-1.2622733,3.8981996,-0.5,-7.04539,-0.4621751,67.593254,-0.6900629614256534
GW240426_031451,GW241113_163507,201.5557353390698,-1.2622733,3.4467835,-0.5,-6.6790633,-0.24152647,113.998184,-0.6859845225498533
GW240426_031451,GW241114_024711,201.98078488347983,-1.2622733,3.5305896,-0.5,-5.8483715,-0.087698296,66.597916,-0.676736152768644
GW240426_031451,GW241114_235258,202.85979376720059,-1.2622733,3.0862894,-0.5,-5.3880067,-0.23545681,96.4443,-0.6716107572820134
GW240426_031451,GW241116_151753,204.50210296348288,-1.2622733,2.156539,0.1,-2.3702393,-0.08510558,50.412926,-0.6380129432482557
GW240426_031451,GW241124_024914,211.9822034765173,-1.2622733,6.5616493,-0.5,-21.528141,-0.14959532,150.0233,-0.8513042706317258
GW240426_031451,GW241125_010116,212.9072316566772,-1.2622733,5.7773795,-0.5,-16.507235,-0.017366854,120.58163,-0.7954048399823364
GW240426_031451,GW241127_061008,215.12171605226067,-1.2622733,6.7322803,-0.5,-22.014675,-1.1103859,111.345764,-0.8567210176880324
GW240426_031451,GW241129_021832,216.96088718599742,-1.4549596,5.9983563,-0.5,-17.4332,-0.49406394,103.78314,-1.0692204393116813
GW240426_031451,GW241130_034908,218.0238037168207,-1.4549596,5.5435133,-0.5,-14.824476,-0.30796942,96.69097,-1.0401766359602638
GW240426_031451,GW241130_110422,218.32604336640625,-1.4549596,4.697557,-0.5,-10.633461,-0.045005836,87.9089,-0.9935166616377831
GW240426_031451,GW241201_055758,219.1132715374259,-1.4549596,4.452368,-0.5,-9.8716545,-0.11952739,99.74898,-0.9850352152327901
GW240426_031451,GW241210_060606,228.11892224086102,-1.4549596,3.8522801,-0.5,-7.0098567,-0.23314457,71.726944,-0.9531738631371993
GW240426_031451,GW241210_120900,228.37093372485703,-1.4549596,1.0286995,1.0,-0.47968665,-0.15064807,22.939754,-0.8804712960262477
GW240426_031451,GW241225_042553,243.04932036316228,-1.4549596,3.435354,-0.5,-5.919276,-0.5161478,79.25197,-0.9410320661113267
GW240426_031451,GW241225_082815,243.21763542299746,-1.4549596,2.3809187,0.1,-2.4193482,-0.5780053,44.223457,-0.902066197220695
GW240426_031451,GW241229_155844,247.53047201085974,-1.4549596,4.430271,-0.5,-9.989328,-0.2137074,110.56323,-0.9863453178250297
GW240426_031451,GW241230_084504,248.2293122556171,-1.4549596,3.7431765,-0.5,-7.7191315,-0.12012168,122.23508,-0.961070456343881
GW240426_031451,GW241230_233618,248.84821875408568,-1.4549596,2.04602,0.5,-1.7279146,-0.0592449,38.962227,-0.894368234954689
GW240426_031451,GW241231_054133,249.10187111759075,-1.4549596,4.673627,-0.5,-10.281533,-0.5608878,77.57876,-0.9895985322197101
GW240426_031451,GW250101_011205,249.91473467838156,-1.4549596,3.1441007,-0.5,-4.5415053,-0.018188162,58.805,-0.9256928819006771
GW240426_031451,GW250104_015122,252.94201812384858,-0.2470929,3.5542207,-0.5,-6.000145,-0.13855587,69.36453,0.7098752788264686
GW240426_031451,GW250108_152221,257.5052053564511,-0.2470929,3.3805435,-0.5,-5.285923,-0.12936866,62.381454,0.717826950704009
GW240426_031451,GW250109_010541,257.9102953084834,-0.2470929,3.0037417,0.1,-4.0050616,-0.19642836,53.306686,0.7320872087851861
GW240426_031451,GW250109_074552,258.18819922675686,-0.2470929,1.4658631,0.5,-1.7003274,-0.087254055,45.819405,0.7577465857487722
GW240426_031451,GW250114_082203,263.2133247257245,-0.2470929,8.254844,-0.5,-33.408215,-2.0535083,135.44746,0.40473207367269315
GW240426_031451,GW250116_015318,264.9433612258346,-0.2470929,5.828323,-0.5,-16.920206,-0.22554614,128.99619,0.5882985864374934
GW240426_031451,GW250118_023225,266.9705321383476,-0.2470929,3.6956823,-0.5,-6.6550364,-0.09287136,77.43626,0.7025841528401651
GW240426_031451,GW250118_055802,267.1133160385241,-0.2470929,5.532566,-0.5,-14.903423,-0.0356826,103.475,0.6107521033913688
GW240426_031451,GW250118_170523,267.5767505740126,-0.2470929,0.7347406,1.0,0.10474571,-0.30474517,13.925432,0.7778430683015691
GW240426_031451,GW250119_025138,267.983875121535,-0.2470929,6.1137094,-0.5,-18.184391,-0.36147663,108.59842,0.5742239925833947
GW240426_031451,GW250119_190238,268.65817535520705,-0.2470929,1.7977272,0.5,-0.9421688,-0.7136219,29.33966,0.766187419265389
GW240428_225440,GW240501_033534,2.195079358829944,1.706399,14.508496,-0.5,-103.82546,-0.41260827,162.81905,2.292234188089579
GW240428_225440,GW240505_133552,6.611950285194649,0.5732528,5.928621,-0.5,-16.379068,-0.57312906,74.55055,1.7161799104387307
GW240428_225440,GW240507_041632,8.22352176879567,0.72702783,1.7178423,0.5,-0.41176608,-0.49745557,23.06912,2.1042429460213596
GW240428_225440,GW240511_031507,12.18087842417536,0.5157103,17.510012,-0.5,-150.48569,-0.02967909,97.98101,0.14443432121499633
GW240428_225440,GW240512_024139,13.157628109880068,0.5157103,9.669932,-0.5,-44.394157,-0.29025897,67.93094,1.3255868035634484
GW240428_225440,GW240513_183302,14.818319533227218,0.035988156,9.229183,-0.5,-40.069317,-0.0668062,59.85118,0.717696843909931
GW240428_225440,GW240514_121713,15.557333947715383,0.035988156,18.50535,-0.5,-169.02074,-0.0075009074,140.57233,-0.7179624387468398
GW240428_225440,GW240515_005301,16.082187878163875,0.52348214,9.797867,-0.5,-46.519222,-0.28937948,106.8597,1.3125560715527553
GW240428_225440,GW240519_012815,20.106665636005776,0.09474692,2.7284155,0.1,-3.3809178,-0.379752,52.583664,1.2065160963844297
GW240428_225440,GW240520_213616,21.945565814069575,0.3320092,2.9153578,0.1,-2.1510658,-0.26080966,23.335741,1.5446744241062564
GW240428_225440,GW240525_031210,26.17882594630398,0.5727229,10.889623,-0.5,-58.12922,-0.5275777,139.17595,1.2506368802176089
GW240428_225440,GW240526_093944,27.447969846126657,0.5727229,12.726813,-0.5,-79.43176,-0.4694298,133.74472,1.0134685375858998
GW240428_225440,GW240527_183429,28.819316884513807,0.5727229,3.0685384,-0.5,-3.975303,-0.45013285,48.626034,1.8535505392758407
GW240428_225440,GW240527_230910,29.010072751483982,0.5727229,26.545568,-0.5,-349.41168,-0.34156513,140.77907,-1.9923081958209858
GW240428_225440,GW240530_012417,31.103910887136504,0.2735977,8.816283,-0.5,-37.376698,-0.37674832,95.82531,1.0726155326221358
GW240428_225440,GW240531_040326,32.21442677322637,0.2735977,2.9845307,0.1,-3.0647979,-0.57061964,34.065117,1.4546213866110371
GW240428_225440,GW240531_075248,32.37370807013302,0.2735977,5.0495596,-0.5,-11.711651,-0.5157373,68.710464,1.3583530806966055
GW240428_225440,GW240601_061200,33.30370676932512,0.2735977,6.9766364,-0.5,-22.366486,-0.44034213,59.5451,1.2397292421201578
GW240428_225440,GW240601_231004,34.010693880725235,0.2735977,11.439864,-0.5,-63.741383,-0.39882788,112.107956,0.7790886766286357
GW240428_225440,GW240612_081540,44.389590200056084,0.09330103,10.637681,-0.5,-55.942593,-0.6053782,176.78319,0.6193520784494193
GW240428_225440,GW240615_113620,47.528942569243135,-0.20667636,10.981513,-0.5,-57.224174,-0.51056784,54.010628,0.19485231439948963
GW240428_225440,GW240615_160735,47.71730641091035,-0.20667636,11.099772,-0.5,-59.978172,-0.38459417,112.62484,0.16419113583228598
GW240428_225440,GW240618_071627,50.3484615921036,-0.20667636,5.2850256,-0.5,-13.717964,-0.6623199,106.72699,0.6792215039095795
GW240428_225440,GW240621_195059,53.8724462251034,-0.20667636,9.794481,-0.5,-44.99236,-0.5631787,50.61873,0.3310332052888145
GW240428_225440,GW240621_200935,53.885364043629835,-0.20667636,7.4194303,-0.5,-25.559288,-0.37053087,63.500572,0.5473880853228594
GW240428_225440,GW240621_214041,53.94862998186714,-0.20667636,7.5969524,-0.5,-28.32051,-0.66883713,132.8032,0.5166464680066583
GW240428_225440,GW240622_004008,54.07324445794026,-0.20667636,2.224881,0.1,-0.16416289,-0.19444601,16.015379,0.8301205064422652
GW240428_225440,GW240627_131622,59.59840426573323,-0.24045733,5.677362,-0.5,-14.377259,-0.45362365,54.39626,0.6256844889373888
GW240428_225440,GW240629_145256,61.66547174521067,-0.24045733,11.957279,-0.5,-69.03568,-0.20619528,80.185326,0.017153981348022374
GW240428_225440,GW240630_101703,62.473880749402774,-0.24045733,2.5306697,0.1,-1.5593601,-0.41274837,25.441462,0.768390446441975
GW240428_225440,GW240703_191355,65.84670377747052,-0.39246207,0.46373373,1.0,-0.54784775,-0.4225606,13.210412,0.5717791747872502
GW240428_225440,GW240705_053215,67.27610940685979,-0.39246207,5.624694,-0.5,-13.982308,-0.102994025,51.33198,0.42220883154779476
GW240428_225440,GW240716_034900,78.20440313742117,-0.38587266,4.2120104,-0.5,-9.105825,-0.18418379,108.29761,0.4855116414957312
GW240428_225440,GW240824_205609,117.91769924848995,-1.2459191,18.348402,-0.5,-166.38995,-0.58712137,158.83131,-2.4417342278868333
GW240428_225440,GW240825_055146,118.28966302280625,-1.2459191,2.9504025,0.1,-2.4787219,-0.41112405,26.426626,-0.6168556673238716
GW240428_225440,GW240830_211120,123.9282441607366,-1.2459191,6.785588,-0.5,-21.08726,-0.3353923,58.948784,-0.8240307379135556
GW240428_225440,GW240902_143306,126.65169799412566,-1.2459191,5.159335,-0.5,-11.587329,-0.37550378,49.852848,-0.7182648358774684
GW240428_225440,GW240907_153833,131.69714911921432,-1.2459191,8.468612,-0.5,-34.993313,-0.4705547,125.582855,-0.9788514826601435
GW240428_225440,GW240908_082628,132.39708712941794,-1.2459191,20.598406,-0.5,-210.18167,-0.33270404,176.22545,-2.9292820645616393
GW240428_225440,GW240908_125134,132.58118293146293,-1.2459191,6.8647094,-0.5,-22.56044,-0.60902035,95.0919,-0.8404321521168246
GW240428_225440,GW240910_103535,134.48675255510818,-1.2459191,14.688593,-0.5,-105.598724,-0.14157675,107.45035,-1.7649251420395142
GW240428_225440,GW240915_001357,139.05506532095924,-1.0487857,14.778023,-0.5,-107.35888,-0.033308357,134.87868,-1.5149334294136416
GW240428_225440,GW240915_105151,139.4980437702382,-1.0487857,3.7149894,-0.5,-6.8586664,-0.11606464,83.15538,-0.39603095111896935
GW240428_225440,GW240916_184352,140.82583606732388,-1.0487857,6.747303,-0.5,-21.137056,-0.4570725,68.40423,-0.5549970413908831
GW240428_225440,GW240919_061559,143.3064712667686,-1.0487857,11.6635065,-0.5,-64.99176,-0.06532491,58.69115,-1.0432461264310917
GW240428_225440,GW240920_073424,144.36093046135647,-1.0487857,5.041453,-0.5,-10.635673,-0.16372588,40.88477,-0.43808162373674914
GW240428_225440,GW240920_124024,144.57343517568927,-1.0487857,9.829181,-0.5,-45.66423,-0.8609744,59.953056,-0.8280662721987972
GW240428_225440,GW240921_201835,145.8916170112982,-1.0487857,5.650613,-0.5,-15.299491,-0.31047198,92.614174,-0.4900054732691708
GW240428_225440,GW240922_142106,146.6433601039731,-1.0487857,16.695375,-0.5,-136.99693,-0.21041767,116.627716,-1.844903795376677
GW240428_225440,GW240923_204006,147.90655128818696,-1.0487857,6.4343452,-0.5,-18.982853,-0.29229143,62.312702,-0.5310135743346385
GW240428_225440,GW240924_000316,148.04764429972403,-1.0487857,13.599276,-0.5,-91.01876,-0.40137792,150.44716,-1.3330134264907163
GW240428_225440,GW240925_005809,149.08576275735265,-1.0487857,13.616339,-0.5,-89.85668,-0.6839221,75.01837,-1.3200756139328387
GW240428_225440,GW240930_035959,154.2120357174785,-1.0487857,7.446774,-0.5,-25.520191,-0.013195115,56.461246,-0.6037959474534711
GW240428_225440,GW240930_234614,155.03581989432374,-1.0487857,12.597743,-0.5,-77.309525,-0.31758144,103.729225,-1.1803839156592044
GW240428_225440,GW241002_030559,156.1745323103556,-1.0487857,12.50984,-0.5,-77.0924,-0.29665175,160.45013,-1.1779665910998367
GW240428_225440,GW241006_015333,160.1242294498395,-1.0688436,4.419712,-0.5,-7.384101,-0.06246584,30.690405,-0.42931081925311415
GW240428_225440,GW241007_082943,161.39934154941804,-1.0688436,15.960986,-0.5,-125.39024,-0.48589638,135.13666,-1.7431126702175512
GW240428_225440,GW241009_022835,163.14856022094412,-1.0688436,6.3648605,-0.5,-19.602953,-0.6099327,104.97206,-0.5653473854440331
GW240428_225440,GW241009_084816,163.41223057364977,-1.0688436,17.727459,-0.5,-155.08347,-0.24312417,145.5371,-2.0736972416652764
GW240428_225440,GW241009_220455,163.96545647107064,-1.0688436,3.3891954,-0.5,-4.0316358,-0.43648008,32.91858,-0.3919867035307104
GW240428_225440,GW241011_233834,166.0304962798622,-1.0688436,16.51749,-0.5,-133.59254,-0.8040814,92.12162,-1.8344316306581732
GW240428_225440,GW241101_220523,186.96577533525172,-1.2622733,4.0276794,-0.5,-8.421041,-0.3765058,107.495445,-0.7053785374580563
GW240428_225440,GW241102_124058,187.573827669328,-1.2622733,11.33185,-0.5,-61.297707,-0.30534482,60.52464,-1.294072144537641
GW240428_225440,GW241102_144729,187.66168587495332,-1.2622733,16.367151,-0.5,-132.31877,-0.2592109,166.17601,-2.084773410321194
GW240428_225440,GW241109_033317,194.19349447081487,-1.2622733,2.6835697,0.1,-3.8869777,-0.34684908,70.77731,-0.6548992992680953
GW240428_225440,GW241109_115924,194.5449632753266,-1.2622733,6.222467,-0.5,-19.710026,-0.26880744,169.4731,-0.8310625856886307
GW240428_225440,GW241110_124123,195.57411563521458,-1.2622733,16.709728,-0.5,-137.22708,-0.4216159,116.17158,-2.139419266348204
GW240428_225440,GW241111_111552,196.51472793840975,-1.2622733,6.390373,-0.5,-18.231884,-0.008685377,48.950253,-0.814605938859664
GW240428_225440,GW241113_163507,198.73642849854022,-1.2622733,2.6840076,0.1,-4.090828,-0.21196325,78.3385,-0.6571688324907852
GW240428_225440,GW241114_024711,199.16147804295022,-1.2622733,8.908842,-0.5,-38.15987,-0.36579144,95.04968,-1.036470873200041
GW240428_225440,GW241114_235258,200.04048692667098,-1.2622733,3.8359523,-0.5,-7.6979194,-0.21803291,103.962845,-0.6973277876784212
GW240428_225440,GW241116_151753,201.6827961229533,-1.2622733,8.423439,-0.5,-34.937218,-0.5385953,146.98532,-1.000592005874604
GW240428_225440,GW241124_024914,209.1628966359877,-1.2622733,6.406352,-0.5,-19.899597,-0.60308504,107.34421,-0.8331731472680568
GW240428_225440,GW241125_010116,210.0879248161476,-1.2622733,9.866161,-0.5,-47.677925,-0.43612286,137.28726,-1.1424385622510038
GW240428_225440,GW241127_061008,212.30240921173106,-1.2622733,26.223236,-0.5,-341.02222,-0.6568962,147.30583,-4.408338665785996
GW240428_225440,GW241129_021832,214.14158034546784,-1.2622733,20.431772,-0.5,-206.51962,-0.040574223,154.75676,-2.910876304664352
GW240428_225440,GW241130_034908,215.2044968762911,-1.2622733,1.155566,1.0,1.4598591,-0.14552028,9.116773,-0.5953711769523966
GW240428_225440,GW241130_110422,215.50673652587665,-1.4549596,13.882712,-0.5,-94.79042,-0.4084839,144.41884,-1.9304642370401588
GW240428_225440,GW241201_055758,216.2939646968963,-1.4549596,9.655984,-0.5,-45.92086,-0.5730171,155.67828,-1.3863830792470286
GW240428_225440,GW241210_060606,225.29961540033145,-1.4549596,2.911909,0.1,-2.6320693,-0.22034515,29.794628,-0.9044344924726202
GW240428_225440,GW241210_120900,225.55162688432745,-1.4549596,7.699746,-0.5,-28.92688,-0.6041378,123.0257,-1.197183412010126
GW240428_225440,GW241225_042553,240.2300135226327,-1.4549596,2.833035,0.1,-3.4250934,-0.06265808,48.262833,-0.9132634945811093
GW240428_225440,GW241225_082815,240.39832858246785,-1.4549596,10.968807,-0.5,-58.533627,-0.124515615,111.32734,-1.5268052242176053
GW240428_225440,GW241229_155844,244.71116517033013,-1.4549596,3.7482402,-0.5,-6.7084317,-0.6671971,73.146515,-0.9498179980264011
GW240428_225440,GW241230_084504,245.4100054150875,-1.4549596,1.8190125,0.5,-2.1104717,-0.33336803,52.22788,-0.8986273716868118
GW240428_225440,GW241230_233618,246.02891191355607,-1.4549596,6.890158,-0.5,-22.271431,-0.39424482,75.68109,-1.1230860734496555
GW240428_225440,GW241231_054133,246.28256427706117,-1.4549596,5.4768057,-0.5,-12.252135,-0.10739809,31.722528,-1.0115379037166876
GW240428_225440,GW250101_011205,247.095427837852,-1.4549596,6.798116,-0.5,-21.529135,-0.47167787,70.591255,-1.1148218413961664
GW240428_225440,GW250104_015122,250.12271128331898,-1.4549596,4.2568736,-0.5,-7.7356052,-0.31493387,50.16826,-0.9612538643362495
GW240428_225440,GW250108_152221,254.6858985159215,-0.2470929,16.460361,-0.5,-133.80353,-0.32412106,163.38919,-0.7130025244482745
GW240428_225440,GW250109_010541,255.09098846795382,-0.2470929,7.343071,-0.5,-24.991695,-0.25706136,62.722485,0.49843599630376156
GW240428_225440,GW250109_074552,255.3688923862273,-0.2470929,4.6283207,-0.5,-11.052041,-0.36623567,125.48236,0.6536308300740336
GW240428_225440,GW250114_082203,260.3940178851949,-0.2470929,7.511042,-0.5,-25.25413,-1.6000185,39.204414,0.4955142307511425
GW240428_225440,GW250116_015318,262.124054385305,-0.2470929,8.190088,-0.5,-32.79309,-0.67903584,128.94316,0.4115804520858944
GW240428_225440,GW250118_023225,264.15122529781803,-0.2470929,3.0695233,-0.5,-3.735862,-0.5463611,43.088158,0.7350842980699958
GW240428_225440,GW250118_055802,264.2940091979945,-0.2470929,7.5443254,-0.5,-26.880234,-0.41780713,78.33459,0.47741026714459284
GW240428_225440,GW250118_170523,264.757443733483,-0.2470929,8.093592,-0.5,-31.258623,-0.14874457,87.62944,0.4286641941357286
GW240428_225440,GW250119_025138,265.16456828100536,-0.2470929,17.041218,-0.5,-143.24081,-0.0920131,146.13893,-0.8180709898284217
GW240428_225440,GW250119_190238,265.8388685146774,-0.2470929,14.613231,-0.5,-103.708015,-0.2601322,72.13905,-0.37793912005874225
GW240501_033534,GW240505_133552,4.416870926364704,0.9949764,5.8305197,-0.5,-16.206448,-0.1605208,89.736565,2.2948262177890837
GW240501_033534,GW240507_041632,6.028442409965727,0.49711657,9.53788,-0.5,-44.7842,-0.0848473,153.52621,1.295816650320925
GW240501_033534,GW240511_031507,9.985799065345415,0.5435311,9.371418,-0.5,-42.354248,-0.44228736,98.31819,1.3863439257863426
GW240501_033534,GW240512_024139,10.962548751050123,0.669271,11.299511,-0.5,-62.433746,-0.1223493,127.89187,1.3347466296487907
GW240501_033534,GW240513_183302,12.623240174397274,0.5157103,10.017531,-0.5,-48.711105,-0.34580207,110.10635,1.2775247784483166
GW240501_033534,GW240514_121713,13.36225458888544,0.5157103,3.2273924,-0.5,-3.865477,-0.42010918,37.70098,1.776806155768622
GW240501_033534,GW240515_005301,13.887108519333932,0.035988156,5.157591,-0.5,-12.328572,-0.123228796,72.51968,1.0265438308755543
GW240501_033534,GW240519_012815,17.911586277175832,0.52348214,5.2337685,-0.5,-13.547255,-0.032856263,111.0482,1.679644014858459
GW240501_033534,GW240520_213616,19.75048645523963,0.09474692,13.763554,-0.5,-93.420746,-0.15179862,164.48782,0.20407257822693448
GW240501_033534,GW240525_031210,23.983746587474037,0.3320092,1.9696405,0.5,-1.1705114,-0.11496942,30.646675,1.5555912648562493
GW240501_033534,GW240526_093944,25.252890487296714,0.5727229,4.587133,-0.5,-9.505079,-0.056821525,63.094646,1.791985689997998
GW240501_033534,GW240527_183429,26.624237525683863,0.5727229,6.2928653,-0.5,-19.3402,-0.037524585,114.29324,1.6824879969869353
GW240501_033534,GW240527_230910,26.81499339265404,0.5727229,3.2078252,-0.5,-3.558201,-0.07104315,33.163387,1.8581942737766082
GW240501_033534,GW240530_012417,28.90883152830656,0.5727229,5.1225386,-0.5,-12.144284,-0.03585997,71.878716,1.762602538328641
GW240501_033534,GW240531_040326,30.019347414396428,0.2735977,11.264209,-0.5,-62.525112,-0.15801135,162.85724,0.7926298222742952
GW240501_033534,GW240531_075248,30.178628711303077,0.2735977,6.5879617,-0.5,-21.017656,-0.10312901,107.02374,1.2547462094703
GW240501_033534,GW240601_061200,31.10862741049517,0.2735977,10.017868,-0.5,-48.94151,-0.027733859,123.34597,0.943860616231739
GW240501_033534,GW240601_231004,31.815614521895295,0.2735977,4.1498237,-0.5,-7.5155296,-0.013780395,54.864117,1.4050699015161998
GW240501_033534,GW240612_081540,42.19451084122613,0.09330103,0.78353554,1.0,0.07968564,-0.19276993,14.761534,1.2430668380958003
GW240501_033534,GW240615_113620,45.33386321041319,0.09330103,10.72502,-0.5,-55.88865,-0.9231761,108.817955,0.6199526509676739
GW240501_033534,GW240615_160735,45.52222705208041,0.09330103,5.991539,-0.5,-16.893095,-0.028014103,80.76548,1.054103194742399
GW240501_033534,GW240618_071627,48.15338223327365,-0.20667636,3.593795,-0.5,-6.3864684,-0.24971165,79.272446,0.7608454981249138
GW240501_033534,GW240621_195059,51.67736686627346,-0.20667636,11.159378,-0.5,-60.66565,-0.975787,114.60204,0.15653722323099792
GW240501_033534,GW240621_200935,51.690284684799884,-0.20667636,10.132026,-0.5,-50.09432,-0.042077396,124.918526,0.2742313869312281
GW240501_033534,GW240621_214041,51.7535506230372,-0.20667636,1.966266,0.5,-1.6260635,-0.25622886,38.548065,0.8138446784104378
GW240501_033534,GW240622_004008,51.87816509911032,-0.20667636,14.575529,-0.5,-104.83636,-0.21816227,166.55096,-0.33523003779064336
GW240501_033534,GW240627_131622,57.403324906903286,-0.24045733,8.520851,-0.5,-35.182934,-0.04101536,111.27966,0.39404795602340226
GW240501_033534,GW240629_145256,59.47039238638072,-0.24045733,7.544766,-0.5,-27.021233,-0.206413,83.92183,0.4849149050566423
GW240501_033534,GW240630_101703,60.27880139057283,-0.24045733,10.515589,-0.5,-54.222195,-0.00014008269,141.01201,0.1820774974533286
GW240501_033534,GW240703_191355,63.65162441864058,-0.39246207,5.0620637,-0.5,-13.345189,-0.009952336,151.03859,0.4293020937132239
GW240501_033534,GW240705_053215,65.08103004802985,-0.39246207,9.233351,-0.5,-41.456665,-0.30961424,117.536674,0.116327630601177
GW240501_033534,GW240716_034900,76.00932377859122,-0.38587266,2.495395,0.1,-3.4613583,-0.22842449,67.87485,0.5483533815908844
GW240501_033534,GW240824_205609,115.72261988966001,-0.8908795,1.1590656,1.0,0.5519327,-0.17451312,14.369069,-0.09758305125115119
GW240501_033534,GW240825_055146,116.09458366397631,-0.8908795,11.820925,-0.5,-68.677345,-0.0014842241,149.04778,-0.8683357554691311
GW240501_033534,GW240830_211120,121.73316480190665,-1.2459191,9.661363,-0.5,-45.450806,-0.077215984,119.98195,-1.0952782476552074
GW240501_033534,GW240902_143306,124.45661863529571,-1.2459191,9.293147,-0.5,-42.07092,-0.037104502,121.92163,-1.0576488394870143
GW240501_033534,GW240907_153833,129.5020697603844,-1.2459191,2.729451,0.1,-3.1656826,-0.057946432,47.169827,-0.6245038305082402
GW240501_033534,GW240908_082628,130.202007770588,-1.2459191,1.1280204,1.0,0.5988227,-0.07990423,13.904795,-0.5825923343921373
GW240501_033534,GW240908_125134,130.38610357263298,-1.2459191,5.3138933,-0.5,-13.460945,-0.19641209,87.41972,-0.739124431838965
GW240501_033534,GW240910_103535,132.29167319627823,-1.2459191,7.174533,-0.5,-24.36321,-0.55418503,82.512596,-0.8605030002764759
GW240501_033534,GW240915_001357,136.85998596212931,-1.0487857,4.23496,-0.5,-7.7968135,-0.3792999,53.91168,-0.40647565617516546
GW240501_033534,GW240915_105151,137.30296441140825,-1.0487857,3.3108997,-0.5,-5.5851126,-0.29654363,79.72239,-0.3818520502070365
GW240501_033534,GW240916_184352,138.63075670849395,-1.0487857,9.470682,-0.5,-43.78978,-0.04446423,127.60291,-0.8071973858590835
GW240501_033534,GW240919_061559,141.11139190793864,-1.0487857,10.553301,-0.5,-54.07263,-0.4779332,107.66248,-0.9216798180305696
GW240501_033534,GW240920_073424,142.16585110252655,-1.0487857,10.144521,-0.5,-50.170513,-0.2488824,121.95493,-0.8782362257347291
GW240501_033534,GW240920_124024,142.37835581685934,-1.0487857,11.104256,-0.5,-60.146908,-1.2735827,119.575294,-0.9893067638515864
GW240501_033534,GW240921_201835,143.69653765246824,-1.0487857,5.2739935,-0.5,-13.499377,-0.102136284,98.29892,-0.4699642056737629
GW240501_033534,GW240922_142106,144.44828074514314,-1.0487857,4.966228,-0.5,-10.921675,-0.20219061,56.088493,-0.44126578142294487
GW240501_033534,GW240923_204006,145.711471929357,-1.0487857,9.451648,-0.5,-43.558887,-0.12031684,124.15248,-0.8046267859854962
GW240501_033534,GW240924_000316,145.8525649408941,-1.0487857,1.3833457,0.5,-0.0022587369,-0.011230349,19.619253,-0.31969627136989665
GW240501_033534,GW240925_005809,146.89068339852273,-1.0487857,9.104546,-0.5,-39.880142,-1.0965304,95.101715,-0.7636700846011131
GW240501_033534,GW240930_035959,152.01695635864857,-1.0487857,9.264897,-0.5,-41.575012,-0.39941317,108.142166,-0.7825396390782036
GW240501_033534,GW240930_234614,152.8407405354938,-1.0487857,6.8486195,-0.5,-22.180603,-0.09502684,82.908745,-0.5666151955389264
GW240501_033534,GW241002_030559,153.97945295152564,-1.0487857,0.82729363,1.0,0.42224225,-0.115956515,12.903105,-0.3149701598709091
GW240501_033534,GW241006_015333,157.92915009100955,-1.0487857,12.269445,-0.5,-73.85504,-0.4750741,138.25543,-1.1419240007662768
GW240501_033534,GW241007_082943,159.20426219058808,-1.0688436,5.0166035,-0.5,-11.338142,-0.07328809,61.5306,-0.4733324854255612
GW240501_033534,GW241009_022835,160.95348086211416,-1.0688436,4.785741,-0.5,-11.053171,-0.19732444,89.62959,-0.4701598053380543
GW240501_033534,GW241009_084816,161.2171512148198,-1.0688436,4.0458145,-0.5,-6.9103937,-0.1694841,48.911568,-0.42403687858197336
GW240501_033534,GW241009_220455,161.7703771122407,-1.0688436,9.900267,-0.5,-47.902893,-0.023871789,130.25287,-0.8804200831308089
GW240501_033534,GW241011_233834,163.83541692103225,-1.0688436,8.528173,-0.5,-34.8055,-1.2166897,89.387436,-0.7346024262541361
GW240501_033534,GW241101_220523,184.7706959764218,-1.0688436,2.7127783,0.1,-4.094389,-0.036102474,76.29937,-0.392685355899
GW240501_033534,GW241102_124058,185.37874831049805,-1.2622733,9.96699,-0.5,-48.08734,-0.7179531,103.23534,-1.1469967297139978
GW240501_033534,GW241102_144729,185.46660651612336,-1.2622733,0.87213624,1.0,0.67514527,-0.15339737,11.7605505,-0.6041076588386152
GW240501_033534,GW241109_033317,191.9984151119849,-1.2622733,3.3175967,-0.5,-5.896683,-0.0657592,92.31981,-0.6772740231971144
GW240501_033534,GW241109_115924,192.34988391649668,-1.2622733,0.5978274,1.0,-0.63008124,-0.14380085,17.124777,-0.6186391820281645
GW240501_033534,GW241110_124123,193.37903627638462,-1.2622733,7.178738,-0.5,-24.353458,-0.009007628,80.92891,-0.8827594739356021
GW240501_033534,GW241111_111552,194.31964857957982,-1.2622733,10.113813,-0.5,-49.80915,-0.42129365,118.565025,-1.166166209452662
GW240501_033534,GW241113_163507,196.54134913971026,-1.2622733,3.5150118,-0.5,-6.7549543,-0.20064501,107.23056,-0.6868294426327932
GW240501_033534,GW241114_024711,196.9663986841203,-1.2622733,5.6286845,-0.5,-14.843007,-0.04681685,78.112175,-0.7768764388109535
GW240501_033534,GW241114_235258,197.84540756784102,-1.2622733,2.8032825,0.1,-4.371702,-0.19457535,79.94447,-0.6602958994756398
GW240501_033534,GW241116_151753,199.48771676412335,-1.2622733,0.9714212,1.0,-0.16191997,-0.12598702,19.017097,-0.6134269860401527
GW240501_033534,GW241124_024914,206.96781727715774,-1.2622733,4.724078,-0.5,-10.784638,-0.19047676,89.57272,-0.7316932630098651
GW240501_033534,GW241125_010116,207.89284545731766,-1.2622733,3.610387,-0.5,-5.8660736,-0.02351459,59.585735,-0.676933236197748
GW240501_033534,GW241127_061008,210.10732985290113,-1.2622733,4.7481365,-0.5,-9.717116,-1.0695045,49.868984,-0.7198081830236753
GW240501_033534,GW241129_021832,211.9465009866379,-1.2622733,3.6340702,-0.5,-5.2582316,-0.4531825,42.399696,-0.670165928279263
GW240501_033534,GW241130_034908,213.00941751746115,-1.2622733,13.20049,-0.5,-85.81664,-0.267088,156.7462,-1.5670496607317959
GW240501_033534,GW241130_110422,213.31165716704672,-1.2622733,3.0634582,-0.5,-3.664775,-0.0041243928,41.889126,-0.6524254414300797
GW240501_033534,GW241201_055758,214.09888533806634,-1.2622733,2.1674778,0.1,-1.9154853,-0.16040884,39.889183,-0.6329500149375602
GW240501_033534,GW241210_060606,223.1045360415015,-1.4549596,9.829307,-0.5,-47.260994,-0.19226313,133.1313,-1.4013032355473611
GW240501_033534,GW241210_120900,223.3565475254975,-1.4549596,2.1852496,0.1,-1.9403656,-0.19152953,39.939762,-0.8967335227784656
GW240501_033534,GW241225_042553,238.03493416380275,-1.4549596,6.407826,-0.5,-20.18226,-0.47526637,123.08552,-1.0998266400749899
GW240501_033534,GW241225_082815,238.20324922363793,-1.4549596,4.215212,-0.5,-7.8281507,-0.5371239,56.829796,-0.9622842044420403
GW240501_033534,GW241229_155844,242.5160858115002,-1.4549596,5.17713,-0.5,-13.2730875,-0.25458884,110.98711,-1.0229045062753368
GW240501_033534,GW241230_084504,243.21492605625755,-1.4549596,4.513559,-0.5,-10.733416,-0.07924023,135.64325,-0.9946294896845667
GW240501_033534,GW241230_233618,243.83383255472614,-1.4549596,6.3384495,-0.5,-19.124718,-0.018363457,89.5051,-1.0880526623947016
GW240501_033534,GW241231_054133,244.0874849182312,-1.4549596,12.687551,-0.5,-78.9496,-0.52000636,134.45457,-1.7541030867987493
GW240501_033534,GW250101_011205,244.90034847902203,-1.4549596,7.21098,-0.5,-24.969406,-0.059069607,98.498215,-1.153123533184875
GW240501_033534,GW250104_015122,247.92763192448902,-1.4549596,8.01269,-0.5,-31.225891,-0.09767442,118.21005,-1.2227790729055055
GW240501_033534,GW250108_152221,252.49081915709155,-0.2470929,0.21205804,1.0,1.0583346,-0.08848722,2.823518,0.788459692221422
GW240501_033534,GW250109_010541,252.8959091091239,-0.2470929,8.411199,-0.5,-34.13757,-0.15554692,103.603325,0.39661192211338236
GW240501_033534,GW250109_074552,253.17381302739736,-0.2470929,1.4977635,0.5,-1.5647953,-0.04637261,42.727177,0.7592555103980393
GW240501_033534,GW250114_082203,258.19893852636494,-0.2470929,15.120531,-0.5,-112.720085,-2.012627,155.6746,-0.47827350599155133
GW240501_033534,GW250116_015318,259.9289750264751,-0.2470929,3.7621024,-0.5,-6.606935,-0.26642758,67.99134,0.7031196820933249
GW240501_033534,GW250118_023225,261.9561459389881,-0.2470929,7.6119933,-0.5,-28.332335,-0.13375281,126.41499,0.4612435438214508
GW240501_033534,GW250118_055802,262.09892983916455,-0.2470929,7.688978,-0.5,-28.530405,-0.005198844,105.02334,0.45903835841268653
GW240501_033534,GW250118_170523,262.56236437465304,-0.2470929,5.3710985,-0.5,-13.443782,-0.2638637,75.19141,0.6270027798808682
GW240501_033534,GW250119_025138,262.96948892217546,-0.2470929,4.00639,-0.5,-6.7928314,-0.32059518,49.442196,0.701050035339567
GW240501_033534,GW250119_190238,263.6437891558475,-0.2470929,8.934215,-0.5,-38.287457,-0.67274046,90.7272,0.35040984133489167
GW240505_133552,GW240507_041632,1.6115714836010226,1.2306377,5.1321254,-0.5,-12.585059,-0.075673506,87.5894,2.6574208727616275
GW240505_133552,GW240511_031507,5.568928138980711,0.49711657,14.29887,-0.5,-100.92785,-0.6028082,170.54016,0.6707506179371349
GW240505_133552,GW240512_024139,6.545677824685419,0.5732528,9.603851,-0.5,-44.93537,-0.2828701,121.58922,1.398253038682456
GW240505_133552,GW240513_183302,8.20636924803257,0.72702783,6.127622,-0.5,-17.545687,-0.50632286,75.792595,1.9134852773804587
GW240505_133552,GW240514_121713,8.945383662520735,0.5435311,8.233032,-0.5,-32.760605,-0.58063,106.915695,1.4931531638401494
GW240505_133552,GW240515_005301,9.470237592969228,0.5435311,4.4914145,-0.5,-9.265414,-0.2837496,68.09898,1.7547329785981718
GW240505_133552,GW240519_012815,13.494715350811129,0.5157103,1.0213103,1.0,-0.44167277,-0.19337708,22.43097,1.8149245142197876
GW240505_133552,GW240520_213616,15.333615528874928,0.035988156,7.3181734,-0.5,-25.684084,-0.31231943,96.812515,0.8778524529736137
GW240505_133552,GW240525_031210,19.566875661109332,0.09474692,5.3555884,-0.5,-13.696739,-0.045551393,88.69622,1.091666606678373
GW240505_133552,GW240526_093944,20.83601956093201,0.09474692,9.245424,-0.5,-41.880215,-0.10369928,137.55937,0.7778905484986033
GW240505_133552,GW240527_183429,22.20736659931916,0.3320092,1.9693505,0.5,-1.5723854,-0.12299622,37.47221,1.5511170664859755
GW240505_133552,GW240527_230910,22.398122466289333,0.3320092,8.286816,-0.5,-33.012,-0.23156396,97.72196,1.2010893114669317
GW240505_133552,GW240530_012417,24.491960601941855,0.3320092,1.8660477,0.5,-0.9165403,-0.19638078,28.243057,1.5584188093837859
GW240505_133552,GW240531_040326,25.602476488031723,0.5727229,6.6832457,-0.5,-21.559996,-0.0025094524,103.797966,1.6577742743501003
GW240505_133552,GW240531_075248,25.76175778493837,0.5727229,2.9932067,0.1,-3.9117422,-0.0573918,51.50522,1.8542581820758508
GW240505_133552,GW240601_061200,26.691756484130465,0.5727229,5.4677863,-0.5,-13.903518,-0.13278694,74.124756,1.7430164037076956
GW240505_133552,GW240601_231004,27.39874359553059,0.5727229,2.765678,0.1,-2.8984966,-0.1743012,39.788536,1.8655389840100742
GW240505_133552,GW240612_081540,37.77763991486143,0.104784556,5.200242,-0.5,-13.221403,-0.032249123,102.31594,1.1106855674206093
GW240505_133552,GW240615_113620,40.91699228404849,0.09330103,2.4651124,0.1,-1.6860285,-1.083697,28.655497,1.223408552240926
GW240505_133552,GW240615_160735,41.10535612571571,0.09330103,8.103353,-0.5,-31.939045,-0.18853492,118.51148,0.8865916022348822
GW240505_133552,GW240618_071627,43.736511306908945,0.09330103,5.9154215,-0.5,-17.488937,-0.08919084,134.72934,1.0474694824626762
GW240505_133552,GW240621_195059,47.26049593990876,-0.20667636,4.761295,-0.5,-10.001075,-1.1363078,55.860825,0.7206028764454482
GW240505_133552,GW240621_200935,47.27341375843518,-0.20667636,9.417571,-0.5,-43.302704,-0.2025982,127.81149,0.34984470286522934
GW240505_133552,GW240621_214041,47.33667969667249,-0.20667636,3.114336,-0.5,-4.622918,-0.095708065,63.560432,0.780479693199573
GW240505_133552,GW240622_004008,47.46129417274561,-0.20667636,6.997945,-0.5,-23.319273,-0.37868306,89.27602,0.5723269217870764
GW240505_133552,GW240627_131622,52.98645398053858,-0.20667636,4.043799,-0.5,-7.2294903,-0.11950544,57.578022,0.7514598537151681
GW240505_133552,GW240629_145256,55.053521460016015,-0.24045733,3.6997893,-0.5,-5.6349063,-0.3669338,46.19664,0.7230160282052873
GW240505_133552,GW240630_101703,55.86193046420813,-0.24045733,3.543614,-0.5,-5.3766336,-0.16038072,51.596416,0.7258914639689347
GW240505_133552,GW240703_191355,59.23475349227587,-0.24045733,2.0279024,0.5,-2.6246502,-0.15056847,61.591167,0.7565302155631222
GW240505_133552,GW240705_053215,60.664159121665136,-0.24045733,2.5090055,0.1,-2.157992,-0.47013506,34.96661,0.7617256790822661
GW240505_133552,GW240716_034900,71.59245285222651,-0.39246207,3.6982787,-0.5,-7.229072,-0.38894528,102.7579,0.4973948697156221
GW240505_133552,GW240824_205609,111.30574896329531,-0.8908795,6.2592072,-0.5,-18.555311,-0.013992305,85.33451,-0.3103103876441949
GW240505_133552,GW240825_055146,111.6777127376116,-0.8908795,4.7574987,-0.5,-10.311455,-0.16200504,65.778206,-0.21852877698593604
GW240505_133552,GW240830_211120,117.31629387554196,-1.2459191,4.59076,-0.5,-9.506897,-0.23773679,62.678127,-0.6951026913434922
GW240505_133552,GW240902_143306,120.03974770893102,-1.2459191,5.696939,-0.5,-15.288589,-0.19762531,81.42916,-0.7594721969749368
GW240505_133552,GW240907_153833,125.08519883401968,-1.2459191,3.3300657,-0.5,-5.0877357,-0.10257438,60.57085,-0.6459026904549399
GW240505_133552,GW240908_082628,125.7851368442233,-1.2459191,7.493101,-0.5,-27.030348,-0.24042504,101.677345,-0.8901971301030913
GW240505_133552,GW240908_125134,125.96923264626828,-1.2459191,4.3310823,-0.5,-8.833709,-0.035891272,75.36867,-0.6876078618700066
GW240505_133552,GW240910_103535,127.87480226991353,-1.2459191,8.038587,-0.5,-31.153463,-0.7147058,103.085175,-0.9361011543132267
GW240505_133552,GW240915_001357,132.4431150357646,-1.2459191,9.641471,-0.5,-45.48949,-0.53982073,134.3728,-1.0957089389717778
GW240505_133552,GW240915_105151,132.88609348504355,-1.2459191,0.85579383,1.0,-0.5242969,-0.45706445,21.170637,-0.595096400426208
GW240505_133552,GW240916_184352,134.21388578212924,-1.2459191,8.412432,-0.5,-34.490578,-0.11605658,122.981705,-0.9732543642379484
GW240505_133552,GW240919_061559,136.69452098157396,-1.0487857,5.1864343,-0.5,-12.105528,-0.638454,60.54117,-0.45444601445562605
GW240505_133552,GW240920_073424,137.74898017616184,-1.0487857,3.0500126,-0.5,-3.5671918,-0.4094032,40.543922,-0.35938586383166693
GW240505_133552,GW240920_124024,137.96148489049463,-1.0487857,8.618093,-0.5,-35.875343,-1.4341035,104.89356,-0.7190833192288382
GW240505_133552,GW240921_201835,139.27966672610353,-1.0487857,7.770539,-0.5,-29.871109,-0.26265708,151.39055,-0.6522361705938529
GW240505_133552,GW240922_142106,140.03140981877843,-1.0487857,4.3331513,-0.5,-8.203049,-0.3627114,54.765316,-0.41099840871639576
GW240505_133552,GW240923_204006,141.2946010029923,-1.0487857,5.925049,-0.5,-16.61619,-0.28083766,84.77678,-0.5046647238964413
GW240505_133552,GW240924_000316,141.4356940145294,-1.0487857,6.00609,-0.5,-17.230412,-0.17175116,91.742805,-0.511503058083593
GW240505_133552,GW240925_005809,142.47381247215802,-1.0487857,2.5855083,0.1,-2.034672,-1.2570512,30.732885,-0.3423238081789852
GW240505_133552,GW240930_035959,147.60008543228386,-1.0487857,1.4209092,0.5,0.12260347,-0.55993396,18.440289,-0.31830613867828417
GW240505_133552,GW240930_234614,148.4238696091291,-1.0487857,10.252045,-0.5,-51.47954,-0.25554764,137.06151,-0.892810079205428
GW240505_133552,GW241002_030559,149.56258202516094,-1.0487857,5.8308787,-0.5,-16.359371,-0.2764773,96.771736,-0.5018054746260421
GW240505_133552,GW241006_015333,153.51227916464487,-1.0487857,4.0404987,-0.5,-6.974123,-0.6355949,50.97375,-0.3973163678490892
GW240505_133552,GW241007_082943,154.7873912642234,-1.0487857,11.057396,-0.5,-60.08184,-0.08723272,149.4271,-0.9885823479373039
GW240505_133552,GW241009_022835,156.53660993574945,-1.0487857,8.796854,-0.5,-38.38162,-0.03680363,172.14381,-0.7469865189569966
GW240505_133552,GW241009_084816,156.8002802884551,-1.0487857,8.818072,-0.5,-37.80429,-0.3300049,117.75885,-0.7405589362803675
GW240505_133552,GW241009_220455,157.353506185876,-1.0487857,2.9589946,0.1,-3.4436018,-0.13664901,42.394836,-0.3580098951122618
GW240505_133552,GW241011_233834,159.41854599466754,-1.0688436,6.012116,-0.5,-16.770319,-1.3772105,71.65336,-0.5338107241039491
GW240505_133552,GW241101_220523,180.35382505005708,-1.0688436,4.4332376,-0.5,-10.281481,-0.19662328,127.199875,-0.4615683183846702
GW240505_133552,GW241102_124058,180.96187738413337,-1.0688436,1.231226,0.5,0.5628071,-0.87847394,14.540181,-0.34083523480810934
GW240505_133552,GW241102_144729,181.04973558975865,-1.0688436,6.311648,-0.5,-19.025948,-0.31391817,92.33598,-0.5589233915077896
GW240505_133552,GW241109_033317,187.5815441856202,-1.2622733,1.1883264,0.5,-1.1402388,-0.22628,33.74809,-0.6243189363738055
GW240505_133552,GW241109_115924,187.93301299013197,-1.2622733,3.3650515,-0.5,-6.15164,-0.30432165,98.26408,-0.6801125416521205
GW240505_133552,GW241110_124123,188.96216535001994,-1.2622733,11.866933,-0.5,-69.22408,-0.15151317,149.76431,-1.3823191432082045
GW240505_133552,GW241111_111552,189.9027776532151,-1.2622733,5.126802,-0.5,-12.016992,-0.58181447,66.76914,-0.7454134634421001
GW240505_133552,GW241113_163507,192.12447821334555,-1.2622733,2.6908066,0.1,-4.2315164,-0.36116582,83.49423,-0.6587351637142527
GW240505_133552,GW241114_024711,192.54952775775558,-1.2622733,3.0354867,-0.5,-3.7635806,-0.20733766,45.508793,-0.6535254779532553
GW240505_133552,GW241114_235258,193.42853664147634,-1.2622733,4.389634,-0.5,-10.115758,-0.35509616,127.63709,-0.7242463931231299
GW240505_133552,GW241116_151753,195.07084583775864,-1.2622733,3.5546212,-0.5,-6.08839,-0.034533776,72.45016,-0.6794083575272012
GW240505_133552,GW241124_024914,202.55094635079305,-1.2622733,7.4044967,-0.5,-27.1252,-0.029955955,146.54498,-0.9136182031052145
GW240505_133552,GW241125_010116,203.47597453095295,-1.2622733,7.790965,-0.5,-29.80987,-0.13700622,135.96591,-0.9435075264325652
GW240505_133552,GW241127_061008,205.69045892653642,-1.2622733,11.200142,-0.5,-61.422302,-1.2300253,133.69618,-1.2954593094899947
GW240505_133552,GW241129_021832,207.52963006027318,-1.2622733,9.922806,-0.5,-48.09825,-0.6137033,128.73192,-1.147118194773202
GW240505_133552,GW241130_034908,208.59254659109646,-1.2622733,5.0956154,-0.5,-11.878406,-0.4276088,67.05732,-0.743870538662952
GW240505_133552,GW241130_110422,208.894786240682,-1.2622733,6.4090753,-0.5,-19.669325,-0.1646452,94.87923,-0.8306094488182878
GW240505_133552,GW241201_055758,209.68201441170166,-1.2622733,6.104026,-0.5,-18.286844,-0.00011196787,117.551414,-0.815217829712981
GW240505_133552,GW241210_060606,218.68766511513678,-1.4549596,3.4395046,-0.5,-5.030087,-0.35278392,50.506973,-0.9311324248907349
GW240505_133552,GW241210_120900,218.93967659913278,-1.4549596,2.6860518,0.1,-3.2521226,-0.031008713,51.403355,-0.9113377531315408
GW240505_133552,GW241225_042553,233.61806323743804,-1.4549596,3.9966304,-0.5,-7.7222943,-0.6357872,80.04777,-0.9611056695317177
GW240505_133552,GW241225_082815,233.78637829727322,-1.4549596,2.8184865,0.1,-3.0790915,-0.6976447,41.22594,-0.9094113401203466
GW240505_133552,GW241229_155844,238.0992148851355,-1.4549596,3.5315778,-0.5,-6.1754518,-0.094068035,78.315735,-0.9438841538273175
GW240505_133552,GW241230_084504,238.79805512989284,-1.4549596,3.8910818,-0.5,-8.15258,-0.23976104,119.0015,-0.9658961866995278
GW240505_133552,GW241230_233618,239.41696162836143,-1.4549596,3.5249534,-0.5,-5.3990145,-0.17888427,53.64235,-0.9352398178938468
GW240505_133552,GW241231_054133,239.6706139918665,-1.4549596,5.4478774,-0.5,-13.554293,-0.68052715,65.484825,-1.0260352575587528
GW240505_133552,GW250101_011205,240.48347755265732,-1.4549596,4.9308405,-0.5,-11.286008,-0.1014512,72.93037,-1.0007816843156903
GW240505_133552,GW250104_015122,243.5107609981243,-1.4549596,4.429228,-0.5,-9.071229,-0.25819522,70.00828,-0.9761238101239091
GW240505_133552,GW250108_152221,248.07394823072684,-1.4549596,6.1752434,-0.5,-18.152807,-0.24900803,89.37416,-1.077232058018266
GW240505_133552,GW250109_010541,248.47903818275918,-1.4549596,4.4339623,-0.5,-8.785816,-0.31606773,60.128555,-0.9729462140991284
GW240505_133552,GW250109_074552,248.75694210103265,-1.4549596,1.8370796,0.5,-2.1693616,-0.20689341,53.43313,-0.89928301225835
GW240505_133552,GW250114_082203,253.78206760000023,-0.2470929,9.676845,-0.5,-45.49065,-2.1731477,113.751755,0.2702142772775577
GW240505_133552,GW250116_015318,255.51210410011035,-0.2470929,7.458086,-0.5,-27.435726,-0.10590678,141.2721,0.47122578446757407
GW240505_133552,GW250118_023225,257.53927501262336,-0.2470929,4.236538,-0.5,-8.445605,-0.026768003,74.34926,0.6826491512451984
GW240505_133552,GW250118_055802,257.68205891279985,-0.2470929,8.218233,-0.5,-32.899025,-0.15532196,121.54903,0.4104010518432007
GW240505_133552,GW250118_170523,258.14549344828833,-0.2470929,1.770603,0.5,-0.7389941,-0.4243845,26.744982,0.7684494305997152
GW240505_133552,GW250119_025138,258.55261799581075,-0.2470929,9.0139065,-0.5,-39.58421,-0.481116,122.42941,0.3359726572909479
GW240505_133552,GW250119_190238,259.2269182294828,-0.2470929,2.3851845,0.1,-1.4935207,-0.83326125,27.744812,0.7600490334542883
GW240507_041632,GW240511_031507,3.957356655379688,1.2099575,6.812654,-0.5,-22.050266,-0.52713466,87.3689,2.5237605430893875
GW240507_041632,GW240512_024139,4.934106341084396,0.790937,5.533747,-0.5,-14.259384,-0.20719661,74.758026,2.0374712189645745
GW240507_041632,GW240513_183302,6.594797764431547,0.5732528,3.314803,-0.5,-4.4013724,-0.43064937,43.87714,1.8495316051039918
GW240507_041632,GW240514_121713,7.333812178919713,0.5732528,8.610982,-0.5,-36.067463,-0.5049565,118.96241,1.4969824294920517
GW240507_041632,GW240515_005301,7.858666109368205,0.72702783,8.180101,-0.5,-32.728302,-0.2080761,129.88239,1.744452143890056
GW240507_041632,GW240519_012815,11.883143867210105,0.5157103,2.912717,0.1,-4.2071276,-0.11770357,65.42853,1.7730024466486711
GW240507_041632,GW240520_213616,13.722044045273904,0.035988156,1.09053,1.0,0.37959597,-0.23664592,15.315116,1.1680281179119567
GW240507_041632,GW240525_031210,17.95530417750831,0.52348214,7.138221,-0.5,-24.910566,-0.03012211,122.91421,1.553132464676905
GW240507_041632,GW240526_093944,19.224448077330987,0.09474692,8.411842,-0.5,-34.61647,-0.02802578,131.28746,0.8587602436345212
GW240507_041632,GW240527_183429,20.595795115718136,0.09474692,2.7021985,0.1,-3.3437123,-0.04732272,52.97081,1.2069303171876178
GW240507_041632,GW240527_230910,20.78655098268831,0.09474692,9.559478,-0.5,-44.51638,-0.15589045,121.40191,0.7485412350411067
GW240507_041632,GW240530_012417,22.880389118340833,0.3320092,7.15486,-0.5,-24.864058,-0.12070727,113.420616,1.2918030913617031
GW240507_041632,GW240531_040326,23.9909050044307,0.3320092,2.469367,0.1,-2.3641086,-0.07316405,40.07934,1.5423025480771269
GW240507_041632,GW240531_075248,24.15018630133735,0.3320092,5.1422586,-0.5,-12.725869,-0.018281704,91.74461,1.4269416018150678
GW240507_041632,GW240601_061200,25.080185000529443,0.3320092,5.648442,-0.5,-15.021751,-0.057113446,81.07056,1.4013807771836089
GW240507_041632,GW240601_231004,25.787172111929568,0.5727229,8.413818,-0.5,-34.572147,-0.0986277,127.3773,1.5129056375714869
GW240507_041632,GW240612_081540,36.166068431260406,0.104784556,7.8646574,-0.5,-30.68237,-0.10792262,159.11761,0.9162867921819078
GW240507_041632,GW240615_113620,39.305420800447465,0.104784556,4.8619027,-0.5,-10.6189165,-1.0080234,60.986504,1.1396599212132632
GW240507_041632,GW240615_160735,39.49378464211468,0.104784556,8.022432,-0.5,-31.38543,-0.11286141,123.27144,0.9084593884033996
GW240507_041632,GW240618_071627,42.124939823307926,0.09330103,3.6117687,-0.5,-6.55721,-0.16486435,84.00469,1.1691760596479142
GW240507_041632,GW240621_195059,45.64892445630773,0.09330103,3.507074,-0.5,-4.965537,-1.0606343,44.34264,1.1868966863228632
GW240507_041632,GW240621_200935,45.66184227483416,0.09330103,3.0187426,0.1,-3.627676,-0.1269247,43.369877,1.2017915409417197
GW240507_041632,GW240621_214041,45.72510821307147,0.09330103,7.208868,-0.5,-25.809233,-0.17138156,150.99873,0.9548368519245796
GW240507_041632,GW240622_004008,45.84972268914459,0.09330103,0.9585523,1.0,0.57896394,-0.30300957,13.0367155,1.2486254702967328
GW240507_041632,GW240627_131622,51.37488249693756,-0.20667636,3.1069372,-0.5,-3.9838586,-0.04383194,46.59953,0.7875945568215539
GW240507_041632,GW240629_145256,53.441949976414996,-0.20667636,5.6413217,-0.5,-14.836169,-0.2912603,75.29126,0.6667721528944199
GW240507_041632,GW240630_101703,54.2503589806071,-0.24045733,3.0207307,0.1,-3.7601068,-0.08470722,46.230377,0.7438887979230958
GW240507_041632,GW240703_191355,57.62318200867485,-0.24045733,1.0884205,1.0,-1.1845869,-0.07489497,33.453106,0.7725629225260886
GW240507_041632,GW240705_053215,59.05258763806412,-0.24045733,4.914822,-0.5,-11.196487,-0.39446154,72.30687,0.6610970854520775
GW240507_041632,GW240716_034900,69.98088136862549,-0.39246207,3.0891597,-0.5,-5.1902666,-0.3132718,87.05969,0.5200935730226157
GW240507_041632,GW240824_205609,109.69417747969429,-0.8908795,11.473835,-0.5,-64.90383,-0.08966581,165.5135,-0.8263239644113868
GW240507_041632,GW240825_055146,110.06614125401057,-0.8908795,3.3774552,-0.5,-4.8081136,-0.08633153,49.33662,-0.15725823892683005
GW240507_041632,GW240830_211120,115.70472239194093,-0.8908795,5.659555,-0.5,-15.097247,-0.16206329,81.74597,-0.271810603756747
GW240507_041632,GW240902_143306,118.42817622532999,-1.2459191,2.1077251,0.5,-1.3855208,-0.1219518,31.722672,-0.6046846945288067
GW240507_041632,GW240907_153833,123.47362735041865,-1.2459191,7.767926,-0.5,-29.778406,-0.026900873,145.95879,-0.9207921824125392
GW240507_041632,GW240908_082628,124.17356536062228,-1.2459191,11.058727,-0.5,-60.218716,-0.16475153,158.85695,-1.2596943286110824
GW240507_041632,GW240908_125134,124.35766116266726,-1.2459191,6.5010853,-0.5,-20.657433,-0.11156478,117.20749,-0.8192453331081586
GW240507_041632,GW240910_103535,126.2632307863125,-1.2459191,9.054952,-0.5,-39.96683,-0.63903236,123.714745,-1.034223326002552
GW240507_041632,GW240915_001357,130.83154355216357,-1.2459191,7.6446323,-0.5,-28.33902,-0.4641472,112.47162,-0.9047670126007007
GW240507_041632,GW240915_105151,131.27452200144253,-1.2459191,3.520128,-0.5,-6.3894186,-0.38139096,88.64769,-0.6603947620533903
GW240507_041632,GW240916_184352,132.6023142985282,-1.2459191,4.8596325,-0.5,-11.012993,-0.040383074,74.64482,-0.7118705605339446
GW240507_041632,GW240919_061559,135.08294949797292,-1.2459191,3.8935616,-0.5,-6.3869452,-0.5627805,49.01516,-0.6603672253723548
GW240507_041632,GW240920_073424,136.13740869256083,-1.0487857,3.376063,-0.5,-4.733244,-0.3337297,47.61606,-0.37236791186182683
GW240507_041632,GW240920_124024,136.34991340689362,-1.0487857,2.8339233,0.1,-2.894896,-1.3584299,36.988907,-0.3519009697540859
GW240507_041632,GW240921_201835,137.66809524250252,-1.0487857,3.6439002,-0.5,-6.3763604,-0.18698359,73.04103,-0.3906612770818919
GW240507_041632,GW240922_142106,138.41983833517742,-1.0487857,10.201072,-0.5,-50.976116,-0.2870379,137.6029,-0.8872052736588567
GW240507_041632,GW240923_204006,139.68302951939128,-1.0487857,5.4312735,-0.5,-13.915487,-0.20516415,81.820145,-0.4745968978964208
GW240507_041632,GW240924_000316,139.82412253092838,-1.0487857,8.39266,-0.5,-34.503185,-0.09607765,134.16267,-0.7038066247564707
GW240507_041632,GW240925_005809,140.86224098855698,-1.0487857,7.502958,-0.5,-26.985483,-1.1813778,95.94101,-0.6201095330754693
GW240507_041632,GW240930_035959,145.98851394868282,-1.0487857,5.1922407,-0.5,-12.471504,-0.48426047,71.69095,-0.4585205513725748
GW240507_041632,GW240930_234614,146.8122981255281,-1.0487857,5.7303524,-0.5,-15.462966,-0.17987415,81.23243,-0.4918254955234162
GW240507_041632,GW241002_030559,147.95101054155992,-1.0487857,8.270571,-0.5,-33.638546,-0.20080382,142.69069,-0.6941803064630263
GW240507_041632,GW241006_015333,151.90070768104383,-1.0487857,3.914443,-0.5,-6.6034207,-0.55992144,52.71793,-0.3931892155387062
GW240507_041632,GW241007_082943,153.17581978062236,-1.0487857,8.573508,-0.5,-35.816174,-0.011559213,122.706215,-0.7184245623990066
GW240507_041632,GW241009_022835,154.92503845214844,-1.0487857,4.446006,-0.5,-9.629181,-0.11247713,89.4914,-0.4268760154694212
GW240507_041632,GW241009_084816,155.1887088048541,-1.0487857,10.637712,-0.5,-55.622967,-0.2543314,150.64854,-0.9389402152950053
GW240507_041632,GW241009_220455,155.741934702275,-1.0487857,3.059747,-0.5,-3.8495743,-0.060975518,46.149902,-0.3625297225115506
GW240507_041632,GW241011_233834,157.80697451106653,-1.0487857,8.939618,-0.5,-38.80127,-1.3015369,114.5741,-0.7516586342360203
GW240507_041632,GW241101_220523,178.74225356645607,-1.0688436,2.9041321,0.1,-4.698305,-0.12094978,84.443245,-0.3994089565695641
GW240507_041632,GW241102_124058,179.35030590053233,-1.0688436,5.748932,-0.5,-15.352172,-0.8028004,73.10039,-0.5180220183072801
GW240507_041632,GW241102_144729,179.43816410615764,-1.0688436,10.744225,-0.5,-56.92545,-0.23824468,165.1397,-0.9808712199194756
GW240507_041632,GW241109_033317,185.9699727020192,-1.2622733,2.47763,0.1,-3.530679,-0.1506065,71.3265,-0.6509325068489211
GW240507_041632,GW241109_115924,186.32144150653096,-1.2622733,5.6523986,-0.5,-16.490381,-0.22864816,167.19427,-0.795217206195076
GW240507_041632,GW241110_124123,187.3505938664189,-1.2622733,8.396101,-0.5,-34.189888,-0.075839676,113.11102,-0.9922717342597092
GW240507_041632,GW241111_111552,188.2912061696141,-1.2622733,2.704644,0.1,-2.6555896,-0.50614095,37.460186,-0.6411898438218671
GW240507_041632,GW241113_163507,190.51290672974454,-1.2622733,3.1424015,-0.5,-5.571454,-0.28549233,98.62561,-0.673653138102901
GW240507_041632,GW241114_024711,190.93795627415457,-1.2622733,7.4502044,-0.5,-27.003529,-0.13166416,117.08592,-0.9122635916381335
GW240507_041632,GW241114_235258,191.8169651578753,-1.2622733,2.7473931,0.1,-4.281338,-0.27942267,80.92864,-0.6592898470729024
GW240507_041632,GW241116_151753,193.45927435415763,-1.2622733,7.3184443,-0.5,-26.602642,-0.041139726,153.10126,-0.9078003877668811
GW240507_041632,GW241124_024914,200.93937486719202,-1.2622733,5.251093,-0.5,-13.554076,-0.10562946,106.833115,-0.7625263401180231
GW240507_041632,GW241125_010116,201.8644030473519,-1.2622733,7.4189634,-0.5,-27.051226,-0.061332714,134.11343,-0.9127946190394486
GW240507_041632,GW241127_061008,204.07888744293538,-1.2622733,10.808378,-0.5,-57.256138,-1.1543518,138.7144,-1.2490760079396073
GW240507_041632,GW241129_021832,205.91805857667217,-1.2622733,10.353626,-0.5,-52.589996,-0.5380298,142.91234,-1.197126293994229
GW240507_041632,GW241130_034908,206.98097510749542,-1.2622733,2.2622504,0.1,-1.5753564,-0.3519353,31.622923,-0.6291632461586897
GW240507_041632,GW241130_110422,207.28321475708097,-1.2622733,10.591867,-0.5,-55.3216,-0.0889717,164.55745,-1.227538171897961
GW240507_041632,GW241201_055758,208.07044292810062,-1.2622733,7.7998667,-0.5,-30.134422,-0.07556153,154.64398,-0.9471208783572413
GW240507_041632,GW241210_060606,217.07609363153577,-1.4549596,2.4049385,0.1,-2.1049254,-0.27711043,37.089848,-0.8985656225243933
GW240507_041632,GW241210_120900,217.32810511553177,-1.4549596,6.380657,-0.5,-20.059977,-0.10668222,125.75704,-1.0984652121246914
GW240507_041632,GW241225_042553,232.00649175383703,-1.4549596,1.4911375,0.5,-0.9014202,-0.56011367,30.681656,-0.88516659643951
GW240507_041632,GW241225_082815,232.17480681367218,-1.4549596,8.351103,-0.5,-34.076424,-0.6219712,128.3375,-1.2545150048951652
GW240507_041632,GW241229_155844,236.48764340153446,-1.4549596,4.156786,-0.5,-8.623055,-0.16974154,94.239655,-0.9711341444086369
GW240507_041632,GW241230_084504,237.18648364629183,-1.4549596,1.0532933,1.0,-1.1605117,-0.16408753,32.593384,-0.8880511493821805
GW240507_041632,GW241230_233618,237.80539014476042,-1.4549596,4.2602015,-0.5,-8.352638,-0.10321076,67.87007,-0.9681234991348115
GW240507_041632,GW241231_054133,238.0590425082655,-1.4549596,1.9736583,0.5,-0.8053122,-0.6048537,25.482744,-0.8840965943819135
GW240507_041632,GW250101_011205,238.8719060690563,-1.4549596,3.5835657,-0.5,-5.647118,-0.025777698,55.629837,-0.9380020384541466
GW240507_041632,GW250104_015122,241.8991895145233,-1.4549596,2.2426724,0.1,-1.86219,-0.18252173,36.990334,-0.8958631682943612
GW240507_041632,GW250108_152221,246.46237674712583,-1.4549596,10.266281,-0.5,-51.88507,-0.17333452,156.26538,-1.452784629489996
GW240507_041632,GW250109_010541,246.86746669915814,-1.4549596,3.6838777,-0.5,-5.8553443,-0.24039422,52.888588,-0.9403202904202069
GW240507_041632,GW250109_074552,247.1453706174316,-1.4549596,4.7844996,-0.5,-11.953573,-0.13121992,140.9771,-1.0082139125663554
GW240507_041632,GW250114_082203,252.17049611639922,-0.2470929,2.5665114,0.1,-2.1125824,-2.097474,32.504612,0.7531568124190836
GW240507_041632,GW250116_015318,253.90053261650934,-0.2470929,6.4720397,-0.5,-20.627932,-0.18158028,126.33303,0.5470192381808113
GW240507_041632,GW250118_023225,255.92770352902235,-0.2470929,1.5625625,0.5,-0.76193666,-0.0489055,28.39416,0.7681940035954076
GW240507_041632,GW250118_055802,256.07048742919886,-0.2470929,3.5672083,-0.5,-5.588573,-0.07964846,55.37424,0.7144574473179881
GW240507_041632,GW250118_170523,256.53392196468735,-0.2470929,5.76794,-0.5,-15.898971,-0.348711,91.26844,0.5996683424159489
GW240507_041632,GW250119_025138,256.9410465122097,-0.2470929,10.265694,-0.5,-51.764915,-0.40544248,147.58948,0.20036078348666475
GW240507_041632,GW250119_190238,257.61534674588177,-0.2470929,5.9771147,-0.5,-16.663961,-0.7575878,75.01825,0.5911514439276794
GW240511_031507,GW240512_024139,0.9767496857047081,1.5381744,8.504545,-0.5,-33.41591,-0.31993806,49.20641,2.846073236767497
GW240511_031507,GW240513_183302,2.637441109051859,1.130381,20.668684,-0.5,-210.60373,-0.09648529,105.75738,0.3157076382195274
GW240511_031507,GW240514_121713,3.376455523540024,1.2372308,12.761233,-0.5,-78.899574,-0.022178182,82.53502,1.9281355461857292
GW240511_031507,GW240515_005301,3.901309453988517,1.2099575,10.788591,-0.5,-56.57375,-0.31905857,109.532936,2.139399057961268
GW240511_031507,GW240519_012815,7.925787211830417,0.72702783,7.984367,-0.5,-31.490175,-0.4094311,150.55551,1.7582366231219781
GW240511_031507,GW240520_213616,9.764687389894217,0.5435311,11.038296,-0.5,-58.538708,-0.29048875,76.63245,1.2061569234721
GW240511_031507,GW240525_031210,13.997947522128621,0.035988156,8.297489,-0.5,-33.159214,-0.55725676,100.76251,0.7946293298453118
GW240511_031507,GW240526_093944,15.267091421951298,0.035988156,4.630305,-0.5,-9.010555,-0.49910888,45.02678,1.0634844238587928
GW240511_031507,GW240527_183429,16.638438460338445,0.52348214,9.109592,-0.5,-40.694378,-0.47981194,139.71947,1.3774060118401383
GW240511_031507,GW240527_230910,16.829194327308624,0.52348214,26.209045,-0.5,-339.7041,-0.37124422,91.73699,-1.95156924059794
GW240511_031507,GW240530_012417,18.923032462961142,0.09474692,15.008095,-0.5,-110.99044,-0.40642738,151.77065,0.008463293250480675
GW240511_031507,GW240531_040326,20.033548349051014,0.09474692,6.3008766,-0.5,-18.331676,-0.6002987,67.39388,1.0400642997904392
GW240511_031507,GW240531_075248,20.19282964595766,0.09474692,9.275699,-0.5,-41.89229,-0.54541636,120.684944,0.7777561299977704
GW240511_031507,GW240601_061200,21.122828345149756,0.09474692,12.874419,-0.5,-80.65931,-0.47002122,97.17541,0.34614991821582225
GW240511_031507,GW240601_231004,21.829815456549877,0.3320092,16.132195,-0.5,-128.24933,-0.42850697,144.43658,0.14078029300583494
GW240511_031507,GW240612_081540,32.20871177588072,0.2735977,5.2721148,-0.5,-13.200869,-0.6350573,85.059944,1.3417731213503663
GW240511_031507,GW240615_113620,35.348064145067774,0.104784556,51.39332,-0.5,-1316.4962,-0.48088875,148.20845,-13.399108781219832
GW240511_031507,GW240615_160735,35.53642798673499,0.104784556,6.2711077,-0.5,-17.871643,-0.41427326,58.519794,1.0589128909225365
GW240511_031507,GW240618_071627,38.167583167928235,0.104784556,2.6515617,0.1,-3.2279046,-0.691999,52.493767,1.221946529092586
GW240511_031507,GW240621_195059,41.69156780092805,0.09330103,37.606674,-0.5,-703.25525,-0.53349966,123.79147,-6.587396208373733
GW240511_031507,GW240621_200935,41.70448561945447,0.09330103,6.6525316,-0.5,-19.919165,-0.40020996,50.391582,1.0204129494085623
GW240511_031507,GW240621_214041,41.76775155769178,0.09330103,7.092065,-0.5,-24.559013,-0.69851625,120.71434,0.9687559620088366
GW240511_031507,GW240622_004008,41.8923660337649,0.09330103,14.017109,-0.5,-95.56301,-0.2241251,84.034996,0.17824470834936768
GW240511_031507,GW240627_131622,47.41752584155787,-0.20667636,14.1030245,-0.5,-97.51884,-0.48330274,122.88818,-0.25376163882968933
GW240511_031507,GW240629_145256,49.484593321035305,-0.20667636,25.830511,-0.5,-330.7197,-0.23587437,139.33322,-2.8500647930536704
GW240511_031507,GW240630_101703,50.29300232522741,-0.20667636,12.979905,-0.5,-82.42533,-0.44242746,119.80554,-0.08572059032197293
GW240511_031507,GW240703_191355,53.66582535329516,-0.20667636,3.9213102,-0.5,-8.108906,-0.4522397,110.60869,0.7416690267130427
GW240511_031507,GW240705_053215,55.09523098268443,-0.24045733,16.514435,-0.5,-134.31555,-0.13267311,135.59311,-0.7096286328957813
GW240511_031507,GW240716_034900,66.0235247132458,-0.39246207,3.3451204,-0.5,-5.80592,-0.21386288,84.969604,0.5132392965464435
GW240511_031507,GW240824_205609,105.7368208243146,-0.8908795,13.179353,-0.5,-84.66764,-0.6168005,101.28391,-1.0463610619622408
GW240511_031507,GW240825_055146,106.10878459863089,-0.8908795,13.083305,-0.5,-83.492256,-0.44080314,104.95512,-1.0332751129964943
GW240511_031507,GW240830_211120,111.74736573656124,-0.8908795,14.071516,-0.5,-96.832794,-0.3650714,108.63039,-1.181799784351707
GW240511_031507,GW240902_143306,114.47081956995031,-0.8908795,11.167751,-0.5,-60.45095,-0.40518287,98.30999,-0.7767485526110497
GW240511_031507,GW240907_153833,119.51627069503897,-1.2459191,8.553843,-0.5,-35.64381,-0.50023377,122.182915,-0.9860936881691496
GW240511_031507,GW240908_082628,120.21620870524258,-1.2459191,11.327079,-0.5,-61.941418,-0.36238313,85.75694,-1.2788737464000453
GW240511_031507,GW240908_125134,120.40030450728756,-1.2459191,7.5316277,-0.5,-27.274683,-0.6386995,99.92181,-0.8929173953153625
GW240511_031507,GW240910_103535,122.30587413093282,-1.2459191,11.943482,-0.5,-68.692856,-0.11189767,73.27398,-1.3540397651300116
GW240511_031507,GW240915_001357,126.87418689678388,-1.2459191,6.70756,-0.5,-20.448168,-0.06298745,55.07889,-0.8169155186028088
GW240511_031507,GW240915_105151,127.31716534606285,-1.2459191,7.548432,-0.5,-28.41531,-0.14574373,166.26413,-0.9056163761388221
GW240511_031507,GW240916_184352,128.64495764314853,-1.2459191,5.126937,-0.5,-11.348987,-0.4867516,47.79496,-0.7156112915071587
GW240511_031507,GW240919_061559,131.12559284259325,-1.2459191,39.30611,-0.5,-768.47235,-0.03564582,120.81633,-9.144918915394886
GW240511_031507,GW240920_073424,132.18005203718113,-1.2459191,19.109777,-0.5,-180.24313,-0.19340497,134.98323,-2.5959663130344346
GW240511_031507,GW240920_124024,132.39255675151392,-1.2459191,16.337898,-0.5,-130.265,-0.83129525,75.45617,-2.039543031117133
GW240511_031507,GW240921_201835,133.71073858712282,-1.2459191,2.0245485,0.5,-1.3232709,-0.34015107,32.18728,-0.6039916455857789
GW240511_031507,GW240922_142106,134.46248167979772,-1.2459191,22.05355,-0.5,-240.41524,-0.24009676,126.544876,-3.2658824691234107
GW240511_031507,GW240923_204006,135.72567286401159,-1.2459191,9.809396,-0.5,-46.209152,-0.32197052,86.58637,-1.1037211734977186
GW240511_031507,GW240924_000316,135.86676587554868,-1.2459191,9.4481535,-0.5,-43.043503,-0.431057,97.51016,-1.0684769398714742
GW240511_031507,GW240925_005809,136.9048843331773,-1.0487857,37.40688,-0.5,-696.0515,-0.65424305,142.34464,-8.069045408809847
GW240511_031507,GW240930_035959,142.03115729330315,-1.0487857,23.695795,-0.5,-278.21518,-0.042874206,152.85675,-3.417133761340037
GW240511_031507,GW240930_234614,142.8549414701484,-1.0487857,6.89621,-0.5,-21.470068,-0.34726053,49.693127,-0.558704571206743
GW240511_031507,GW241002_030559,143.99365388618023,-1.0487857,7.55337,-0.5,-27.269585,-0.32633084,92.08624,-0.6232725299344802
GW240511_031507,GW241006_015333,147.94335102566416,-1.0487857,21.081629,-0.5,-219.43541,-0.032786753,119.89749,-2.762718925142356
GW240511_031507,GW241007_082943,149.2184631252427,-1.0487857,4.983579,-0.5,-10.181429,-0.51557547,37.23078,-0.43302437715593184
GW240511_031507,GW241009_022835,150.96768179676874,-1.0487857,0.964907,1.0,0.247381,-0.6396118,15.442338,-0.3169169486723286
GW240511_031507,GW241009_084816,151.2313521494744,-1.0487857,9.098567,-0.5,-39.075462,-0.27280328,65.31072,-0.7547113144896874
GW240511_031507,GW241009_220455,151.7845780468953,-1.0487857,14.762344,-0.5,-107.06748,-0.46615916,130.76549,-1.5116892081050755
GW240511_031507,GW241011_233834,153.84961785568683,-1.0487857,26.471596,-0.5,-346.8375,-0.7744023,103.313156,-4.1811289377534
GW240511_031507,GW241101_220523,174.78489691107637,-1.0688436,2.2796884,0.1,-2.8858924,-0.40618488,60.16125,-0.37923075941681106
GW240511_031507,GW241102_124058,175.39294924515266,-1.0688436,44.540657,-0.5,-988.2144,-0.27566573,158.44133,-11.349222745315524
GW240511_031507,GW241102_144729,175.48080745077795,-1.0688436,10.128426,-0.5,-49.50225,-0.28889,94.58576,-0.8982262662259561
GW240511_031507,GW241109_033317,182.0126160466395,-1.0688436,5.7337604,-0.5,-16.701126,-0.37652817,149.4886,-0.5330403765597611
GW240511_031507,GW241109_115924,182.36408485115126,-1.0688436,3.2774315,-0.5,-5.6996255,-0.2984865,88.302826,-0.41055699103588367
GW240511_031507,GW241110_124123,183.39323721103924,-1.0688436,5.1744275,-0.5,-10.608825,-0.451295,29.481243,-0.4652127479516795
GW240511_031507,GW241111_111552,184.3338495142344,-1.0688436,17.256666,-0.5,-146.39429,-0.020993711,112.898735,-1.9769577118413102
GW240511_031507,GW241113_163507,186.55555007436485,-1.2622733,3.0903919,-0.5,-5.2453313,-0.24164234,89.35538,-0.670022304340814
GW240511_031507,GW241114_024711,186.98059961877487,-1.2622733,13.273547,-0.5,-86.41949,-0.39547053,131.37259,-1.5737613272479416
GW240511_031507,GW241114_235258,187.85960850249563,-1.2622733,2.2103713,0.1,-2.761678,-0.247712,59.255146,-0.642370961457334
GW240511_031507,GW241116_151753,189.50191769877793,-1.2622733,6.753013,-0.5,-22.208105,-0.5682744,114.724464,-0.8588745379763344
GW240511_031507,GW241124_024914,196.98201821181235,-1.2622733,1.8242018,0.5,-0.98458165,-0.6327641,29.689507,-0.6225859536822809
GW240511_031507,GW241125_010116,197.90704639197224,-1.2622733,3.5466976,-0.5,-5.2113476,-0.46580195,47.28595,-0.6696439523607252
GW240511_031507,GW241127_061008,200.1215307875557,-1.2622733,13.08366,-0.5,-82.08498,-0.6272171,51.81094,-1.525503768869671
GW240511_031507,GW241129_021832,201.96070192129247,-1.2622733,8.959493,-0.5,-37.603294,-0.010895135,57.71524,-1.0302743289577025
GW240511_031507,GW241130_034908,203.02361845211576,-1.2622733,15.409066,-0.5,-116.29773,-0.17519937,104.92857,-1.9064057932066905
GW240511_031507,GW241130_110422,203.3258581017013,-1.2622733,9.148842,-0.5,-40.1176,-0.43816298,87.91667,-1.0582669286682473
GW240511_031507,GW241201_055758,204.11308627272095,-1.2622733,4.3065047,-0.5,-8.51183,-0.6026962,67.278076,-0.7063893306080783
GW240511_031507,GW241210_060606,213.11873697615607,-1.2622733,13.17325,-0.5,-84.9953,-0.25002426,124.15053,-1.557905380348131
GW240511_031507,GW241210_120900,213.37074846015207,-1.2622733,8.882615,-0.5,-38.670063,-0.6338169,137.44234,-1.0421510210595593
GW240511_031507,GW241225_042553,228.04913509845733,-1.4549596,6.0043693,-0.5,-17.382027,-0.032978993,99.452126,-1.0686507002315324
GW240511_031507,GW241225_082815,228.2174501582925,-1.4549596,15.192859,-0.5,-113.620384,-0.094836526,141.82169,-2.140104520107329
GW240511_031507,GW241229_155844,232.5302867461548,-1.4549596,4.9248223,-0.5,-11.768143,-0.6968762,94.08313,-1.0061494524980363
GW240511_031507,GW241230_084504,233.22912699091214,-1.4549596,2.0286355,0.5,-2.494307,-0.36304712,57.68313,-0.9029007386239695
GW240511_031507,GW241230_233618,233.84803348938073,-1.4549596,12.7883835,-0.5,-80.1646,-0.4239239,130.90045,-1.7676300473640683
GW240511_031507,GW241231_054133,234.1016858528858,-1.4549596,26.433968,-0.5,-345.9909,-0.077719,111.13448,-4.727163248979252
GW240511_031507,GW250101_011205,234.9145494136766,-1.4549596,11.520342,-0.5,-64.62184,-0.50135696,110.470856,-1.594587356516361
GW240511_031507,GW250104_015122,237.9418328591436,-1.4549596,9.908945,-0.5,-47.647354,-0.34461296,109.903656,-1.40560471251461
GW240511_031507,GW250108_152221,242.50502009174613,-1.4549596,10.826146,-0.5,-56.75883,-0.35380015,98.42647,-1.5070458320060922
GW240511_031507,GW250109_010541,242.91011004377847,-1.4549596,16.144236,-0.5,-128.10419,-0.28674045,121.97982,-2.3013575404987425
GW240511_031507,GW250109_074552,243.18801396205194,-1.4549596,4.9011993,-0.5,-12.330412,-0.39591476,131.43799,-1.012409383663753
GW240511_031507,GW250114_082203,248.21313946101952,-1.4549596,17.481758,-0.5,-148.97836,-1.5703394,58.948437,-2.5337567232149656
GW240511_031507,GW250116_015318,249.94317596112964,-1.4549596,2.665467,0.1,-2.7404914,-0.70871496,40.598648,-0.9056415913143698
GW240511_031507,GW250118_023225,251.97034687364268,-0.2470929,7.7521696,-0.5,-28.988956,-0.57604015,104.345276,0.4539331522451187
GW240511_031507,GW250118_055802,252.11313077381917,-0.2470929,6.3788166,-0.5,-18.607193,-0.44748622,61.162926,0.5695167968362232
GW240511_031507,GW250118_170523,252.57656530930765,-0.2470929,16.039179,-0.5,-126.98764,-0.17842366,161.47137,-0.637118969992694
GW240511_031507,GW250119_025138,252.98368985683,-0.2470929,8.044365,-0.5,-30.152023,-0.12169219,61.088264,0.4409843398794321
GW240511_031507,GW250119_190238,253.65799009050207,-0.2470929,53.378674,-0.5,-1420.5225,-0.2304531,155.58807,-15.038474728738825
GW240512_024139,GW240513_183302,1.6606914233471508,1.2306377,17.60026,-0.5,-152.41515,-0.22345278,117.03802,1.1006457535633256
GW240512_024139,GW240514_121713,2.399705837835316,1.706399,16.872337,-0.5,-140.17145,-0.2977599,130.54921,1.88758217717288
GW240512_024139,GW240515_005301,2.9245597682838085,1.130381,7.4330654,-0.5,-26.163391,-0.0008794942,81.80246,2.369143605717615
GW240512_024139,GW240519_012815,6.949037526125709,0.5732528,5.6557713,-0.5,-15.658479,-0.089493036,109.31857,1.724202475865249
GW240512_024139,GW240520_213616,8.787937704189508,0.5435311,7.3075747,-0.5,-24.63496,-0.029449321,59.472736,1.5836186835938093
GW240512_024139,GW240525_031210,13.021197836423914,0.5157103,11.438251,-0.5,-64.267235,-0.23731871,147.15318,1.104333186727333
GW240512_024139,GW240526_093944,14.29034173624659,0.035988156,6.244406,-0.5,-17.961582,-0.17917083,66.26178,0.9638296476733221
GW240512_024139,GW240527_183429,15.661688774633738,0.035988156,7.237288,-0.5,-25.46509,-0.15987389,115.17995,0.8802905879801877
GW240512_024139,GW240527_230910,15.852444641603915,0.52348214,25.274288,-0.5,-316.54706,-0.05130615,139.09943,-1.6937541312977196
GW240512_024139,GW240530_012417,17.946282777256435,0.52348214,10.561065,-0.5,-54.299477,-0.086489335,115.83641,1.2259358977398218
GW240512_024139,GW240531_040326,19.056798663346303,0.09474692,3.0770168,-0.5,-3.361581,-0.28036067,35.411312,1.2067313783372642
GW240512_024139,GW240531_075248,19.21607996025295,0.09474692,5.36875,-0.5,-13.385986,-0.2254783,73.47953,1.095126322291276
GW240512_024139,GW240601_061200,20.14607865944505,0.09474692,5.613308,-0.5,-13.813653,-0.15008315,48.615784,1.0903649662934922
GW240512_024139,GW240601_231004,20.85306577084517,0.09474692,12.676014,-0.5,-78.66909,-0.10856891,125.61407,0.36830769323271517
GW240512_024139,GW240612_081540,31.23196209017601,0.2735977,6.8153796,-0.5,-22.594975,-0.31511924,113.70494,1.2371853985358356
GW240512_024139,GW240615_113620,34.37131445936307,0.104784556,22.966848,-0.5,-260.75113,-0.8008268,117.904015,-1.645145654708033
GW240512_024139,GW240615_160735,34.55967830103029,0.104784556,4.732297,-0.5,-9.593823,-0.0943352,48.51882,1.1510726252830195
GW240512_024139,GW240618_071627,37.19083348222353,0.104784556,4.8798203,-0.5,-11.663834,-0.37206095,98.80537,1.1280265096097937
GW240512_024139,GW240621_195059,40.71481811522334,0.09330103,21.85582,-0.5,-235.94276,-0.8534377,117.440605,-1.3846500307596348
GW240512_024139,GW240621_200935,40.72773593374976,0.09330103,8.038935,-0.5,-30.376677,-0.08027191,69.81188,0.9039859720619963
GW240512_024139,GW240621_214041,40.79100187198707,0.09330103,6.6542244,-0.5,-21.610075,-0.3785782,116.73451,1.001587479103309
GW240512_024139,GW240622_004008,40.91561634806019,0.09330103,8.601536,-0.5,-34.72325,-0.09581297,63.19655,0.855594101358644
GW240512_024139,GW240627_131622,46.440776155853165,-0.20667636,12.436551,-0.5,-75.618256,-0.16336466,120.55442,-0.009935142260365015
GW240512_024139,GW240629_145256,48.507843635330595,-0.20667636,21.569853,-0.5,-230.22372,-0.084063694,148.08737,-1.7312095311154918
GW240512_024139,GW240630_101703,49.31625263952271,-0.20667636,7.746647,-0.5,-28.383675,-0.122489385,78.70855,0.5159432447722858
GW240512_024139,GW240703_191355,52.68907566759045,-0.20667636,2.6503909,0.1,-3.955273,-0.13230164,75.60247,0.7879128106721531
GW240512_024139,GW240705_053215,54.118481296979716,-0.24045733,9.404057,-0.5,-42.407516,-0.18726495,86.93122,0.3136142609916073
GW240512_024139,GW240716_034900,65.0467750275411,-0.39246207,5.064081,-0.5,-13.061038,-0.10607518,130.41873,0.4324656426861404
GW240512_024139,GW240824_205609,104.76007113860989,-0.8908795,13.630136,-0.5,-90.97679,-0.29686242,119.68007,-1.1166029466504845
GW240512_024139,GW240825_055146,105.13203491292617,-0.8908795,6.671049,-0.5,-20.404354,-0.12086508,60.553005,-0.3308964005479539
GW240512_024139,GW240830_211120,110.77061605085653,-0.8908795,6.8010573,-0.5,-21.220629,-0.045133315,59.924477,-0.3399842591375094
GW240512_024139,GW240902_143306,113.49406988424559,-0.8908795,10.68442,-0.5,-55.379288,-0.0852448,104.42967,-0.7202840333794076
GW240512_024139,GW240907_153833,118.53952100933427,-1.2459191,7.4041204,-0.5,-26.554918,-0.18029574,110.33635,-0.8849040140913104
GW240512_024139,GW240908_082628,119.23945901953788,-1.2459191,13.198735,-0.5,-85.16698,-0.04244507,114.57664,-1.537451664766129
GW240512_024139,GW240908_125134,119.42355482158285,-1.2459191,4.7061353,-0.5,-10.083396,-0.31876138,65.55739,-0.7015210473473548
GW240512_024139,GW240910_103535,121.32912444522812,-1.2459191,7.02088,-0.5,-22.407373,-0.43183574,52.387756,-0.8387280100772782
GW240512_024139,GW240915_001357,125.89743721107918,-1.2459191,11.1941185,-0.5,-60.843685,-0.25695062,103.48735,-1.2666523228696707
GW240512_024139,GW240915_105151,126.34041566035813,-1.2459191,6.3076634,-0.5,-19.855715,-0.17419434,141.49379,-0.81031954118501
GW240512_024139,GW240916_184352,127.66820795744381,-1.2459191,0.14246352,1.0,1.5950036,-0.16681354,1.459426,-0.571501519365257
GW240512_024139,GW240919_061559,130.14884315688852,-1.2459191,23.58191,-0.5,-275.1083,-0.35558388,123.63295,-3.6521320139270506
GW240512_024139,GW240920_073424,131.20330235147642,-1.2459191,12.985983,-0.5,-82.27782,-0.12653309,107.03171,-1.5052856785144053
GW240512_024139,GW240920_124024,131.41580706580922,-1.2459191,14.865026,-0.5,-107.8989,-1.1512333,93.26953,-1.7905337988468224
GW240512_024139,GW240921_201835,132.73398890141812,-1.2459191,4.5015616,-0.5,-9.4748335,-0.02021302,74.07776,-0.6947457178508779
GW240512_024139,GW240922_142106,133.48573199409302,-1.2459191,14.941917,-0.5,-109.30298,-0.07984131,106.66855,-1.806165842322813
GW240512_024139,GW240923_204006,134.74892317830688,-1.2459191,3.923005,-0.5,-6.0002556,-0.0020324597,38.427822,-0.6560620800329071
GW240512_024139,GW240924_000316,134.89001618984398,-1.2459191,12.483622,-0.5,-76.48656,-0.11111895,139.32074,-1.4408096467519296
GW240512_024139,GW240925_005809,135.92813464747258,-1.2459191,16.744278,-0.5,-137.40866,-0.9741811,95.484215,-2.1190758036660955
GW240512_024139,GW240930_035959,141.05440760759845,-1.0487857,13.8547325,-0.5,-93.80673,-0.27706385,107.00564,-1.3640528455534702
GW240512_024139,GW240930_234614,141.8781917844437,-1.0487857,11.382926,-0.5,-62.774887,-0.02732246,95.210915,-1.0185649360443794
GW240512_024139,GW241002_030559,143.01690420047552,-1.0487857,10.086023,-0.5,-49.721367,-0.006392788,130.21078,-0.8732357300928495
GW240512_024139,GW241006_015333,146.96660133995942,-1.0487857,10.635213,-0.5,-54.21496,-0.35272482,75.49014,-0.9232643849392804
GW240512_024139,GW241007_082943,148.24171343953796,-1.0487857,8.74985,-0.5,-36.32339,-0.19563739,75.192406,-0.7240715834241964
GW240512_024139,GW241009_022835,149.99093211106404,-1.0487857,3.8919616,-0.5,-6.9288354,-0.31967375,64.442825,-0.3968121657512776
GW240512_024139,GW241009_084816,150.2546024637697,-1.0487857,9.474672,-0.5,-42.868374,-0.047134794,79.02338,-0.7969390670250729
GW240512_024139,GW241009_220455,150.8078283611906,-1.0487857,9.725845,-0.5,-45.607033,-0.14622109,95.54279,-0.8274294725142833
GW240512_024139,GW241011_233834,152.87286816998213,-1.0487857,11.601574,-0.5,-64.54434,-1.0943403,66.91798,-1.038264869835303
GW240512_024139,GW241101_220523,173.80814722537167,-1.0688436,3.9757197,-0.5,-8.216147,-0.086246826,106.26978,-0.43857427129976073
GW240512_024139,GW241102_124058,174.41619955944793,-1.0688436,20.717604,-0.5,-211.775,-0.5956038,114.7763,-2.704862986006445
GW240512_024139,GW241102_144729,174.50405776507324,-1.0688436,11.441665,-0.5,-63.85359,-0.031048069,117.38077,-1.0580045054352472
GW240512_024139,GW241109_033317,181.0358663609348,-1.0688436,5.203451,-0.5,-13.827263,-0.05659011,137.45084,-0.501044696212726
GW240512_024139,GW241109_115924,181.38733516544656,-1.0688436,4.070859,-0.5,-8.6393385,-0.021451548,111.03425,-0.4432857990175752
GW240512_024139,GW241110_124123,182.4164875253345,-1.0688436,7.1033435,-0.5,-22.89213,-0.13135692,50.47849,-0.6019668923385132
GW240512_024139,GW241111_111552,183.3570998285297,-1.0688436,14.381571,-0.5,-101.26446,-0.29894435,112.17639,-1.4745122281253948
GW240512_024139,GW241113_163507,185.57880038866014,-1.2622733,1.6022604,0.5,-1.7750363,-0.078295715,46.824768,-0.631386350052641
GW240512_024139,GW241114_024711,186.00384993307017,-1.2622733,8.813235,-0.5,-37.331524,-0.07553245,94.91945,-1.0272486173448028
GW240512_024139,GW241114_235258,186.8828588167909,-1.2622733,3.8408082,-0.5,-7.719501,-0.072226055,104.24771,-0.6975680634030534
GW240512_024139,GW241116_151753,188.52516801307323,-1.2622733,7.4817953,-0.5,-27.455767,-0.24833633,131.01729,-0.9172985094585044
GW240512_024139,GW241124_024914,196.0052685261076,-1.2622733,2.4265015,0.1,-2.3305593,-0.31282607,40.814655,-0.6375711724920631
GW240512_024139,GW241125_010116,196.93029670626754,-1.2622733,4.9893394,-0.5,-11.465223,-0.14586389,69.813446,-0.7392704423958674
GW240512_024139,GW241127_061008,199.144781101851,-1.2622733,13.952962,-0.5,-94.60207,-0.9471552,81.022766,-1.6648608011759871
GW240512_024139,GW241129_021832,200.98395223558776,-1.2622733,11.529735,-0.5,-64.29537,-0.3308332,88.962105,-1.3274461560145423
GW240512_024139,GW241130_034908,202.04686876641102,-1.2622733,8.704063,-0.5,-35.787014,-0.14473869,69.85405,-1.0100530722291101
GW240512_024139,GW241130_110422,202.3491084159966,-1.2622733,8.66902,-0.5,-36.021328,-0.11822491,91.07937,-1.012661767962175
GW240512_024139,GW241201_055758,203.13633658701622,-1.2622733,5.443467,-0.5,-14.12581,-0.28275815,88.12677,-0.7688916400990847
GW240512_024139,GW241210_060606,212.14198729045137,-1.2622733,9.383786,-0.5,-42.440647,-0.06991382,97.00231,-1.08413019492658
GW240512_024139,GW241210_120900,212.39399877444737,-1.2622733,9.544124,-0.5,-44.837425,-0.31387883,153.14009,-1.1108143271514515
GW240512_024139,GW241225_042553,227.07238541275262,-1.4549596,6.081468,-0.5,-17.911608,-0.35291705,103.987915,-1.0745467033929408
GW240512_024139,GW241225_082815,227.24070047258778,-1.4549596,11.738506,-0.5,-67.29332,-0.4147746,120.38459,-1.6243298175448555
GW240512_024139,GW241229_155844,231.55353706045008,-1.4549596,2.513229,0.1,-2.8476067,-0.37693813,49.184578,-0.9068341414238315
GW240512_024139,GW241230_084504,232.25237730520743,-1.4549596,2.3328865,0.1,-3.1798704,-0.043109067,67.07022,-0.910533344406415
GW240512_024139,GW241230_233618,232.87128380367602,-1.4549596,12.842886,-0.5,-81.02194,-0.103985846,142.32535,-1.7771751624431076
GW240512_024139,GW241231_054133,233.1249361671811,-1.4549596,16.316032,-0.5,-130.42343,-0.39765707,97.50612,-2.3271784638675554
GW240512_024139,GW250101_011205,233.9377997279719,-1.4549596,12.250447,-0.5,-73.478546,-0.18141891,128.47844,-1.69319201205362
GW240512_024139,GW250104_015122,236.9650831734389,-1.4549596,9.405303,-0.5,-42.92045,-0.024674878,111.704094,-1.3529784891538243
GW240512_024139,GW250108_152221,241.52827040604143,-1.4549596,12.556367,-0.5,-77.184685,-0.033862084,125.99889,-1.7344536926653267
GW240512_024139,GW250109_010541,241.93336035807374,-1.4549596,14.719978,-0.5,-106.399475,-0.033197615,127.585464,-2.0597117239748397
GW240512_024139,GW250109_074552,242.21126427634724,-1.4549596,4.5784445,-0.5,-10.825382,-0.07597669,124.31275,-0.9956533849222686
GW240512_024139,GW250114_082203,247.23638977531482,-1.4549596,8.318938,-0.5,-31.725073,-1.8902775,45.113266,-1.2283366302428582
GW240512_024139,GW250116_015318,248.96642627542494,-1.4549596,3.9083934,-0.5,-6.900782,-0.3887769,61.801086,-0.951959499219684
GW240512_024139,GW250118_023225,250.99359718793795,-1.4549596,7.3027964,-0.5,-25.701218,-0.25610211,103.07385,-1.161271035617657
GW240512_024139,GW250118_055802,251.13638108811443,-1.4549596,8.857886,-0.5,-37.67276,-0.12754814,92.89232,-1.2945542203795515
GW240512_024139,GW250118_170523,251.59981562360292,-0.2470929,13.493938,-0.5,-89.56699,-0.1415144,147.44179,-0.22050239592256698
GW240512_024139,GW250119_025138,252.0069401711253,-0.2470929,9.025607,-0.5,-38.79907,-0.19824588,78.53095,0.3447138945236167
GW240512_024139,GW250119_190238,252.68124040479736,-0.2470929,26.559557,-0.5,-349.7249,-0.5503912,136.81183,-3.1169275341518388
GW240513_183302,GW240514_121713,0.7390144144881655,1.1686022,11.296538,-0.5,-61.50952,-0.07430711,81.90842,2.02789244116621
GW240513_183302,GW240515_005301,1.263868344936658,0.7966598,13.482041,-0.5,-89.358765,-0.22257328,143.83493,1.2091908941447407
GW240513_183302,GW240519_012815,5.288346102778559,0.790937,3.2796032,-0.5,-5.022782,-0.3129458,62.768444,2.140305401471381
GW240513_183302,GW240520_213616,7.127246280842357,0.5732528,7.6230745,-0.5,-26.87358,-0.19400346,58.524296,1.5993409924132302
GW240513_183302,GW240525_031210,11.360506413076763,0.669271,6.375188,-0.5,-19.126879,-0.4607715,80.18897,1.8168964699049257
GW240513_183302,GW240526_093944,12.62965031289944,0.5157103,13.847649,-0.5,-94.276985,-0.4026236,142.10306,0.7702245996318674
GW240513_183302,GW240527_183429,14.000997351286587,0.035988156,2.6900132,0.1,-2.864782,-0.38332668,42.18998,1.131907371939846
GW240513_183302,GW240527_230910,14.191753218256764,0.035988156,16.877478,-0.5,-139.3013,-0.27475893,80.931915,-0.3870860113946212
GW240513_183302,GW240530_012417,16.285591353909286,0.52348214,9.63928,-0.5,-44.92674,-0.30994213,102.47036,1.3302857231665437
GW240513_183302,GW240531_040326,17.396107239999154,0.52348214,7.488791,-0.5,-26.611902,-0.50381345,83.77629,1.5341909230406008
GW240513_183302,GW240531_075248,17.555388536905802,0.52348214,8.473498,-0.5,-34.834614,-0.4489311,113.69211,1.442644725257576
GW240513_183302,GW240601_061200,18.485387236097896,0.09474692,14.242886,-0.5,-99.38661,-0.37353593,117.20309,0.13765259587358447
GW240513_183302,GW240601_231004,19.19237434749802,0.09474692,11.07433,-0.5,-59.571632,-0.33202168,105.587166,0.580926078706013
GW240513_183302,GW240612_081540,29.571270666828863,0.2735977,7.3133197,-0.5,-26.086039,-0.538572,120.402855,1.19831821469702
GW240513_183302,GW240615_113620,32.71062303601592,0.2735977,11.395441,-0.5,-61.617023,-0.57737404,49.749233,0.8027398772895358
GW240513_183302,GW240615_160735,32.898986877683136,0.2735977,16.466612,-0.5,-133.89925,-0.31778798,162.86374,-0.002002282164731861
GW240513_183302,GW240618_071627,35.53014205887638,0.104784556,3.3648946,-0.5,-5.4008136,-0.5955137,67.522644,1.1977548062638328
GW240513_183302,GW240621_195059,39.054126691876185,0.104784556,4.6776023,-0.5,-7.7531104,-0.6299849,21.728798,1.1715658989770215
GW240513_183302,GW240621_200935,39.06704451040261,0.104784556,6.928184,-0.5,-21.962572,-0.30372468,57.18194,1.013367209872204
GW240513_183302,GW240621_214041,39.130310448639925,0.104784556,7.14914,-0.5,-25.001835,-0.60203093,123.921425,0.979530081004361
GW240513_183302,GW240622_004008,39.254924924713045,0.104784556,8.301556,-0.5,-32.042767,-0.12763982,56.721687,0.9011410336457385
GW240513_183302,GW240627_131622,44.78008473250601,0.09330103,2.0124512,0.5,-0.22851115,-0.38681746,18.735264,1.2396355800726737
GW240513_183302,GW240629_145256,46.84715221198345,-0.20667636,6.1131945,-0.5,-16.111862,-0.13938908,38.58573,0.6525694367615259
GW240513_183302,GW240630_101703,47.655561216175556,-0.20667636,7.069517,-0.5,-23.294155,-0.34594217,69.24427,0.5726065674801991
GW240513_183302,GW240703_191355,51.028384244243306,-0.20667636,2.162618,0.1,-2.7724392,-0.3557544,61.41158,0.8010816935170468
GW240513_183302,GW240705_053215,52.45778987363257,-0.20667636,9.792732,-0.5,-46.048946,-0.03618783,86.57394,0.31926986641878174
GW240513_183302,GW240716_034900,63.38608360419395,-0.39246207,1.9886338,0.5,-2.2048507,-0.117377594,50.932205,0.5533312070560773
GW240513_183302,GW240824_205609,103.09937971526274,-0.8908795,14.5851555,-0.5,-104.35049,-0.5203152,121.856346,-1.2654967698569575
GW240513_183302,GW240825_055146,103.47134348957903,-0.8908795,9.584227,-0.5,-43.988903,-0.34431785,83.05529,-0.5934710714757652
GW240513_183302,GW240830_211120,109.10992462750939,-0.8908795,13.382715,-0.5,-87.54329,-0.2685861,112.23913,-1.0783766184098729
GW240513_183302,GW240902_143306,111.83337846089844,-0.8908795,1.3442221,0.5,0.87509125,-0.30869758,12.626843,-0.0939852189032867
GW240513_183302,GW240907_153833,116.8788295859871,-1.2459191,8.700612,-0.5,-36.96134,-0.4037485,127.5093,-1.000762207939487
GW240513_183302,GW240908_082628,117.57876759619073,-1.2459191,14.510074,-0.5,-103.23298,-0.26589784,119.70825,-1.738586505708568
GW240513_183302,GW240908_125134,117.76286339823571,-1.2459191,10.68205,-0.5,-56.024315,-0.54221416,145.97925,-1.212996661896978
GW240513_183302,GW240910_103535,119.66843302188096,-1.2459191,24.042202,-0.5,-286.63428,-0.20838295,167.23087,-3.78045449771856
GW240513_183302,GW240915_001357,124.23674578773203,-1.2459191,10.265533,-0.5,-50.79091,-0.03349784,90.762215,-1.1547314019274817
GW240513_183302,GW240915_105151,124.67972423701099,-1.2459191,2.8248222,0.1,-3.937611,-0.049258437,62.90554,-0.6330979692010068
GW240513_183302,GW240916_184352,126.00751653409667,-1.2459191,11.800477,-0.5,-67.94843,-0.3902663,116.60926,-1.3457518558840376
GW240513_183302,GW240919_061559,128.48815173354137,-1.2459191,3.3946815,-0.5,-2.5085871,-0.13213111,15.253765,-0.6171881673058685
GW240513_183302,GW240920_073424,129.54261092812928,-1.2459191,5.772904,-0.5,-14.509541,-0.096919686,44.95351,-0.7507987954296156
GW240513_183302,GW240920_124024,129.75511564246207,-1.2459191,5.415491,-0.5,-11.873223,-0.92778057,30.669767,-0.7214477937776773
GW240513_183302,GW240921_201835,131.07329747807097,-1.2459191,4.6608224,-0.5,-10.177129,-0.2436658,75.65841,-0.7025646063341517
GW240513_183302,GW240922_142106,131.82504057074587,-1.2459191,19.119127,-0.5,-180.28857,-0.14361148,126.34342,-2.5964722192530507
GW240513_183302,GW240923_204006,133.08823175495974,-1.2459191,12.949076,-0.5,-82.065475,-0.22548524,121.92566,-1.5029216117117656
GW240513_183302,GW240924_000316,133.22932476649683,-1.2459191,8.469194,-0.5,-34.36942,-0.33457172,91.70886,-0.9719054650262742
GW240513_183302,GW240925_005809,134.26744322412543,-1.2459191,20.360453,-0.5,-204.2432,-0.7507283,102.25623,-2.8631670189653127
GW240513_183302,GW240930_035959,139.39371618425128,-1.0487857,9.821739,-0.5,-45.93277,-0.05361108,71.06752,-0.8310560114672403
GW240513_183302,GW240930_234614,140.21750036109654,-1.0487857,8.524534,-0.5,-34.213108,-0.25077525,67.48263,-0.7005770981718501
GW240513_183302,GW241002_030559,141.35621277712838,-1.0487857,8.024931,-0.5,-31.012432,-0.22984557,101.30936,-0.6649429022471394
GW240513_183302,GW241006_015333,145.30590991661228,-1.0487857,11.719436,-0.5,-66.17727,-0.12927204,76.92849,-1.0564447915741557
GW240513_183302,GW241007_082943,146.58102201619081,-1.0487857,14.937149,-0.5,-109.49866,-0.41909018,121.858536,-1.5387562950288438
GW240513_183302,GW241009_022835,148.3302406877169,-1.0487857,5.943499,-0.5,-16.990774,-0.5431265,97.093925,-0.5088350950462903
GW240513_183302,GW241009_084816,148.59391104042254,-1.0487857,19.162558,-0.5,-181.4747,-0.17631797,151.21274,-2.3400896607604134
GW240513_183302,GW241009_220455,149.14713693784344,-1.0487857,5.856876,-0.5,-15.383893,-0.36967388,55.318203,-0.49094514990113763
GW240513_183302,GW241011_233834,151.21217674663498,-1.0487857,27.822166,-0.5,-384.035,-0.8708876,141.79727,-4.595261254070697
GW240513_183302,GW241101_220523,172.14745580202452,-1.0688436,2.3613381,0.1,-3.0906694,-0.3096996,62.794796,-0.3815106102681094
GW240513_183302,GW241102_124058,172.7555081361008,-1.0688436,13.707857,-0.5,-90.84671,-0.37215102,66.305504,-1.3585279611904184
GW240513_183302,GW241102_144729,172.8433663417261,-1.0688436,12.312181,-0.5,-74.12082,-0.1924047,121.85538,-1.172313021726509
GW240513_183302,GW241109_033317,179.37517493758764,-1.0688436,1.6690569,0.5,-1.6716771,-0.2800429,43.857597,-0.3657124946455033
GW240513_183302,GW241109_115924,179.7266437420994,-1.0688436,4.6630125,-0.5,-11.215381,-0.20200123,126.56035,-0.471965738070135
GW240513_183302,GW241110_124123,180.75579610198736,-1.0688436,20.449724,-0.5,-206.603,-0.3548097,134.41629,-2.6472814129331272
GW240513_183302,GW241111_111552,181.69640840518255,-1.0688436,1.8476546,0.5,0.57113796,-0.07549157,13.520128,-0.3407424843171788
GW240513_183302,GW241113_163507,183.918108965313,-1.0688436,4.701014,-0.5,-11.532605,-0.14515705,136.79536,-0.47549750454770223
GW240513_183302,GW241114_024711,184.34315850972303,-1.0688436,11.621915,-0.5,-65.96447,-0.29898524,121.16933,-1.0815056585247595
GW240513_183302,GW241114_235258,185.22216739344375,-1.2622733,2.2505424,0.1,-2.8661163,-0.15122671,60.78132,-0.643533708033475
GW240513_183302,GW241116_151753,186.86447658972608,-1.2622733,6.4662905,-0.5,-20.349516,-0.47178912,111.8793,-0.8381822431457716
GW240513_183302,GW241124_024914,194.34457710276047,-1.2622733,8.135924,-0.5,-32.457115,-0.53627884,135.07346,-0.9729801948776348
GW240513_183302,GW241125_010116,195.26960528292037,-1.2622733,10.292258,-0.5,-51.945793,-0.36931667,141.30626,-1.189954164480918
GW240513_183302,GW241127_061008,197.48408967850384,-1.2622733,25.903685,-0.5,-332.51617,-0.7237024,133.15727,-4.313638050144645
GW240513_183302,GW241129_021832,199.32326081224062,-1.2622733,17.846684,-0.5,-156.94933,-0.10738042,128.99074,-2.35899360750567
GW240513_183302,GW241130_034908,200.38617734306388,-1.2622733,8.493299,-0.5,-33.85451,-0.07871409,64.18646,-0.9885378728575882
GW240513_183302,GW241130_110422,200.68841699264942,-1.2622733,14.90411,-0.5,-109.443245,-0.3416777,151.32439,-1.8300925242514494
GW240513_183302,GW241201_055758,201.47564516366907,-1.2622733,8.83795,-0.5,-38.336594,-0.5062109,141.07635,-1.0384383948076488
GW240513_183302,GW241210_060606,210.48129586710422,-1.2622733,4.4695272,-0.5,-8.330553,-0.15353896,44.597553,-0.7043711100793427
GW240513_183302,GW241210_120900,210.73330735110022,-1.2622733,5.54717,-0.5,-14.649083,-0.5373316,87.73697,-0.7747174186187469
GW240513_183302,GW241225_042553,225.41169398940548,-1.4549596,0.7867021,1.0,0.29633647,-0.12946428,13.283059,-0.871831571106566
GW240513_183302,GW241225_082815,225.58000904924063,-1.4549596,11.108298,-0.5,-60.022316,-0.1913218,109.89967,-1.5433793014272363
GW240513_183302,GW241229_155844,229.8928456371029,-1.4549596,6.742081,-0.5,-22.398046,-0.6003909,130.68176,-1.1244957264260822
GW240513_183302,GW241230_084504,230.5916858818603,-1.4549596,1.8909584,0.5,-2.2376878,-0.26656184,54.1244,-0.900043711081161
GW240513_183302,GW241230_233618,231.21059238032888,-1.4549596,2.715324,0.1,-2.1773286,-0.32743862,29.183926,-0.8993717114807793
GW240513_183302,GW241231_054133,231.46424474383394,-1.4549596,5.5815597,-0.5,-12.665373,-0.17420429,29.754822,-1.0161386158031283
GW240513_183302,GW250101_011205,232.27710830462476,-1.4549596,1.1621485,1.0,0.95151037,-0.40487167,11.777093,-0.8645373009908344
GW240513_183302,GW250104_015122,235.30439175009175,-1.4549596,0.9283459,1.0,0.93160665,-0.24812765,10.736806,-0.8647588957556673
GW240513_183302,GW250108_152221,239.86757898269428,-1.4549596,11.662299,-0.5,-66.28291,-0.25731486,112.7084,-1.6130806241317206
GW240513_183302,GW250109_010541,240.2726689347266,-1.4549596,1.9809673,0.5,0.079447426,-0.19025517,16.315117,-0.8742462693921413
GW240513_183302,GW250109_074552,240.55057285300006,-1.4549596,4.217667,-0.5,-9.228719,-0.29942948,113.94902,-0.9778771964767938
GW240513_183302,GW250114_082203,245.57569835196767,-1.4549596,15.311838,-0.5,-114.063805,-1.6668247,72.00387,-2.145041267828277
GW240513_183302,GW250116_015318,247.3057348520778,-1.4549596,9.028085,-0.5,-39.986557,-0.61222965,140.65773,-1.320314496159363
GW240513_183302,GW250118_023225,249.3329057645908,-1.4549596,1.211691,0.5,0.26740888,-0.4795549,16.786114,-0.8721536316896397
GW240513_183302,GW250118_055802,249.4756896647673,-1.4549596,4.526323,-0.5,-8.616852,-0.35100093,45.866047,-0.971065077082577
GW240513_183302,GW250118_170523,249.93912420025578,-1.4549596,5.849414,-0.5,-15.568582,-0.08193837,61.930298,-1.048461009553728
GW240513_183302,GW250119_025138,250.34624874777816,-1.4549596,17.810135,-0.5,-156.5674,-0.025206901,147.309,-2.618247988278691
GW240513_183302,GW250119_190238,251.02054898145022,-1.4549596,11.370212,-0.5,-61.33923,-0.3269384,49.872555,-1.5580409410089056
GW240514_121713,GW240515_005301,0.5248539304484924,3.2423458,9.670422,-0.5,-45.36339,-0.2968804,110.03412,5.04358277730736
GW240514_121713,GW240519_012815,4.549331688290393,0.9949764,6.121991,-0.5,-18.426105,-0.38725293,119.64562,2.270114024083064
GW240514_121713,GW240520_213616,6.388231866354192,0.5732528,14.682923,-0.5,-105.847534,-0.26831055,126.80897,0.7200975593711874
GW240514_121713,GW240525_031210,10.621491998588597,0.669271,1.4054195,0.5,0.11271204,-0.5350786,18.531412,2.0310972684122843
GW240514_121713,GW240526_093944,11.890635898411274,0.5157103,6.5443406,-0.5,-19.95104,-0.4769307,71.9744,1.5977202013015839
GW240514_121713,GW240527_183429,13.261982936798422,0.5157103,6.7235713,-0.5,-21.911577,-0.45763376,108.754555,1.5758928876922673
GW240514_121713,GW240527_230910,13.4527388037686,0.5157103,1.5051384,0.5,1.4714829,-0.34906602,9.356502,1.8362243158405465
GW240514_121713,GW240530_012417,15.54657693942112,0.035988156,8.9828,-0.5,-38.943916,-0.3842492,101.88897,0.7302263045292599
GW240514_121713,GW240531_040326,16.657092825510986,0.52348214,11.928668,-0.5,-69.8353,-0.5781205,141.54222,1.05297041789828
GW240514_121713,GW240531_075248,16.816374122417635,0.52348214,10.257943,-0.5,-51.63058,-0.5232382,143.49197,1.2556496063749312
GW240514_121713,GW240601_061200,17.746372821609732,0.52348214,17.50723,-0.5,-151.41618,-0.44784304,159.84718,0.14470312131086716
GW240514_121713,GW240601_231004,18.453359933009853,0.52348214,8.296853,-0.5,-32.828957,-0.4063288,85.64413,1.464974377580273
GW240514_121713,GW240612_081540,28.832256252340695,0.5727229,2.402631,0.1,-2.2861624,-0.6128791,40.68156,1.8723563060160926
GW240514_121713,GW240615_113620,31.97160862152775,0.2735977,18.506147,-0.5,-168.52716,-0.50306696,109.02652,-0.38752643423717936
GW240514_121713,GW240615_160735,32.15997246319497,0.2735977,9.504231,-0.5,-43.638184,-0.3920951,101.241974,1.0029043143376535
GW240514_121713,GW240618_071627,34.79112764438821,0.104784556,2.1412928,0.5,-2.0702493,-0.66982085,43.79585,1.2348350920283377
GW240514_121713,GW240621_195059,38.31511227738802,0.104784556,15.811613,-0.5,-122.36203,-0.55567783,96.473434,-0.10441353223017136
GW240514_121713,GW240621_200935,38.32803009591445,0.104784556,9.706083,-0.5,-45.273518,-0.3780318,88.83555,0.7538386575366448
GW240514_121713,GW240621_214041,38.39129603415176,0.104784556,4.2374887,-0.5,-8.475661,-0.6763381,75.34009,1.1635214985072992
GW240514_121713,GW240622_004008,38.51591051022488,0.104784556,16.536745,-0.5,-134.60591,-0.20194691,130.56068,-0.24072875667972815
GW240514_121713,GW240627_131622,44.041070318017844,0.09330103,9.111619,-0.5,-39.880314,-0.46112454,92.16653,0.7981787995114749
GW240514_121713,GW240629_145256,46.10813779749528,0.09330103,10.036411,-0.5,-48.12237,-0.21369618,74.76186,0.7064172135998645
GW240514_121713,GW240630_101703,46.91654680168739,-0.20667636,13.916937,-0.5,-95.29679,-0.42024925,147.01068,-0.22902285871560585
GW240514_121713,GW240703_191355,50.28936982975514,-0.20667636,4.9874353,-0.5,-12.890456,-0.43006152,142.99516,0.6884344269163
GW240514_121713,GW240705_053215,51.7187754591444,-0.20667636,14.647364,-0.5,-105.555275,-0.110494934,141.86447,-0.343233990608002
GW240514_121713,GW240716_034900,62.64706918970578,-0.24045733,1.2455364,0.5,-1.0267751,-0.1916847,32.27852,0.7743198936377682
GW240514_121713,GW240824_205609,102.36036530077457,-0.8908795,5.6118784,-0.5,-13.935964,-0.5946223,51.876274,-0.25888164625650717
GW240514_121713,GW240825_055146,102.73232907509086,-0.8908795,17.275848,-0.5,-147.47696,-0.41862497,164.57037,-1.7456382108413293
GW240514_121713,GW240830_211120,108.37091021302122,-0.8908795,16.989595,-0.5,-142.5188,-0.34289318,157.54439,-1.6904373529284165
GW240514_121713,GW240902_143306,111.09436404641028,-0.8908795,8.916828,-0.5,-38.139618,-0.3830047,90.88391,-0.5283490239735842
GW240514_121713,GW240907_153833,116.13981517149894,-0.8908795,5.547888,-0.5,-14.570873,-0.47805563,84.215385,-0.2659503075004175
GW240514_121713,GW240908_082628,116.83975318170256,-1.2459191,4.397234,-0.5,-7.8366323,-0.34020495,40.23203,-0.6765070756129055
GW240514_121713,GW240908_125134,117.02384898374754,-1.2459191,8.703925,-0.5,-36.930843,-0.61652124,123.82968,-1.0004226578876203
GW240514_121713,GW240910_103535,118.92941860739279,-1.2459191,13.7865095,-0.5,-92.93471,-0.13407585,110.31863,-1.62393240858278
GW240514_121713,GW240915_001357,123.49773137324387,-1.2459191,2.8346996,0.1,-2.3005626,-0.040809266,27.45711,-0.6148721609569429
GW240514_121713,GW240915_105151,123.94070982252282,-1.2459191,3.887401,-0.5,-7.5348134,-0.12356554,87.92322,-0.6731468254435887
GW240514_121713,GW240916_184352,125.2685021196085,-1.2459191,12.145735,-0.5,-72.23087,-0.4645734,129.28082,-1.3934296946615603
GW240514_121713,GW240919_061559,127.74913731905322,-1.2459191,14.5398855,-0.5,-103.02461,-0.057824004,87.04484,-1.7362666929589672
GW240514_121713,GW240920_073424,128.8035965136411,-1.2459191,13.32047,-0.5,-86.79337,-0.17122678,116.34336,-1.5555588773506608
GW240514_121713,GW240920_124024,129.0161012279739,-1.2459191,11.945444,-0.5,-68.95364,-0.8534735,82.520615,-1.356943204747999
GW240514_121713,GW240921_201835,130.3342830635828,-1.2459191,4.014339,-0.5,-7.430645,-0.3179729,67.07119,-0.6719870836412025
GW240514_121713,GW240922_142106,131.0860261562577,-1.2459191,12.048837,-0.5,-70.41156,-0.21791857,92.79743,-1.373174674044133
GW240514_121713,GW240923_204006,132.34921734047157,-1.2459191,15.258891,-0.5,-114.80563,-0.29979235,155.8393,-1.8674287410366308
GW240514_121713,GW240924_000316,132.49031035200866,-1.2459191,1.8089597,0.5,-0.2672302,-0.40887883,20.854538,-0.5922343912498799
GW240514_121713,GW240925_005809,133.52842880963726,-1.2459191,19.766708,-0.5,-192.81325,-0.6764212,126.37131,-2.735913597576003
GW240514_121713,GW240930_035959,138.6547017697631,-1.0487857,14.8481,-0.5,-108.19404,-0.020696022,122.444756,-1.5242315372254318
GW240514_121713,GW240930_234614,139.47848594660837,-1.0487857,5.3971386,-0.5,-12.66673,-0.32508233,47.76278,-0.46069406455480005
GW240514_121713,GW241002_030559,140.6171983626402,-1.0487857,1.8786486,0.5,-0.6709976,-0.30415267,24.853777,-0.32714156500036046
GW240514_121713,GW241006_015333,144.5668955021241,-1.0487857,19.902866,-0.5,-195.87654,-0.054964934,152.53598,-2.5004301642769793
GW240514_121713,GW241007_082943,145.84200760170265,-1.0487857,6.304427,-0.5,-18.023518,-0.49339727,57.15967,-0.5203329733035411
GW240514_121713,GW241009_022835,147.59122627322873,-1.0487857,4.062617,-0.5,-7.6375957,-0.6174336,68.28566,-0.40470303077619
GW240514_121713,GW241009_084816,147.85489662593437,-1.0487857,7.9314256,-0.5,-29.550827,-0.25062507,70.011375,-0.6486703641704982
GW240514_121713,GW241009_220455,148.40812252335527,-1.0487857,12.623177,-0.5,-78.066315,-0.44398096,129.26085,-1.1888095136191437
GW240514_121713,GW241011_233834,150.4731623321468,-1.0487857,19.586147,-0.5,-189.27867,-0.7965805,126.36277,-2.4269738724310645
GW240514_121713,GW241101_220523,171.40844138753636,-1.0688436,1.4648312,0.5,-1.3974631,-0.3840067,39.382725,-0.3626595781507901
GW240514_121713,GW241102_124058,172.01649372161262,-1.0688436,18.3479,-0.5,-165.72888,-0.29784393,114.64979,-2.1922162210699847
GW240514_121713,GW241102_144729,172.10435192723793,-1.0688436,4.413781,-0.5,-8.214858,-0.2667118,47.043976,-0.4385599163382184
GW240514_121713,GW241109_033317,178.63616052309948,-1.0688436,3.3443708,-0.5,-5.893621,-0.35435,88.86987,-0.4127168075462231
GW240514_121713,GW241109_115924,178.98762932761124,-1.0688436,1.7660847,0.5,-1.9240867,-0.27630833,48.440342,-0.36852265488460023
GW240514_121713,GW241110_124123,180.0167816874992,-1.0688436,10.803794,-0.5,-56.177456,-0.42911682,82.88225,-0.9725435584723073
GW240514_121713,GW241111_111552,180.95739399069438,-1.0688436,11.338262,-0.5,-62.256428,-0.00118447,94.31491,-1.0402227852331425
GW240514_121713,GW241113_163507,183.17909455082483,-1.0688436,4.798725,-0.5,-12.015032,-0.21946417,140.92307,-0.4808685217080305
GW240514_121713,GW241114_024711,183.60414409523486,-1.0688436,10.239893,-0.5,-50.99222,-0.37329233,114.18691,-0.9148146134565285
GW240514_121713,GW241114_235258,184.4831529789556,-1.0688436,1.573729,0.5,-1.5931847,-0.22553383,42.955856,-0.36483861247207006
GW240514_121713,GW241116_151753,186.1254621752379,-1.2622733,3.0382142,-0.5,-4.1093864,-0.5460962,53.923428,-0.6573754505023337
GW240514_121713,GW241124_024914,193.6055626882723,-1.2622733,5.4199977,-0.5,-14.10389,-0.6105859,92.50248,-0.7686476057528651
GW240514_121713,GW241125_010116,194.5305908684322,-1.2622733,4.823576,-0.5,-10.693693,-0.44362378,68.91883,-0.7306807391951011
GW240514_121713,GW241127_061008,196.7450752640157,-1.2622733,8.813259,-0.5,-36.317604,-0.6493953,57.166233,-1.01596030878498
GW240514_121713,GW241129_021832,198.58424639775245,-1.2622733,6.0980864,-0.5,-16.55262,-0.033073317,50.244907,-0.7959101303815963
GW240514_121713,GW241130_034908,199.6471629285757,-1.2622733,17.125751,-0.5,-144.6743,-0.1530212,146.08339,-2.222331655523475
GW240514_121713,GW241130_110422,199.94940257816128,-1.2622733,6.8741813,-0.5,-22.145512,-0.41598478,74.905304,-0.858177664051875
GW240514_121713,GW241201_055758,200.7366307491809,-1.2622733,3.614827,-0.5,-5.8750052,-0.580518,59.447388,-0.6770326750973964
GW240514_121713,GW241210_060606,209.74228145261606,-1.2622733,11.432554,-0.5,-63.839848,-0.22784606,122.713425,-1.3223746500303588
GW240514_121713,GW241210_120900,209.99429293661206,-1.2622733,3.6291344,-0.5,-5.909518,-0.6116387,59.16839,-0.6774169145228811
GW240514_121713,GW241225_042553,224.6726795749173,-1.4549596,5.3368936,-0.5,-13.688868,-0.055157173,92.550804,-1.027533524817008
GW240514_121713,GW241225_082815,224.84099463475246,-1.4549596,8.379786,-0.5,-33.583893,-0.117014706,89.28685,-1.2490314945265966
GW240514_121713,GW241229_155844,229.15383122261477,-1.4549596,7.3944345,-0.5,-27.049854,-0.674698,146.28079,-1.176285858217628
GW240514_121713,GW241230_084504,229.85267146737212,-1.4549596,3.4177964,-0.5,-6.309413,-0.34086895,98.75655,-0.9453755886759925
GW240514_121713,GW241230_233618,230.4715779658407,-1.4549596,6.5230346,-0.5,-19.892872,-0.40174574,74.70663,-1.0966047793795952
GW240514_121713,GW241231_054133,230.72523032934578,-1.4549596,16.803753,-0.5,-138.7102,-0.09989718,111.54884,-2.4194378866407016
GW240514_121713,GW250101_011205,231.5380938901366,-1.4549596,6.654975,-0.5,-20.65937,-0.4791788,72.39702,-1.1051384642541062
GW240514_121713,GW250104_015122,234.56537733560359,-1.4549596,7.553364,-0.5,-27.27477,-0.32243475,92.32735,-1.1787899283656058
GW240514_121713,GW250108_152221,239.12856456820612,-1.4549596,3.8630898,-0.5,-5.8949447,-0.33162197,40.340755,-0.9407611746088782
GW240514_121713,GW250109_010541,239.53365452023843,-1.4549596,9.135237,-0.5,-39.892296,-0.26456228,83.46595,-1.3192650550359577
GW240514_121713,GW250109_074552,239.81155843851192,-1.4549596,2.8103807,0.1,-4.3046937,-0.37373656,76.73786,-0.9230563787384114
GW240514_121713,GW250114_082203,244.8366839374795,-1.4549596,20.051619,-0.5,-198.40642,-1.5925176,123.21916,-3.084055787811546
GW240514_121713,GW250116_015318,246.56672043758962,-1.4549596,4.6620955,-0.5,-10.1634445,-0.6865368,74.94031,-0.9882838109822998
GW240514_121713,GW250118_023225,248.59389135010264,-1.4549596,6.8223014,-0.5,-22.348778,-0.553862,98.29021,-1.1239472012609937
GW240514_121713,GW250118_055802,248.73667525027912,-1.4549596,6.196758,-0.5,-17.714806,-0.42530802,67.40811,-1.0723556393590665
GW240514_121713,GW250118_170523,249.2001097857676,-1.4549596,7.2535925,-0.5,-24.898745,-0.15624547,81.98247,-1.1523368345750251
GW240514_121713,GW250119_025138,249.60723433329,-1.4549596,7.336278,-0.5,-25.083435,-0.09951401,67.2619,-1.1543930554050623
GW240514_121713,GW250119_190238,250.28153456696205,-1.4549596,15.445552,-0.5,-116.5761,-0.25263128,91.23068,-2.1730115281608002
GW240515_005301,GW240519_012815,4.0244777578419,0.9949764,3.909111,-0.5,-7.4760137,-0.09037253,82.29562,2.3920250586033163
GW240515_005301,GW240520_213616,5.8633779359056994,0.49711657,10.55166,-0.5,-54.32163,-0.028569829,122.97789,1.1896332546141233
GW240515_005301,GW240525_031210,10.096638068140106,0.669271,6.553745,-0.5,-20.677256,-0.2381982,100.49017,1.7996356054671854
GW240515_005301,GW240526_093944,11.365781967962782,0.669271,5.3833632,-0.5,-13.436836,-0.18005033,72.66572,1.8802456159511785
GW240515_005301,GW240527_183429,12.73712900634993,0.5157103,5.711569,-0.5,-15.829716,-0.16075338,102.6305,1.6436042857056716
GW240515_005301,GW240527_230910,12.927884873320107,0.5157103,10.541669,-0.5,-53.90888,-0.052185643,105.358444,1.2196562335550536
GW240515_005301,GW240530_012417,15.021723008972627,0.035988156,3.0880125,-0.5,-3.7558446,-0.08736883,42.55439,1.1219868751473536
GW240515_005301,GW240531_040326,16.132238895062496,0.52348214,7.212266,-0.5,-25.058287,-0.28124017,102.51609,1.5514878447633986
GW240515_005301,GW240531_075248,16.29152019196914,0.52348214,2.414169,0.1,-2.204298,-0.2263578,38.69612,1.805928943516966
GW240515_005301,GW240601_061200,17.22151889116124,0.52348214,4.2364197,-0.5,-7.6890855,-0.15096265,50.94452,1.744864970381533
GW240515_005301,GW240601_231004,17.928506002561363,0.52348214,3.4584522,-0.5,-4.8446417,-0.1094484,44.79996,1.7765331144629333
GW240515_005301,GW240612_081540,28.307402321892205,0.5727229,3.8056633,-0.5,-6.8349953,-0.31599873,70.9878,1.8217126281316887
GW240515_005301,GW240615_113620,31.44675469107926,0.2735977,9.648424,-0.5,-44.851337,-0.7999473,94.51243,0.9893978669274379
GW240515_005301,GW240615_160735,31.63511853274648,0.2735977,3.8595603,-0.5,-6.3526983,-0.095214695,51.016006,1.4180160913408355
GW240515_005301,GW240618_071627,34.26627371393972,0.104784556,6.568626,-0.5,-21.48774,-0.37294045,143.84709,1.018653679281969
GW240515_005301,GW240621_195059,37.79025834693953,0.104784556,12.382663,-0.5,-74.99638,-0.8525582,122.87799,0.4229240493843474
GW240515_005301,GW240621_200935,37.803176165465956,0.104784556,12.589591,-0.5,-77.96716,-0.0811514,151.60695,0.38984936858481406
GW240515_005301,GW240621_214041,37.866442103703264,0.104784556,1.9693794,0.5,-1.6138346,-0.37945765,38.25638,1.2399165095188822
GW240515_005301,GW240622_004008,37.991056579776384,0.104784556,10.732564,-0.5,-56.152275,-0.09493347,119.310295,0.632721812325479
GW240515_005301,GW240627_131622,43.51621638756935,0.09330103,9.7958145,-0.5,-46.817627,-0.16424416,125.281166,0.7209433729231906
GW240515_005301,GW240629_145256,45.58328386704679,0.09330103,10.162194,-0.5,-50.13642,-0.0831842,109.79627,0.683994126616241
GW240515_005301,GW240630_101703,46.391692871238895,0.09330103,6.5675974,-0.5,-20.460413,-0.12336888,86.341415,1.014387050833316
GW240515_005301,GW240703_191355,49.764515899306645,-0.20667636,3.3028262,-0.5,-5.979393,-0.13318112,98.15993,0.7653776047498118
GW240515_005301,GW240705_053215,51.19392152869591,-0.20667636,5.031441,-0.5,-11.442882,-0.18638545,62.65139,0.7045507592279925
GW240515_005301,GW240716_034900,62.12221525925729,-0.24045733,5.1501327,-0.5,-13.6003,-0.10519569,139.42047,0.6343346379932295
GW240515_005301,GW240824_205609,101.83551137032609,-0.8908795,4.805898,-0.5,-10.278128,-0.29774192,58.208534,-0.21815773520630716
GW240515_005301,GW240825_055146,102.20747514464237,-0.8908795,6.533812,-0.5,-20.110598,-0.12174457,80.552025,-0.3276259113585772
GW240515_005301,GW240830_211120,107.84605628257272,-0.8908795,3.9798608,-0.5,-6.653097,-0.046012808,48.29174,-0.17779905812215346
GW240515_005301,GW240902_143306,110.56951011596179,-0.8908795,11.418994,-0.5,-64.04487,-0.08612429,146.738,-0.816760841924969
GW240515_005301,GW240907_153833,115.61496124105045,-0.8908795,1.754348,0.5,-0.9559153,-0.18117523,29.961374,-0.11437042691786725
GW240515_005301,GW240908_082628,116.31489925125406,-0.8908795,5.914405,-0.5,-16.207956,-0.043324564,71.20846,-0.28417650063157907
GW240515_005301,GW240908_125134,116.49899505329904,-0.8908795,1.0457726,1.0,0.13713296,-0.31964087,16.980536,-0.10220115542331326
GW240515_005301,GW240910_103535,118.4045646769443,-1.2459191,3.271826,-0.5,-3.9243736,-0.43095624,36.620644,-0.6329505919497581
GW240515_005301,GW240915_001357,122.97287744279537,-1.2459191,9.300883,-0.5,-42.03849,-0.25607112,115.8198,-1.0572877994631347
GW240515_005301,GW240915_105151,123.41585589207433,-1.2459191,3.46791,-0.5,-6.105154,-0.17331484,82.998085,-0.6572299495890364
GW240515_005301,GW240916_184352,124.74364818916001,-1.2459191,6.27566,-0.5,-18.595554,-0.16769302,82.910904,-0.7962897534978556
GW240515_005301,GW240919_061559,127.22428338860472,-1.2459191,13.052764,-0.5,-83.50434,-0.35470438,128.61172,-1.5189409843275967
GW240515_005301,GW240920_073424,128.2787425831926,-1.2459191,8.672252,-0.5,-36.269257,-0.1256536,101.70303,-0.9930569912152902
GW240515_005301,GW240920_124024,128.4912472975254,-1.2459191,15.97482,-0.5,-126.029915,-1.1503538,166.75784,-1.9923924186490378
GW240515_005301,GW240921_201835,129.8094291331343,-1.2459191,7.614767,-0.5,-28.563885,-0.021092514,140.492,-0.9072705093996227
GW240515_005301,GW240922_142106,130.5611722258092,-1.2459191,2.2651796,0.1,-1.0991195,-0.07896181,24.872,-0.6014960933874294
GW240515_005301,GW240923_204006,131.82436341002307,-1.2459191,4.1932364,-0.5,-7.6423244,-0.002911954,53.95311,-0.6743437818467191
GW240515_005301,GW240924_000316,131.96545642156016,-1.2459191,6.5550895,-0.5,-20.494663,-0.11199845,91.33757,-0.8174331678594912
GW240515_005301,GW240925_005809,133.0035748791888,-1.2459191,4.230437,-0.5,-7.315854,-0.9733016,42.75012,-0.6707090779785061
GW240515_005301,GW240930_035959,138.12984783931464,-1.0487857,6.505534,-0.5,-19.764166,-0.27618435,73.96048,-0.5397121926208348
GW240515_005301,GW240930_234614,138.95363201615987,-1.0487857,12.307837,-0.5,-74.42136,-0.028201954,145.40057,-1.14822897168559
GW240515_005301,GW241002_030559,140.0923444321917,-1.0487857,5.544532,-0.5,-14.577311,-0.0072722826,85.22518,-0.481965197727377
GW240515_005301,GW241006_015333,144.04204157167564,-1.0487857,7.204767,-0.5,-24.48311,-0.35184532,78.91883,-0.5922497804646416
GW240515_005301,GW241007_082943,145.31715367125418,-1.0487857,7.6648183,-0.5,-28.082127,-0.19651689,91.80179,-0.6323188313350737
GW240515_005301,GW241009_022835,147.06637234278023,-1.0487857,6.4220724,-0.5,-20.202887,-0.32055324,119.07101,-0.5445966169316635
GW240515_005301,GW241009_084816,147.33004269548587,-1.0487857,4.849179,-0.5,-10.434341,-0.0462553,57.20463,-0.43584013683869993
GW240515_005301,GW241009_220455,147.88326859290677,-1.0487857,7.3271184,-0.5,-25.697363,-0.14710058,94.43261,-0.6057684593213785
GW240515_005301,GW241011_233834,149.9483084016983,-1.0487857,1.7215296,0.5,0.14327961,-1.0934609,17.460579,-0.31807594425826446
GW240515_005301,GW241101_220523,170.88358745708786,-1.0688436,5.1857924,-0.5,-13.852152,-0.08712632,145.20927,-0.5013217936878234
GW240515_005301,GW241102_124058,171.49163979116415,-1.0688436,7.775795,-0.5,-28.581003,-0.5947243,77.87138,-0.6653030212376869
GW240515_005301,GW241102_144729,171.57949799678943,-1.0688436,4.774924,-0.5,-10.30529,-0.030168576,63.138927,-0.4618333967647485
GW240515_005301,GW241109_033317,178.11130659265098,-1.0688436,3.6433525,-0.5,-7.0214,-0.057469603,100.92606,-0.42527274839786444
GW240515_005301,GW241109_115924,178.46277539716274,-1.0688436,2.2052276,0.1,-2.874341,-0.020572053,62.89913,-0.37910215403834846
GW240515_005301,GW241110_124123,179.49192775705072,-1.0688436,7.4519043,-0.5,-26.295183,-0.13223642,81.66535,-0.6398542226411637
GW240515_005301,GW241111_111552,180.43254006024588,-1.0688436,11.66294,-0.5,-66.62443,-0.29806486,133.20288,-1.08885319037881
GW240515_005301,GW241113_163507,182.65424062037633,-1.0688436,1.2546911,0.5,-1.3568853,-0.077416226,38.13216,-0.36220781227483273
GW240515_005301,GW241114_024711,183.07929016478636,-1.0688436,1.6638432,0.5,-0.34917778,-0.07641195,22.667084,-0.35098866726284406
GW240515_005301,GW241114_235258,183.95829904850712,-1.0688436,5.2301354,-0.5,-14.111032,-0.071346566,148.51146,-0.5042039875380252
GW240515_005301,GW241116_151753,185.6006082447894,-1.2622733,3.0527844,-0.5,-4.331428,-0.24921583,59.215504,-0.6598475139701566
GW240515_005301,GW241124_024914,193.08070875782383,-1.2622733,4.2525015,-0.5,-8.648429,-0.31370556,79.84346,-0.7079101283607069
GW240515_005301,GW241125_010116,194.00573693798373,-1.2622733,4.4554987,-0.5,-9.248362,-0.14674339,72.58371,-0.7145893794200562
GW240515_005301,GW241127_061008,196.2202213335672,-1.2622733,7.61562,-0.5,-27.378084,-0.94627565,77.40988,-0.9164336442607293
GW240515_005301,GW241129_021832,198.05939246730395,-1.2622733,6.898011,-0.5,-22.39356,-0.3299537,78.38729,-0.8609392741016062
GW240515_005301,GW241130_034908,199.12230899812724,-1.2622733,8.525508,-0.5,-34.98147,-0.1438592,98.692795,-1.0010846613594888
GW240515_005301,GW241130_110422,199.42454864771278,-1.2622733,2.9411778,0.1,-3.259546,-0.1191044,39.45812,-0.6479138930849793
GW240515_005301,GW241201_055758,200.21177681873243,-1.2622733,3.4935198,-0.5,-5.6479897,-0.28363764,63.62605,-0.6745052356666119
GW240515_005301,GW241210_060606,209.21742752216755,-1.2622733,7.987118,-0.5,-30.811531,-0.06903432,106.09893,-0.9546593566819849
GW240515_005301,GW241210_120900,209.46943900616355,-1.2622733,3.9594498,-0.5,-7.370181,-0.31475833,71.60559,-0.6936789677441058
GW240515_005301,GW241225_042553,224.1478256444688,-1.4549596,7.617955,-0.5,-28.649635,-0.35203755,144.93764,-1.194096755516122
GW240515_005301,GW241225_082815,224.316140704304,-1.4549596,2.9980772,0.1,-3.3991606,-0.4138951,39.635426,-0.9129747761700592
GW240515_005301,GW241229_155844,228.62897729216627,-1.4549596,1.869421,0.5,-1.6037898,-0.37781763,39.770615,-0.8929863124300436
GW240515_005301,GW241230_084504,229.32781753692362,-1.4549596,4.911501,-0.5,-12.600959,-0.04398856,147.03001,-1.0154214729277928
GW240515_005301,GW241230_233618,229.9467240353922,-1.4549596,8.577575,-0.5,-35.788456,-0.10486534,118.98167,-1.2735756332538501
GW240515_005301,GW241231_054133,230.20037639889728,-1.4549596,12.109815,-0.5,-71.722176,-0.39677757,124.27388,-1.6736377513931406
GW240515_005301,GW250101_011205,231.0132399596881,-1.4549596,10.436727,-0.5,-53.394733,-0.1822984,139.86415,-1.469592208411342
GW240515_005301,GW250104_015122,234.04052340515508,-1.4549596,9.412843,-0.5,-43.392456,-0.025554372,136.61804,-1.3582335093061275
GW240515_005301,GW250108_152221,238.60371063775762,-1.4549596,5.3488736,-0.5,-13.184177,-0.034741577,69.80115,-1.0219146403658472
GW240515_005301,GW250109_010541,239.00880058978996,-1.4549596,10.652638,-0.5,-55.45562,-0.032318123,128.15334,-1.4925367457435357
GW240515_005301,GW250109_074552,239.28670450806342,-1.4549596,1.513649,0.5,-1.5800872,-0.07685618,42.994488,-0.892722423218377
GW240515_005301,GW250114_082203,244.311830007031,-1.4549596,12.1477,-0.5,-72.11994,-1.889398,120.87326,-1.6780662145586485
GW240515_005301,GW250116_015318,246.04186650714112,-1.4549596,4.1921115,-0.5,-8.295493,-0.3896564,74.94763,-0.9674872834169285
GW240515_005301,GW250118_023225,248.06903741965417,-1.4549596,8.411987,-0.5,-34.716206,-0.2569816,137.91899,-1.2616379113302882
GW240515_005301,GW250118_055802,248.21182131983065,-1.4549596,12.707554,-0.5,-79.67299,-0.12842764,170.28899,-1.7621568148082014
GW240515_005301,GW250118_170523,248.67525585531914,-1.4549596,6.211355,-0.5,-18.273579,-0.14063491,85.38949,-1.0785766464944475
GW240515_005301,GW250119_025138,249.0823804028415,-1.4549596,5.1672235,-0.5,-12.070362,-0.19736639,62.28717,-1.0095141620488972
GW240515_005301,GW250119_190238,249.75668063651355,-1.4549596,9.668084,-0.5,-45.043095,-0.5495117,94.793655,-1.3766106206498354
GW240519_012815,GW240520_213616,1.8389001780637988,1.2306377,3.7769268,-0.5,-6.8358364,-0.11894236,74.42734,2.721428892431038
GW240519_012815,GW240525_031210,6.072160310298204,0.49711657,4.684206,-0.5,-10.9017935,-0.14782567,103.43416,1.6730407997293535
GW240519_012815,GW240526_093944,7.341304210120881,0.5732528,7.430421,-0.5,-27.421621,-0.08967779,154.9175,1.593239475468084
GW240519_012815,GW240527_183429,8.71265124850803,0.5435311,0.8580078,1.0,-0.46451423,-0.07038085,20.580809,1.8527163417511572
GW240519_012815,GW240527_230910,8.903407115478206,0.5435311,5.9417048,-0.5,-17.25804,-0.03818689,111.53523,1.6657484088377703
GW240519_012815,GW240530_012417,10.997245251130726,0.669271,2.3123546,0.1,-2.5070968,-0.0030037027,48.635666,2.0019300608011097
GW240519_012815,GW240531_040326,12.107761137220594,0.5157103,3.9371958,-0.5,-7.6114306,-0.19086762,83.93937,1.7351012020138452
GW240519_012815,GW240531_075248,12.267042434127243,0.5157103,2.3588138,0.1,-2.756666,-0.13598527,53.238377,1.789150921014601
GW240519_012815,GW240601_061200,13.197041133319338,0.5157103,3.4533973,-0.5,-5.688569,-0.060590122,68.816475,1.7565090630098403
GW240519_012815,GW240601_231004,13.904028244719461,0.035988156,3.025691,0.1,-4.3597546,-0.01907587,62.0291,1.1152633434910277
GW240519_012815,GW240612_081540,24.282924564050305,0.3320092,5.074999,-0.5,-13.016868,-0.2256262,124.35558,1.4237018186528956
GW240519_012815,GW240615_113620,27.42227693323736,0.5727229,0.74538153,1.0,0.12732118,-0.8903198,13.913649,1.8992264256404847
GW240519_012815,GW240615_160735,27.610640774904578,0.5727229,6.140941,-0.5,-18.654257,-0.0048421617,126.926125,1.690124836527454
GW240519_012815,GW240618_071627,30.241795956097818,0.2735977,4.7961917,-0.5,-11.8390045,-0.28256792,129.76816,1.3569352097170473
GW240519_012815,GW240621_195059,33.76578058909763,0.2735977,2.191807,0.1,-2.0040953,-0.94293076,41.06096,1.466430542972043
GW240519_012815,GW240621_200935,33.778698407624056,0.2735977,5.377726,-0.5,-14.1865835,-0.009221129,107.217705,1.330798827574282
GW240519_012815,GW240621_214041,33.84196434586136,0.2735977,3.4102936,-0.5,-6.0019355,-0.28908515,85.58662,1.4219212513909174
GW240519_012815,GW240622_004008,33.96657882193448,0.2735977,3.4504893,-0.5,-5.624119,-0.185306,66.9131,1.4261276108115857
GW240519_012815,GW240627_131622,39.49173862972745,0.104784556,2.167059,0.1,-2.1202962,-0.07387163,44.202057,1.2342779029219633
GW240519_012815,GW240629_145256,41.55880610920489,0.09330103,2.431325,0.1,-2.6084802,-0.17355673,46.718006,1.2131385885814185
GW240519_012815,GW240630_101703,42.367215113396995,0.09330103,1.5462071,0.5,-0.9896326,-0.03299635,31.887703,1.2311617604045986
GW240519_012815,GW240703_191355,45.740038141464744,0.09330103,1.1866868,0.5,-1.4805936,-0.0428086,39.992584,1.2256957278918499
GW240519_012815,GW240705_053215,47.16944377085401,-0.20667636,1.3556839,0.5,-0.67048883,-0.276758,27.367855,0.8244834103613046
GW240519_012815,GW240716_034900,58.09773750141539,-0.24045733,3.3034544,-0.5,-6.090811,-0.19556822,103.69559,0.7179402911174242
GW240519_012815,GW240824_205609,97.81103361248418,-0.7066782,5.390932,-0.5,-14.261913,-0.20736937,107.70821,-0.010607660208778347
GW240519_012815,GW240825_055146,98.18299738680047,-0.7066782,2.4362195,0.1,-2.7115948,-0.03137204,48.996162,0.11798589823834987
GW240519_012815,GW240830_211120,103.82157852473082,-0.8908795,2.9298763,0.1,-4.024269,-0.04435972,58.57684,-0.1485314362875168
GW240519_012815,GW240902_143306,106.54503235811988,-0.8908795,3.166193,-0.5,-4.788371,-0.0042482377,64.7031,-0.15703843919578825
GW240519_012815,GW240907_153833,111.59048348320854,-0.8908795,3.5025558,-0.5,-6.174603,-0.0908027,81.70444,-0.17247182253277177
GW240519_012815,GW240908_082628,112.29042149341217,-0.8908795,6.2033873,-0.5,-18.967478,-0.047047965,123.6702,-0.31489917619379243
GW240519_012815,GW240908_125134,112.47451729545715,-0.8908795,3.6959326,-0.5,-6.817747,-0.22926834,83.9663,-0.17963216122892856
GW240519_012815,GW240910_103535,114.38008691910241,-0.8908795,5.745544,-0.5,-16.18132,-0.52132875,111.670685,-0.2838799517588888
GW240519_012815,GW240915_001357,118.94839968495347,-1.2459191,7.1625223,-0.5,-25.402449,-0.34644365,144.59593,-0.8720731842201934
GW240519_012815,GW240915_105151,119.39137813423243,-1.2459191,1.1603554,1.0,-1.1303579,-0.26368737,33.33432,-0.6018438800231839
GW240519_012815,GW240916_184352,120.7191704313181,-1.2459191,5.3455324,-0.5,-14.085628,-0.077320494,110.46343,-0.7460792302074464
GW240519_012815,GW240919_061559,123.19980563076282,-1.2459191,2.6026566,0.1,-2.9850347,-0.4450769,48.661255,-0.6224926175790741
GW240519_012815,GW240920_073424,124.2542648253507,-1.2459191,1.0156823,1.0,-0.22341408,-0.21602613,20.05851,-0.5917465715727568
GW240519_012815,GW240920_124024,124.46676953968351,-1.2459191,4.6190653,-0.5,-10.299432,-1.2407264,87.81709,-0.7039262466359523
GW240519_012815,GW240921_201835,125.78495137529241,-1.2459191,5.5447736,-0.5,-15.498677,-0.06928002,135.01077,-0.7618111850651778
GW240519_012815,GW240922_142106,126.53669446796731,-1.2459191,3.8739254,-0.5,-7.166776,-0.16933434,74.8226,-0.6690493439468375
GW240519_012815,GW240923_204006,127.79988565218117,-1.2459191,3.8585305,-0.5,-7.2211175,-0.08746058,78.891136,-0.669654343993911
GW240519_012815,GW240924_000316,127.94097866371825,-1.2459191,5.1750245,-0.5,-13.2336035,-0.021625916,109.367615,-0.7365933611974946
GW240519_012815,GW240925_005809,128.97909712134688,-1.2459191,2.1062288,0.5,-1.8305178,-1.0636741,39.66211,-0.6096389944286
GW240519_012815,GW240930_035959,134.10537008147273,-1.2459191,0.4272977,1.0,0.22256133,-0.36655688,8.348547,-0.586781378206805
GW240519_012815,GW240930_234614,134.92915425831796,-1.2459191,6.5736995,-0.5,-21.319565,-0.062170576,130.16017,-0.826617073033449
GW240519_012815,GW241002_030559,136.06786667434983,-1.0487857,5.256637,-0.5,-13.749393,-0.08310025,116.2123,-0.47274771978093627
GW240519_012815,GW241006_015333,140.01756381383373,-1.0487857,1.7551985,0.5,-1.2019311,-0.44221786,33.87426,-0.33305262521046514
GW240519_012815,GW241007_082943,141.29267591341227,-1.0487857,8.635847,-0.5,-37.011593,-0.106144354,171.8365,-0.7317335653825645
GW240519_012815,GW241009_022835,143.04189458493832,-1.0487857,6.3340044,-0.5,-20.191887,-0.2301807,154.66493,-0.5444741538203993
GW240519_012815,GW241009_084816,143.305564937644,-1.0487857,6.9543924,-0.5,-23.893572,-0.13662784,137.62788,-0.5856862503563647
GW240519_012815,GW241009_220455,143.85879083506487,-1.0487857,0.9773376,1.0,-0.25590014,-0.056728054,19.995718,-0.32252014598807066
GW240519_012815,GW241011_233834,145.9238306438564,-1.0487857,4.2329288,-0.5,-8.573377,-1.1838334,79.79412,-0.4151213936285499
GW240519_012815,GW241101_220523,166.85910969924595,-1.0688436,3.847981,-0.5,-8.088564,-0.0032462103,123.88823,-0.43715384148460223
GW240519_012815,GW241102_124058,167.46716203332224,-1.0688436,0.42493382,1.0,0.30246192,-0.68509686,7.981237,-0.3437337445532557
GW240519_012815,GW241102_144729,167.55502023894755,-1.0688436,5.544836,-0.5,-15.171585,-0.1205411,114.62282,-0.5160114849029207
GW240519_012815,GW241109_033317,174.0868288348091,-1.0688436,0.9984865,1.0,-1.1673238,-0.03290293,31.886791,-0.36009736085274835
GW240519_012815,GW241109_115924,174.43829763932084,-1.0688436,3.695668,-0.5,-7.5421004,-0.110944584,120.66397,-0.43106988069989266
GW240519_012815,GW241110_124123,175.4674499992088,-1.0688436,8.076532,-0.5,-32.27707,-0.041863892,155.89642,-0.7064525590211319
GW240519_012815,GW241111_111552,176.40806230240398,-1.0688436,2.6030314,0.1,-3.0771437,-0.3884374,50.937214,-0.38136002385478507
GW240519_012815,GW241113_163507,178.62976286253445,-1.0688436,2.4531412,0.1,-3.8203642,-0.16778876,84.1301,-0.3896345469929452
GW240519_012815,GW241114_024711,179.05481240694445,-1.0688436,2.8839142,0.1,-3.9823008,-0.013960584,60.361233,-0.391437440444152
GW240519_012815,GW241114_235258,179.9338212906652,-1.0688436,3.7686026,-0.5,-7.8074765,-0.1617191,122.62608,-0.43402440147171156
GW240519_012815,GW241116_151753,181.5761304869475,-1.0688436,3.7720478,-0.5,-7.299305,-0.1588433,94.58253,-0.4283667575626289
GW240519_012815,GW241124_024914,189.05623099998192,-1.2622733,5.979534,-0.5,-18.024078,-0.22333303,147.07803,-0.8122923692442252
GW240519_012815,GW241125_010116,189.98125918014182,-1.2622733,6.80161,-0.5,-23.122105,-0.056370854,154.78314,-0.8690504007220775
GW240519_012815,GW241127_061008,192.1957435757253,-1.2622733,8.253769,-0.5,-33.678154,-1.0366482,155.68861,-0.9865744283988207
GW240519_012815,GW241129_021832,194.03491470946207,-1.2622733,7.7379966,-0.5,-29.62414,-0.42032623,151.1621,-0.9414397324456631
GW240519_012815,GW241130_034908,195.09783124028533,-1.2622733,2.3274326,0.1,-2.407003,-0.23423173,45.755863,-0.6384222454597764
GW240519_012815,GW241130_110422,195.40007088987088,-1.2622733,5.541111,-0.5,-15.162882,-0.028731871,115.23186,-0.7804377115297383
GW240519_012815,GW241201_055758,196.18729906089052,-1.2622733,5.7643533,-0.5,-16.72552,-0.19326511,139.32353,-0.797835075513032
GW240519_012815,GW241210_060606,205.19294976432568,-1.2622733,1.3787336,0.5,-0.75319636,-0.15940686,28.554808,-0.6200098638587657
GW240519_012815,GW241210_120900,205.44496124832168,-1.2622733,2.9676046,0.1,-4.5069976,-0.22438578,71.44107,-0.6618021883118871
GW240519_012815,GW241225_042553,220.12334788662693,-1.4549596,2.5421991,0.1,-3.3935614,-0.44241008,63.016994,-0.9129124377322223
GW240519_012815,GW241225_082815,220.29166294646208,-1.4549596,3.0468705,-0.5,-4.440523,-0.50426763,62.979546,-0.9245686134167176
GW240519_012815,GW241229_155844,224.60449953432436,-1.4549596,2.929093,0.1,-4.589525,-0.2874451,77.77713,-0.9262275033511653
GW240519_012815,GW241230_084504,225.3033397790817,-1.4549596,2.8762045,0.1,-4.924032,-0.04638397,97.4791,-0.9299516815247904
GW240519_012815,GW241230_233618,225.9222462775503,-1.4549596,2.382151,0.1,-2.6765819,-0.014492808,50.245575,-0.9049300651362651
GW240519_012815,GW241231_054133,226.17589864105537,-1.4549596,2.3835707,0.1,-2.4620924,-0.4871501,45.086464,-0.9025420822457009
GW240519_012815,GW250101_011205,226.98876220184619,-1.4549596,3.0881739,-0.5,-4.5784287,-0.091925874,64.19198,-0.9261039625560279
GW240519_012815,GW250104_015122,230.0160456473132,-1.4549596,2.5257645,0.1,-3.069194,-0.06481816,54.356148,-0.9093011482715103
GW240519_012815,GW250108_152221,234.57923287991574,-1.4549596,5.3989315,-0.5,-14.362499,-0.055630956,111.01041,-1.035033291462918
GW240519_012815,GW250109_010541,234.98432283194805,-1.4549596,2.505378,0.1,-2.8643444,-0.122690655,49.932415,-0.9070204878301102
GW240519_012815,GW250109_074552,235.26222675022152,-1.4549596,2.327256,0.1,-3.4148471,-0.013516347,75.74495,-0.9131494193541783
GW240519_012815,GW250114_082203,240.2873522491891,-1.4549596,4.8913736,-0.5,-11.566377,-1.9797705,91.703995,-1.0039031239857392
GW240519_012815,GW250116_015318,242.01738874929922,-1.4549596,6.539884,-0.5,-21.475803,-0.29928386,156.42699,-1.1142280853611293
GW240519_012815,GW250118_023225,244.04455966181226,-1.4549596,2.4695287,0.1,-3.0470278,-0.16660906,56.38407,-0.9090543639733385
GW240519_012815,GW250118_055802,244.18734356198874,-1.4549596,5.1575522,-0.5,-13.11016,-0.038055107,107.20508,-1.0210905785092017
GW240519_012815,GW250118_170523,244.65077809747723,-1.4549596,1.8547413,0.5,-1.55157,-0.23100744,38.970398,-0.8924049325059886
GW240519_012815,GW250119_025138,245.05790264499961,-1.4549596,7.153187,-0.5,-25.311386,-0.28773892,142.66776,-1.156930910677025
GW240519_012815,GW250119_190238,245.73220287867167,-1.4549596,1.529879,0.5,-0.7656625,-0.63988423,28.564817,-0.8836551607337304
GW240520_213616,GW240525_031210,4.233260132234405,0.9949764,10.060965,-0.5,-49.547153,-0.26676804,135.06783,1.9236329890689263
GW240520_213616,GW240526_093944,5.502404032057083,0.49711657,10.47122,-0.5,-53.41137,-0.20862015,118.15415,1.1997674752303036
GW240520_213616,GW240527_183429,6.87375107044423,0.5732528,4.0069904,-0.5,-7.3604,-0.1893232,65.597404,1.8165877593736932
GW240520_213616,GW240527_230910,7.064506937414408,0.5732528,19.603142,-0.5,-189.6899,-0.08075547,131.51665,-0.2133474903554613
GW240520_213616,GW240530_012417,9.158345073066927,0.5435311,10.254656,-0.5,-51.22585,-0.115938656,119.158516,1.2875734237259393
GW240520_213616,GW240531_040326,10.268860959156795,0.669271,2.0843956,0.5,-0.90531063,-0.30980998,25.285885,2.0197632815512625
GW240520_213616,GW240531_075248,10.428142256063444,0.669271,6.1881366,-0.5,-18.196415,-0.25492764,87.958984,1.8272556344672861
GW240520_213616,GW240601_061200,11.35814095525554,0.669271,7.610693,-0.5,-27.199553,-0.17953248,72.093056,1.727020692742913
GW240520_213616,GW240601_231004,12.065128066655662,0.5157103,12.737092,-0.5,-79.58486,-0.13801824,135.3495,0.9337969231292766
GW240520_213616,GW240612_081540,22.444024385986506,0.3320092,9.3386,-0.5,-43.02654,-0.34456855,159.86812,1.089594112816164
GW240520_213616,GW240615_113620,25.58337675517356,0.5727229,11.362376,-0.5,-62.00862,-0.7713775,72.82125,1.2074461985607758
GW240520_213616,GW240615_160735,25.77174059684078,0.5727229,9.864859,-0.5,-47.185287,-0.12378452,107.99133,1.372479330511469
GW240520_213616,GW240618_071627,28.402895778034022,0.5727229,4.1816473,-0.5,-8.535874,-0.40151027,86.17561,1.8027761723138598
GW240520_213616,GW240621_195059,31.926880411033828,0.2735977,8.992047,-0.5,-37.94481,-0.8239884,59.370842,1.066290558191324
GW240520_213616,GW240621_200935,31.939798229560257,0.2735977,4.3281245,-0.5,-7.609076,-0.10972123,41.09126,1.404028418265336
GW240520_213616,GW240621_214041,32.00306416779757,0.2735977,8.662302,-0.5,-37.035187,-0.4080275,155.55396,1.076417686267334
GW240520_213616,GW240622_004008,32.12767864387069,0.2735977,0.9129786,1.0,1.6120511,-0.06636365,7.567309,1.5066903107081067
GW240520_213616,GW240627_131622,37.652838451663655,0.104784556,5.929418,-0.5,-16.008883,-0.19281399,61.815598,1.0796516270266097
GW240520_213616,GW240629_145256,39.71990593114109,0.104784556,11.503484,-0.5,-64.03129,-0.054614373,90.47281,0.5450021249049438
GW240520_213616,GW240630_101703,40.5283149353332,0.09330103,4.4862323,-0.5,-8.57485,-0.1519387,48.72326,1.1467129974940193
GW240520_213616,GW240703_191355,43.90113796340095,0.09330103,1.267357,0.5,-1.2640136,-0.16175096,36.476944,1.228106984507045
GW240520_213616,GW240705_053215,45.330543592790214,0.09330103,7.421187,-0.5,-25.885323,-0.15781562,74.27579,0.9539897180772303
GW240520_213616,GW240716_034900,56.25883732335159,-0.24045733,3.7212558,-0.5,-7.1844025,-0.07662586,96.89371,0.7057649690981567
GW240520_213616,GW240824_205609,95.97213343442039,-0.7066782,18.556898,-0.5,-170.44046,-0.32631174,177.81595,-1.7493956542594513
GW240520_213616,GW240825_055146,96.34409720873667,-0.7066782,4.581047,-0.5,-8.8102865,-0.1503144,45.14417,0.05008712391388159
GW240520_213616,GW240830_211120,101.98267834666703,-0.8908795,7.8490705,-0.5,-29.071018,-0.07458264,75.43084,-0.4273852706588349
GW240520_213616,GW240902_143306,104.70613218005609,-0.8908795,4.3845925,-0.5,-8.056517,-0.11469412,46.038624,-0.19342379670647175
GW240520_213616,GW240907_153833,109.75158330514475,-0.8908795,9.583775,-0.5,-45.13297,-0.20974505,147.47519,-0.6062083392750544
GW240520_213616,GW240908_082628,110.45152131534837,-0.8908795,16.886532,-0.5,-140.81958,-0.07189439,160.26933,-1.671519382308846
GW240520_213616,GW240908_125134,110.63561711739335,-0.8908795,7.461858,-0.5,-26.922321,-0.3482107,107.81569,-0.4034631094812482
GW240520_213616,GW240910_103535,112.5411867410386,-0.8908795,13.045237,-0.5,-83.08468,-0.4023864,109.45384,-1.0287374162183034
GW240520_213616,GW240915_001357,117.10949950688968,-1.2459191,11.288753,-0.5,-62.066425,-0.22750129,112.992935,-1.2802654981448445
GW240520_213616,GW240915_105151,117.55247795616863,-1.2459191,4.4662466,-0.5,-9.964919,-0.14474502,101.64193,-0.7002020047568767
GW240520_213616,GW240916_184352,118.88027025325431,-1.2459191,5.42447,-0.5,-13.238551,-0.19626285,59.33894,-0.7366484451771408
GW240520_213616,GW240919_061559,121.36090545269901,-1.2459191,9.901832,-0.5,-46.50713,-0.32613456,64.32876,-1.1070386560745114
GW240520_213616,GW240920_073424,122.4153646472869,-1.2459191,6.5047226,-0.5,-19.31178,-0.09708378,59.13673,-0.8042637435182671
GW240520_213616,GW240920_124024,122.6278693616197,-1.2459191,6.1332607,-0.5,-16.540497,-1.121784,45.1072,-0.7734101107847053
GW240520_213616,GW240921_201835,123.94605119722861,-1.2459191,4.1139145,-0.5,-7.857885,-0.04966234,69.514305,-0.6767436882741265
GW240520_213616,GW240922_142106,124.69779428990351,-1.2459191,17.079407,-0.5,-143.77936,-0.050391983,138.42137,-2.190002904181333
GW240520_213616,GW240923_204006,125.96098547411738,-1.2459191,6.7153025,-0.5,-20.995642,-0.03148178,70.64566,-0.8230107287083424
GW240520_213616,GW240924_000316,126.10207848565446,-1.2459191,12.318575,-0.5,-74.5515,-0.14056827,145.37613,-1.4192659922791255
GW240520_213616,GW240925_005809,127.14019694328309,-1.2459191,14.215422,-0.5,-98.63574,-0.9447318,97.70354,-1.6874039327996961
GW240520_213616,GW240930_035959,132.26646990340893,-1.2459191,9.186849,-0.5,-40.249588,-0.24761453,79.226364,-1.0373713520806644
GW240520_213616,GW240930_234614,133.09025408025417,-1.2459191,8.989918,-0.5,-38.58965,-0.05677178,82.7283,-1.0188906981445298
GW240520_213616,GW241002_030559,134.228966496286,-1.2459191,11.260262,-0.5,-62.338814,-0.03584211,151.65413,-1.2832980899464124
GW240520_213616,GW241006_015333,138.17866363576994,-1.0487857,6.6130195,-0.5,-19.783422,-0.3232755,53.358517,-0.5399265826973605
GW240520_213616,GW241007_082943,139.45377573534847,-1.0487857,12.075055,-0.5,-71.12869,-0.22508672,113.640274,-1.1115706469365252
GW240520_213616,GW241009_022835,141.20299440687452,-1.0487857,4.8222003,-0.5,-11.034261,-0.34912306,81.961174,-0.4425192392519978
GW240520_213616,GW241009_084816,141.4666647595802,-1.0487857,14.84204,-0.5,-108.31869,-0.017685473,136.25952,-1.5256192967619913
GW240520_213616,GW241009_220455,142.01989065700107,-1.0487857,5.1613364,-0.5,-11.772662,-0.17567042,54.432804,-0.4507401091287572
GW240520_213616,GW241011_233834,144.0849304657926,-1.0487857,15.302483,-0.5,-114.695404,-1.064891,106.008194,-1.5966134154112934
GW240520_213616,GW241101_220523,165.02020952118215,-1.0688436,3.280571,-0.5,-5.71444,-0.11569615,88.587395,-0.41072192444756894
GW240520_213616,GW241102_124058,165.62826185525844,-1.0688436,12.226984,-0.5,-72.306786,-0.5661545,82.39624,-1.1521167800048644
GW240520_213616,GW241102_144729,165.71612006088372,-1.0688436,15.564994,-0.5,-119.66316,-0.0015987473,170.4839,-1.67935115878936
GW240520_213616,GW241109_033317,172.2479286567453,-1.0688436,3.2042313,-0.5,-5.443738,-0.08603943,85.528946,-0.40770810982757466
GW240520_213616,GW241109_115924,172.59939746125704,-1.0688436,5.9868784,-0.5,-18.294342,-0.0079977745,164.90207,-0.5507781824712303
GW240520_213616,GW241110_124123,173.62854982114501,-1.0688436,12.34554,-0.5,-74.12537,-0.16080625,99.70127,-1.172363646324611
GW240520_213616,GW241111_111552,174.56916212434018,-1.0688436,6.071229,-0.5,-16.49627,-0.26949504,52.774563,-0.5307596364865478
GW240520_213616,GW241113_163507,176.79086268447062,-1.0688436,2.9697876,0.1,-4.9183254,-0.048846398,87.53442,-0.40185851608695133
GW240520_213616,GW241114_024711,177.21591222888065,-1.0688436,10.176363,-0.5,-50.393627,-0.10498177,116.347336,-0.9081502588550519
GW240520_213616,GW241114_235258,178.0949211126014,-1.0688436,3.098592,-0.5,-5.1640186,-0.042776737,84.93849,-0.4045939007261725
GW240520_213616,GW241116_151753,179.7372303088837,-1.0688436,9.357534,-0.5,-43.29575,-0.27778566,167.75122,-0.8291272148517435
GW240520_213616,GW241124_024914,187.21733082191813,-1.2622733,5.3668313,-0.5,-13.838766,-0.34227538,92.59074,-0.765695888020874
GW240520_213616,GW241125_010116,188.14235900207802,-1.2622733,8.361506,-0.5,-34.048355,-0.17531322,121.317154,-0.9906960011734859
GW240520_213616,GW241127_061008,190.3568433976615,-1.2622733,18.431532,-0.5,-167.48242,-0.91770583,128.28143,-2.47626209138478
GW240520_213616,GW241129_021832,192.19601453139825,-1.2622733,15.585365,-0.5,-119.50075,-0.30138388,134.30159,-1.94206606589586
GW240520_213616,GW241130_034908,193.25893106222154,-1.2622733,3.61919,-0.5,-4.661764,-0.11528937,32.194206,-0.6635252561790587
GW240520_213616,GW241130_110422,193.56117071180708,-1.2622733,13.42363,-0.5,-88.66748,-0.14767423,150.14258,-1.5987889903454895
GW240520_213616,GW241201_055758,194.34839888282673,-1.2622733,8.560791,-0.5,-36.008358,-0.31220746,142.43341,-1.0125173689407434
GW240520_213616,GW241210_060606,203.35404958626185,-1.2622733,4.340297,-0.5,-7.961076,-0.040464498,47.85732,-0.7002575960441826
GW240520_213616,GW241210_120900,203.60606107025788,-1.2622733,8.505413,-0.5,-35.5189,-0.34332815,140.32079,-1.007068089634314
GW240520_213616,GW241225_042553,218.2844477085631,-1.4549596,2.5816295,0.1,-2.8010066,-0.32346773,45.24127,-0.9063153268882811
GW240520_213616,GW241225_082815,218.4527627683983,-1.4549596,12.297865,-0.5,-74.14679,-0.38532525,134.6582,-1.7006317894001848
GW240520_213616,GW241229_155844,222.76559935626057,-1.4549596,4.220885,-0.5,-8.635097,-0.40638748,84.17637,-0.9712682019119161
GW240520_213616,GW241230_084504,223.46443960101792,-1.4549596,1.032366,1.0,-1.0092335,-0.07255839,29.943537,-0.8863669179503502
GW240520_213616,GW241230_233618,224.0833460994865,-1.4549596,7.0928354,-0.5,-23.819437,-0.13343516,83.18057,-1.1403205425956844
GW240520_213616,GW241231_054133,224.33699846299157,-1.4549596,5.6206193,-0.5,-13.457773,-0.36820775,39.91599,-1.0249606740174984
GW240520_213616,GW250101_011205,225.1498620237824,-1.4549596,6.294776,-0.5,-18.37953,-0.21086822,70.296455,-1.079756237853493
GW240520_213616,GW250104_015122,228.1771454692494,-1.4549596,4.1853056,-0.5,-7.548239,-0.0541242,52.237057,-0.9591678558992544
GW240520_213616,GW250108_152221,232.7403327018519,-1.4549596,15.558416,-0.5,-119.52211,-0.063311405,167.14621,-2.205810406829399
GW240520_213616,GW250109_010541,233.14542265388425,-1.4549596,7.195347,-0.5,-24.12603,-0.0037482933,68.2027,-1.143733944345978
GW240520_213616,GW250109_074552,233.42332657215772,-1.4549596,5.4269,-0.5,-15.089699,-0.10542601,148.81366,-1.0431294473024908
GW240520_213616,GW250114_082203,238.4484520711253,-1.4549596,2.7751899,0.1,-1.3793811,-1.8608282,18.435505,-0.8904878948136126
GW240520_213616,GW250116_015318,240.17848857123542,-1.4549596,6.950831,-0.5,-23.477245,-0.4182262,113.098495,-1.1365108080018609
GW240520_213616,GW250118_023225,242.20565948374846,-1.4549596,2.98183,0.1,-3.5527458,-0.28555143,43.613686,-0.9146846915160691
GW240520_213616,GW250118_055802,242.34844338392494,-1.4549596,5.33808,-0.5,-12.814859,-0.15699747,59.609154,-1.0178028994657295
GW240520_213616,GW250118_170523,242.81187791941343,-1.4549596,9.06206,-0.5,-39.70055,-0.112065084,104.94375,-1.3171302853852918
GW240520_213616,GW250119_025138,243.2190024669358,-1.4549596,14.089173,-0.5,-97.49837,-0.16879655,133.97783,-1.9606127141406793
GW240520_213616,GW250119_190238,243.89330270060788,-1.4549596,13.801011,-0.5,-92.69515,-0.52094185,88.64369,-1.9071369148902702
GW240525_031210,GW240526_093944,1.2691438998226767,0.7966598,5.513456,-0.5,-14.363686,-0.05814789,82.99448,2.0441361899761703
GW240525_031210,GW240527_183429,2.640490938209825,1.130381,5.0329924,-0.5,-12.313039,-0.07744483,96.4543,2.523344209755029
GW240525_031210,GW240527_230910,2.831246805180002,1.130381,0.7638259,1.0,0.99508333,-0.18601257,9.174921,2.6715079844236262
GW240525_031210,GW240530_012417,4.925084940832522,0.790937,5.5022893,-0.5,-14.335602,-0.15082937,84.22209,2.036622662362161
GW240525_031210,GW240531_040326,6.035600826922391,0.49711657,9.975438,-0.5,-49.003204,-0.04304194,156.59698,1.2488450501691046
GW240525_031210,GW240531_075248,6.194882123829038,0.49711657,7.347383,-0.5,-26.441597,-0.011840407,127.53894,1.500030970276597
GW240525_031210,GW240601_061200,7.124880823021134,0.5732528,10.938662,-0.5,-58.810345,-0.087235555,150.38306,1.2437783207085489
GW240525_031210,GW240601_231004,7.831867934421257,0.72702783,4.715848,-0.5,-10.2185335,-0.1287498,68.69513,1.995060924467551
GW240525_031210,GW240612_081540,18.2107642537521,0.52348214,2.0445316,0.5,-1.8035953,-0.07780051,40.496983,1.810390100850617
GW240525_031210,GW240615_113620,21.350116622939154,0.09474692,7.9945626,-0.5,-30.642065,-1.0381455,94.710495,0.9030086268881911
GW240525_031210,GW240615_160735,21.538480464606373,0.09474692,7.303385,-0.5,-25.800718,-0.14298351,108.10775,0.9569089592616095
GW240525_031210,GW240618_071627,24.169635645799616,0.3320092,2.6336234,0.1,-3.4708343,-0.13474223,60.28438,1.5299810008135095
GW240525_031210,GW240621_195059,27.693620278799422,0.5727229,7.452734,-0.5,-26.474962,-1.0907564,89.08041,1.6030543076488553
GW240525_031210,GW240621_200935,27.70653809732585,0.5727229,7.484528,-0.5,-26.994415,-0.15704681,103.00663,1.5972710631350648
GW240525_031210,GW240621_214041,27.76980403556316,0.5727229,3.057634,-0.5,-4.460394,-0.14125946,62.793095,1.848149859265062
GW240525_031210,GW240622_004008,27.894418511636278,0.5727229,10.486565,-0.5,-53.849247,-0.33313167,135.91087,1.298287240710759
GW240525_031210,GW240627_131622,33.41957831942925,0.2735977,5.900876,-0.5,-16.488932,-0.07395405,85.09521,1.3051660157836091
GW240525_031210,GW240629_145256,35.486645798906686,0.104784556,4.891865,-0.5,-10.788797,-0.3213824,62.095577,1.1377685807070357
GW240525_031210,GW240630_101703,36.29505480309879,0.104784556,9.092116,-0.5,-40.455654,-0.11482933,134.00502,0.807477542740671
GW240525_031210,GW240703_191355,39.66787783116654,0.104784556,4.441217,-0.5,-10.436303,-0.10501708,135.26921,1.1416930169647213
GW240525_031210,GW240705_053215,41.09728346055581,0.09330103,8.746022,-0.5,-37.283413,-0.42458367,123.51584,0.8270909661667372
GW240525_031210,GW240716_034900,52.025577191117186,-0.20667636,1.3964136,0.5,-1.3721652,-0.3433939,38.93079,0.816671412684274
GW240525_031210,GW240824_205609,91.73887330218598,-0.7066782,3.2107685,-0.5,-4.148694,-0.0595437,44.38436,0.10198619202600756
GW240525_031210,GW240825_055146,92.11083707650226,-0.7066782,10.867351,-0.5,-58.07116,-0.11645364,152.29239,-0.4983506479140192
GW240525_031210,GW240830_211120,97.74941821443262,-0.7066782,10.30327,-0.5,-52.075665,-0.1921854,142.62805,-0.4316007987372986
GW240525_031210,GW240902_143306,100.47287204782168,-0.8908795,6.323075,-0.5,-19.076904,-0.15207392,91.52639,-0.3161174579965216
GW240525_031210,GW240907_153833,105.51832317291034,-0.8908795,3.906908,-0.5,-7.1906896,-0.05702298,71.62162,-0.1837842542232338
GW240525_031210,GW240908_082628,106.21826118311397,-0.8908795,2.88811,0.1,-3.1556175,-0.19487365,39.74184,-0.13886044720121082
GW240525_031210,GW240908_125134,106.40235698515895,-0.8908795,6.6475725,-0.5,-21.566776,-0.08144266,116.67277,-0.3438380354328694
GW240525_031210,GW240910_103535,108.3079266088042,-0.8908795,8.642022,-0.5,-36.217556,-0.66915447,112.56903,-0.5069500658143148
GW240525_031210,GW240915_001357,112.87623937465527,-0.8908795,3.2413914,-0.5,-4.290346,-0.49426934,45.778267,-0.1514937609770381
GW240525_031210,GW240915_105151,113.31921782393422,-0.8908795,2.8417614,0.1,-4.204405,-0.41151306,70.59878,-0.15053694757885133
GW240525_031210,GW240916_184352,114.6470101210199,-0.8908795,9.871749,-0.5,-47.855927,-0.07050519,146.06772,-0.6365239370077316
GW240525_031210,GW240919_061559,117.12764532046461,-1.2459191,6.7751575,-0.5,-21.64496,-0.5929026,80.58726,-0.8302398108945183
GW240525_031210,GW240920_073424,118.1821045150525,-1.2459191,7.7515707,-0.5,-28.988447,-0.36385182,104.55309,-0.9119973051904386
GW240525_031210,GW240920_124024,118.3946092293853,-1.2459191,7.2944245,-0.5,-25.37854,-1.3885521,90.33377,-0.8718070016123043
GW240525_031210,GW240921_201835,119.7127910649942,-1.2459191,4.3173585,-0.5,-9.013924,-0.2171057,84.690025,-0.6896142544200747
GW240525_031210,GW240922_142106,120.4645341576691,-1.2459191,6.174413,-0.5,-17.9088,-0.31716,79.30152,-0.7886438890184972
GW240525_031210,GW240923_204006,121.72772534188297,-1.2459191,10.63991,-0.5,-55.692112,-0.23528625,154.16699,-1.2092981357848074
GW240525_031210,GW240924_000316,121.86881835342005,-1.2459191,0.74600637,1.0,0.50575346,-0.12619977,11.52201,-0.5836285055374562
GW240525_031210,GW240925_005809,122.90693681104868,-1.2459191,8.958913,-0.5,-38.859592,-1.2114998,108.44067,-1.021896066483528
GW240525_031210,GW240930_035959,128.0332097711745,-1.2459191,7.972308,-0.5,-30.677284,-0.5143826,105.05452,-0.930799692887413
GW240525_031210,GW240930_234614,128.85699394801978,-1.2459191,4.7421517,-0.5,-10.200122,-0.20999625,64.31803,-0.7028205960699399
GW240525_031210,GW241002_030559,129.9957063640516,-1.2459191,1.273758,0.5,-0.18980551,-0.23092593,21.339245,-0.5913723961153754
GW240525_031210,GW241006_015333,133.94540350353552,-1.2459191,10.70949,-0.5,-56.190178,-0.59004354,137.30602,-1.214843270559287
GW240525_031210,GW241007_082943,135.22051560311405,-1.2459191,5.252832,-0.5,-12.773152,-0.041681323,71.99314,-0.7314670048203171
GW240525_031210,GW241009_022835,136.96973427464013,-1.0487857,4.404189,-0.5,-9.4012785,-0.08235502,86.7702,-0.42433870169378896
GW240525_031210,GW241009_084816,137.23340462734578,-1.0487857,5.548147,-0.5,-14.34492,-0.2844535,75.16817,-0.4793779176432993
GW240525_031210,GW241009_220455,137.78663052476668,-1.0487857,8.046186,-0.5,-31.461452,-0.09109762,116.73816,-0.669941996369105
GW240525_031210,GW241011_233834,139.85167033355822,-1.0487857,9.717852,-0.5,-45.951965,-1.3316591,117.92829,-0.8312697220189592
GW240525_031210,GW241101_220523,160.78694938894776,-1.0688436,1.8968128,0.5,-2.2599535,-0.15107189,54.596268,-0.37226197239312847
GW240525_031210,GW241102_124058,161.39500172302402,-1.0688436,8.111109,-0.5,-31.611029,-0.8329225,97.56477,-0.6990373082730602
GW240525_031210,GW241102_144729,161.48285992864933,-1.0688436,2.853619,0.1,-3.2031705,-0.26836678,42.25304,-0.38276312313297794
GW240525_031210,GW241109_033317,168.01466852451088,-1.0688436,2.6238675,0.1,-3.8829718,-0.18072861,74.7578,-0.39033157752663744
GW240525_031210,GW241109_115924,168.36613732902265,-1.0688436,1.5837195,0.5,-1.7500417,-0.25877026,46.38813,-0.3665849540638724
GW240525_031210,GW241110_124123,169.3952896889106,-1.0688436,7.570639,-0.5,-27.501581,-0.105961785,97.09717,-0.6532854551493334
GW240525_031210,GW241111_111552,170.3359019921058,-1.0688436,6.8271623,-0.5,-22.210333,-0.53626305,90.27199,-0.5943762180145522
GW240525_031210,GW241113_163507,172.55760255223623,-1.0688436,4.4150257,-0.5,-10.36293,-0.31561443,137.36671,-0.46247512300411114
GW240525_031210,GW241114_024711,172.98265209664626,-1.0688436,6.534058,-0.5,-20.526411,-0.16178626,99.09149,-0.5756285532996702
GW240525_031210,GW241114_235258,173.861660980367,-1.0688436,1.9840909,0.5,-2.4557781,-0.30954477,57.86913,-0.37444215341251985
GW240525_031210,GW241116_151753,175.50397017664932,-1.0688436,2.0152683,0.5,-1.813867,-0.011017615,41.332436,-0.3672955419137773
GW240525_031210,GW241124_024914,182.9840706896837,-1.0688436,5.3636885,-0.5,-14.109731,-0.07550735,106.85977,-0.5041895051655816
GW240525_031210,GW241125_010116,183.9090988698436,-1.0688436,4.5204163,-0.5,-9.694381,-0.09145483,79.56246,-0.45503193741593745
GW240525_031210,GW241127_061008,186.12358326542707,-1.2622733,5.578617,-0.5,-14.29718,-1.1844739,67.801025,-0.7707995652576267
GW240525_031210,GW241129_021832,187.96275439916386,-1.2622733,4.5556445,-0.5,-9.274714,-0.5681519,60.011623,-0.7148827748729403
GW240525_031210,GW241130_034908,189.02567092998711,-1.2622733,10.511543,-0.5,-54.171734,-0.3820574,140.3996,-1.2147363067717314
GW240525_031210,GW241130_110422,189.32791057957266,-1.2622733,4.836149,-0.5,-10.848917,-0.119093806,72.441605,-0.7324088981895356
GW240525_031210,GW241201_055758,190.1151387505923,-1.2622733,3.3375225,-0.5,-5.2407856,-0.045439426,64.7249,-0.6699716956690747
GW240525_031210,GW241210_060606,199.12078945402746,-1.2622733,7.628865,-0.5,-28.238707,-0.30723253,113.37323,-0.9260152413278302
GW240525_031210,GW241210_120900,199.37280093802346,-1.2622733,2.1235857,0.5,-1.9136488,-0.0765601,40.928013,-0.6329295694694981
GW240525_031210,GW241225_042553,214.05118757632872,-1.2622733,4.6038857,-0.5,-10.34658,-0.59023577,92.808495,-0.7268162072961595
GW240525_031210,GW241225_082815,214.21950263616387,-1.2622733,4.9200773,-0.5,-11.234849,-0.6520933,72.83868,-0.7367056078655623
GW240525_031210,GW241229_155844,218.53233922402615,-1.4549596,6.2893133,-0.5,-19.727724,-0.13961942,140.20929,-1.0947661338986152
GW240525_031210,GW241230_084504,219.23117946878352,-1.4549596,3.6346724,-0.5,-7.1933093,-0.19420965,111.46952,-0.95521630235475
GW240525_031210,GW241230_233618,219.8500859672521,-1.4549596,4.198519,-0.5,-8.022443,-0.13333288,64.60882,-0.9644473230182374
GW240525_031210,GW241231_054133,220.10373833075718,-1.4549596,8.782343,-0.5,-37.314877,-0.6349758,107.45633,-1.290569784204946
GW240525_031210,GW250101_011205,220.916601891548,-1.4549596,4.6062355,-0.5,-9.761703,-0.055899806,68.93745,-0.9838110831461779
GW240525_031210,GW250104_015122,223.943885337015,-1.4549596,5.5886536,-0.5,-14.899407,-0.21264383,89.252396,-1.0410108694538602
GW240525_031210,GW250108_152221,228.50707256961752,-1.4549596,2.281864,0.1,-1.7140614,-0.20345664,33.434418,-0.8942140027315129
GW240525_031210,GW250109_010541,228.91216252164983,-1.4549596,5.5695662,-0.5,-14.493835,-0.27051634,76.59305,-1.0364955014361157
GW240525_031210,GW250109_074552,229.1900664399233,-1.4549596,2.1136389,0.5,-2.721818,-0.16134202,61.666515,-0.905433693885021
GW240525_031210,GW250114_082203,234.2151919388909,-1.4549596,11.490826,-0.5,-64.72661,-2.1275961,137.6034,-1.5957537608471257
GW240525_031210,GW250116_015318,235.94522843900103,-1.4549596,4.5551887,-0.5,-10.013519,-0.15145817,86.91052,-0.98661464323515
GW240525_031210,GW250118_023225,237.97239935151404,-1.4549596,5.4744654,-0.5,-14.473173,-0.018783389,96.88522,-1.0362654610538846
GW240525_031210,GW250118_055802,238.11518325169052,-1.4549596,5.3165836,-0.5,-13.285966,-0.10977057,79.566025,-1.0230478860095582
GW240525_031210,GW250118_170523,238.578617787179,-1.4549596,4.237646,-0.5,-8.172925,-0.37883312,64.737946,-0.9661226914292487
GW240525_031210,GW250119_025138,238.9857423347014,-1.4549596,5.3684397,-0.5,-13.396935,-0.4355646,73.940285,-1.0242833470488077
GW240525_031210,GW250119_190238,239.66004256837346,-1.4549596,6.4071884,-0.5,-19.212862,-0.7877099,75.95367,-1.0890340023913816
GW240526_093944,GW240527_183429,1.3713470383871484,1.6291271,9.871205,-0.5,-48.212334,-0.01929694,175.02051,2.8057213413722986
GW240526_093944,GW240527_230910,1.5621029053573254,1.6291271,8.0993,-0.5,-31.055738,-0.12786467,77.42196,2.9967314538107015
GW240526_093944,GW240530_012417,3.6559410410098456,1.2099575,8.117622,-0.5,-31.889965,-0.09268149,109.328804,2.4142118857178194
GW240526_093944,GW240531_040326,4.766456927099713,0.790937,7.173314,-0.5,-24.735064,-0.10118983,99.791145,1.9208419768122529
GW240526_093944,GW240531_075248,4.925738224006362,0.790937,6.5673842,-0.5,-20.821764,-0.04630748,103.50824,1.9644100495586276
GW240526_093944,GW240601_061200,5.8557369231984575,0.49711657,8.013479,-0.5,-30.76271,-0.029087666,93.485504,1.4519225675934053
GW240526_093944,GW240601_231004,6.56272403459858,0.5732528,7.876637,-0.5,-29.832832,-0.07060192,99.410095,1.5663946568615694
GW240526_093944,GW240612_081540,16.941620353929423,0.52348214,2.6244314,0.1,-3.0125067,-0.1359484,48.35144,1.796930885723257
GW240526_093944,GW240615_113620,20.080972723116478,0.09474692,17.774864,-0.5,-156.18527,-0.97999763,166.21272,-0.49470588438460994
GW240526_093944,GW240615_160735,20.269336564783696,0.09474692,2.414159,0.1,-1.7687248,-0.084835626,31.123425,1.2244651800957218
GW240526_093944,GW240618_071627,22.90049174597694,0.3320092,3.4386263,-0.5,-5.80848,-0.19289012,74.6315,1.5039552113330403
GW240526_093944,GW240621_195059,26.424476378976745,0.5727229,17.26983,-0.5,-147.36432,-1.0326085,163.79994,0.2571526710134757
GW240526_093944,GW240621_200935,26.437394197503174,0.5727229,8.094157,-0.5,-31.415457,-0.09889892,94.56747,1.5480501296971922
GW240526_093944,GW240621_214041,26.500660135740482,0.5727229,3.945399,-0.5,-7.4348745,-0.19940734,75.77228,1.8150339716565451
GW240526_093944,GW240622_004008,26.6252746118136,0.5727229,11.617747,-0.5,-65.97296,-0.2749838,124.62271,1.163309873194767
GW240526_093944,GW240627_131622,32.15043441960657,0.2735977,12.864885,-0.5,-81.53783,-0.015806163,160.19327,0.580954914524852
GW240526_093944,GW240629_145256,34.217501899084006,0.104784556,13.940837,-0.5,-95.599075,-0.26323453,145.02592,0.19354739300849244
GW240526_093944,GW240630_101703,35.02591090327612,0.104784556,11.000185,-0.5,-59.345264,-0.056681443,141.00812,0.5971731940561167
GW240526_093944,GW240703_191355,38.39873393134386,0.104784556,4.7870784,-0.5,-11.973436,-0.04686919,141.58458,1.1245795987924678
GW240526_093944,GW240705_053215,39.82813956073313,0.09330103,10.792241,-0.5,-56.964943,-0.36643577,130.6434,0.6079699105256658
GW240526_093944,GW240716_034900,50.756433291294506,-0.20667636,3.5834982,-0.5,-6.747412,-0.285246,96.444626,0.7568269901517954
GW240526_093944,GW240824_205609,90.4697294023633,-0.7066782,5.110558,-0.5,-11.728917,-0.117691584,60.075634,0.017593033356254728
GW240526_093944,GW240825_055146,90.84169317667958,-0.7066782,10.258933,-0.5,-51.330463,-0.058305748,122.884,-0.42330422555003866
GW240526_093944,GW240830_211120,96.48027431460994,-0.7066782,8.634654,-0.5,-35.952515,-0.13403751,101.69898,-0.2520963790914237
GW240526_093944,GW240902_143306,99.203728147999,-0.7066782,11.192739,-0.5,-61.43393,-0.09392603,140.07393,-0.535789491844223
GW240526_093944,GW240907_153833,104.24917927308766,-0.8908795,4.5981574,-0.5,-9.95895,-0.0011249072,77.37441,-0.21460422393492434
GW240526_093944,GW240908_082628,104.94911728329129,-0.8908795,4.213454,-0.5,-7.533936,-0.13672575,49.217106,-0.18760573185512347
GW240526_093944,GW240908_125134,105.13321308533627,-0.8908795,4.486983,-0.5,-9.349731,-0.13959056,71.67062,-0.20782158954677493
GW240526_093944,GW240910_103535,107.03878270898153,-0.8908795,4.1641946,-0.5,-7.1718345,-0.61100656,44.99716,-0.18357433414582747
GW240526_093944,GW240915_001357,111.60709547483259,-0.8908795,4.46534,-0.5,-8.6984415,-0.43612143,54.056988,-0.20057056083285646
GW240526_093944,GW240915_105151,112.05007392411154,-0.8908795,5.8941455,-0.5,-17.447454,-0.35336515,140.01337,-0.2979762479365027
GW240526_093944,GW240916_184352,113.37786622119722,-0.8908795,5.0946527,-0.5,-11.831337,-0.0123572955,65.64604,-0.23545013384211022
GW240526_093944,GW240919_061559,115.85850142064194,-0.8908795,16.492933,-0.5,-134.23367,-0.5347547,155.22,-1.598196277325052
GW240526_093944,GW240920_073424,116.91296061522982,-1.2459191,15.097588,-0.5,-112.569954,-0.30570394,171.48814,-1.8425381720688425
GW240526_093944,GW240920_124024,117.12546532956263,-1.2459191,11.638492,-0.5,-66.078384,-1.3304042,116.649475,-1.3249319802710098
GW240526_093944,GW240921_201835,118.44364716517153,-1.2459191,3.7950463,-0.5,-6.747406,-0.15895781,69.13727,-0.6643803555436822
GW240526_093944,GW240922_142106,119.19539025784643,-1.2459191,7.8215966,-0.5,-29.049057,-0.25901213,82.794586,-0.912672094558679
GW240526_093944,GW240923_204006,120.4585814420603,-1.2459191,6.78933,-0.5,-21.845415,-0.17713837,85.080536,-0.8324715402410456
GW240526_093944,GW240924_000316,120.59967445359737,-1.2459191,5.3866777,-0.5,-13.473374,-0.068051875,73.39309,-0.7392628106953121
GW240526_093944,GW240925_005809,121.637792911226,-1.2459191,11.912773,-0.5,-69.23759,-1.1533519,115.255806,-1.3601044390895425
GW240526_093944,GW240930_035959,126.76406587135185,-1.2459191,13.3389225,-0.5,-87.49847,-0.4562347,146.56897,-1.5634089177992934
GW240526_093944,GW240930_234614,127.58785004819708,-1.2459191,6.519051,-0.5,-19.86601,-0.15184836,74.62798,-0.8104341685258465
GW240526_093944,GW241002_030559,128.72656246422895,-1.2459191,4.239176,-0.5,-8.155002,-0.17277804,63.975803,-0.6800515884893865
GW240526_093944,GW241006_015333,132.67625960371285,-1.2459191,12.760079,-0.5,-79.86499,-0.53189564,134.7202,-1.4784228737356622
GW240526_093944,GW241007_082943,133.9513717032914,-1.2459191,1.7559187,0.5,-0.18784964,-0.016466567,20.3971,-0.5913506207960314
GW240526_093944,GW241009_022835,135.70059037481744,-1.2459191,2.6250687,0.1,-3.0017977,-0.14050291,48.064693,-0.6226792453510934
GW240526_093944,GW241009_084816,135.9642607275231,-1.0487857,1.7749996,0.5,-0.18926035,-0.22630562,20.288675,-0.3217782228537368
GW240526_093944,GW241009_220455,136.51748662494398,-1.0487857,12.634097,-0.5,-78.611626,-0.03294974,158.60185,-1.1948806430643384
GW240526_093944,GW241011_233834,138.58252643373552,-1.0487857,7.810501,-0.5,-28.790468,-1.2735112,75.86913,-0.640205035244515
GW240526_093944,GW241101_220523,159.51780548912507,-1.0688436,2.8645997,0.1,-4.497978,-0.092924,79.77606,-0.39717864997810076
GW240526_093944,GW241102_124058,160.12585782320136,-1.0688436,15.666293,-0.5,-120.977165,-0.7747746,150.08498,-1.6939803935318078
GW240526_093944,GW241102_144729,160.21371602882667,-1.0688436,4.2546854,-0.5,-7.9066024,-0.21021889,54.873093,-0.43512800284572867
GW240526_093944,GW241109_033317,166.74552462468822,-1.0688436,5.64168,-0.5,-16.28751,-0.12258072,155.41325,-0.5284354492960036
GW240526_093944,GW241109_115924,167.09699342919996,-1.0688436,1.6929319,0.5,-1.8653163,-0.20062238,48.033745,-0.36786834416434405
GW240526_093944,GW241110_124123,168.12614578908793,-1.0688436,1.7474403,0.5,0.017005399,-0.047813896,18.458977,-0.3469118274933947
GW240526_093944,GW241111_111552,169.0667580922831,-1.0688436,13.958361,-0.5,-95.96276,-0.47811517,154.1289,-1.4154866648377602
GW240526_093944,GW241113_163507,171.28845865241357,-1.0688436,2.4909196,0.1,-3.6628406,-0.25746655,75.353516,-0.38788078371614426
GW240526_093944,GW241114_024711,171.71350819682357,-1.0688436,7.127307,-0.5,-24.31729,-0.10363837,94.84457,-0.6178336691649313
GW240526_093944,GW241114_235258,172.59251708054433,-1.0688436,2.885965,0.1,-4.587656,-0.2513969,81.51418,-0.39817706303554995
GW240526_093944,GW241116_151753,174.23482627682662,-1.0688436,3.8628561,-0.5,-7.1096244,-0.069165505,74.076096,-0.42625498027085323
GW240526_093944,GW241124_024914,181.71492678986104,-1.0688436,1.4277803,0.5,-0.6013767,-0.13365524,26.481823,-0.35379648234503963
GW240526_093944,GW241125_010116,182.63995497002094,-1.0688436,0.2219724,1.0,0.68534184,-0.033306938,3.5576396,-0.3394710144355582
GW240526_093944,GW241127_061008,184.8544393656044,-1.2622733,1.562368,0.5,0.48624483,-1.126326,15.212542,-0.6062107506221555
GW240526_093944,GW241129_021832,186.6936104993412,-1.2622733,2.0941138,0.5,-0.7267381,-0.51000404,22.999207,-0.6197152951638325
GW240526_093944,GW241130_034908,187.75652703016445,-1.2622733,12.142151,-0.5,-72.2896,-0.32390952,136.02168,-1.4164485314483952
GW240526_093944,GW241130_110422,188.05876667975,-1.2622733,3.2821116,-0.5,-4.2719545,-0.060945917,42.978012,-0.659185375442654
GW240526_093944,GW241201_055758,188.84599485076964,-1.2622733,1.3525,0.5,-0.43427694,-0.103587314,24.31437,-0.6164592272958427
GW240526_093944,GW241210_060606,197.8516455542048,-1.2622733,12.598157,-0.5,-78.22183,-0.24908465,163.264,-1.4824940956332329
GW240526_093944,GW241210_120900,198.1036570382008,-1.2622733,5.6707025,-0.5,-15.583617,-0.134708,101.20961,-0.7851218989916566
GW240526_093944,GW241225_042553,212.78204367650605,-1.2622733,7.5351458,-0.5,-27.998426,-0.53208786,141.66626,-0.9233401220449067
GW240526_093944,GW241225_082815,212.9503587363412,-1.2622733,7.5226674,-0.5,-27.150255,-0.59394544,96.99942,-0.9138971480383802
GW240526_093944,GW241229_155844,217.26319532420348,-1.4549596,3.8886228,-0.5,-7.398127,-0.19776732,81.94597,-0.957496607107384
GW240526_093944,GW241230_084504,217.96203556896083,-1.4549596,3.4460726,-0.5,-6.4677005,-0.13606176,102.66998,-0.9471378566304527
GW240526_093944,GW241230_233618,218.58094206742942,-1.4549596,10.815161,-0.5,-57.43966,-0.07518498,146.66342,-1.5146257188737464
GW240526_093944,GW241231_054133,218.8345944309345,-1.4549596,15.86512,-0.5,-124.16509,-0.5768279,156.09245,-2.2575022835809206
GW240526_093944,GW250101_011205,219.6474579917253,-1.4549596,10.625095,-0.5,-55.329865,-0.0022480811,138.97266,-1.4911366698198538
GW240526_093944,GW250104_015122,222.67474143719232,-1.4549596,10.600259,-0.5,-55.23314,-0.15449595,150.71132,-1.4900597928823767
GW240526_093944,GW250108_152221,227.23792866979485,-1.4549596,4.8636675,-0.5,-10.655299,-0.14530875,61.862556,-0.9937597934901188
GW240526_093944,GW250109_010541,227.64301862182717,-1.4549596,13.106744,-0.5,-84.549,-0.21236844,152.96886,-1.8164431172718467
GW240526_093944,GW250109_074552,227.92092254010063,-1.4549596,3.066447,-0.5,-5.1254616,-0.10319414,86.640236,-0.9321942620330754
GW240526_093944,GW250114_082203,232.94604803906822,-1.4549596,10.484074,-0.5,-53.204624,-2.0694482,99.73391,-1.4674756585195565
GW240526_093944,GW250116_015318,234.67608453917833,-1.4549596,0.28689408,1.0,0.4772481,-0.20960607,5.0603976,-0.8698174214224856
GW240526_093944,GW250118_023225,236.70325545169138,-1.4549596,9.166415,-0.5,-41.314846,-0.076931275,147.8893,-1.335102782176888
GW240526_093944,GW250118_055802,236.84603935186786,-1.4549596,7.475426,-0.5,-26.824455,-0.05162268,97.77191,-1.173776415576647
GW240526_093944,GW250118_170523,237.30947388735635,-1.4549596,10.189721,-0.5,-50.852222,-0.32068524,136.88992,-1.4412855832994835
GW240526_093944,GW250119_025138,237.71659843487873,-1.4549596,1.3974743,0.5,0.36364472,-0.3774167,16.344624,-0.8710822058815814
GW240526_093944,GW250119_190238,238.3908986685508,-1.4549596,16.361748,-0.5,-132.06786,-0.729562,153.15582,-2.3454863910918773
GW240527_183429,GW240527_230910,0.19075586697017705,1.0956955,6.738243,-0.5,-21.89036,-0.10856774,102.64614,2.3692828466063798
GW240527_183429,GW240530_012417,2.284594002622697,1.706399,3.6607616,-0.5,-6.2167754,-0.07338455,65.69701,3.378944343237479
GW240527_183429,GW240531_040326,3.395109888712565,1.2372308,4.5232263,-0.5,-9.782974,-0.120486766,82.69066,2.697633769305855
GW240527_183429,GW240531_075248,3.5543911856192127,1.2099575,3.694768,-0.5,-6.530881,-0.065604426,72.880356,2.69654305025914
GW240527_183429,GW240601_061200,4.484389884811309,0.9949764,5.081804,-0.5,-12.276997,-0.009790727,84.5438,2.3385741097874413
GW240527_183429,GW240601_231004,5.191376996211432,0.790937,4.3783655,-0.5,-9.030134,-0.05130498,75.8312,2.095690207541762
GW240527_183429,GW240612_081540,15.570273315542273,0.035988156,5.8893437,-0.5,-17.25762,-0.15524535,129.04356,0.9716670956778799
GW240527_183429,GW240615_113620,18.70962568472933,0.09474692,0.5837561,1.0,0.65831745,-0.9607007,8.816851,1.2514862531033777
GW240527_183429,GW240615_160735,18.897989526396547,0.09474692,8.342539,-0.5,-34.26687,-0.06553869,146.14543,0.8626524767869124
GW240527_183429,GW240618_071627,21.52914470758979,0.09474692,4.4241877,-0.5,-9.944444,-0.21218707,109.42486,1.1334421673076
GW240527_183429,GW240621_195059,25.0531293405896,0.3320092,1.348636,0.5,-0.09168937,-1.0133116,20.481499,1.5676021509138152
GW240527_183429,GW240621_200935,25.066047159116025,0.3320092,5.4286294,-0.5,-14.101105,-0.07960198,90.38001,1.4116306444278357
GW240527_183429,GW240621_214041,25.129313097353336,0.5727229,4.4103055,-0.5,-9.70029,-0.21870428,99.55184,1.7898123466969744
GW240527_183429,GW240622_004008,25.253927573426456,0.5727229,3.6815155,-0.5,-6.062387,-0.25568685,58.87504,1.8303143345011115
GW240527_183429,GW240627_131622,30.779087381219423,0.2735977,1.3783414,0.5,-0.380786,-0.0034907772,23.703104,1.4845033884567544
GW240527_183429,GW240629_145256,32.846154860696856,0.2735977,2.1845312,0.1,-1.6445659,-0.24393758,34.464455,1.470433303754083
GW240527_183429,GW240630_101703,33.65456386488897,0.2735977,2.1979427,0.1,-1.8772058,-0.037384503,38.38532,1.4678432458469186
GW240527_183429,GW240703_191355,37.02738689295671,0.104784556,1.2420918,0.5,-1.4358996,-0.02757225,39.58052,1.2418975194284645
GW240527_183429,GW240705_053215,38.45679252234598,0.104784556,2.7102551,0.1,-3.0744052,-0.34713882,45.932045,1.2236554888568363
GW240527_183429,GW240716_034900,49.38508625290736,-0.20667636,2.9275525,0.1,-4.789455,-0.26594907,86.10279,0.778625583220452
GW240527_183429,GW240824_205609,89.09838236397616,-0.7066782,6.9615407,-0.5,-23.60367,-0.13698852,116.25231,-0.11461256309063036
GW240527_183429,GW240825_055146,89.47034613829244,-0.7066782,3.3728666,-0.5,-5.079067,-0.039008807,56.856327,0.09162803613328213
GW240527_183429,GW240830_211120,95.1089272762228,-0.7066782,4.5306487,-0.5,-9.637459,-0.11474057,75.731064,0.04087793829359809
GW240527_183429,GW240902_143306,97.83238110961186,-0.7066782,2.5985627,0.1,-2.8124204,-0.07462909,44.805233,0.11686337369110139
GW240527_183429,GW240907_153833,102.87783223470052,-0.8908795,4.7476234,-0.5,-11.060735,-0.020421848,97.740654,-0.22687076154192126
GW240527_183429,GW240908_082628,103.57777024490414,-0.8908795,7.700677,-0.5,-29.0161,-0.11742882,128.1934,-0.4267738469788227
GW240527_183429,GW240908_125134,103.76186604694912,-0.8908795,5.24446,-0.5,-13.474554,-0.15888749,104.339226,-0.2537446192163489
GW240527_183429,GW240910_103535,105.66743567059437,-0.8908795,8.199847,-0.5,-32.91097,-0.5917096,131.56682,-0.4701367244687129
GW240527_183429,GW240915_001357,110.23574843644543,-0.8908795,7.5833564,-0.5,-28.155361,-0.4168245,128.52217,-0.41719095456755895
GW240527_183429,GW240915_105151,110.6787268857244,-0.8908795,1.3576211,0.5,-1.2211355,-0.33406824,36.046375,-0.1173232123797549
GW240527_183429,GW240916_184352,112.00651918281008,-0.8908795,6.618676,-0.5,-21.370762,-0.006939645,115.91374,-0.34165574151603206
GW240527_183429,GW240919_061559,114.48715438225479,-0.8908795,1.8742588,0.5,-0.93266755,-0.51545775,28.378277,-0.11411160228952605
GW240527_183429,GW240920_073424,115.54161357684268,-0.8908795,0.4965838,1.0,0.53797585,-0.286407,8.155141,-0.09773843747202154
GW240527_183429,GW240920_124024,115.75411829117547,-0.8908795,4.396317,-0.5,-8.890579,-1.3111073,68.26822,-0.20270969430689084
GW240527_183429,GW240921_201835,117.07230012678438,-1.2459191,5.325889,-0.5,-14.082149,-0.13966087,115.77731,-0.7460404972934624
GW240527_183429,GW240922_142106,117.82404321945928,-1.2459191,5.8020153,-0.5,-16.105433,-0.23971519,92.237366,-0.7685663942568302
GW240527_183429,GW240923_204006,119.08723440367315,-1.2459191,5.416347,-0.5,-14.105979,-0.15784143,93.45639,-0.7463058092601929
GW240527_183429,GW240924_000316,119.22832741521023,-1.2459191,5.8382077,-0.5,-16.57163,-0.048754934,105.46297,-0.7737567321415921
GW240527_183429,GW240925_005809,120.26644587283884,-1.2459191,3.9319708,-0.5,-6.9281564,-1.134055,60.18413,-0.666392709862172
GW240527_183429,GW240930_035959,125.3927188329647,-1.2459191,1.7874118,0.5,-0.90496004,-0.43693775,28.899574,-0.5993344506541718
GW240527_183429,GW240930_234614,126.21650300980994,-1.2459191,6.65063,-0.5,-21.461666,-0.13255143,109.63025,-0.828199134194435
GW240527_183429,GW241002_030559,127.35521542584179,-1.2459191,5.9672465,-0.5,-17.454702,-0.1534811,114.53922,-0.7835882669266712
GW240527_183429,GW241006_015333,131.3049125653257,-1.2459191,2.772867,0.1,-3.115841,-0.5125987,44.03095,-0.6239489268349072
GW240527_183429,GW241007_082943,132.58002466490424,-1.2459191,9.824417,-0.5,-47.620018,-0.035763506,163.1017,-1.119428814108459
GW240527_183429,GW241009_022835,134.3292433364303,-1.2459191,6.2752967,-0.5,-19.59637,-0.15979986,136.9009,-0.807432176575732
GW240527_183429,GW241009_084816,134.59291368913594,-1.2459191,9.405937,-0.5,-43.580585,-0.20700869,154.93542,-1.0744564608786609
GW240527_183429,GW241009_220455,135.14613958655684,-1.2459191,1.1922628,0.5,-0.15016446,-0.013652797,20.590937,-0.590931059020766
GW240527_183429,GW241011_233834,137.21117939534838,-1.0487857,6.532447,-0.5,-20.537594,-1.2542143,100.14816,-0.5483230247960607
GW240527_183429,GW241101_220523,158.14645845073792,-1.0487857,3.434814,-0.5,-6.460678,-0.07362706,103.9701,-0.3916000140584619
GW240527_183429,GW241102_124058,158.75451078481422,-1.0688436,1.6402936,0.5,-0.53541434,-0.75547767,25.008856,-0.35306210117292236
GW240527_183429,GW241102_144729,158.8423689904395,-1.0688436,6.9521723,-0.5,-23.634666,-0.19092196,121.81475,-0.6102338000209291
GW240527_183429,GW241109_033317,165.37417758630104,-1.0688436,0.746513,1.0,-0.82194215,-0.10328378,22.389605,-0.3562521111337964
GW240527_183429,GW241109_115924,165.7256463908128,-1.0688436,4.1825595,-0.5,-9.340264,-0.18132544,128.62392,-0.45108944066299783
GW240527_183429,GW241110_124123,166.7547987507008,-1.0688436,10.374357,-0.5,-53.08555,-0.028516956,164.77454,-0.9381203182235032
GW240527_183429,GW241111_111552,167.69541105389595,-1.0688436,1.8878052,0.5,-1.0939828,-0.45881823,30.592121,-0.35928083083844314
GW240527_183429,GW241113_163507,169.9171116140264,-1.0688436,3.1404788,-0.5,-5.6348,-0.23816961,102.04477,-0.4098352666768903
GW240527_183429,GW241114_024711,170.34216115843643,-1.0688436,4.5069013,-0.5,-9.658803,-0.08434144,80.33937,-0.4546358381590601
GW240527_183429,GW241114_235258,171.22117004215718,-1.0688436,3.34317,-0.5,-6.1740575,-0.23209995,102.41572,-0.41583900106410443
GW240527_183429,GW241116_151753,172.86347923843948,-1.0688436,4.534177,-0.5,-10.252107,-0.08846244,102.23717,-0.4612412864538527
GW240527_183429,GW241124_024914,180.3435797514739,-1.0688436,7.0760207,-0.5,-24.959967,-0.15295218,155.78351,-0.6249888105580741
GW240527_183429,GW241125_010116,181.2686079316338,-1.0688436,8.672006,-0.5,-37.328606,-0.014009996,172.9096,-0.7626930049477524
GW240527_183429,GW241127_061008,183.48309232721726,-1.0688436,10.670426,-0.5,-56.132076,-1.1070291,163.74342,-0.9720383317784981
GW240527_183429,GW241129_021832,185.32226346095402,-1.2622733,9.639388,-0.5,-45.766,-0.4907071,155.8188,-1.1211524476799533
GW240527_183429,GW241130_034908,186.3851799917773,-1.2622733,2.7815366,0.1,-3.1940458,-0.30461258,45.38031,-0.6471846567915989
GW240527_183429,GW241130_110422,186.68741964136285,-1.2622733,7.4795346,-0.5,-27.456621,-0.041648977,132.14635,-0.9173080228057987
GW240527_183429,GW241201_055758,187.4746478123825,-1.2622733,7.054298,-0.5,-24.762575,-0.12288425,151.93204,-0.8873143074800129
GW240527_183429,GW241210_060606,196.48029851581762,-1.2622733,1.0724349,1.0,-0.048605867,-0.2297877,18.840218,-0.6121654222731556
GW240527_183429,GW241210_120900,196.73230999981362,-1.2622733,3.5197637,-0.5,-6.065329,-0.15400493,75.42678,-0.6791516139435805
GW240527_183429,GW241225_042553,211.41069663811888,-1.2622733,1.9451345,0.5,-1.83603,-0.5127909,43.239197,-0.6320654129948613
GW240527_183429,GW241225_082815,211.57901169795406,-1.2622733,4.459906,-0.5,-9.413463,-0.5746485,78.13647,-0.716427504639856
GW240527_183429,GW241229_155844,215.89184828581634,-1.4549596,3.948344,-0.5,-7.9073377,-0.21706426,95.47825,-0.9631658188645439
GW240527_183429,GW241230_084504,216.5906885305737,-1.4549596,2.561931,0.1,-3.9588516,-0.11676482,82.15461,-0.9192060027214788
GW240527_183429,GW241230_233618,217.20959502904228,-1.4549596,1.9030489,0.5,-1.3347452,-0.05588804,34.285397,-0.8899909485011885
GW240527_183429,GW241231_054133,217.46324739254734,-1.4549596,1.8549182,0.5,-0.93186593,-0.55753094,28.584984,-0.8855055592067536
GW240527_183429,GW250101_011205,218.27611095333816,-1.4549596,2.5128362,0.1,-2.6408195,-0.02154502,44.368237,-0.904531911378605
GW240527_183429,GW250104_015122,221.30339439880518,-1.4549596,1.8362458,0.5,-1.2645347,-0.13519901,33.99894,-0.8892092720043632
GW240527_183429,GW250108_152221,225.86658163140768,-1.4549596,6.630601,-0.5,-21.435808,-0.1260118,115.31536,-1.1137828054963643
GW240527_183429,GW250109_010541,226.27167158344002,-1.4549596,1.8112124,0.5,-1.0052946,-0.1930715,30.138683,-0.8863230647107716
GW240527_183429,GW250109_074552,226.5495755017135,-1.4549596,2.896104,0.1,-4.7799306,-0.083897196,88.74484,-0.928347350000021
GW240527_183429,GW250114_082203,231.57470100068107,-1.4549596,5.526647,-0.5,-14.45651,-2.0501513,84.02948,-1.0360799401640703
GW240527_183429,GW250116_015318,233.3047375007912,-1.4549596,8.289756,-0.5,-34.214687,-0.228903,176.20325,-1.2560543409339275
GW240527_183429,GW250118_023225,235.33190841330423,-1.4549596,1.8516384,0.5,-1.4496157,-0.09622822,37.07808,-0.8912698407314061
GW240527_183429,GW250118_055802,235.47469231348072,-1.4549596,4.926041,-0.5,-11.616541,-0.03232574,86.9753,-1.0044616190538518
GW240527_183429,GW250118_170523,235.9381268489692,-1.4549596,2.2105126,0.1,-1.9565297,-0.3013883,39.61414,-0.8969134840405155
GW240527_183429,GW250119_025138,236.34525139649156,-1.4549596,9.554671,-0.5,-45.013016,-0.35811976,159.15677,-1.376275742331015
GW240527_183429,GW250119_190238,237.01955163016365,-1.4549596,1.5625632,0.5,-0.39288625,-0.71026504,23.60971,-0.8795049181836865
GW240527_230910,GW240530_012417,2.09383813565252,1.3380204,9.340149,-0.5,-41.956516,-0.035183184,92.96961,2.4772690011346588
GW240527_230910,GW240531_040326,3.2043540217423883,1.2372308,14.183875,-0.5,-99.04407,-0.22905451,149.58199,1.703860167474653
GW240527_230910,GW240531_075248,3.363635318649036,1.2372308,10.524018,-0.5,-54.23147,-0.17417216,135.6316,2.20277382100755
GW240527_230910,GW240601_061200,4.293634017841131,0.9949764,21.31135,-0.5,-224.81325,-0.09877701,156.29291,-0.027663052614550487
GW240527_230910,GW240601_231004,5.000621129241255,0.790937,8.782597,-0.5,-36.6519,-0.057262756,77.05434,1.7881678373935472
GW240527_230910,GW240612_081540,15.379517448572097,0.035988156,2.4750001,0.1,-2.3537662,-0.26381308,39.68628,1.13759668276668
GW240527_230910,GW240615_113620,18.518869817759153,0.09474692,44.979145,-0.5,-1006.93823,-0.852133,101.868675,-9.966423110711286
GW240527_230910,GW240615_160735,18.70723365942637,0.09474692,11.449623,-0.5,-63.7179,-0.043029048,104.87048,0.5347643022426218
GW240527_230910,GW240618_071627,21.33838884061961,0.09474692,2.6374996,0.1,-3.1825514,-0.3207548,52.002644,1.2087245758958702
GW240527_230910,GW240621_195059,24.86237347361942,0.3320092,33.548134,-0.5,-558.5145,-0.90474385,92.780624,-4.64950604872155
GW240527_230910,GW240621_200935,24.87529129214585,0.3320092,13.04499,-0.5,-82.8198,-0.028965758,96.02966,0.6465624134040326
GW240527_230910,GW240621_214041,24.938557230383157,0.3320092,4.066879,-0.5,-7.6690145,-0.32727203,68.84072,1.4832412566492628
GW240527_230910,GW240622_004008,25.063171706456277,0.3320092,23.400908,-0.5,-271.0317,-0.14711912,133.92816,-1.4488636852985843
GW240527_230910,GW240627_131622,30.588331514249244,0.2735977,10.387184,-0.5,-51.975113,-0.11205851,88.58988,0.9100864920545707
GW240527_230910,GW240629_145256,32.655398993726685,0.2735977,13.401227,-0.5,-86.79248,-0.13536984,68.21427,0.5224530949820101
GW240527_230910,GW240630_101703,33.46380799791879,0.2735977,15.561162,-0.5,-119.223114,-0.071183234,140.9186,0.16139200583331226
GW240527_230910,GW240703_191355,36.83663102598654,0.104784556,4.9672604,-0.5,-12.753392,-0.080995485,139.83098,1.1158960893156462
GW240527_230910,GW240705_053215,38.2660366553758,0.104784556,16.547642,-0.5,-134.81607,-0.23857109,132.6153,-0.2430685304705268
GW240527_230910,GW240716_034900,49.194330385937185,-0.20667636,1.3700887,0.5,-1.1446247,-0.15738134,34.71565,0.8192046970901539
GW240527_230910,GW240824_205609,88.90762649700598,-0.7066782,6.356512,-0.5,-17.967125,-0.24555627,47.513756,-0.05185902053748295
GW240527_230910,GW240825_055146,89.27959027132226,-0.7066782,20.390987,-0.5,-205.75122,-0.069558926,159.47588,-2.1425221599884754
GW240527_230910,GW240830_211120,94.91817140925262,-0.7066782,20.034603,-0.5,-198.46672,-0.006172835,150.47238,-2.0614213839479665
GW240527_230910,GW240902_143306,97.64162524264168,-0.7066782,10.58389,-0.5,-54.058983,-0.03393865,91.23424,-0.4536817449807298
GW240527_230910,GW240907_153833,102.68707636773034,-0.8908795,5.487034,-0.5,-14.097727,-0.12898958,77.76214,-0.2606826099634386
GW240527_230910,GW240908_082628,103.38701437793397,-0.8908795,5.3093424,-0.5,-11.827415,-0.00886108,39.06338,-0.23540647437327733
GW240527_230910,GW240908_125134,103.57111017997894,-0.8908795,9.1723995,-0.5,-40.96016,-0.26745522,120.583115,-0.5597510544613333
GW240527_230910,GW240910_103535,105.4766798036242,-0.8908795,19.036873,-0.5,-178.48227,-0.48314187,111.738365,-2.090830696940691
GW240527_230910,GW240915_001357,110.04499256947527,-0.8908795,4.5767736,-0.5,-8.377496,-0.30825678,36.683098,-0.19699736457722844
GW240527_230910,GW240915_105151,110.48797101875422,-0.8908795,3.6058161,-0.5,-6.4202633,-0.2255005,79.16154,-0.1752068408656518
GW240527_230910,GW240916_184352,111.8157633158399,-0.8908795,15.071578,-0.5,-111.74512,-0.11550738,137.90176,-1.3478236634706233
GW240527_230910,GW240919_061559,114.29639851528461,-0.8908795,33.459812,-0.5,-555.3553,-0.40689003,83.72159,-6.286684027042312
GW240527_230910,GW240920_073424,115.3508577098725,-0.8908795,16.178219,-0.5,-128.45271,-0.17783925,110.56599,-1.533834915373713
GW240527_230910,GW240920_124024,115.5633624242053,-0.8908795,20.292517,-0.5,-202.53282,-1.2025394,86.435814,-2.3585935397679427
GW240527_230910,GW240921_201835,116.8815442598142,-1.2459191,4.8076997,-0.5,-10.818172,-0.03109313,75.9518,-0.7097015598211391
GW240527_230910,GW240922_142106,117.6332873524891,-1.2459191,15.761447,-0.5,-121.34546,-0.13114746,85.951836,-1.940238804791338
GW240527_230910,GW240923_204006,118.89647853670297,-1.2459191,18.121143,-0.5,-162.2432,-0.04927369,156.64761,-2.395566972754688
GW240527_230910,GW240924_000316,119.03757154824005,-1.2459191,1.3823332,0.5,0.6652581,-0.059812803,14.051384,-0.5818526869027678
GW240527_230910,GW240925_005809,120.07569000586868,-1.2459191,34.917046,-0.5,-605.7657,-1.0254873,117.34058,-7.333451198941498
GW240527_230910,GW240930_035959,125.20196296599453,-1.2459191,18.343323,-0.5,-165.6289,-0.32837,113.70751,-2.433261233071624
GW240527_230910,GW240930_234614,126.02574714283976,-1.2459191,8.0248575,-0.5,-29.82704,-0.02398369,56.02327,-0.9213336362726078
GW240527_230910,GW241002_030559,127.16445955887161,-1.2459191,1.7654395,0.5,-0.2795993,-0.044913363,21.291193,-0.5923721005353968
GW240527_230910,GW241006_015333,131.11415669835552,-1.2459191,26.890085,-0.5,-358.6525,-0.40403098,145.20226,-4.5822574150915845
GW240527_230910,GW241007_082943,132.38926879793405,-1.2459191,8.893273,-0.5,-37.24976,-0.14433125,64.51406,-1.0039732599434243
GW240527_230910,GW241009_022835,134.13848746946013,-1.2459191,4.8803153,-0.5,-11.183315,-0.2683676,77.61694,-0.7137668169774458
GW240527_230910,GW241009_084816,134.40215782216578,-1.2459191,10.411417,-0.5,-51.818455,-0.098440945,72.386345,-1.1661714144004087
GW240527_230910,GW241009_220455,134.95538371958668,-1.2459191,14.201074,-0.5,-98.89785,-0.09491494,123.21255,-1.6903220671416292
GW240527_230910,GW241011_233834,137.02042352837822,-1.0487857,35.289154,-0.5,-618.8922,-1.1456465,122.47296,-7.210005097678116
GW240527_230910,GW241101_220523,157.95570258376776,-1.0487857,1.7789676,0.5,-1.8651788,-0.03494068,46.839626,-0.340436783717038
GW240527_230910,GW241102_124058,158.56375491784402,-1.0688436,34.47065,-0.5,-590.1021,-0.64690995,106.06011,-6.9169053151037785
GW240527_230910,GW241102_144729,158.65161312346933,-1.0688436,4.788673,-0.5,-9.63821,-0.08235422,43.89498,-0.45440657285981195
GW240527_230910,GW241109_033317,165.18342171933088,-1.0688436,3.1412487,-0.5,-5.192143,-0.0052839587,81.70532,-0.4049070183248145
GW240527_230910,GW241109_115924,165.53489052384265,-1.0688436,1.7372253,0.5,-1.8334231,-0.0727577,46.702663,-0.36751326723608285
GW240527_230910,GW241110_124123,166.5640428837306,-1.0688436,16.643883,-0.5,-135.62756,-0.08005078,90.05301,-1.8570881768832113
GW240527_230910,GW241111_111552,167.50465518692576,-1.0688436,14.666599,-0.5,-104.9752,-0.3502505,92.31222,-1.5158251279194097
GW240527_230910,GW241113_163507,169.72635574705623,-1.0688436,4.8501043,-0.5,-12.228006,-0.12960187,139.96803,-0.48323963858054
GW240527_230910,GW241114_024711,170.15140529146626,-1.0688436,10.95383,-0.5,-58.286068,-0.024226302,106.63538,-0.9960194417330692
GW240527_230910,GW241114_235258,171.030414175187,-1.0688436,1.8794136,0.5,-2.0804608,-0.123532206,50.27107,-0.3702636200018087
GW240527_230910,GW241116_151753,172.67272337146932,-1.0688436,2.7929518,0.1,-3.2956982,-0.19703019,47.18573,-0.3837932641592355
GW240527_230910,GW241124_024914,180.1528238845037,-1.0688436,6.169008,-0.5,-18.33695,-0.2615199,99.796875,-0.5512525544917838
GW240527_230910,GW241125_010116,181.0778520646636,-1.0688436,5.6115494,-0.5,-14.648467,-0.09455774,74.141624,-0.5101874370480007
GW240527_230910,GW241127_061008,183.29233646024707,-1.0688436,17.614645,-0.5,-151.40456,-0.9984613,62.263092,-2.032738714057975
GW240527_230910,GW241129_021832,185.13150759398386,-1.2622733,8.851488,-0.5,-36.56155,-0.38213935,54.786148,-1.0186762420266082
GW240527_230910,GW241130_034908,186.1944241248071,-1.2622733,21.936249,-0.5,-238.10635,-0.19604483,144.15091,-3.2625419440726944
GW240527_230910,GW241130_110422,186.49666377439266,-1.2622733,7.777049,-0.5,-28.47307,-0.06691876,73.43334,-0.9286244891748008
GW240527_230910,GW241201_055758,187.2838919454123,-1.2622733,3.9776382,-0.5,-7.136497,-0.23145199,61.733322,-0.6910772849193978
GW240527_230910,GW241210_060606,196.28954264884746,-1.2622733,12.78469,-0.5,-79.91564,-0.12121997,118.30714,-1.5013518433668063
GW240527_230910,GW241210_120900,196.54155413284346,-1.2622733,3.2490435,-0.5,-4.484381,-0.26257268,49.93732,-0.6615503925182655
GW240527_230910,GW241225_042553,211.2199407711487,-1.2622733,5.6311097,-0.5,-15.198813,-0.4042232,92.72638,-0.7808377499069796
GW240527_230910,GW241225_082815,211.38825583098387,-1.2622733,8.835209,-0.5,-37.202114,-0.46608073,80.95227,-1.0258078548733176
GW240527_230910,GW241229_155844,215.70109241884614,-1.4549596,7.577178,-0.5,-28.339245,-0.325632,144.11993,-1.1906410745817593
GW240527_230910,GW241230_084504,216.39993266360352,-1.4549596,3.7102568,-0.5,-7.315679,-0.008197084,105.29097,-0.956578685886808
GW240527_230910,GW241230_233618,217.0188391620721,-1.4549596,6.887484,-0.5,-22.081049,-0.052679695,69.419,-1.12096648693139
GW240527_230910,GW241231_054133,217.27249152557718,-1.4549596,28.832535,-0.5,-412.0723,-0.44896322,109.74752,-5.462869467925733
GW240527_230910,GW250101_011205,218.085355086368,-1.4549596,7.4725857,-0.5,-26.147192,-0.13011275,70.40338,-1.1662362172047365
GW240527_230910,GW250104_015122,221.112638531835,-1.4549596,8.294228,-0.5,-32.924614,-0.026631271,90.79477,-1.2416915223860212
GW240527_230910,GW250108_152221,225.67582576443752,-1.4549596,4.0345125,-0.5,-6.25544,-0.017444067,35.96588,-0.9447746923216971
GW240527_230910,GW250109_010541,226.08091571646983,-1.4549596,10.881709,-0.5,-56.934357,-0.08450376,79.89017,-1.5090000179393679
GW240527_230910,GW250109_074552,226.3588196347433,-1.4549596,2.5796032,0.1,-3.6422687,-0.02467054,69.02509,-0.9156813792175638
GW240527_230910,GW250114_082203,231.3839451337109,-1.4549596,45.704582,-0.5,-1040.298,-1.9415836,130.74489,-12.457116035190845
GW240527_230910,GW250116_015318,233.11398163382103,-1.4549596,5.3486853,-0.5,-13.4785185,-0.33747074,80.90615,-1.0251916381287636
GW240527_230910,GW250118_023225,235.14115254633404,-1.4549596,7.3224998,-0.5,-25.732641,-0.20479596,97.69111,-1.161620884717376
GW240527_230910,GW250118_055802,235.28393644651052,-1.4549596,7.7941,-0.5,-28.601257,-0.076242,73.42655,-1.1935581471661818
GW240527_230910,GW250118_170523,235.747370981999,-1.4549596,7.393097,-0.5,-25.657001,-0.19282056,73.249016,-1.1607787623654762
GW240527_230910,GW250119_025138,236.1544955295214,-1.4549596,9.53686,-0.5,-43.21512,-0.24955203,70.39248,-1.356259149980152
GW240527_230910,GW250119_190238,236.82879576319345,-1.4549596,36.237408,-0.5,-651.9857,-0.6016973,83.49567,-8.133905826048089
GW240530_012417,GW240531_040326,1.110515886089868,0.98100364,8.178466,-0.5,-32.48952,-0.19387132,116.01589,2.0944329898430216
GW240530_012417,GW240531_075248,1.2697971829965158,0.7966598,2.7534068,0.1,-3.07765,-0.13898897,44.063866,2.169787398046944
GW240530_012417,GW240601_061200,2.1997958821886114,1.706399,5.76729,-0.5,-15.340646,-0.06359383,69.158775,3.277365243048716
GW240530_012417,GW240601_231004,2.9067829935887346,1.130381,1.3219832,0.5,0.26683658,-0.022079572,17.08316,2.663400169822989
GW240530_012417,GW240612_081540,13.285679312919576,0.5157103,4.3460617,-0.5,-9.035248,-0.2286299,80.97329,1.7192493694243878
GW240530_012417,GW240615_113620,16.42503168210663,0.52348214,5.831809,-0.5,-15.301795,-0.88731617,56.883995,1.6601101293246068
GW240530_012417,GW240615_160735,16.61339552377385,0.52348214,7.083778,-0.5,-23.989891,-0.007845865,93.416115,1.563382650448385
GW240530_012417,GW240618_071627,19.244550704967093,0.09474692,6.578576,-0.5,-21.551455,-0.2855716,143.94296,1.00421743383637
GW240530_012417,GW240621_195059,22.768535337966902,0.3320092,8.475517,-0.5,-34.240124,-0.93992704,83.75831,1.1874162105978638
GW240530_012417,GW240621_200935,22.781453156493328,0.3320092,12.973819,-0.5,-82.87264,-0.0062174266,155.7958,0.6459741148025997
GW240530_012417,GW240621_214041,22.84471909473064,0.3320092,1.9485865,0.5,-1.5709469,-0.29208884,37.811707,1.5511330817708249
GW240530_012417,GW240622_004008,22.96933357080376,0.3320092,10.088057,-0.5,-49.436165,-0.1823023,111.77641,1.0182336028851289
GW240530_012417,GW240627_131622,28.494493378596726,0.5727229,6.6674547,-0.5,-21.06113,-0.07687533,85.05981,1.6633283066525182
GW240530_012417,GW240629_145256,30.561560858074163,0.2735977,6.261486,-0.5,-18.09745,-0.17055303,67.415764,1.2872578402620007
GW240530_012417,GW240630_101703,31.36996986226627,0.2735977,5.3723116,-0.5,-13.319902,-0.03600005,70.461365,1.3404478780960265
GW240530_012417,GW240703_191355,34.742792890334016,0.104784556,2.7853856,0.1,-4.4033294,-0.0458123,82.74354,1.2088601315342915
GW240530_012417,GW240705_053215,36.17219851972328,0.104784556,3.6763904,-0.5,-5.5378537,-0.27375427,45.65828,1.1962290925739305
GW240530_012417,GW240716_034900,47.10049225028466,-0.20667636,4.2035146,-0.5,-9.172025,-0.19256452,113.73127,0.729832968071114
GW240530_012417,GW240824_205609,86.81378836135346,-0.7066782,5.2164564,-0.5,-12.329955,-0.21037307,63.00603,0.0109014765273584
GW240530_012417,GW240825_055146,87.18575213566974,-0.7066782,6.346344,-0.5,-18.897932,-0.034375742,78.0315,-0.06222200742688133
GW240530_012417,GW240830_211120,92.8243332736001,-0.7066782,4.8798456,-0.5,-10.634367,-0.04135602,59.04865,0.029779026038503076
GW240530_012417,GW240902_143306,95.54778710698916,-0.7066782,8.533653,-0.5,-35.254852,-0.0012445352,109.39038,-0.2443290707880113
GW240530_012417,GW240907_153833,100.59323823207782,-0.8908795,1.9395254,0.5,-1.2951376,-0.0938064,33.07775,-0.11814710302800185
GW240530_012417,GW240908_082628,101.29317624228145,-0.8908795,6.709957,-0.5,-21.224009,-0.044044264,80.56015,-0.34002188782368253
GW240530_012417,GW240908_125134,101.47727204432643,-0.8908795,3.3469608,-0.5,-4.914035,-0.23227204,54.26188,-0.1584374958322598
GW240530_012417,GW240910_103535,103.38284166797168,-0.8908795,7.0934896,-0.5,-23.724243,-0.5183251,79.13769,-0.3678578358311242
GW240530_012417,GW240915_001357,107.95115443382274,-0.8908795,10.091653,-0.5,-49.700756,-0.34343994,125.337395,-0.6570630414646754
GW240530_012417,GW240915_105151,108.3941328831017,-0.8908795,1.6912017,0.5,-1.5206167,-0.2606837,40.44711,-0.12065743621809477
GW240530_012417,GW240916_184352,109.72192518018738,-0.8908795,8.895534,-0.5,-38.464195,-0.080324195,117.24963,-0.5319626519552131
GW240530_012417,GW240919_061559,112.20256037963209,-0.8908795,8.904962,-0.5,-37.95779,-0.44207323,87.37476,-0.5263246771040129
GW240530_012417,GW240920_073424,113.25701957421998,-0.8908795,5.830583,-0.5,-15.657207,-0.21302243,68.17543,-0.2780448191555588
GW240530_012417,GW240920_124024,113.46952428855278,-0.8908795,12.75151,-0.5,-79.725494,-1.2377226,132.6134,-0.9913384943704955
GW240530_012417,GW240921_201835,114.78770612416169,-0.8908795,9.166083,-0.5,-41.5777,-0.06627631,168.91183,-0.5666263590450015
GW240530_012417,GW240922_142106,115.53944921683659,-0.8908795,2.4275696,0.1,-1.4733884,-0.16633064,26.565134,-0.12013162868214078
GW240530_012417,GW240923_204006,116.80264040105045,-1.2459191,6.095667,-0.5,-17.424368,-0.084456876,78.23849,-0.7832505430977226
GW240530_012417,GW240924_000316,116.94373341258753,-1.2459191,5.8849387,-0.5,-16.322123,-0.024629619,81.8281,-0.7709788772019499
GW240530_012417,GW240925_005809,117.98185187021615,-1.2459191,2.437889,0.1,-1.3312232,-1.0606705,24.537603,-0.604080181562991
GW240530_012417,GW240930_035959,123.108124830342,-1.2459191,3.6869628,-0.5,-5.3937225,-0.3635532,41.784645,-0.6493093447362541
GW240530_012417,GW240930_234614,123.93190900718724,-1.2459191,12.55519,-0.5,-77.4905,-0.059166875,147.89053,-1.4519868954761512
GW240530_012417,GW241002_030559,125.0706214232191,-1.2459191,5.3850102,-0.5,-13.702118,-0.08009654,82.63078,-0.7418094891721871
GW240530_012417,GW241006_015333,129.020318562703,-1.2459191,6.090267,-0.5,-17.067663,-0.43921414,66.48477,-0.7792792302459473
GW240530_012417,GW241007_082943,130.29543066228155,-1.2459191,10.335396,-0.5,-52.111935,-0.10914806,123.43647,-1.169438824493005
GW240530_012417,GW241009_022835,132.0446493338076,-1.2459191,8.460923,-0.5,-35.372623,-0.23318441,156.6877,-0.9830744745122142
GW240530_012417,GW241009_084816,132.30831968651324,-1.2459191,7.628914,-0.5,-27.771385,-0.13362414,89.73352,-0.8984473469574417
GW240530_012417,GW241009_220455,132.86154558393415,-1.2459191,5.233715,-0.5,-12.545016,-0.059731755,67.28751,-0.7289270897387841
GW240530_012417,GW241011_233834,134.92658539272568,-1.2459191,5.1020093,-0.5,-11.382211,-1.1808296,51.542347,-0.7159811865886763
GW240530_012417,GW241101_220523,155.86186444811523,-1.0487857,4.898962,-0.5,-12.404807,-0.00024250754,137.10657,-0.45777799002243735
GW240530_012417,GW241102_124058,156.46991678219152,-1.0487857,4.17105,-0.5,-7.0402064,-0.68209314,41.60187,-0.3980520967896464
GW240530_012417,GW241102_144729,156.5577749878168,-1.0487857,5.332721,-0.5,-13.119644,-0.1175374,70.35074,-0.4657365102359206
GW240530_012417,GW241109_033317,163.08958358367835,-1.0688436,2.1202683,0.5,-2.631101,-0.029899227,58.70337,-0.3763940804566918
GW240530_012417,GW241109_115924,163.44105238819012,-1.0688436,2.63125,0.1,-3.903566,-0.10794088,75.012985,-0.3905608587522483
GW240530_012417,GW241110_124123,164.4702047480781,-1.0688436,11.231199,-0.5,-61.592873,-0.044867598,122.665726,-1.0328352038857953
GW240530_012417,GW241111_111552,165.41081705127326,-1.0688436,8.318291,-0.5,-33.203068,-0.38543367,94.7073,-0.7167620120968495
GW240530_012417,GW241113_163507,167.6325176114037,-1.0688436,2.2878358,0.1,-3.1859772,-0.16478506,69.50058,-0.38257170418019254
GW240530_012417,GW241114_024711,168.05756715581373,-1.0688436,1.6325861,0.5,-0.29327378,-0.010956882,22.19254,-0.35036626932356285
GW240530_012417,GW241114_235258,168.9365760395345,-1.0688436,4.918441,-0.5,-12.528397,-0.1587154,139.59044,-0.48658398362234895
GW240530_012417,GW241116_151753,170.57888523581678,-1.0688436,2.7288241,0.1,-3.3927612,-0.161847,52.874413,-0.38487389971829994
GW240530_012417,GW241124_024914,178.0589857488512,-1.0688436,6.5165114,-0.5,-20.836699,-0.22633673,122.210686,-0.5790830875359217
GW240530_012417,GW241125_010116,178.9840139290111,-1.0688436,6.6309433,-0.5,-21.304266,-0.059374556,107.85806,-0.5842886722585348
GW240530_012417,GW241127_061008,181.19849832459457,-1.0688436,10.578302,-0.5,-54.321598,-1.0336446,107.100975,-0.9518816723768461
GW240530_012417,GW241129_021832,183.03766945833132,-1.0688436,9.15092,-0.5,-40.465637,-0.41732255,103.661255,-0.7976186263802377
GW240530_012417,GW241130_034908,184.1005859891546,-1.0688436,7.540223,-0.5,-27.060724,-0.23122802,87.02205,-0.6483772474702689
GW240530_012417,GW241130_110422,184.40282563874015,-1.0688436,4.999272,-0.5,-11.42612,-0.031735577,66.9175,-0.4743119673465977
GW240530_012417,GW241201_055758,185.1900538097598,-1.2622733,4.987515,-0.5,-11.980851,-0.19626881,90.7243,-0.7450110998159107
GW240530_012417,GW241210_060606,194.19570451319493,-1.2622733,5.8202386,-0.5,-15.847482,-0.15640315,77.136505,-0.7880595909069337
GW240530_012417,GW241210_120900,194.44771599719093,-1.2622733,2.4123657,0.1,-2.4388273,-0.22738948,43.57279,-0.6387765565954331
GW240530_012417,GW241225_042553,209.12610263549618,-1.2622733,5.68799,-0.5,-15.8073845,-0.4394064,108.097046,-0.7876131749616325
GW240530_012417,GW241225_082815,209.29441769533136,-1.2622733,1.175456,1.0,0.4088817,-0.5012639,15.503713,-0.607072060259467
GW240530_012417,GW241229_155844,213.60725428319364,-1.2622733,3.1359198,-0.5,-4.7716227,-0.2904488,66.654594,-0.6647483477433105
GW240530_012417,GW241230_084504,214.306094527951,-1.2622733,4.877291,-0.5,-12.432616,-0.043380268,145.93974,-0.7500407513190294
GW240530_012417,GW241230_233618,214.92500102641958,-1.2622733,5.5241213,-0.5,-14.2547865,-0.017496511,76.46456,-0.7703275821914719
GW240530_012417,GW241231_054133,215.17865338992465,-1.2622733,9.131418,-0.5,-40.082027,-0.48414642,93.34681,-1.0578708931168206
GW240530_012417,GW250101_011205,215.99151695071546,-1.4549596,7.2778077,-0.5,-25.410814,-0.094929576,97.31022,-1.1580378778223506
GW240530_012417,GW250104_015122,219.01880039618248,-1.4549596,6.75479,-0.5,-21.90138,-0.061814457,97.84987,-1.1189661782518572
GW240530_012417,GW250108_152221,223.581987628785,-1.4549596,5.4153295,-0.5,-13.537068,-0.05262725,70.49966,-1.0258434935347767
GW240530_012417,GW250109_010541,223.98707758081733,-1.4549596,7.1891384,-0.5,-24.552492,-0.119686946,86.24373,-1.1484818903464036
GW240530_012417,GW250109_074552,224.2649814990908,-1.4549596,1.0460849,1.0,-0.98066014,-0.010512644,29.69859,-0.8860488014646288
GW240530_012417,GW250114_082203,229.29010699805838,-1.4549596,13.338497,-0.5,-87.28615,-1.9767668,132.17657,-1.84691666205179
GW240530_012417,GW250116_015318,231.0201434981685,-1.4549596,6.331845,-0.5,-19.55218,-0.30228755,113.05842,-1.0928117356138374
GW240530_012417,GW250118_023225,233.04731441068154,-1.4549596,6.265503,-0.5,-18.960678,-0.16961277,102.57094,-1.0862263545359938
GW240530_012417,GW250118_055802,233.19009831085802,-1.4549596,10.945667,-0.5,-58.831303,-0.041058812,146.34654,-1.5301193516406648
GW240530_012417,GW250118_170523,233.6535328463465,-1.4549596,3.1459122,-0.5,-3.9271858,-0.22800374,43.154835,-0.9188534567576834
GW240530_012417,GW250119_025138,234.06065739386887,-1.4549596,7.865647,-0.5,-29.648857,-0.2847352,94.54938,-1.2052214260084224
GW240530_012417,GW250119_190238,234.73495762754095,-1.4549596,5.3904734,-0.5,-12.827285,-0.6368805,52.628796,-1.0179412358517763
GW240531_040326,GW240531_075248,0.15928129690664786,1.5275474,4.5622416,-0.5,-9.740357,-0.054882348,74.721634,3.095128163910685
GW240531_040326,GW240601_061200,1.0892799960987436,0.98100364,4.2441144,-0.5,-7.7971244,-0.1302775,52.998165,2.3693416996115615
GW240531_040326,GW240601_231004,1.7962671074988665,1.2306377,9.912996,-0.5,-48.06327,-0.17179175,132.67381,2.2624300801077437
GW240531_040326,GW240612_081540,12.175163426829709,0.5157103,7.8157277,-0.5,-30.168293,-0.034758575,148.14232,1.4839681096512891
GW240531_040326,GW240615_113620,15.314515796016764,0.035988156,8.470296,-0.5,-34.28983,-1.0811875,87.73252,0.7820418123253073
GW240531_040326,GW240615_160735,15.502879637683984,0.035988156,6.121689,-0.5,-17.704947,-0.18602546,83.49873,0.9666868583693012
GW240531_040326,GW240618_071627,18.134034818877225,0.52348214,4.413653,-0.5,-9.677826,-0.09170029,97.78987,1.7227236579148408
GW240531_040326,GW240621_195059,21.658019451877035,0.3320092,7.8311744,-0.5,-29.103737,-1.1337984,82.05955,1.2446013234167506
GW240531_040326,GW240621_200935,21.67093727040346,0.3320092,4.2956786,-0.5,-8.0199,-0.20008875,53.711876,1.4793347269319925
GW240531_040326,GW240621_214041,21.73420320864077,0.3320092,7.128288,-0.5,-25.110426,-0.09821752,140.53412,1.2890601894793075
GW240531_040326,GW240622_004008,21.858817684713888,0.3320092,2.4014616,0.1,-1.5295182,-0.37617362,27.892855,1.5515943211781698
GW240531_040326,GW240627_131622,27.383977492506858,0.5727229,6.438446,-0.5,-19.632383,-0.11699599,85.14632,1.6792350267964822
GW240531_040326,GW240629_145256,29.451044971984295,0.2735977,9.987245,-0.5,-48.466457,-0.36442435,113.019966,0.9491495276837782
GW240531_040326,GW240630_101703,30.259453976176403,0.2735977,3.8633945,-0.5,-6.420133,-0.15787128,52.428314,1.417265317296354
GW240531_040326,GW240703_191355,33.63227700424415,0.2735977,1.4910893,0.5,-1.6494782,-0.14805903,44.598385,1.4703786139519128
GW240531_040326,GW240705_053215,35.06168263363342,0.104784556,5.581298,-0.5,-14.431131,-0.46762562,71.99194,1.0972172583401718
GW240531_040326,GW240716_034900,45.989976364194796,0.09330103,4.3240595,-0.5,-9.70245,-0.38643584,117.95879,1.1341590527464978
GW240531_040326,GW240824_205609,85.70327247526359,-0.38587266,12.278115,-0.5,-74.18023,-0.016501758,154.34566,-0.23898345866194173
GW240531_040326,GW240825_055146,86.07523624957987,-0.7066782,3.05188,-0.5,-3.4941103,-0.15949558,39.001835,0.1092738911899459
GW240531_040326,GW240830_211120,91.71381738751023,-0.7066782,4.760521,-0.5,-10.1388445,-0.23522735,59.94505,0.035295843740177024
GW240531_040326,GW240902_143306,94.43727122089929,-0.7066782,5.369144,-0.5,-13.328361,-0.19511586,71.3224,-0.0002141053206519139
GW240531_040326,GW240907_153833,99.48272234598795,-0.7066782,7.569038,-0.5,-28.100313,-0.100064926,131.75279,-0.16467519417739818
GW240531_040326,GW240908_082628,100.18266035619158,-0.8908795,11.919344,-0.5,-69.82848,-0.23791559,149.00824,-0.8811517632054009
GW240531_040326,GW240908_125134,100.36675615823656,-0.8908795,5.181912,-0.5,-12.784217,-0.038400725,85.92872,-0.24605886450732012
GW240531_040326,GW240910_103535,102.2723257818818,-0.8908795,7.202076,-0.5,-24.593456,-0.7121964,84.176186,-0.37753507601477343
GW240531_040326,GW240915_001357,106.84063854773288,-0.8908795,9.151346,-0.5,-40.729347,-0.53731126,118.04639,-0.5571813464640548
GW240531_040326,GW240915_105151,107.28361699701183,-0.8908795,4.817843,-0.5,-11.71734,-0.454555,116.44074,-0.23418097261947657
GW240531_040326,GW240916_184352,108.61140929409751,-0.8908795,2.6089075,0.1,-2.3696735,-0.113547124,35.568382,-0.1301102699703034
GW240531_040326,GW240919_061559,111.09204449354222,-0.8908795,8.487131,-0.5,-34.443066,-0.63594455,88.36924,-0.4871940712268354
GW240531_040326,GW240920_073424,112.14650368813011,-0.8908795,6.1386533,-0.5,-17.585957,-0.40689376,74.89634,-0.2995182383690414
GW240531_040326,GW240920_124024,112.3590084024629,-0.8908795,6.1561584,-0.5,-17.480516,-1.431594,67.520256,-0.2983443380302523
GW240531_040326,GW240921_201835,113.67719023807182,-0.8908795,3.9911966,-0.5,-7.569104,-0.26014763,74.852455,-0.1879972708634931
GW240531_040326,GW240922_142106,114.42893333074672,-0.8908795,10.804021,-0.5,-56.986828,-0.36020195,124.077225,-0.738181315268958
GW240531_040326,GW240923_204006,115.69212451496058,-0.8908795,3.6514866,-0.5,-5.583565,-0.2783282,48.563232,-0.1658916015964293
GW240531_040326,GW240924_000316,115.83321752649766,-0.8908795,11.310683,-0.5,-63.03254,-0.1692417,162.13332,-0.8054902434804218
GW240531_040326,GW240925_005809,116.87133598412629,-1.2459191,8.591653,-0.5,-35.38099,-1.2545418,91.5103,-0.9831676118810377
GW240531_040326,GW240930_035959,121.99760894425214,-1.2459191,7.2108493,-0.5,-24.685358,-0.55742455,85.49578,-0.8640895746767365
GW240531_040326,GW240930_234614,122.82139312109737,-1.2459191,7.6362967,-0.5,-27.914486,-0.2530382,93.80201,-0.900040535337138
GW240531_040326,GW241002_030559,123.96010553712922,-1.2459191,10.13203,-0.5,-50.58223,-0.27396786,159.42918,-1.1524081066132466
GW240531_040326,GW241006_015333,127.90980267661313,-1.2459191,4.6261034,-0.5,-9.319403,-0.6330855,53.01085,-0.6930152548426455
GW240531_040326,GW241007_082943,129.18491477619168,-1.2459191,8.272928,-0.5,-33.00407,-0.084723264,102.92274,-0.9567045800401583
GW240531_040326,GW241009_022835,130.93413344771773,-1.2459191,4.1596785,-0.5,-8.265262,-0.03931308,78.38448,-0.6812791500527577
GW240531_040326,GW241009_084816,131.1978038004234,-1.2459191,9.322826,-0.5,-42.21287,-0.32749546,114.36739,-1.0592292443062838
GW240531_040326,GW241009_220455,131.75102969784427,-1.2459191,4.9323945,-0.5,-11.084256,-0.13413957,65.70088,-0.712663958833686
GW240531_040326,GW241011_233834,133.8160695066358,-1.2459191,7.959886,-0.5,-30.159239,-1.374701,85.06164,-0.925032119914478
GW240531_040326,GW241101_220523,154.75134856202536,-1.0487857,3.6429784,-0.5,-7.0559187,-0.19411384,102.742546,-0.39822702664829335
GW240531_040326,GW241102_124058,155.35940089610165,-1.0487857,8.652357,-0.5,-35.888157,-0.87596446,91.412,-0.7192259769679525
GW240531_040326,GW241102_144729,155.44725910172696,-1.0487857,11.197743,-0.5,-61.66284,-0.31140873,152.78879,-1.0061841639468248
GW240531_040326,GW241109_033317,161.9790676975885,-1.0688436,3.7550597,-0.5,-7.4492803,-0.22377054,104.7854,-0.4300364827324716
GW240531_040326,GW241109_115924,162.33053650210024,-1.0688436,5.097507,-0.5,-13.448941,-0.3018122,146.40352,-0.49683271478603946
GW240531_040326,GW241110_124123,163.35968886198822,-1.0688436,7.1627674,-0.5,-24.27249,-0.14900373,82.114914,-0.617334897956786
GW240531_040326,GW241111_111552,164.30030116518338,-1.0688436,6.473081,-0.5,-19.645998,-0.579305,77.07235,-0.5658266203139847
GW240531_040326,GW241113_163507,166.52200172531383,-1.0688436,2.1186929,0.5,-2.8263786,-0.35865638,64.784225,-0.3785681722967603
GW240531_040326,GW241114_024711,166.94705126972386,-1.0688436,7.395517,-0.5,-26.371065,-0.2048282,103.780464,-0.64069904185714
GW240531_040326,GW241114_235258,167.82606015344462,-1.0688436,3.4733694,-0.5,-6.4799705,-0.35258672,99.31783,-0.41924483248334804
GW240531_040326,GW241116_151753,169.4683693497269,-1.0688436,8.210187,-0.5,-33.404922,-0.032024324,161.63408,-0.7190093280436315
GW240531_040326,GW241124_024914,176.94846986276133,-1.0688436,3.84415,-0.5,-7.026914,-0.032465406,73.32676,-0.42533413921712315
GW240531_040326,GW241125_010116,177.87349804292123,-1.0688436,6.2105336,-0.5,-18.649784,-0.13449676,103.311165,-0.5547354376535663
GW240531_040326,GW241127_061008,180.0879824385047,-1.0688436,10.583883,-0.5,-54.49257,-1.2275158,113.324844,-0.9537851487714188
GW240531_040326,GW241129_021832,181.92715357224145,-1.0688436,10.208774,-0.5,-50.795887,-0.61119384,120.99085,-0.9126287520344558
GW240531_040326,GW241130_034908,182.99007010306474,-1.0688436,3.2035615,-0.5,-3.8518658,-0.42509934,38.62049,-0.3899852640794288
GW240531_040326,GW241130_110422,183.29230975265028,-1.0688436,9.030056,-0.5,-39.76627,-0.16213575,124.89886,-0.7898323338525371
GW240531_040326,GW241201_055758,184.07953792366993,-1.0688436,6.6431856,-0.5,-21.645184,-0.0023974846,123.03806,-0.5880842217720174
GW240531_040326,GW241210_060606,193.08518862710505,-1.2622733,4.6600513,-0.5,-9.834762,-0.35027447,63.85887,-0.7211179670886618
GW240531_040326,GW241210_120900,193.33720011110108,-1.2622733,8.434876,-0.5,-35.13917,-0.033518165,155.16145,-1.002840426049197
GW240531_040326,GW241225_042553,208.01558674940634,-1.2622733,3.648676,-0.5,-6.320244,-0.6332777,70.49669,-0.6819896652252821
GW240531_040326,GW241225_082815,208.1839018092415,-1.2622733,9.468484,-0.5,-43.79382,-0.69513524,129.16855,-1.0991955147137518
GW240531_040326,GW241229_155844,212.49673839710377,-1.2622733,2.9141252,0.1,-4.1272035,-0.09657749,62.766933,-0.657573813349238
GW240531_040326,GW241230_084504,213.19557864186112,-1.2622733,1.4989213,0.5,-1.6754802,-0.2372516,45.154182,-0.6302779588250544
GW240531_040326,GW241230_233618,213.8144851403297,-1.2622733,7.4916134,-0.5,-27.120394,-0.17637481,106.93301,-0.9135646905266839
GW240531_040326,GW241231_054133,214.06813750383478,-1.2622733,5.751173,-0.5,-15.038515,-0.67801774,62.1128,-0.77905309479541
GW240531_040326,GW250101_011205,214.8810010646256,-1.2622733,6.915474,-0.5,-22.905157,-0.09894175,95.55316,-0.8666350510316794
GW240531_040326,GW250104_015122,217.9082845100926,-1.4549596,5.164486,-0.5,-12.479983,-0.25568578,76.9462,-1.0140746122905389
GW240531_040326,GW250108_152221,222.47147174269512,-1.4549596,11.967965,-0.5,-70.55945,-0.24649857,161.2886,-1.6606927188841913
GW240531_040326,GW250109_010541,222.87656169472746,-1.4549596,7.39478,-0.5,-26.133003,-0.31355828,92.376305,-1.1660782489223203
GW240531_040326,GW250109_074552,223.15446561300092,-1.4549596,4.943088,-0.5,-12.665521,-0.20438397,141.38823,-1.0161402615272697
GW240531_040326,GW250114_082203,228.1795911119685,-1.4549596,1.8101864,0.5,-0.08333473,-2.170638,19.014309,-0.8760585775633237
GW240531_040326,GW250116_015318,229.90962761207862,-1.4549596,5.2177916,-0.5,-13.156091,-0.10841623,94.92349,-1.0216019421614217
GW240531_040326,GW250118_023225,231.93679852459167,-1.4549596,4.08765,-0.5,-7.7311544,-0.02425855,68.416595,-0.9612043121132332
GW240531_040326,GW250118_055802,232.07958242476815,-1.4549596,5.575338,-0.5,-14.535386,-0.15281251,77.03318,-1.036958098565877
GW240531_040326,GW250118_170523,232.54301696025664,-1.4549596,8.572061,-0.5,-35.781433,-0.42187506,121.32288,-1.2734974454307748
GW240531_040326,GW250119_025138,232.950141507779,-1.4549596,9.071343,-0.5,-39.93996,-0.47860652,113.530525,-1.3197957214397193
GW240531_040326,GW250119_190238,233.62444174145108,-1.4549596,10.241286,-0.5,-50.86052,-0.83075184,106.16465,-1.4413779562028994
GW240531_075248,GW240601_061200,0.9299986991920957,1.5381744,1.7385556,0.5,-0.6036958,-0.07539515,25.242954,3.211382577643039
GW240531_075248,GW240601_231004,1.6369858105922186,1.2306377,3.8475366,-0.5,-6.5985394,-0.1169094,58.85677,2.724070799939032
GW240531_075248,GW240612_081540,12.01588212992306,0.5157103,5.348617,-0.5,-14.071498,-0.08964092,108.84772,1.6631791126091298
GW240531_075248,GW240615_113620,15.155234499110115,0.035988156,5.2732778,-0.5,-12.733741,-1.0263051,67.15115,1.0220329540920792
GW240531_075248,GW240615_160735,15.343598340777335,0.035988156,4.7485065,-0.5,-10.500062,-0.13114311,73.70504,1.0469012473872967
GW240531_075248,GW240618_071627,17.974753521970577,0.52348214,7.362115,-0.5,-27.144003,-0.14658263,171.99286,1.528266868245764
GW240531_075248,GW240621_195059,21.498738154970386,0.09474692,7.210491,-0.5,-24.841017,-1.0789161,92.53056,0.9675936374415474
GW240531_075248,GW240621_200935,21.51165597349681,0.09474692,8.778703,-0.5,-37.62714,-0.1452064,127.58506,0.8252414509034844
GW240531_075248,GW240621_214041,21.574921911734123,0.3320092,3.2564812,-0.5,-5.1385913,-0.15309986,68.58432,1.511413303996662
GW240531_075248,GW240622_004008,21.699536387807242,0.3320092,6.0019894,-0.5,-16.999262,-0.32129127,82.68521,1.379364491972569
GW240531_075248,GW240627_131622,27.22469619560021,0.5727229,6.3528523,-0.5,-19.357874,-0.062113646,96.29786,1.6822912320850842
GW240531_075248,GW240629_145256,29.291763675077647,0.2735977,7.151728,-0.5,-24.524193,-0.309542,96.73119,1.2157067660929763
GW240531_075248,GW240630_101703,30.100172679269754,0.2735977,3.0952575,-0.5,-4.0083585,-0.10298893,47.855396,1.444116410889756
GW240531_075248,GW240703_191355,33.4729957073375,0.2735977,1.9298054,0.5,-2.4594157,-0.09317667,59.464424,1.461361309148932
GW240531_075248,GW240705_053215,34.90240133672677,0.104784556,1.8275921,0.5,-0.81079924,-0.41274327,27.184965,1.2488569709492356
GW240531_075248,GW240716_034900,45.83069506728815,0.09330103,5.4570503,-0.5,-15.314555,-0.3315535,154.25781,1.0716776067905731
GW240531_075248,GW240824_205609,85.54399117835693,-0.38587266,6.4221444,-0.5,-19.724236,-0.0713841,93.70705,0.3672933305828542
GW240531_075248,GW240825_055146,85.91595495267323,-0.7066782,2.9163938,0.1,-3.3795018,-0.10461323,43.079575,0.11054986624140334
GW240531_075248,GW240830_211120,91.55453609060358,-0.7066782,1.035495,1.0,0.35909176,-0.180345,15.128187,0.1521728788603054
GW240531_075248,GW240902_143306,94.27798992399265,-0.7066782,7.2881036,-0.5,-25.743528,-0.14023352,110.8505,-0.1384363205821414
GW240531_075248,GW240907_153833,99.32344104908131,-0.7066782,3.1643107,-0.5,-4.6280417,-0.045182575,59.86123,0.09664945370690664
GW240531_075248,GW240908_082628,100.02337905928492,-0.8908795,7.496953,-0.5,-27.19621,-0.18303324,108.941826,-0.40651241334603183
GW240531_075248,GW240908_125134,100.2074748613299,-0.8908795,1.7816157,0.5,-1.1271585,-0.09328307,32.357624,-0.11627693529373112
GW240531_075248,GW240910_103535,102.11304448497516,-0.8908795,4.241306,-0.5,-7.990561,-0.65731406,58.690125,-0.1926894905209786
GW240531_075248,GW240915_001357,106.68135725082622,-0.8908795,10.367095,-0.5,-52.879147,-0.48242894,154.21295,-0.6924491258943263
GW240531_075248,GW240915_105151,107.12433570010519,-0.8908795,2.870511,0.1,-4.321249,-0.39967266,72.56223,-0.15183781288074932
GW240531_075248,GW240916_184352,108.45212799719086,-0.8908795,4.829697,-0.5,-10.88817,-0.05866478,74.93817,-0.2249495431793475
GW240531_075248,GW240919_061559,110.93276319663558,-0.8908795,7.9199986,-0.5,-30.200153,-0.5810622,101.20636,-0.43995630970227595
GW240531_075248,GW240920_073424,111.98722239122347,-0.8908795,4.8244925,-0.5,-10.696125,-0.3520114,68.863335,-0.22281143961009836
GW240531_075248,GW240920_124024,112.19972710555626,-0.8908795,9.678603,-0.5,-45.744884,-1.3767116,128.09976,-0.6130210001656015
GW240531_075248,GW240921_201835,113.51790894116516,-0.8908795,7.28001,-0.5,-26.248543,-0.20526528,146.79767,-0.39596170772877226
GW240531_075248,GW240922_142106,114.26965203384006,-0.8908795,3.733213,-0.5,-5.9397397,-0.3053196,51.019493,-0.16985701107644607
GW240531_075248,GW240923_204006,115.53284321805393,-0.8908795,2.3025703,0.1,-1.8380332,-0.22344585,35.05343,-0.12419134080984884
GW240531_075248,GW240924_000316,115.67393622959102,-0.8908795,7.60102,-0.5,-28.191233,-0.11435936,122.64715,-0.4175903240375687
GW240531_075248,GW240925_005809,116.71205468721963,-1.2459191,1.7019086,0.5,-0.31556478,-1.1996595,22.080566,-0.5927725161683537
GW240531_075248,GW240930_035959,121.83832764734548,-1.2459191,3.2732267,-0.5,-4.373771,-0.5025422,45.76167,-0.6379538853226779
GW240531_075248,GW240930_234614,122.66211182419073,-1.2459191,11.71282,-0.5,-67.66325,-0.19815585,168.01624,-1.3425768611651576
GW240531_075248,GW241002_030559,123.80082424022257,-1.2459191,6.8886867,-0.5,-23.180424,-0.21908551,119.8067,-0.8473346376927624
GW240531_075248,GW241006_015333,127.75052137970648,-1.2459191,2.95309,0.1,-3.3285594,-0.57820314,40.295315,-0.626317192888501
GW240531_075248,GW241007_082943,129.025633479285,-1.2459191,8.555473,-0.5,-35.684948,-0.029840916,123.878876,-0.9865516878888906
GW240531_075248,GW241009_022835,130.77485215081109,-1.2459191,6.7137485,-0.5,-22.29472,-0.09419543,135.93828,-0.8374737984003928
GW240531_075248,GW241009_084816,131.03852250351673,-1.2459191,6.508812,-0.5,-20.248554,-0.2726131,93.27606,-0.8146931539575242
GW240531_075248,GW241009_220455,131.59174840093763,-1.2459191,3.8458505,-0.5,-6.5847754,-0.07925722,58.617283,-0.6625697351521925
GW240531_075248,GW241011_233834,133.65678820972917,-1.2459191,2.1715224,0.1,-1.2295275,-1.3198186,28.236153,-0.602947968478459
GW240531_075248,GW241101_220523,154.59206726511871,-1.0487857,6.0385323,-0.5,-18.71893,-0.13923149,176.08125,-0.528075224129705
GW240531_075248,GW241102_124058,155.20011959919498,-1.0487857,4.0925508,-0.5,-7.230894,-0.8210821,52.807903,-0.4001750862407332
GW240531_075248,GW241102_144729,155.2879778048203,-1.0487857,6.430306,-0.5,-19.900864,-0.25652638,99.83651,-0.5412340946012744
GW240531_075248,GW241109_033317,161.81978640068183,-1.0688436,2.859841,0.1,-4.556493,-0.1688882,82.56849,-0.39783011253383493
GW240531_075248,GW241109_115924,162.1712552051936,-1.0688436,3.399218,-0.5,-6.2984066,-0.24692985,100.82295,-0.4172234213732934
GW240531_075248,GW241110_124123,163.20040756508155,-1.0688436,7.6108236,-0.5,-27.931131,-0.09412138,103.88307,-0.6580677808579499
GW240531_075248,GW241111_111552,164.14101986827674,-1.0688436,7.1593766,-0.5,-24.651167,-0.52442265,100.396416,-0.6215508397389868
GW240531_075248,GW241113_163507,166.3627204284072,-1.0688436,1.0261464,1.0,-1.1654749,-0.30377403,32.28466,-0.360076776029013
GW240531_075248,GW241114_024711,166.78776997281722,-1.0688436,1.8477477,0.5,-0.9771496,-0.14994586,29.320526,-0.35798008763865885
GW240531_075248,GW241114_235258,167.66677885653797,-1.0688436,5.845759,-0.5,-17.599236,-0.29770437,172.67282,-0.5430393292691001
GW240531_075248,GW241116_151753,169.30908805282027,-1.0688436,4.2638474,-0.5,-8.923965,-0.022858022,89.68869,-0.44645464616046915
GW240531_075248,GW241124_024914,176.7891885658547,-1.0688436,4.744131,-0.5,-11.0320425,-0.08734775,97.07878,-0.46992457296159695
GW240531_075248,GW241125_010116,177.71421674601459,-1.0688436,5.7554436,-0.5,-16.10791,-0.079614416,104.805504,-0.5264359050818783
GW240531_075248,GW241127_061008,179.92870114159805,-1.0688436,8.669034,-0.5,-36.4505,-1.1726335,112.8726,-0.7529167664938217
GW240531_075248,GW241129_021832,181.7678722753348,-1.0688436,8.273768,-0.5,-33.243793,-0.5563115,115.63789,-0.7172154250241451
GW240531_075248,GW241130_034908,182.8307888061581,-1.0688436,4.2545247,-0.5,-8.091302,-0.370217,60.20027,-0.4371843245427295
GW240531_075248,GW241130_110422,183.13302845574364,-1.0688436,4.976624,-0.5,-11.630915,-0.1072534,78.085236,-0.4765920172774293
GW240531_075248,GW241201_055758,183.9202566267633,-1.0688436,5.07891,-0.5,-12.625298,-0.057279833,101.311806,-0.4876628141936455
GW240531_075248,GW241210_060606,192.9259073301984,-1.2622733,4.4875846,-0.5,-9.302311,-0.29539213,69.90621,-0.7151900156437615
GW240531_075248,GW241210_120900,193.1779188141944,-1.2622733,4.415164,-0.5,-9.462741,-0.08840051,87.556595,-0.7169761359806958
GW240531_075248,GW241225_042553,207.85630545249967,-1.2622733,5.264556,-0.5,-13.658758,-0.57839537,108.937775,-0.7636917994846036
GW240531_075248,GW241225_082815,208.02462051233485,-1.2622733,3.5259733,-0.5,-5.4423904,-0.6402529,54.735798,-0.6722162298111791
GW240531_075248,GW241229_155844,212.33745710019713,-1.2622733,1.1773779,1.0,-0.6860547,-0.15145983,26.8174,-0.6192623533914323
GW240531_075248,GW241230_084504,213.03629734495448,-1.2622733,3.780581,-0.5,-7.7572103,-0.18236925,117.28104,-0.6979878929402911
GW240531_075248,GW241230_233618,213.65520384342307,-1.2622733,6.373393,-0.5,-19.606846,-0.12149247,102.49435,-0.829913849002841
GW240531_075248,GW241231_054133,213.90885620692814,-1.2622733,6.6678486,-0.5,-21.116224,-0.6231354,87.32589,-0.8467182638868057
GW240531_075248,GW250101_011205,214.72171976771895,-1.2622733,7.4770617,-0.5,-27.199154,-0.044059403,117.224754,-0.9144415535843279
GW240531_075248,GW250104_015122,217.74900321318594,-1.4549596,6.2254143,-0.5,-18.742834,-0.20080343,103.58584,-1.083801024324997
GW240531_075248,GW250108_152221,222.31219044578847,-1.4549596,6.8054905,-0.5,-22.364725,-0.19161622,104.65877,-1.124124748351904
GW240531_075248,GW250109_010541,222.71728039782082,-1.4549596,7.0887403,-0.5,-24.218079,-0.25867593,102.95328,-1.1447587526951388
GW240531_075248,GW250109_074552,222.99518431609428,-1.4549596,2.2602384,0.1,-3.0677247,-0.14950162,66.7832,-0.909284789242667
GW240531_075248,GW250114_082203,228.02030981506186,-1.4549596,7.2569757,-0.5,-25.180515,-2.1157558,93.278175,-1.1554738820804786
GW240531_075248,GW250116_015318,229.75034631517198,-1.4549596,5.2778373,-0.5,-13.624624,-0.16329858,103.67132,-1.0268182824876164
GW240531_075248,GW250118_023225,231.77751722768502,-1.4549596,5.563195,-0.5,-15.030184,-0.030623795,101.82618,-1.0424668469104712
GW240531_075248,GW250118_055802,231.9203011278615,-1.4549596,9.376175,-0.5,-43.2022,-0.09793016,146.99457,-1.356115345542926
GW240531_075248,GW250118_170523,232.38373566335,-1.4549596,4.871136,-0.5,-11.147434,-0.3669927,77.81555,-0.9992388975650187
GW240531_075248,GW250119_025138,232.79086021087235,-1.4549596,6.73737,-0.5,-21.791782,-0.42372417,97.98462,-1.1177459852856089
GW240531_075248,GW250119_190238,233.4651604445444,-1.4549596,6.0722194,-0.5,-17.267044,-0.7758695,77.3679,-1.0673705604362398
GW240601_061200,GW240601_231004,0.706987111400123,1.2745508,7.5266886,-0.5,-26.86846,-0.04151425,83.030945,2.558452012886569
GW240601_061200,GW240612_081540,11.085883430730965,0.669271,6.8591123,-0.5,-22.97502,-0.16503607,119.16644,1.7740538323600437
GW240601_061200,GW240615_113620,14.22523579991802,0.035988156,11.581535,-0.5,-64.71641,-0.95091,81.77036,0.4432925379731297
GW240601_061200,GW240615_160735,14.41359964158524,0.035988156,5.5174246,-0.5,-13.819216,-0.05574796,62.571762,1.0099479982545327
GW240601_061200,GW240618_071627,17.04475482277848,0.52348214,7.0506954,-0.5,-24.66939,-0.22197779,146.79442,1.5558175644804275
GW240601_061200,GW240621_195059,20.56873945577829,0.09474692,13.857696,-0.5,-93.7176,-1.0035208,100.28279,0.20076762438876605
GW240601_061200,GW240621_200935,20.581657274304717,0.09474692,10.717451,-0.5,-55.76752,-0.069811255,106.58912,0.6232785240434349
GW240601_061200,GW240621_214041,20.644923212542025,0.09474692,4.823307,-0.5,-11.176437,-0.22849502,87.78536,1.1197259697011797
GW240601_061200,GW240622_004008,20.769537688615145,0.09474692,7.8523912,-0.5,-28.921404,-0.24589613,69.11671,0.9221653230664285
GW240601_061200,GW240627_131622,26.294697496408112,0.5727229,9.6508045,-0.5,-45.07653,-0.013281504,104.59438,1.395956827643647
GW240601_061200,GW240629_145256,28.36176497588555,0.5727229,13.742951,-0.5,-92.43323,-0.23414685,115.49778,0.8687188813539161
GW240601_061200,GW240630_101703,29.17017398007766,0.5727229,4.3383875,-0.5,-7.994265,-0.027593775,48.83864,1.8088060896412836
GW240601_061200,GW240703_191355,32.542997008145406,0.2735977,1.929045,0.5,-2.33206,-0.017781522,55.814846,1.4627792013636403
GW240601_061200,GW240705_053215,33.97240263753467,0.2735977,4.017829,-0.5,-6.5037565,-0.3373481,41.9371,1.4163343099144607
GW240601_061200,GW240716_034900,44.90069636809605,0.09330103,6.4035516,-0.5,-20.776125,-0.25615835,167.81055,1.0108721238298657
GW240601_061200,GW240824_205609,84.61399247916485,-0.38587266,10.865824,-0.5,-57.385563,-0.14677925,108.97989,-0.052002822151740596
GW240601_061200,GW240825_055146,84.98595625348113,-0.38587266,3.3328197,-0.5,-3.9576344,-0.029218083,34.295105,0.5428281733504835
GW240601_061200,GW240830_211120,90.62453739141148,-0.7066782,1.1393969,1.0,0.9930619,-0.10494985,11.4581375,0.15923108046554013
GW240601_061200,GW240902_143306,93.34799122480055,-0.7066782,9.993224,-0.5,-48.45303,-0.064838365,109.02523,-0.39126879300180933
GW240601_061200,GW240907_153833,98.39344234988921,-0.7066782,5.0348344,-0.5,-11.9197645,-0.030212574,78.89845,0.015468265461337838
GW240601_061200,GW240908_082628,99.09338036009282,-0.7066782,12.031434,-0.5,-70.71276,-0.10763809,119.622086,-0.6390938258854788
GW240601_061200,GW240908_125134,99.2774761621378,-0.7066782,2.4540074,0.1,-2.1349065,-0.16867822,36.195175,0.12440636183087089
GW240601_061200,GW240910_103535,101.18304578578307,-0.8908795,5.753859,-0.5,-14.6664915,-0.5819189,51.19705,-0.2670148574331974
GW240601_061200,GW240915_001357,105.75135855163413,-0.8908795,14.027368,-0.5,-96.81593,-0.40703377,146.42392,-1.1816120656238458
GW240601_061200,GW240915_105151,106.1943370009131,-0.8908795,4.147386,-0.5,-8.608444,-0.3242775,95.18152,-0.19956859088774698
GW240601_061200,GW240916_184352,107.52212929799877,-0.8908795,4.418306,-0.5,-8.357589,-0.016730372,50.073017,-0.196775733314481
GW240601_061200,GW240919_061559,110.00276449744348,-0.8908795,15.387516,-0.5,-116.0607,-0.50566703,109.86819,-1.3958704842182046
GW240601_061200,GW240920_073424,111.05722369203137,-0.8908795,8.15853,-0.5,-31.537775,-0.27661625,78.00981,-0.4548484993097811
GW240601_061200,GW240920_124024,111.26972840636417,-0.8908795,14.761953,-0.5,-106.84002,-1.3013165,117.04221,-1.2932135674365677
GW240601_061200,GW240921_201835,112.58791024197306,-0.8908795,7.087582,-0.5,-24.542915,-0.12987015,121.587715,-0.37697238700449437
GW240601_061200,GW240922_142106,113.33965333464796,-0.8908795,8.237879,-0.5,-31.982992,-0.22992447,71.084114,-0.459805250542227
GW240601_061200,GW240923_204006,114.60284451886184,-0.8908795,0.97613806,1.0,0.9992826,-0.1480507,10.668383,-0.09260255513917925
GW240601_061200,GW240924_000316,114.74393753039892,-0.8908795,11.690963,-0.5,-67.078255,-0.03896421,142.24919,-0.8505325452950133
GW240601_061200,GW240925_005809,115.78205598802754,-0.8908795,6.274594,-0.5,-17.452276,-1.1242642,46.96036,-0.29802993039623493
GW240601_061200,GW240930_035959,120.9083289481534,-1.2459191,6.947805,-0.5,-22.298016,-0.42714703,63.35308,-0.8375104927399566
GW240601_061200,GW240930_234614,121.73211312499863,-1.2459191,14.78412,-0.5,-107.564026,-0.1227607,142.9231,-1.7868055010540567
GW240601_061200,GW241002_030559,122.87082554103048,-1.2459191,9.847421,-0.5,-47.475155,-0.14369038,135.79573,-1.1178160044499679
GW240601_061200,GW241006_015333,126.82052268051439,-1.2459191,4.8437963,-0.5,-9.775023,-0.502808,41.63365,-0.6980878332019147
GW240601_061200,GW241007_082943,128.09563478009292,-1.2459191,11.31767,-0.5,-62.3645,-0.045554236,111.663734,-1.2835840424791476
GW240601_061200,GW241009_022835,129.844853451619,-1.2459191,6.5270762,-0.5,-20.738737,-0.16959058,112.6105,-0.8201505238561836
GW240601_061200,GW241009_084816,130.10852380432465,-1.2459191,9.480374,-0.5,-43.2134,-0.19721796,91.45422,-1.0703684821116288
GW240601_061200,GW241009_220455,130.66174970174552,-1.2459191,5.9637117,-0.5,-16.311827,-0.0038620704,65.32863,-0.7708642498611133
GW240601_061200,GW241011_233834,132.7267895105371,-1.2459191,4.5087986,-0.5,-7.944971,-1.2444235,33.97038,-0.677713248071227
GW240601_061200,GW241101_220523,153.66206856592663,-1.0487857,5.657117,-0.5,-16.346813,-0.063836336,153.67914,-0.5016656623970559
GW240601_061200,GW241102_124058,154.2701209000029,-1.0487857,9.687191,-0.5,-44.6547,-0.74568695,71.30911,-0.816826846954759
GW240601_061200,GW241102_144729,154.3579791056282,-1.0487857,9.976749,-0.5,-48.367004,-0.18113123,113.20127,-0.8581571595719465
GW240601_061200,GW241109_033317,160.88978770148975,-1.0688436,3.7475982,-0.5,-7.3446746,-0.09349305,100.64684,-0.42887187277189953
GW240601_061200,GW241109_115924,161.24125650600152,-1.0688436,4.022823,-0.5,-8.476038,-0.1715347,111.44321,-0.44146771977957405
GW240601_061200,GW241110_124123,162.27040886588946,-1.0688436,10.125325,-0.5,-49.306522,-0.01872623,87.098045,-0.8960471575816504
GW240601_061200,GW241111_111552,163.21102116908463,-1.0688436,11.347655,-0.5,-62.56086,-0.4490275,104.21018,-1.0436121275582477
GW240601_061200,GW241113_163507,165.4327217292151,-1.0688436,0.6614876,1.0,-0.7373384,-0.22837888,19.595541,-0.35531018954829324
GW240601_061200,GW241114_024711,165.8577712736251,-1.0688436,4.3809476,-0.5,-8.275766,-0.07455071,51.74157,-0.43923802900746683
GW240601_061200,GW241114_235258,166.73678015734586,-1.0688436,5.4708905,-0.5,-15.340314,-0.22230922,150.84091,-0.5178899993784212
GW240601_061200,GW241116_151753,168.3790893536282,-1.0688436,6.021369,-0.5,-17.669403,-0.09825317,109.407906,-0.5438205279750457
GW240601_061200,GW241124_024914,175.85918986666258,-1.0688436,4.4819894,-0.5,-9.510494,-0.1627429,78.45655,-0.4529846672017139
GW240601_061200,GW241125_010116,176.78421804682247,-1.0688436,6.4834104,-0.5,-20.149103,-0.0042192694,96.008255,-0.5714278583553206
GW240601_061200,GW241127_061008,178.99870244240594,-1.0688436,14.147338,-0.5,-97.86182,-1.0972383,107.01075,-1.43662948461519
GW240601_061200,GW241129_021832,180.83787357614273,-1.0688436,12.383792,-0.5,-74.83978,-0.48091635,112.84194,-1.1803174841874726
GW240601_061200,GW241130_034908,181.90079010696599,-1.0688436,5.7091756,-0.5,-14.5149975,-0.29482186,53.52722,-0.5087014755592925
GW240601_061200,GW241130_110422,182.20302975655153,-1.0688436,7.341326,-0.5,-25.585882,-0.03185825,84.94309,-0.6319573374511666
GW240601_061200,GW241201_055758,182.99025792757118,-1.0688436,6.019139,-0.5,-17.51101,-0.13267498,101.72049,-0.5420570761609611
GW240601_061200,GW241210_060606,191.99590863100633,-1.2622733,6.487301,-0.5,-19.654207,-0.21999697,74.067,-0.8304411390177191
GW240601_061200,GW241210_120900,192.24792011500233,-1.2622733,6.7040377,-0.5,-21.85167,-0.16379566,112.37064,-0.8549062192807388
GW240601_061200,GW241225_042553,206.92630675330759,-1.2622733,6.0376554,-0.5,-17.723413,-0.5030002,107.306595,-0.8089449663407859
GW240601_061200,GW241225_082815,207.09462181314274,-1.2622733,6.9178147,-0.5,-22.52676,-0.5648577,78.47094,-0.8624222308165596
GW240601_061200,GW241229_155844,211.40745840100502,-1.2622733,0.6794736,1.0,0.020173917,-0.22685498,13.699282,-0.6113996739431464
GW240601_061200,GW241230_084504,212.1062986457624,-1.2622733,3.3619542,-0.5,-6.1380873,-0.106974095,98.01989,-0.6799616552922996
GW240601_061200,GW241230_233618,212.72520514423096,-1.2622733,9.790741,-0.5,-46.656433,-0.046097316,118.42606,-1.131065950144845
GW240601_061200,GW241231_054133,212.97885750773605,-1.2622733,11.366295,-0.5,-62.418816,-0.5477402,87.46034,-1.3065538260689962
GW240601_061200,GW250101_011205,213.79172106852687,-1.2622733,10.870388,-0.5,-57.718086,-0.03133575,125.592155,-1.2542190339097001
GW240601_061200,GW250104_015122,216.81900451399386,-1.4549596,8.305993,-0.5,-33.339405,-0.12540828,106.547226,-1.2463095305023084
GW240601_061200,GW250108_152221,221.3821917465964,-1.4549596,10.820274,-0.5,-57.1024,-0.11622108,120.58142,-1.5108709196135177
GW240601_061200,GW250109_010541,221.7872816986287,-1.4549596,11.377023,-0.5,-63.051025,-0.18328078,112.98278,-1.5770989362089645
GW240601_061200,GW250109_074552,222.06518561690217,-1.4549596,3.2203631,-0.5,-5.5610476,-0.07410647,88.82088,-0.9370437863745331
GW240601_061200,GW250114_082203,227.09031111586978,-1.4549596,9.899919,-0.5,-46.71409,-2.0403607,72.006775,-1.3952143535165902
GW240601_061200,GW250116_015318,228.8203476159799,-1.4549596,5.5422873,-0.5,-14.711298,-0.23869373,91.66195,-1.0389165846170705
GW240601_061200,GW250118_023225,230.8475185284929,-1.4549596,6.7860456,-0.5,-22.172493,-0.106018946,101.27097,-1.1219845637379342
GW240601_061200,GW250118_055802,230.9903024286694,-1.4549596,11.249316,-0.5,-61.90887,-0.022535015,129.96309,-1.5643829460301861
GW240601_061200,GW250118_170523,231.45373696415788,-1.4549596,8.43828,-0.5,-34.305737,-0.29159757,100.86612,-1.2570680220643782
GW240601_061200,GW250119_025138,231.86086151168027,-1.4549596,9.521922,-0.5,-43.672066,-0.34832904,94.83788,-1.3613464973863927
GW240601_061200,GW250119_190238,232.53516174535233,-1.4549596,13.661712,-0.5,-90.97521,-0.7004743,96.63097,-1.8879882455988122
GW240601_231004,GW240612_081540,10.378896319330842,0.669271,3.5873885,-0.5,-5.9600105,-0.20655033,64.67526,1.9634876171280178
GW240601_231004,GW240615_113620,13.518248688517897,0.5157103,7.868901,-0.5,-28.992228,-0.9093957,67.25019,1.4970616395656606
GW240601_231004,GW240615_160735,13.706612530185117,0.035988156,7.4251842,-0.5,-26.330687,-0.014233708,91.4845,0.8706536096413376
GW240601_231004,GW240618_071627,16.33776771137836,0.52348214,6.035443,-0.5,-18.07864,-0.26349205,128.97452,1.629194585510606
GW240601_231004,GW240621_195059,19.861752344378168,0.09474692,10.4411,-0.5,-52.57462,-0.9620066,90.75887,0.6588261654958875
GW240601_231004,GW240621_200935,19.874670162904593,0.09474692,14.71109,-0.5,-106.754364,-0.028297,162.55649,0.05562494799668549
GW240601_231004,GW240621_214041,19.937936101141904,0.09474692,1.2676872,0.5,-0.41547555,-0.27000928,23.866184,1.239531356588485
GW240601_231004,GW240622_004008,20.062550577215024,0.09474692,12.739844,-0.5,-79.50504,-0.20438187,127.82162,0.3590007515984374
GW240601_231004,GW240627_131622,25.58771038500799,0.5727229,7.6632237,-0.5,-28.0502,-0.054795757,90.88281,1.5855166642632708
GW240601_231004,GW240629_145256,27.65477786448543,0.5727229,6.9500723,-0.5,-22.434553,-0.1926326,67.31891,1.648037533275561
GW240601_231004,GW240630_101703,28.463186868677536,0.5727229,7.105304,-0.5,-23.994183,-0.013920478,86.99796,1.6306736571241494
GW240601_231004,GW240703_191355,31.836009896745285,0.2735977,3.3721251,-0.5,-6.1843915,-0.023732731,98.910965,1.4198899075393516
GW240601_231004,GW240705_053215,33.26541552613455,0.2735977,5.4535975,-0.5,-13.496126,-0.29583386,62.68957,1.338485920097774
GW240601_231004,GW240716_034900,44.193709256695925,0.09330103,3.8366218,-0.5,-7.666433,-0.21464409,102.225426,1.1568267102638836
GW240601_231004,GW240824_205609,83.90700536776473,-0.38587266,4.2095265,-0.5,-7.4200125,-0.1882935,46.834316,0.504280360862047
GW240601_231004,GW240825_055146,84.27896914208101,-0.38587266,8.37044,-0.5,-33.63396,-0.012296171,95.098236,0.21243170817211102
GW240601_231004,GW240830_211120,89.91755028001137,-0.7066782,6.6346154,-0.5,-20.573341,-0.06343559,73.975174,-0.08087489966637357
GW240601_231004,GW240902_143306,92.64100411340043,-0.7066782,9.671867,-0.5,-45.471287,-0.023324108,115.34147,-0.35807205255886576
GW240601_231004,GW240907_153833,97.68645523848909,-0.7066782,1.3878922,0.5,-0.29834735,-0.07172683,22.752775,0.14485338934930497
GW240601_231004,GW240908_082628,98.38639324869271,-0.7066782,5.8107533,-0.5,-15.428224,-0.066123836,64.193146,-0.023592582947398022
GW240601_231004,GW240908_125134,98.57048905073769,-0.7066782,3.88156,-0.5,-6.758377,-0.21019247,60.22495,0.0729317180116093
GW240601_231004,GW240910_103535,100.47605867438294,-0.8908795,7.8811927,-0.5,-29.42654,-0.5404046,79.73737,-0.4313434177174797
GW240601_231004,GW240915_001357,105.044371440234,-0.8908795,9.418167,-0.5,-42.97631,-0.36551952,108.26857,-0.5821975425804888
GW240601_231004,GW240915_105151,105.48734988951297,-0.8908795,1.8551434,0.5,-1.7719053,-0.28276324,43.5023,-0.12345511682485233
GW240601_231004,GW240916_184352,106.81514218659865,-0.8908795,10.302704,-0.5,-51.835716,-0.058244623,126.86517,-0.6808322670904459
GW240601_231004,GW240919_061559,109.29577738604335,-0.8908795,10.656012,-0.5,-54.823086,-0.46415278,91.772415,-0.7140916512265105
GW240601_231004,GW240920_073424,110.35023658063125,-0.8908795,7.479805,-0.5,-26.456764,-0.235102,80.07841,-0.3982799066069571
GW240601_231004,GW240920_124024,110.56274129496404,-0.8908795,14.647034,-0.5,-105.46419,-1.2598022,135.87335,-1.2778959740648947
GW240601_231004,GW240921_201835,111.88092313057295,-0.8908795,8.553335,-0.5,-36.081627,-0.08835589,152.40437,-0.5054367215994101
GW240601_231004,GW240922_142106,112.63266622324785,-0.8908795,2.1369727,0.5,-0.6061267,-0.18841021,21.11701,-0.11047611404795227
GW240601_231004,GW240923_204006,113.89585740746172,-0.8908795,7.6097245,-0.5,-27.655682,-0.10653645,90.88355,-0.4116278548560012
GW240601_231004,GW240924_000316,114.0369504189988,-0.8908795,4.981559,-0.5,-11.292438,-0.002550046,65.187485,-0.2294503863543481
GW240601_231004,GW240925_005809,115.07506887662741,-0.8908795,4.6373925,-0.5,-8.866152,-1.08275,41.271152,-0.2024377357381444
GW240601_231004,GW240930_035959,120.20134183675327,-1.2459191,5.466475,-0.5,-13.349203,-0.38563275,56.369965,-0.7378803705638802
GW240601_231004,GW240930_234614,121.02512601359851,-1.2459191,12.315119,-0.5,-74.33166,-0.08124645,133.0077,-1.416818428865858
GW240601_231004,GW241002_030559,122.16383842963036,-1.2459191,4.488745,-0.5,-9.178791,-0.10217612,65.565475,-0.6914497783339739
GW240601_231004,GW241006_015333,126.11353556911426,-1.2459191,8.467177,-0.5,-34.163387,-0.46129373,83.42154,-0.9696116441005311
GW240601_231004,GW241007_082943,127.3886476686928,-1.2459191,10.002023,-0.5,-48.553585,-0.08706848,109.81044,-1.129822528260212
GW240601_231004,GW241009_022835,129.13786634021886,-1.2459191,7.958821,-0.5,-31.183813,-0.21110483,142.56073,-0.936439048023377
GW240601_231004,GW241009_084816,129.4015366929245,-1.2459191,7.33881,-0.5,-25.426222,-0.15570371,79.12617,-0.8723378591324177
GW240601_231004,GW241009_220455,129.9547625903454,-1.2459191,6.8289776,-0.5,-22.02305,-0.037652183,81.71643,-0.8344492122504542
GW240601_231004,GW241011_233834,132.01980239913695,-1.2459191,6.5644107,-0.5,-19.668633,-1.2029092,58.697407,-0.8082366914766087
GW240601_231004,GW241101_220523,152.9550814545265,-1.0487857,4.460477,-0.5,-10.324196,-0.022322081,123.06081,-0.4346138493843414
GW240601_231004,GW241102_124058,153.56313378860278,-1.0487857,6.1712584,-0.5,-17.132332,-0.70417273,54.285057,-0.5104111041894663
GW240601_231004,GW241102_144729,153.65099199422806,-1.0487857,4.392255,-0.5,-8.410818,-0.13961698,54.139526,-0.4133115748639807
GW240601_231004,GW241109_033317,160.1828005900896,-1.0688436,2.30743,0.1,-3.0161915,-0.051978797,62.95751,-0.3806814227770818
GW240601_231004,GW241109_115924,160.53426939460138,-1.0688436,2.1111808,0.5,-2.6427982,-0.13002045,59.362556,-0.3765243103241455
GW240601_231004,GW241110_124123,161.56342175448935,-1.0688436,11.742133,-0.5,-67.25688,-0.022788024,115.75666,-1.0958945113668244
GW240601_231004,GW241111_111552,162.50403405768452,-1.0688436,9.7713585,-0.5,-46.15887,-0.40751326,101.32355,-0.8610032988327927
GW240601_231004,GW241113_163507,164.72573461781496,-1.0688436,2.634858,0.1,-4.0158763,-0.18686463,79.07817,-0.3918112481020958
GW240601_231004,GW241114_024711,165.150784162225,-1.0688436,2.4856513,0.1,-1.9224416,-0.033036456,31.703537,-0.36850433956754364
GW240601_231004,GW241114_235258,166.02979304594575,-1.0688436,4.5055065,-0.5,-10.554835,-0.18079497,126.10432,-0.4646116657898198
GW240601_231004,GW241116_151753,167.67210224222805,-1.0688436,1.9098682,0.5,-1.4326438,-0.13976742,35.900288,-0.36305125651483294
GW240601_231004,GW241124_024914,175.15220275526246,-1.0688436,6.5245385,-0.5,-20.824135,-0.20425716,118.45408,-0.5789432116014849
GW240601_231004,GW241125_010116,176.07723093542236,-1.0688436,6.2419477,-0.5,-18.71328,-0.037294984,97.19735,-0.5554423558040753
GW240601_231004,GW241127_061008,178.29171533100583,-1.0688436,10.472767,-0.5,-52.967922,-1.055724,93.90792,-0.9368107465100188
GW240601_231004,GW241129_021832,180.1308864647426,-1.0688436,8.660574,-0.5,-35.909706,-0.4394021,89.25859,-0.7468959218843253
GW240601_231004,GW241130_034908,181.19380299556587,-1.0688436,9.823196,-0.5,-46.699383,-0.25330758,103.53719,-0.8670210006400578
GW240601_231004,GW241130_110422,181.49604264515142,-1.0688436,4.5154295,-0.5,-8.992651,-0.009656002,56.59036,-0.4472193451547011
GW240601_231004,GW241201_055758,182.28327081617107,-1.0688436,4.4281774,-0.5,-9.278442,-0.17418924,77.81301,-0.4504011563567985
GW240601_231004,GW241210_060606,191.2889215196062,-1.2622733,7.286937,-0.5,-25.325134,-0.17848273,90.294365,-0.8935774663885618
GW240601_231004,GW241210_120900,191.5409330036022,-1.2622733,1.7017767,0.5,-0.9069425,-0.20530991,29.678457,-0.6217215709205747
GW240601_231004,GW241225_042553,206.21931964190745,-1.2622733,6.219374,-0.5,-18.907927,-0.46148595,114.52197,-0.8221325467354399
GW240601_231004,GW241225_082815,206.38763470174263,-1.2622733,0.42558354,1.0,1.1450499,-0.5233435,5.2445483,-0.5988760530938129
GW240601_231004,GW241229_155844,210.7004712896049,-1.2622733,3.7521877,-0.5,-6.843922,-0.26836923,77.77814,-0.6878199509055766
GW240601_231004,GW241230_084504,211.39931153436225,-1.2622733,5.339197,-0.5,-14.767149,-0.06545984,157.77678,-0.7760318850343548
GW240601_231004,GW241230_233618,212.01821803283084,-1.2622733,5.901573,-0.5,-16.28854,-0.004583062,76.83312,-0.7929700388943455
GW240601_231004,GW241231_054133,212.2718703963359,-1.2622733,11.502325,-0.5,-64.30474,-0.506226,104.41102,-1.3275504630723765
GW240601_231004,GW250101_011205,213.08473395712673,-1.2622733,7.7904053,-0.5,-29.14081,-0.072850004,97.51275,-0.9360586604417102
GW240601_231004,GW250104_015122,216.11201740259375,-1.4549596,7.5880184,-0.5,-27.765501,-0.08389403,103.97012,-1.1842533927523757
GW240601_231004,GW250108_152221,220.67520463519625,-1.4549596,4.413583,-0.5,-8.474293,-0.07470682,53.580906,-0.9694779194855405
GW240601_231004,GW250109_010541,221.0802945872286,-1.4549596,8.115544,-0.5,-31.474922,-0.14176652,89.569595,-1.225551619057595
GW240601_231004,GW250109_074552,221.35819850550206,-1.4549596,0.49098134,1.0,-0.5262393,-0.03259222,13.746623,-0.8809895820056374
GW240601_231004,GW250114_082203,226.38332400446964,-1.4549596,17.11059,-0.5,-144.45953,-1.9988464,149.25859,-2.483447084860949
GW240601_231004,GW250116_015318,228.11336050457976,-1.4549596,6.031152,-0.5,-17.621597,-0.280208,103.88949,-1.0713179200385776
GW240601_231004,GW250118_023225,230.1405314170928,-1.4549596,7.046974,-0.5,-24.076263,-0.1475332,110.50469,-1.1431798768066843
GW240601_231004,GW250118_055802,230.28331531726928,-1.4549596,11.301817,-0.5,-62.661045,-0.018979238,141.45866,-1.572757154926616
GW240601_231004,GW250118_170523,230.74674985275777,-1.4549596,3.391151,-0.5,-4.603809,-0.25008333,43.701664,-0.9263865280823046
GW240601_231004,GW250119_025138,231.15387440028013,-1.4549596,7.539002,-0.5,-26.966919,-0.3068148,83.40432,-1.1753625114161732
GW240601_231004,GW250119_190238,231.82817463395222,-1.4549596,6.7224965,-0.5,-20.630863,-0.6589601,57.523277,-1.1048210836990593
GW240612_081540,GW240615_113620,3.139352369187055,1.2372308,7.752284,-0.5,-29.324484,-1.115946,123.35188,2.4800716072768902
GW240612_081540,GW240615_160735,3.327716210854274,1.2372308,3.7359264,-0.5,-6.5249653,-0.22078404,68.066185,2.733906272610745
GW240612_081540,GW240618_071627,5.958871392047516,0.49711657,3.0095806,0.1,-4.7266645,-0.056941718,75.946365,1.7417905753529033
GW240612_081540,GW240621_195059,9.482856025047324,0.5435311,8.022815,-0.5,-31.46821,-1.1685569,128.29001,1.5075418255658621
GW240612_081540,GW240621_200935,9.495773843573751,0.5435311,6.8759804,-0.5,-23.092207,-0.23484732,119.53983,1.6007946711361583
GW240612_081540,GW240621_214041,9.55903978181106,0.5435311,1.9068505,0.5,-1.8409462,-0.06345894,44.08831,1.8373920642841564
GW240612_081540,GW240622_004008,9.68365425788418,0.5435311,9.973765,-0.5,-49.11709,-0.41093218,167.13347,1.3110509633284178
GW240612_081540,GW240627_131622,15.208814065677148,0.035988156,6.960208,-0.5,-23.734465,-0.15175457,124.66201,0.899558216583125
GW240612_081540,GW240629_145256,17.275881545154586,0.52348214,5.9333067,-0.5,-16.956476,-0.39918292,98.20689,1.6416880100800275
GW240612_081540,GW240630_101703,18.084290549346694,0.52348214,8.332753,-0.5,-34.258087,-0.19262984,151.38565,1.4490633891711167
GW240612_081540,GW240703_191355,21.457113577414443,0.09474692,5.0710196,-0.5,-13.546504,-0.1828176,163.57512,1.0933392251374319
GW240612_081540,GW240705_053215,22.886519206803705,0.3320092,7.106411,-0.5,-24.735859,-0.5023842,125.580345,1.2932303695128045
GW240612_081540,GW240716_034900,33.81481293736508,0.2735977,2.4442155,0.1,-3.5198283,-0.4211944,72.921196,1.4495553805307582
GW240612_081540,GW240824_205609,73.52810904843388,-0.39246207,1.0307343,1.0,0.010588454,-0.018256815,17.969257,0.5779964317826615
GW240612_081540,GW240825_055146,73.90007282275016,-0.38587266,8.617748,-0.5,-36.60826,-0.19425415,151.53981,0.179317827285289
GW240612_081540,GW240830_211120,79.53865396068052,-0.38587266,6.826962,-0.5,-22.763674,-0.2699859,119.12252,0.33345424808119184
GW240612_081540,GW240902_143306,82.26210779406958,-0.38587266,7.2909093,-0.5,-26.095768,-0.22987443,130.9035,0.29635692907182426
GW240612_081540,GW240907_153833,87.30755891915825,-0.7066782,2.4273643,0.1,-2.7942665,-0.1348235,51.42905,0.11706548719641158
GW240612_081540,GW240908_082628,88.00749692936186,-0.7066782,0.050264254,1.0,0.5462746,-0.27267417,0.8737669,0.15425684805928186
GW240612_081540,GW240908_125134,88.19159273140684,-0.7066782,4.060971,-0.5,-8.029506,-0.003642151,83.31203,0.05877981759316914
GW240612_081540,GW240910_103535,90.0971623550521,-0.7066782,4.3047724,-0.5,-8.65065,-0.746955,72.35403,0.05186441042832829
GW240612_081540,GW240915_001357,94.66547512090317,-0.7066782,2.71455,0.1,-3.1697571,-0.5720698,47.971054,0.11288502404142503
GW240612_081540,GW240915_105151,95.10845357018212,-0.7066782,3.4842575,-0.5,-6.4045253,-0.48931357,94.14099,0.07687126838745717
GW240612_081540,GW240916_184352,96.4362458672678,-0.7066782,6.220512,-0.5,-18.893251,-0.1483057,113.30402,-0.06216989636826464
GW240612_081540,GW240919_061559,98.91688106671252,-0.7066782,7.560868,-0.5,-27.863348,-0.6707031,120.574646,-0.16203698158554047
GW240612_081540,GW240920_073424,99.9713402613004,-0.7066782,7.958785,-0.5,-31.098713,-0.44165233,136.64085,-0.19805738118713045
GW240612_081540,GW240920_124024,100.1838449756332,-0.8908795,7.4854546,-0.5,-27.341671,-1.4663526,122.12895,-0.4081318696065387
GW240612_081540,GW240921_201835,101.5020268112421,-0.8908795,4.057946,-0.5,-8.184738,-0.2949062,90.5229,-0.19485132967937563
GW240612_081540,GW240922_142106,102.253769903917,-0.8908795,3.6249247,-0.5,-5.9383307,-0.39496052,60.416824,-0.169841323609228
GW240612_081540,GW240923_204006,103.51696108813087,-0.8908795,6.5139747,-0.5,-20.734325,-0.31308678,117.03043,-0.33457008153437817
GW240612_081540,GW240924_000316,103.65805409966795,-0.8908795,1.5495002,0.5,-0.80376434,-0.20400028,29.04555,-0.1126764797412172
GW240612_081540,GW240925_005809,104.69617255729658,-0.8908795,6.32956,-0.5,-19.33125,-1.2893003,101.93258,-0.3189491652770978
GW240612_081540,GW240930_035959,109.82244551742242,-0.8908795,7.111206,-0.5,-24.683712,-0.5921831,120.361885,-0.3785399233227364
GW240612_081540,GW240930_234614,110.64622969426766,-0.8908795,4.5871997,-0.5,-9.955648,-0.28779677,79.02638,-0.21456746588990988
GW240612_081540,GW241002_030559,111.78494211029951,-0.8908795,0.9666602,1.0,-0.18370974,-0.30872643,19.175377,-0.10577320448313104
GW240612_081540,GW241006_015333,115.73463924978343,-0.8908795,8.787805,-0.5,-37.978954,-0.66784406,146.31381,-0.5265603023307491
GW240612_081540,GW241007_082943,117.00975134936196,-1.2459191,2.7601604,0.1,-3.2567012,-0.11948184,47.861256,-0.6255171718762875
GW240612_081540,GW241009_022835,118.75897002088803,-1.2459191,3.4951973,-0.5,-6.066216,-0.004554509,78.2325,-0.6567964393062757
GW240612_081540,GW241009_084816,119.02264037359367,-1.2459191,2.0529711,0.5,-1.5404475,-0.36225402,35.343964,-0.6064095448213991
GW240612_081540,GW241009_220455,119.57586627101456,-1.2459191,8.014744,-0.5,-31.638153,-0.16889814,144.1162,-0.9414973669792799
GW240612_081540,GW241011_233834,121.64090607980611,-1.2459191,5.3409367,-0.5,-13.565281,-1.4094596,86.1361,-0.7402860370257822
GW240612_081540,GW241101_220523,142.57618513519566,-1.0487857,2.44145,0.1,-3.5690284,-0.2288724,74.905334,-0.3594063106269259
GW240612_081540,GW241102_124058,143.18423746927192,-1.0487857,7.2535243,-0.5,-25.599325,-0.91072303,116.40024,-0.6046769726005565
GW240612_081540,GW241102_144729,143.27209567489723,-1.0487857,0.5832176,1.0,0.2831428,-0.3461673,10.62794,-0.3165188005552552
GW240612_081540,GW241109_033317,149.80390427075878,-1.0487857,3.5211508,-0.5,-6.7700324,-0.25852913,107.06825,-0.3950441589974729
GW240612_081540,GW241109_115924,150.15537307527055,-1.0487857,0.25963166,1.0,-0.65322113,-0.33657077,8.089408,-0.3269436534003982
GW240612_081540,GW241110_124123,151.1845254351585,-1.0487857,3.9741037,-0.5,-7.2633696,-0.1837623,66.18126,-0.40053664652579307
GW240612_081540,GW241111_111552,152.1251377383537,-1.0487857,7.7074666,-0.5,-29.105747,-0.61406356,130.72447,-0.6437151418688675
GW240612_081540,GW241113_163507,154.34683829848413,-1.0487857,3.0634596,-0.5,-5.4193473,-0.39341494,100.716606,-0.3800065298461758
GW240612_081540,GW241114_024711,154.77188784289416,-1.0487857,4.434604,-0.5,-9.411493,-0.23958677,82.10875,-0.4244524265407415
GW240612_081540,GW241114_235258,155.6508967266149,-1.0487857,2.5279868,0.1,-3.8073778,-0.38734528,78.470375,-0.3620599346290489
GW240612_081540,GW241116_151753,157.29320592289722,-1.0487857,1.2931026,0.5,-0.85690004,-0.0667829,29.867002,-0.32921127877756123
GW240612_081540,GW241124_024914,164.7733064359316,-1.0688436,3.3139787,-0.5,-5.4665747,-0.0022931665,74.821976,-0.40796235828104555
GW240612_081540,GW241125_010116,165.69833461609153,-1.0688436,2.1809201,0.1,-2.1660976,-0.16925535,44.83464,-0.37121704373914305
GW240612_081540,GW241127_061008,167.912819011675,-1.0688436,2.182557,0.1,-1.6859831,-1.2622744,35.229656,-0.3658717675624606
GW240612_081540,GW241129_021832,169.75199014541175,-1.0688436,1.6528838,0.5,-0.7646925,-0.6459524,27.97049,-0.35561473146424244
GW240612_081540,GW241130_034908,170.814906676235,-1.0688436,9.833908,-0.5,-47.768425,-0.4598579,167.82164,-0.8789230050409655
GW240612_081540,GW241130_110422,171.11714632582058,-1.0688436,1.8645383,0.5,-1.3003795,-0.19689432,34.239017,-0.3615787143138609
GW240612_081540,GW241201_055758,171.9043744968402,-1.0688436,1.1583538,1.0,-0.60452557,-0.03236109,25.61313,-0.3538315395872419
GW240612_081540,GW241210_060606,180.91002520027536,-1.0688436,8.09517,-0.5,-32.31751,-0.38503304,147.87494,-0.7069027866758959
GW240612_081540,GW241210_120900,181.16203668427136,-1.0688436,2.464513,0.1,-2.9610085,-0.0012404076,54.235233,-0.38006705271997787
GW240612_081540,GW241225_042553,195.8404233225766,-1.2622733,5.8110723,-0.5,-16.878008,-0.6680363,132.41188,-0.7995327833020647
GW240612_081540,GW241225_082815,196.00873838241176,-1.2622733,3.5932734,-0.5,-6.0023737,-0.7298938,65.472855,-0.6784507106493687
GW240612_081540,GW241229_155844,200.32157497027407,-1.2622733,4.2794476,-0.5,-9.311427,-0.061818913,105.67921,-0.7152915090441928
GW240612_081540,GW241230_084504,201.02041521503142,-1.2622733,4.030515,-0.5,-8.823711,-0.27201018,130.81386,-0.7098616068123307
GW240612_081540,GW241230_233618,201.6393217135,-1.2622733,5.5157475,-0.5,-14.810059,-0.21113339,103.13692,-0.7765096122086415
GW240612_081540,GW241231_054133,201.89297407700508,-1.2622733,9.112639,-0.5,-40.831924,-0.7127763,147.65312,-1.066219747243899
GW240612_081540,GW250101_011205,202.7058376377959,-1.2622733,5.960143,-0.5,-17.32262,-0.13370033,109.38414,-0.8044828029918938
GW240612_081540,GW250104_015122,205.7331210832629,-1.2622733,6.7644634,-0.5,-22.528173,-0.29044434,129.74437,-0.8624379660628656
GW240612_081540,GW250108_152221,210.29630831586542,-1.2622733,0.7655608,1.0,0.17398103,-0.28125715,13.854781,-0.6096872879579168
GW240612_081540,GW250109_010541,210.70139826789773,-1.2622733,6.7053466,-0.5,-21.932531,-0.34831685,116.517395,-0.8558064834739149
GW240612_081540,GW250109_074552,210.97930218617122,-1.2622733,1.6524985,0.5,-1.9779363,-0.23914254,51.308537,-0.6336453028617384
GW240612_081540,GW250114_082203,216.0044276851388,-1.4549596,8.99031,-0.5,-39.70035,-2.2053967,143.91115,-1.3171280769296698
GW240612_081540,GW250116_015318,217.73446418524892,-1.4549596,2.437762,0.1,-2.8799863,-0.073657654,53.23367,-0.9071946346425932
GW240612_081540,GW250118_023225,219.76163509776194,-1.4549596,6.646348,-0.5,-21.88293,-0.059017126,137.18562,-1.1187607706438705
GW240612_081540,GW250118_055802,219.90441899793842,-1.4549596,5.675173,-0.5,-15.664717,-0.18757108,104.151955,-1.049531314212215
GW240612_081540,GW250118_170523,220.3678535334269,-1.4549596,4.8259077,-0.5,-11.233177,-0.45663363,89.79508,-1.0001935025075834
GW240612_081540,GW250119_025138,220.7749780809493,-1.4549596,2.0246434,0.5,-1.5032037,-0.5133651,35.215584,-0.8918664542213434
GW240612_081540,GW250119_190238,221.44927831462135,-1.4549596,6.625457,-0.5,-21.224579,-0.8655104,105.45958,-1.1114311187862975
GW240615_113620,GW240615_160735,0.18836384166721945,1.0956955,15.748803,-0.5,-122.13532,-0.895162,140.82426,1.2532221516710584
GW240615_113620,GW240618_071627,2.8195190228604607,1.130381,5.915341,-0.5,-17.189806,-1.1728878,116.03889,2.469049530024626
GW240615_113620,GW240621_195059,6.343503655860269,0.5732528,14.719913,-0.5,-103.3913,-0.052610897,28.365742,0.7474436761687223
GW240615_113620,GW240621_200935,6.356421474386696,0.5732528,13.991955,-0.5,-95.54594,-0.8810987,99.19047,0.8347886905989427
GW240615_113620,GW240621_214041,6.419687412624006,0.5732528,5.416551,-0.5,-14.054947,-1.179405,91.05507,1.742055132086632
GW240615_113620,GW240622_004008,6.544301888697126,0.5732528,12.253621,-0.5,-72.17811,-0.7050139,65.782646,1.0949505388192309
GW240615_113620,GW240627_131622,12.069461696490093,0.5157103,3.7393768,-0.5,-4.964166,-0.9641915,31.01763,1.764574082810417
GW240615_113620,GW240629_145256,14.13652917596753,0.035988156,7.3472557,-0.5,-23.822393,-0.71676314,34.441757,0.8985792761584188
GW240615_113620,GW240630_101703,14.944938180159639,0.035988156,4.4473476,-0.5,-7.9885087,-0.9233162,39.296093,1.0748632100848754
GW240615_113620,GW240703_191355,18.317761208227388,0.52348214,1.5445373,0.5,-1.604375,-0.9331285,43.37145,1.8126080870733674
GW240615_113620,GW240705_053215,19.74716683761665,0.09474692,5.2854605,-0.5,-11.8086605,-0.61356187,41.040344,1.112687218166341
GW240615_113620,GW240716_034900,30.675460568178032,0.2735977,3.566003,-0.5,-6.5580945,-0.6947516,90.07894,1.4157293470289
GW240615_113620,GW240824_205609,70.38875667924682,-0.39246207,15.142903,-0.5,-112.34524,-1.0976893,109.1317,-0.6728985567081507
GW240615_113620,GW240825_055146,70.76072045356311,-0.39246207,7.6331344,-0.5,-26.920897,-0.9216919,57.745754,0.27815920266007677
GW240615_113620,GW240830_211120,76.39930159149347,-0.38587266,9.937445,-0.5,-47.07815,-0.84596014,71.98607,0.06275303381385645
GW240615_113620,GW240902_143306,79.12275542488253,-0.38587266,6.359556,-0.5,-18.217186,-0.8860716,53.34873,0.38407181734841184
GW240615_113620,GW240907_153833,84.16820654997119,-0.38587266,6.341354,-0.5,-19.130554,-0.98112255,88.9848,0.3739029834373885
GW240615_113620,GW240908_082628,84.86814456017481,-0.38587266,17.295652,-0.5,-147.22717,-0.84327185,122.53994,-1.0522395118307242
GW240615_113620,GW240908_125134,85.05224036221979,-0.38587266,7.5092554,-0.5,-27.065128,-1.1195881,97.58858,0.28556471609122014
GW240615_113620,GW240910_103535,86.95780998586504,-0.7066782,22.715084,-0.5,-255.14722,-0.36899108,125.48278,-2.692464304180317
GW240615_113620,GW240915_001357,91.52612275171612,-0.7066782,16.972433,-0.5,-141.8726,-0.5438762,131.80275,-1.4313401611983512
GW240615_113620,GW240915_105151,91.96910120099507,-0.7066782,1.337694,0.5,-0.8058228,-0.62663245,29.2474,0.13920349560645073
GW240615_113620,GW240916_184352,93.29689349808075,-0.7066782,13.303997,-0.5,-86.618904,-0.96764034,118.83351,-0.8161822375512993
GW240615_113620,GW240919_061559,95.77752869752545,-0.7066782,23.047462,-0.5,-260.1782,-0.4452429,35.147907,-2.748475835187668
GW240615_113620,GW240920_073424,96.83198789211335,-0.7066782,2.092633,0.5,0.3131391,-0.6742937,13.685866,0.15166127266285395
GW240615_113620,GW240920_124024,97.04449260644614,-0.7066782,20.3918,-0.5,-204.30798,-0.35040653,76.864365,-2.126454116408362
GW240615_113620,GW240921_201835,98.36267444205505,-0.7066782,7.932093,-0.5,-30.704342,-0.82103986,124.31897,-0.19366671658899728
GW240615_113620,GW240922_142106,99.11441753472995,-0.7066782,16.42238,-0.5,-131.83922,-0.72098553,83.42078,-1.3196351167932028
GW240615_113620,GW240923_204006,100.37760871894382,-0.8908795,10.869275,-0.5,-57.07173,-0.80285925,91.4517,-0.7391265767454303
GW240615_113620,GW240924_000316,100.5187017304809,-0.8908795,10.285273,-0.5,-51.233906,-0.91194576,102.539406,-0.6741321100257143
GW240615_113620,GW240925_005809,101.55682018810953,-0.8908795,19.37005,-0.5,-183.33665,-0.1733543,52.543346,-2.1448761928009485
GW240615_113620,GW240930_035959,106.68309314823537,-0.8908795,3.7014096,-0.5,-4.132328,-0.52376294,21.737917,-0.14973449248754506
GW240615_113620,GW240930_234614,107.50687732508061,-0.8908795,17.430206,-0.5,-149.44974,-0.82814926,116.668274,-1.7676018116446972
GW240615_113620,GW241002_030559,108.64558974111246,-0.8908795,9.321058,-0.5,-42.13485,-0.8072196,110.880806,-0.572829273832403
GW240615_113620,GW241006_015333,112.59528688059636,-0.8908795,8.670581,-0.5,-34.558678,-0.448102,43.546036,-0.48848121862169736
GW240615_113620,GW241007_082943,113.8703989801749,-0.8908795,23.811523,-0.5,-281.12122,-0.9964642,166.15108,-3.2335444146058254
GW240615_113620,GW241009_022835,115.61961765170098,-0.8908795,9.226483,-0.5,-41.82289,-1.1205006,145.59285,-0.569356137604567
GW240615_113620,GW241009_084816,115.88328800440662,-0.8908795,21.944756,-0.5,-238.32088,-0.75369203,146.23093,-2.757033929485654
GW240615_113620,GW241009_220455,116.43651390182751,-0.8908795,2.66761,0.1,-1.5669912,-0.9470479,22.531883,-0.12117373969713263
GW240615_113620,GW241011_233834,118.50155371061906,-1.2459191,32.813282,-0.5,-534.19025,-0.29351354,93.444016,-6.536577894278949
GW240615_113620,GW241101_220523,139.4368327660086,-1.0487857,4.1898427,-0.5,-9.054514,-0.88707364,110.003624,-0.4204780558273359
GW240615_113620,GW241102_124058,140.04488510008488,-1.0487857,7.0754247,-0.5,-20.48275,-0.205223,16.641195,-0.5477124292869067
GW240615_113620,GW241102_144729,140.1327433057102,-1.0487857,12.869677,-0.5,-80.938835,-0.7697787,115.173294,-1.2207902444204306
GW240615_113620,GW241109_033317,146.66455190157174,-1.0487857,0.7784377,1.0,-0.5555698,-0.8574169,20.18855,-0.32585646878828917
GW240615_113620,GW241109_115924,147.01602070608348,-1.0487857,4.5452385,-0.5,-10.648584,-0.77937526,121.85873,-0.43822537508609943
GW240615_113620,GW241110_124123,148.04517306597145,-1.0487857,33.38765,-0.5,-554.3413,-0.93218374,168.06715,-6.491338303022981
GW240615_113620,GW241111_111552,148.98578536916662,-1.0487857,6.515529,-0.5,-18.54207,-0.50188243,38.91899,-0.5261061948264322
GW240615_113620,GW241113_163507,151.20748592929706,-1.0487857,3.3987386,-0.5,-6.237227,-0.7225311,97.85142,-0.3891122578146335
GW240615_113620,GW241114_024711,151.6325354737071,-1.0487857,7.5572114,-0.5,-26.80619,-0.8763593,72.02577,-0.6181134077205279
GW240615_113620,GW241114_235258,152.51154435742785,-1.0487857,4.080034,-0.5,-8.632186,-0.72860074,108.83332,-0.41577613701499166
GW240615_113620,GW241116_151753,154.15385355371015,-1.0487857,5.6742287,-0.5,-15.4799595,-1.0491631,95.20056,-0.49201469009421706
GW240615_113620,GW241124_024914,161.63395406674456,-1.0688436,9.86193,-0.5,-47.922306,-1.1136528,158.33377,-0.8806362144896519
GW240615_113620,GW241125_010116,162.55898224690446,-1.0688436,12.587691,-0.5,-78.10591,-0.9466907,164.42747,-1.2166803855268085
GW240615_113620,GW241127_061008,164.77346664248793,-1.0688436,54.184586,-0.5,-1463.873,-0.14632836,158.5237,-16.644889353458524
GW240615_113620,GW241129_021832,166.6126377762247,-1.0688436,25.791012,-0.5,-329.86688,-0.46999362,151.21242,-4.019619473766172
GW240615_113620,GW241130_034908,167.67555430704797,-1.0688436,7.8783326,-0.5,-28.44538,-0.6560881,49.35614,-0.6637930746468159
GW240615_113620,GW241130_110422,167.97779395663352,-1.0688436,13.365666,-0.5,-87.5072,-0.9190517,123.38632,-1.3213481011521822
GW240615_113620,GW241201_055758,168.76502212765317,-1.0688436,9.373083,-0.5,-43.136566,-1.0835849,144.27798,-0.8273549716854717
GW240615_113620,GW241210_060606,177.7706728310883,-1.0688436,2.7700706,0.1,-1.9810977,-0.730913,25.037817,-0.3691573775059841
GW240615_113620,GW241210_120900,178.02268431508432,-1.0688436,4.5366287,-0.5,-9.479942,-1.1147057,69.144135,-0.45264452256564136
GW240615_113620,GW241225_042553,192.70107095338957,-1.2622733,3.1711051,-0.5,-4.357452,-0.44790974,51.837685,-0.6601372463596293
GW240615_113620,GW241225_082815,192.86938601322473,-1.2622733,7.7597466,-0.5,-28.230478,-0.38605222,69.41206,-0.9259236328898219
GW240615_113620,GW241229_155844,197.182222601087,-1.2622733,4.8331957,-0.5,-11.301387,-1.1777649,91.42734,-0.7374463960806571
GW240615_113620,GW241230_084504,197.88106284584435,-1.2622733,3.2089415,-0.5,-5.5764303,-0.84393585,90.841705,-0.6737085406098002
GW240615_113620,GW241230_233618,198.49996934431294,-1.2622733,3.7208838,-0.5,-5.2453146,-0.90481263,36.76928,-0.6700221185332497
GW240615_113620,GW241231_054133,198.753621707818,-1.2622733,11.449031,-0.5,-61.63803,-0.40316975,37.193382,-1.2978610899194083
GW240615_113620,GW250101_011205,199.56648526860883,-1.2622733,5.468738,-0.5,-13.135628,-0.98224574,50.36902,-0.7578676136012072
GW240615_113620,GW250104_015122,202.59376871407585,-1.2622733,3.9280767,-0.5,-6.2090106,-0.8255017,42.28773,-0.680751268426516
GW240615_113620,GW250108_152221,207.15695594667835,-1.2622733,12.598847,-0.5,-77.43149,-0.8346889,109.49711,-1.4736949289107897
GW240615_113620,GW250109_010541,207.5620458987107,-1.2622733,5.1144032,-0.5,-10.731315,-0.7676292,36.15177,-0.731099591915429
GW240615_113620,GW250109_074552,207.83994981698416,-1.2622733,3.0111852,0.1,-4.8431993,-0.8768035,80.35166,-0.6655452339164741
GW240615_113620,GW250114_082203,212.86507531595174,-1.2622733,44.219826,-0.5,-972.88446,-1.0894507,91.142746,-11.443072340323734
GW240615_113620,GW250116_015318,214.59511181606186,-1.2622733,11.299882,-0.5,-63.000614,-1.1896037,169.4499,-1.313031183937719
GW240615_113620,GW250118_023225,216.6222827285749,-1.4549596,3.4732125,-0.5,-4.932387,-1.0569289,45.82182,-0.9300446967915001
GW240615_113620,GW250118_055802,216.76506662875138,-1.4549596,10.332797,-0.5,-51.56526,-0.92837495,95.16059,-1.4492240893838932
GW240615_113620,GW250118_170523,217.22850116423987,-1.4549596,3.4653945,-0.5,-4.2916265,-0.6593124,33.639072,-0.9229108967243189
GW240615_113620,GW250119_025138,217.63562571176223,-1.4549596,21.190256,-0.5,-222.1778,-0.6025809,150.6529,-3.3487104841727806
GW240615_113620,GW250119_190238,218.30992594543432,-1.4549596,16.218035,-0.5,-125.57143,-0.25043565,19.009958,-2.2731594694747606
GW240615_160735,GW240618_071627,2.6311551811932414,1.130381,4.7827673,-0.5,-11.317822,-0.27772576,102.97671,2.5344242864318876
GW240615_160735,GW240621_195059,6.15513981419305,0.49711657,17.866844,-0.5,-157.76599,-0.9477729,162.2609,0.03795257006958219
GW240615_160735,GW240621_200935,6.168057632719477,0.49711657,9.3170395,-0.5,-42.00499,-0.014063291,105.82895,1.3267585151036116
GW240615_160735,GW240621_214041,6.2313235709567865,0.49711657,3.8350925,-0.5,-6.9852576,-0.284243,72.9028,1.716644903216848
GW240615_160735,GW240622_004008,6.355938047029906,0.5732528,10.73827,-0.5,-56.074913,-0.19014816,111.37992,1.274232796323603
GW240615_160735,GW240627_131622,11.881097854822874,0.5157103,13.708062,-0.5,-92.69119,-0.069029465,166.52231,0.7878797583387172
GW240615_160735,GW240629_145256,13.948165334300311,0.035988156,15.794421,-0.5,-123.08582,-0.17839889,158.52592,-0.20655368306765443
GW240615_160735,GW240630_101703,14.75657433849242,0.035988156,8.868598,-0.5,-38.122643,-0.028154185,111.06503,0.7393698204475172
GW240615_160735,GW240703_191355,18.129397366560166,0.52348214,3.9127398,-0.5,-8.161552,-0.037966438,115.228714,1.7396048378668167
GW240615_160735,GW240705_053215,19.55880299594943,0.09474692,8.506757,-0.5,-34.85875,-0.28160015,100.312996,0.8560628699141768
GW240615_160735,GW240716_034900,30.487096726510813,0.2735977,4.7645082,-0.5,-11.666566,-0.20041038,127.56566,1.3588550265597072
GW240615_160735,GW240824_205609,70.2003928375796,-0.39246207,6.2268767,-0.5,-18.001333,-0.20252721,71.18853,0.3774636838076744
GW240615_160735,GW240825_055146,70.5723566118959,-0.39246207,8.073496,-0.5,-31.24471,-0.026529878,94.150536,0.2300207310041869
GW240615_160735,GW240830_211120,76.21093774982624,-0.38587266,6.161722,-0.5,-17.601845,-0.049201883,70.58812,0.39092261656873706
GW240615_160735,GW240902_143306,78.9343915832153,-0.38587266,12.402087,-0.5,-75.65215,-0.009090399,151.45508,-0.255370878901222
GW240615_160735,GW240907_153833,83.97984270830398,-0.38587266,4.1931176,-0.5,-8.151757,-0.08596054,69.62006,0.49613360165952236
GW240615_160735,GW240908_082628,84.67978071850759,-0.38587266,6.0657287,-0.5,-16.997465,-0.051890127,68.88297,0.3976513773808023
GW240615_160735,GW240908_125134,84.86387652055257,-0.38587266,2.7860296,0.1,-3.134434,-0.22442618,43.843777,0.5519931394248473
GW240615_160735,GW240910_103535,86.76944614419783,-0.7066782,1.4983771,0.5,0.44209427,-0.5261709,15.663612,0.1530969735372068
GW240615_160735,GW240915_001357,91.33775891004889,-0.7066782,7.220533,-0.5,-24.744446,-0.35128582,85.150085,-0.12731320025580636
GW240615_160735,GW240915_105151,91.78073735932784,-0.7066782,5.6631374,-0.5,-16.099194,-0.26852953,133.63083,-0.031062715941188923
GW240615_160735,GW240916_184352,93.10852965641352,-0.7066782,3.8656745,-0.5,-6.279194,-0.07247833,48.674812,0.07826662479900459
GW240615_160735,GW240919_061559,95.58916485585824,-0.7066782,19.023428,-0.5,-179.08237,-0.44991907,171.30498,-1.8456088921205993
GW240615_160735,GW240920_073424,96.64362405044614,-0.7066782,12.739578,-0.5,-79.690056,-0.22086829,140.44498,-0.7390410525596492
GW240615_160735,GW240920_124024,96.85612876477893,-0.7066782,13.7409,-0.5,-92.679886,-1.2455685,132.49219,-0.8836611743753486
GW240615_160735,GW240921_201835,98.17431060038783,-0.7066782,4.9940643,-0.5,-11.993752,-0.07412218,89.94911,0.014644543367095642
GW240615_160735,GW240922_142106,98.92605369306273,-0.7066782,6.903761,-0.5,-22.222208,-0.1741765,70.5964,-0.09923228355553587
GW240615_160735,GW240923_204006,100.1892448772766,-0.8908795,4.4882364,-0.5,-8.821221,-0.09230274,54.887863,-0.20193750992220966
GW240615_160735,GW240924_000316,100.33033788881369,-0.8908795,7.2618914,-0.5,-25.291613,-0.016783753,96.9279,-0.3853078842220903
GW240615_160735,GW240925_005809,101.3684563464423,-0.8908795,9.64536,-0.5,-44.713665,-1.0685163,89.51061,-0.601540088793369
GW240615_160735,GW240930_035959,106.49472930656815,-0.8908795,11.199964,-0.5,-61.190643,-0.37139904,119.191,-0.7849837986845016
GW240615_160735,GW240930_234614,107.3185134834134,-0.8908795,9.17582,-0.5,-40.656036,-0.06701274,101.99852,-0.5563651522305623
GW240615_160735,GW241002_030559,108.45722589944523,-0.8908795,5.856812,-0.5,-16.287409,-0.087942414,86.92421,-0.28506107204874953
GW240615_160735,GW241006_015333,112.40692303892915,-0.8908795,10.213335,-0.5,-50.541794,-0.44706002,104.14929,-0.6664265960094146
GW240615_160735,GW241007_082943,113.68203513850769,-0.8908795,4.494461,-0.5,-8.689258,-0.10130219,50.740158,-0.20046831358459266
GW240615_160735,GW241009_022835,115.43125381003375,-0.8908795,3.815877,-0.5,-6.814188,-0.22533853,69.08404,-0.17959253643863565
GW240615_160735,GW241009_084816,115.69492416273941,-0.8908795,2.9683263,0.1,-2.9604442,-0.14147,32.942657,-0.1366875179856164
GW240615_160735,GW241009_220455,116.2481500601603,-0.8908795,10.43905,-0.5,-53.23965,-0.05188589,127.896996,-0.696462739165321
GW240615_160735,GW241011_233834,118.31318986895184,-1.2459191,5.1356144,-0.5,-11.393139,-1.1886755,47.866863,-0.7161028533818075
GW240615_160735,GW241101_220523,139.24846892434138,-1.0487857,3.9391658,-0.5,-8.14383,-0.008088372,109.171036,-0.41033911039023385
GW240615_160735,GW241102_124058,139.85652125841764,-1.0487857,13.6628475,-0.5,-91.51245,-0.689939,125.441864,-1.338509847830613
GW240615_160735,GW241102_144729,139.94437946404295,-1.0487857,5.5135517,-0.5,-14.009021,-0.12538327,69.490776,-0.47563823781002057
GW240615_160735,GW241109_033317,146.4761880599045,-1.0487857,5.542333,-0.5,-15.722053,-0.037745092,151.92184,-0.49470999338741584
GW240615_160735,GW241109_115924,146.82765686441627,-1.0487857,2.2536445,0.1,-2.9624243,-0.115786746,63.645004,-0.3526527843209276
GW240615_160735,GW241110_124123,147.85680922430421,-1.0487857,3.1100001,-0.5,-3.222851,-0.03702173,31.73155,-0.3555522025323439
GW240615_160735,GW241111_111552,148.7974215274994,-1.0487857,15.009297,-0.5,-111.12101,-0.39327955,160.56673,-1.5568184890949293
GW240615_160735,GW241113_163507,151.01912208762985,-1.0487857,1.468342,0.5,-1.6303036,-0.17263092,44.23724,-0.33782183954102346
GW240615_160735,GW241114_024711,151.44417163203988,-1.0487857,5.6206684,-0.5,-14.670813,-0.018802747,73.197914,-0.4830061872609983
GW240615_160735,GW241114_235258,152.3231805157606,-1.0487857,3.9217331,-0.5,-8.103829,-0.16656126,110.248726,-0.4098937668200183
GW240615_160735,GW241116_151753,153.96548971204294,-1.0487857,4.3633337,-0.5,-9.147576,-0.15400113,82.81775,-0.4215141506588337
GW240615_160735,GW241124_024914,161.44559022507732,-1.0688436,1.5716827,0.5,-0.7951978,-0.21849087,28.832047,-0.35595435716633167
GW240615_160735,GW241125_010116,162.37061840523725,-1.0688436,2.1185987,0.5,-1.5046867,-0.051528692,33.45735,-0.363853334682223
GW240615_160735,GW241127_061008,164.58510280082072,-1.0688436,4.7682776,-0.5,-9.57927,-1.0414903,44.55793,-0.45375037486558084
GW240615_160735,GW241129_021832,166.42427393455748,-1.0688436,4.7977004,-0.5,-9.978996,-0.4251684,51.031395,-0.45820065714793007
GW240615_160735,GW241130_034908,167.48719046538073,-1.0688436,10.21045,-0.5,-50.638847,-0.23907389,110.91907,-0.9108803771770209
GW240615_160735,GW241130_110422,167.7894301149663,-1.0688436,3.3454041,-0.5,-4.4370666,-0.023889711,42.8402,-0.39650050014733945
GW240615_160735,GW241201_055758,168.57665828598593,-1.0688436,2.443686,0.1,-2.4820218,-0.18842295,43.419403,-0.37473433315305427
GW240615_160735,GW241210_060606,177.58230898942108,-1.0688436,10.737134,-0.5,-56.4625,-0.16424902,136.01088,-0.9757170667306725
GW240615_160735,GW241210_120900,177.83432047341708,-1.0688436,6.148525,-0.5,-18.383593,-0.21954362,108.44101,-0.5517718388550324
GW240615_160735,GW241225_042553,192.51270711172234,-1.2622733,8.145571,-0.5,-32.762974,-0.44725224,151.51286,-0.9763854210950974
GW240615_160735,GW241225_082815,192.68102217155752,-1.2622733,6.9100957,-0.5,-22.68365,-0.5091098,87.07242,-0.864168928097128
GW240615_160735,GW241229_155844,196.9938587594198,-1.2622733,2.432549,0.1,-2.7790854,-0.28260294,50.827984,-0.6425647640557305
GW240615_160735,GW241230_084504,197.69269900417714,-1.2622733,3.6671646,-0.5,-7.2455735,-0.05122613,108.79551,-0.6922916700720634
GW240615_160735,GW241230_233618,198.31160550264573,-1.2622733,12.633731,-0.5,-78.71983,-0.009650646,167.80272,-1.4880385084126053
GW240615_160735,GW241231_054133,198.5652578661508,-1.2622733,15.266234,-0.5,-114.762566,-0.49199226,144.2775,-1.8893143003270294
GW240615_160735,GW250101_011205,199.37812142694162,-1.2622733,13.170253,-0.5,-85.56659,-0.08708371,168.45265,-1.5642657325391935
GW240615_160735,GW250104_015122,202.4054048724086,-1.2622733,11.4825535,-0.5,-64.937195,-0.06966032,160.20506,-1.334591784060391
GW240615_160735,GW250108_152221,206.96859210501114,-1.2622733,6.3192716,-0.5,-18.7469,-0.060473118,78.49583,-0.8203397904140648
GW240615_160735,GW250109_010541,207.37368205704348,-1.2622733,15.445204,-0.5,-117.87629,-0.12753281,175.23929,-1.9239804282239419
GW240615_160735,GW250109_074552,207.65158597531695,-1.2622733,2.9545765,0.1,-4.779255,-0.018358508,83.08721,-0.6648333201968781
GW240615_160735,GW250114_082203,212.67671147428453,-1.2622733,10.163851,-0.5,-49.812336,-1.9846127,92.603584,-1.1662016721535136
GW240615_160735,GW250116_015318,214.40674797439465,-1.2622733,1.7336743,0.5,-0.9600634,-0.2944417,30.209501,-0.6223129837895056
GW240615_160735,GW250118_023225,216.43391888690766,-1.4549596,9.532622,-0.5,-44.70953,-0.1617669,151.57066,-1.3728969326404143
GW240615_160735,GW250118_055802,216.57670278708417,-1.4549596,9.349978,-0.5,-42.549774,-0.03321295,119.58456,-1.348851650061907
GW240615_160735,GW250118_170523,217.04013732257263,-1.4549596,10.267275,-0.5,-51.603138,-0.2358496,135.0418,-1.4496457769967743
GW240615_160735,GW250119_025138,217.44726187009502,-1.4549596,3.0323722,-0.5,-3.201268,-0.29258108,34.482338,-0.910771570939052
GW240615_160735,GW250119_190238,218.12156210376708,-1.4549596,16.285202,-0.5,-130.72905,-0.6447264,145.78423,-2.3305810144560914
GW240618_071627,GW240621_195059,3.5239846329998086,1.2099575,4.53076,-0.5,-9.964594,-1.2254987,89.168564,2.6583143755344305
GW240618_071627,GW240621_200935,3.5369024515262355,1.2099575,2.1938856,0.1,-2.22074,-0.29178903,45.697758,2.7445292897775646
GW240618_071627,GW240621_214041,3.600168389763545,1.2099575,4.56462,-0.5,-10.660906,-0.006517225,117.81766,2.650562101717367
GW240618_071627,GW240622_004008,3.7247828658366644,1.2099575,4.5283213,-0.5,-10.016353,-0.4678739,91.963585,2.6577381278807417
GW240618_071627,GW240627_131622,9.249942673629633,0.5435311,4.0303335,-0.5,-7.9778314,-0.20869628,85.72601,1.7690680693486907
GW240618_071627,GW240629_145256,11.31701015310707,0.669271,4.407775,-0.5,-9.461009,-0.45612463,88.7695,1.9245098300093304
GW240618_071627,GW240630_101703,12.125419157299179,0.5157103,6.025472,-0.5,-18.029472,-0.24957156,129.46901,1.6191136595569486
GW240618_071627,GW240703_191355,15.498242185366927,0.035988156,3.4215062,-0.5,-6.661357,-0.23975931,117.1402,1.0896388346440873
GW240618_071627,GW240705_053215,16.92764781475619,0.52348214,7.2757735,-0.5,-26.305481,-0.5593259,153.29424,1.5376024136273756
GW240618_071627,GW240716_034900,27.85594154531757,0.5727229,1.0191902,1.0,-1.190029,-0.47813612,32.57757,1.8845599252002125
GW240618_071627,GW240824_205609,67.56923765638636,-0.39246207,4.4097,-0.5,-9.54077,-0.07519853,92.03019,0.4716579685274048
GW240618_071627,GW240825_055146,67.94120143070265,-0.39246207,6.2543983,-0.5,-19.388874,-0.25119588,131.31976,0.36201572784885894
GW240618_071627,GW240830_211120,73.57978256863301,-0.38587266,7.5149956,-0.5,-28.056854,-0.32692763,156.93413,0.27452349973924717
GW240618_071627,GW240902_143306,76.30323640202207,-0.38587266,3.2143147,-0.5,-5.0254035,-0.28681615,68.48738,0.5309403434123414
GW240618_071627,GW240907_153833,81.34868752711073,-0.38587266,5.242449,-0.5,-13.846993,-0.19176522,126.312195,0.43272663229924624
GW240618_071627,GW240908_082628,82.04862553731435,-0.38587266,3.6466653,-0.5,-6.463124,-0.3296159,75.9535,0.5149337225042119
GW240618_071627,GW240908_125134,82.23272133935933,-0.38587266,6.2212577,-0.5,-19.407913,-0.053299565,146.23357,0.3708150528343719
GW240618_071627,GW240910_103535,84.13829096300458,-0.38587266,5.821409,-0.5,-16.712015,-0.80389667,118.46728,0.40082938749101205
GW240618_071627,GW240915_001357,88.70660372885565,-0.7066782,1.3552508,0.5,-0.7554264,-0.6290116,28.554426,0.13976457539050285
GW240618_071627,GW240915_105151,89.14958217813461,-0.7066782,3.8834283,-0.5,-8.040784,-0.5462553,113.99388,0.05865425414997416
GW240618_071627,GW240916_184352,90.47737447522029,-0.7066782,4.522266,-0.5,-10.10546,-0.20524742,97.34963,0.03566752257431216
GW240618_071627,GW240919_061559,92.958009674665,-0.7066782,4.129512,-0.5,-8.223546,-0.72764486,81.12599,0.05661950205679972
GW240618_071627,GW240920_073424,94.01246886925288,-0.7066782,5.442073,-0.5,-14.604854,-0.49859405,112.37435,-0.014425729599059245
GW240618_071627,GW240920_124024,94.22497358358568,-0.7066782,2.452982,0.1,-2.7359955,-1.5232943,48.926075,0.11771423696170641
GW240618_071627,GW240921_201835,95.54315541919459,-0.7066782,1.0050105,1.0,-0.6909859,-0.35184792,25.210682,0.14048201290354745
GW240618_071627,GW240922_142106,96.29489851186949,-0.7066782,6.687683,-0.5,-22.118717,-0.45190224,135.31947,-0.0980800855402619
GW240618_071627,GW240923_204006,97.55808969608336,-0.7066782,6.43521,-0.5,-20.566385,-0.3700285,137.17848,-0.08079745507355571
GW240618_071627,GW240924_000316,97.69918270762044,-0.7066782,2.940655,0.1,-4.2451835,-0.26094198,64.628105,0.10091194293836897
GW240618_071627,GW240925_005809,98.73730116524906,-0.7066782,8.352341,-0.5,-34.590862,-1.3462421,165.15158,-0.2369366478264159
GW240618_071627,GW240930_035959,103.86357412537491,-0.8908795,6.7377706,-0.5,-22.475939,-0.6491248,137.77176,-0.3539600458376785
GW240618_071627,GW240930_234614,104.68735830222015,-0.8908795,0.19487838,1.0,0.17948602,-0.34473848,4.0336485,-0.10172962459949819
GW240618_071627,GW241002_030559,105.826070718252,-0.8908795,2.9106114,0.1,-4.2408895,-0.36566815,66.69844,-0.15094314414965376
GW240618_071627,GW241006_015333,109.77576785773591,-0.8908795,6.753808,-0.5,-22.561708,-0.72478575,136.5606,-0.35491494807234625
GW240618_071627,GW241007_082943,111.05087995731444,-0.8908795,2.613338,0.1,-3.2253249,-0.17642355,54.33644,-0.1396365229271681
GW240618_071627,GW241009_022835,112.80009862884052,-0.8908795,1.4940164,0.5,-1.3073381,-0.052387208,37.577454,-0.1182829349935205
GW240618_071627,GW241009_084816,113.06376898154616,-0.8908795,4.2157454,-0.5,-8.68685,-0.41919574,87.21809,-0.20044150420745188
GW240618_071627,GW241009_220455,113.61699487896705,-0.8908795,5.685265,-0.5,-16.02275,-0.22583985,121.265465,-0.2821145463109849
GW240618_071627,GW241011_233834,115.6820346877586,-0.8908795,7.5999994,-0.5,-28.591982,-1.4664013,150.4198,-0.4220519989780059
GW240618_071627,GW241101_220523,136.61731374314815,-1.0487857,0.23464537,1.0,-0.7471039,-0.2858141,7.6859636,-0.32798888200088033
GW240618_071627,GW241102_124058,137.2253660772244,-1.0487857,6.6640024,-0.5,-21.90985,-0.9676648,131.45976,-0.5636008022610888
GW240618_071627,GW241102_144729,137.31322428284972,-1.0487857,3.9716072,-0.5,-7.767504,-0.403109,85.523834,-0.40614934623945514
GW240618_071627,GW241109_033317,143.84503287871127,-1.0487857,3.1501446,-0.5,-5.665586,-0.31547084,102.37852,-0.38274798773835716
GW240618_071627,GW241109_115924,144.19650168322303,-1.0487857,2.523887,0.1,-3.9316735,-0.3935125,83.799255,-0.363443760354032
GW240618_071627,GW241110_124123,145.22565404311098,-1.0487857,3.551255,-0.5,-6.060737,-0.24070401,71.81583,-0.3871473375129264
GW240618_071627,GW241111_111552,146.16626634630617,-1.0487857,3.9226863,-0.5,-7.4737363,-0.6710053,80.323814,-0.40287872963917715
GW240618_071627,GW241113_163507,148.38796690643662,-1.0487857,4.0705132,-0.5,-9.126411,-0.45035666,141.73982,-0.4212785148145224
GW240618_071627,GW241114_024711,148.81301645084665,-1.0487857,7.2254477,-0.5,-26.00713,-0.2965285,157.38406,-0.6092171963616225
GW240618_071627,GW241114_235258,149.69202533456738,-1.0487857,0.22177427,1.0,-0.7646634,-0.444287,7.3391924,-0.3281843774389077
GW240618_071627,GW241116_151753,151.3343345308497,-1.0487857,3.7680335,-0.5,-7.3404117,-0.12372462,97.17644,-0.40139438202188493
GW240618_071627,GW241124_024914,158.8144350438841,-1.0688436,3.07068,-0.5,-4.919585,-0.059234884,77.766525,-0.4018725419036654
GW240618_071627,GW241125_010116,159.739463224044,-1.0688436,3.1353965,-0.5,-4.97439,-0.22619705,73.81493,-0.4024827020922401
GW240618_071627,GW241127_061008,161.95394761962748,-1.0688436,3.389103,-0.5,-5.456144,-1.3192161,67.11589,-0.40784622855333164
GW240618_071627,GW241129_021832,163.79311875336424,-1.0688436,3.2043817,-0.5,-4.9109154,-0.70289415,65.51307,-0.4017760175283834
GW240618_071627,GW241130_034908,164.8560352841875,-1.0688436,5.620785,-0.5,-15.585088,-0.5167996,115.58397,-0.5206151486752408
GW240618_071627,GW241130_110422,165.15827493377307,-1.0688436,4.831289,-0.5,-11.562358,-0.25383604,104.6104,-0.47582875165583655
GW240618_071627,GW241201_055758,165.9455031047927,-1.0688436,3.2208858,-0.5,-5.3590903,-0.08930281,80.2353,-0.40676569917001826
GW240618_071627,GW241210_060606,174.95115380822784,-1.0688436,5.083506,-0.5,-12.805154,-0.44197476,109.6571,-0.4896652145354742
GW240618_071627,GW241210_120900,175.20316529222384,-1.0688436,4.0469503,-0.5,-8.353435,-0.058182124,100.43567,-0.44010273494161534
GW240618_071627,GW241225_042553,189.8815519305291,-1.2622733,2.7585967,0.1,-4.024611,-0.724978,70.37598,-0.6564316170897132
GW240618_071627,GW241225_082815,190.04986699036425,-1.2622733,6.1746225,-0.5,-18.943497,-0.78683555,132.95274,-0.8225285610517163
GW240618_071627,GW241229_155844,194.36270357822656,-1.2622733,5.381996,-0.5,-14.832974,-0.0048771948,146.54971,-0.776764741920846
GW240618_071627,GW241230_084504,195.0615438229839,-1.2622733,1.6386353,0.5,-2.1614947,-0.3289519,56.408398,-0.6356889206301257
GW240618_071627,GW241230_233618,195.6804503214525,-1.2622733,3.7479484,-0.5,-6.9414067,-0.2680751,82.22183,-0.6889052794328375
GW240618_071627,GW241231_054133,195.93410268495757,-1.2622733,4.616531,-0.5,-10.374385,-0.769718,91.65531,-0.7271257733159288
GW240618_071627,GW250101_011205,196.74696624574838,-1.2622733,3.0348842,-0.5,-4.496108,-0.19064204,65.68596,-0.6616809515305475
GW240618_071627,GW250104_015122,199.77424969121537,-1.2622733,3.4448655,-0.5,-5.8886056,-0.34738606,76.992,-0.6771840923359727
GW240618_071627,GW250108_152221,204.3374369238179,-1.2622733,3.802947,-0.5,-7.1020055,-0.33819887,81.48882,-0.6906932790805654
GW240618_071627,GW250109_010541,204.74252687585022,-1.2622733,3.836589,-0.5,-7.1732125,-0.40525857,79.88789,-0.6914860509433757
GW240618_071627,GW250109_074552,205.0204307941237,-1.2622733,3.639706,-0.5,-7.364278,-0.29608425,120.47778,-0.6936132449542042
GW240618_071627,GW250114_082203,210.0455562930913,-1.2622733,4.036185,-0.5,-7.847475,-2.2623384,79.48979,-0.6989928411152175
GW240618_071627,GW250116_015318,211.7755927932014,-1.2622733,2.9905703,0.1,-4.624157,-0.01671594,73.77007,-0.6631065627223574
GW240618_071627,GW250118_023225,213.80276370571443,-1.2622733,3.282982,-0.5,-5.4541764,-0.11595884,77.52775,-0.6723474471131177
GW240618_071627,GW250118_055802,213.9455476058909,-1.2622733,1.3323971,0.5,-0.7784572,-0.2445128,28.837488,-0.6202911015245558
GW240618_071627,GW250118_170523,214.4089821413794,-1.2622733,4.985625,-0.5,-12.338937,-0.5135754,108.98413,-0.7489977869164384
GW240618_071627,GW250119_025138,214.81610668890178,-1.2622733,3.9482465,-0.5,-7.6091666,-0.57030684,82.26788,-0.6963396736688241
GW240618_071627,GW250119_190238,215.49040692257384,-1.4549596,5.49948,-0.5,-14.816782,-0.9224521,107.90629,-1.0400909733643144
GW240621_195059,GW240621_200935,0.012917818526426952,1.9105396,10.106581,-0.5,-48.778942,-0.9337096,73.42044,3.1842563031581608
GW240621_195059,GW240621_214041,0.07618375676373641,2.6036868,6.6921387,-0.5,-21.786669,-1.2320158,112.998695,4.432677735586181
GW240621_195059,GW240622_004008,0.20079823283685577,1.0956955,9.742864,-0.5,-44.647987,-0.75762475,54.541943,2.1159145688765992
GW240621_195059,GW240627_131622,5.725958040629824,0.49711657,0.5127338,1.0,1.8598956,-1.0168023,4.3302193,1.8151209520484475
GW240621_195059,GW240629_145256,7.7930255201072605,0.72702783,6.303628,-0.5,-16.807707,-0.769374,31.197407,1.9217014542890216
GW240621_195059,GW240630_101703,8.60143452429937,0.5435311,5.7367163,-0.5,-14.5857725,-0.9759271,51.500072,1.695499650600877
GW240621_195059,GW240703_191355,11.974257552367117,0.5157103,1.6736008,0.5,-1.8152367,-0.98573935,47.070637,1.7996321677827187
GW240621_195059,GW240705_053215,13.403663181756382,0.5157103,8.24554,-0.5,-31.876013,-0.66617274,65.34857,1.4649554939672302
GW240621_195059,GW240716_034900,24.33195691231776,0.3320092,2.7227366,0.1,-3.9104927,-0.7473625,68.91326,1.5250861367719586
GW240621_195059,GW240824_205609,64.04525302338655,-0.39246207,16.518661,-0.5,-134.17192,-1.1503001,121.89946,-0.9159023186177175
GW240621_195059,GW240825_055146,64.41721679770285,-0.39246207,8.8127165,-0.5,-36.66359,-0.97430277,68.120995,0.16969054379306692
GW240621_195059,GW240830_211120,70.0557979356332,-0.39246207,12.565594,-0.5,-76.69571,-0.898571,93.18353,-0.27600043347993086
GW240621_195059,GW240902_143306,72.77925176902225,-0.39246207,3.0022936,0.1,-2.5372627,-0.9386825,25.632334,0.5496303530405647
GW240621_195059,GW240907_153833,77.82470289411093,-0.38587266,8.037062,-0.5,-31.33406,-1.0337335,113.49889,0.23803726464748848
GW240621_195059,GW240908_082628,78.52464090431454,-0.38587266,17.551931,-0.5,-151.74149,-0.8958828,127.437965,-1.1024988653490424
GW240621_195059,GW240908_125134,78.70873670635952,-0.38587266,9.510394,-0.5,-44.109276,-1.1721991,124.513306,0.09580652193347969
GW240621_195059,GW240910_103535,80.61430633000478,-0.38587266,26.198187,-0.5,-340.41153,-0.42160198,150.57933,-3.203025562191631
GW240621_195059,GW240915_001357,85.18261909585584,-0.38587266,13.976964,-0.5,-95.55953,-0.5964871,110.784744,-0.477006388678724
GW240621_195059,GW240915_105151,85.6255975451348,-0.38587266,2.164507,0.1,-2.2589111,-0.6792434,47.449406,0.5617406281397869
GW240621_195059,GW240916_184352,86.95338984222047,-0.7066782,12.965893,-0.5,-82.209015,-1.0202513,117.62774,-0.7670854660367079
GW240621_195059,GW240919_061559,89.4340250416652,-0.7066782,4.355211,-0.5,-4.8032837,-0.49785382,9.586327,0.09469842650222482
GW240621_195059,GW240920_073424,90.48848423625309,-0.7066782,3.5250413,-0.5,-3.767492,-0.72690463,23.723059,0.10623024118390578
GW240621_195059,GW240920_124024,90.70098895058588,-0.7066782,11.988805,-0.5,-68.4242,-0.29779562,49.03321,-0.6136145336132532
GW240621_195059,GW240921_201835,92.01917078619478,-0.7066782,6.1034517,-0.5,-17.881556,-0.8736507,96.14812,-0.05090634799358726
GW240621_195059,GW240922_142106,92.77091387886968,-0.7066782,20.605446,-0.5,-209.3773,-0.7735964,109.66005,-2.1828925588755457
GW240621_195059,GW240923_204006,94.03410506308354,-0.7066782,12.553844,-0.5,-76.83564,-0.8554702,107.48829,-0.7072618858041608
GW240621_195059,GW240924_000316,94.17519807462062,-0.7066782,9.903854,-0.5,-47.40869,-0.96455663,99.98032,-0.37964182626642873
GW240621_195059,GW240925_005809,95.21331653224925,-0.7066782,25.659538,-0.5,-325.23764,-0.1207434,80.6439,-3.47280443053254
GW240621_195059,GW240930_035959,100.3395894923751,-0.8908795,8.116911,-0.5,-30.294727,-0.5763739,49.379833,-0.44100923339031567
GW240621_195059,GW240930_234614,101.16337366922035,-0.8908795,12.968184,-0.5,-81.68529,-0.8807602,89.20898,-1.0131575262712298
GW240621_195059,GW241002_030559,102.30208608525218,-0.8908795,9.162642,-0.5,-40.688427,-0.8598305,109.96225,-0.5567257675514378
GW240621_195059,GW241006_015333,106.2517832247361,-0.8908795,11.138145,-0.5,-59.09353,-0.5007129,58.665844,-0.761635920909209
GW240621_195059,GW241007_082943,107.52689532431464,-0.8908795,20.045607,-0.5,-198.59048,-1.0490751,143.44637,-2.3147021830947625
GW240621_195059,GW241009_022835,109.2761139958407,-0.8908795,7.4151187,-0.5,-26.760954,-1.1731114,117.60013,-0.40166655206798546
GW240621_195059,GW241009_084816,109.53978434854635,-0.8908795,23.870436,-0.5,-282.4888,-0.8063029,163.51283,-3.2487701871879877
GW240621_195059,GW241009_220455,110.09301024596724,-0.8908795,4.113956,-0.5,-6.50594,-0.9996588,35.356586,-0.17616070788674681
GW240621_195059,GW241011_233834,112.15805005475879,-0.8908795,36.90414,-0.5,-677.06287,-0.24090265,120.31486,-7.6416952245907614
GW240621_195059,GW241101_220523,133.09332911014832,-1.2459191,3.1978607,-0.5,-5.3939285,-0.9396845,84.112595,-0.6493116381324768
GW240621_195059,GW241102_124058,133.7013814442246,-1.2459191,15.861886,-0.5,-121.62694,-0.2578339,45.00693,-1.9433726033188095
GW240621_195059,GW241102_144729,133.78923964984992,-1.2459191,13.763493,-0.5,-92.87239,-0.82238966,125.09446,-1.6232386137551011
GW240621_195059,GW241109_033317,140.32104824571147,-1.0487857,1.0890557,1.0,-0.8493469,-0.9100278,28.297182,-0.32912718691912907
GW240621_195059,GW241109_115924,140.6725170502232,-1.0487857,4.8971663,-0.5,-12.313604,-0.8319861,131.52385,-0.45676259946239484
GW240621_195059,GW241110_124123,141.70166941011118,-1.0487857,29.035704,-0.5,-418.6046,-0.9847946,153.25374,-4.980136290071508
GW240621_195059,GW241111_111552,142.64228171330635,-1.0487857,1.7715877,0.5,1.0465024,-0.55449337,10.949377,-0.30802006342920324
GW240621_195059,GW241113_163507,144.86398227343682,-1.0487857,4.1365385,-0.5,-9.020024,-0.775142,119.27388,-0.42009407122365366
GW240621_195059,GW241114_024711,145.28903181784682,-1.0487857,10.387319,-0.5,-52.22602,-0.92897016,100.3622,-0.901120879943329
GW240621_195059,GW241114_235258,146.16804070156758,-1.0487857,3.0800729,-0.5,-5.0558066,-0.7812117,82.30507,-0.37595911021604583
GW240621_195059,GW241116_151753,147.8103498978499,-1.0487857,6.4536605,-0.5,-20.215302,-1.101774,108.76108,-0.544734836524384
GW240621_195059,GW241124_024914,155.2904504108843,-1.0487857,9.300205,-0.5,-42.550102,-1.1662638,150.04312,-0.7933956424500401
GW240621_195059,GW241125_010116,156.2154785910442,-1.0487857,12.359076,-0.5,-75.26895,-0.9993016,162.62857,-1.157665532676753
GW240621_195059,GW241127_061008,158.42996298662766,-1.0487857,45.86758,-0.5,-1048.064,-0.09371747,152.66736,-11.988117752492801
GW240621_195059,GW241129_021832,160.26913412036444,-1.0688436,24.137817,-0.5,-288.6666,-0.5226045,146.61386,-3.5609229013358243
GW240621_195059,GW241130_034908,161.3320506511877,-1.0688436,7.975327,-0.5,-29.276447,-0.708699,51.542385,-0.6730456330614044
GW240621_195059,GW241130_110422,161.63429030077324,-1.0688436,15.620959,-0.5,-120.22301,-0.97166264,146.32214,-1.6855841000791592
GW240621_195059,GW241201_055758,162.4215184717929,-1.0688436,9.931321,-0.5,-48.535374,-1.1361959,153.68138,-0.8874617014109262
GW240621_195059,GW241210_060606,171.42716917522804,-1.0688436,2.8726332,0.1,-2.3008332,-0.78352386,26.362135,-0.37271710005880354
GW240621_195059,GW241210_120900,171.67918065922404,-1.0688436,5.317174,-0.5,-13.336398,-1.1673166,81.47891,-0.49557973474786626
GW240621_195059,GW241225_042553,186.3575672975293,-1.2622733,1.4842067,0.5,-0.44031575,-0.50052065,24.376251,-0.6165264594404053
GW240621_195059,GW241225_082815,186.52588235736445,-1.2622733,10.358162,-0.5,-51.800407,-0.43866313,94.10255,-1.1883355363912693
GW240621_195059,GW241229_155844,190.83871894522673,-1.2622733,5.938113,-0.5,-17.259106,-1.2303759,112.72326,-0.8037756724898827
GW240621_195059,GW241230_084504,191.53755918998408,-1.2622733,2.3683813,0.1,-3.2355316,-0.8965468,67.15164,-0.6476465319262534
GW240621_195059,GW241230_233618,192.15646568845267,-1.2622733,2.5143788,0.1,-1.5093476,-0.95742357,25.165216,-0.6284283480433844
GW240621_195059,GW241231_054133,192.41011805195777,-1.2622733,5.5174603,-0.5,-11.533131,-0.45578063,19.949001,-0.7400264774488134
GW240621_195059,GW250101_011205,193.22298161274858,-1.2622733,2.7474105,0.1,-1.985477,-1.0348566,25.677612,-0.6337292560280957
GW240621_195059,GW250104_015122,196.25026505821558,-1.2622733,1.3001153,0.5,0.63922864,-0.87811255,14.147699,-0.6045075306526471
GW240621_195059,GW250108_152221,200.8134522908181,-1.2622733,13.193161,-0.5,-85.12857,-0.8872998,116.55875,-1.5593891227636423
GW240621_195059,GW250109_010541,201.21854224285042,-1.2622733,1.7956884,0.5,0.6858085,-0.8202401,13.009091,-0.6039889417405677
GW240621_195059,GW250109_074552,201.49644616112388,-1.2622733,3.8167672,-0.5,-7.596969,-0.9294144,102.028145,-0.6962038748832275
GW240621_195059,GW250114_082203,206.52157166009147,-1.2622733,29.505367,-0.5,-430.93692,-1.0368397,76.75633,-5.409389128891348
GW240621_195059,GW250116_015318,208.25160816020158,-1.2622733,10.75443,-0.5,-56.996975,-1.2422146,162.17131,-1.2461906606695992
GW240621_195059,GW250118_023225,210.27877907271463,-1.2622733,1.4871422,0.5,-0.020950325,-1.1095399,19.761229,-0.6118575238762762
GW240621_195059,GW250118_055802,210.4215629728911,-1.2622733,7.1476135,-0.5,-23.75537,-0.9809859,66.79687,-0.8761007466489312
GW240621_195059,GW250118_170523,210.8849975083796,-1.2622733,4.9339566,-0.5,-10.485495,-0.7119233,48.530624,-0.7283627951387188
GW240621_195059,GW250119_025138,211.29212205590198,-1.2622733,22.378696,-0.5,-248.11598,-0.65519184,163.01881,-3.3739824834468206
GW240621_195059,GW250119_190238,211.96642228957404,-1.2622733,16.876902,-0.5,-137.51556,-0.30304652,33.299942,-2.142631040347249
GW240621_200935,GW240621_214041,0.06326593823730946,1.9618329,8.968443,-0.5,-39.76201,-0.29830626,163.32788,3.3547904838631335
GW240621_200935,GW240622_004008,0.18788041431042884,1.0956955,5.4029627,-0.5,-12.69261,-0.17608488,47.68132,2.4716844744121853
GW240621_200935,GW240627_131622,5.713040222103397,0.49711657,6.7039104,-0.5,-20.98218,-0.08309276,72.78175,1.560812489370292
GW240621_200935,GW240629_145256,7.7801077015808335,0.72702783,11.303055,-0.5,-61.884132,-0.16433561,95.26523,1.4198505335438516
GW240621_200935,GW240630_101703,8.588516705772943,0.5435311,7.865336,-0.5,-29.518414,-0.04221748,88.68439,1.5292495640443429
GW240621_200935,GW240703_191355,11.96133973384069,0.5157103,2.6223385,0.1,-3.9102674,-0.05202973,75.892944,1.776307490736228
GW240621_200935,GW240705_053215,13.390745363229955,0.5157103,10.978243,-0.5,-58.696907,-0.26753685,114.80153,1.1663495085706208
GW240621_200935,GW240716_034900,24.319039093791336,0.3320092,2.5038137,0.1,-3.408522,-0.1863471,65.63398,1.5306747452077067
GW240621_200935,GW240824_205609,64.03233520486013,-0.39246207,13.625896,-0.5,-91.18906,-0.21659051,136.93788,-0.43735971456299794
GW240621_200935,GW240825_055146,64.40429897917642,-0.39246207,8.333878,-0.5,-33.13438,-0.04059317,85.920876,0.20898240940094326
GW240621_200935,GW240830_211120,70.04288011710676,-0.39246207,11.252379,-0.5,-61.669857,-0.035138592,113.384476,-0.10871259575018258
GW240621_200935,GW240902_143306,72.76633395049583,-0.39246207,4.4042773,-0.5,-8.223002,-0.0049728914,48.13219,0.48632911083879327
GW240621_200935,GW240907_153833,77.8117850755845,-0.38587266,10.881972,-0.5,-58.455303,-0.10002383,170.66707,-0.06391259861762527
GW240621_200935,GW240908_082628,78.51172308578812,-0.38587266,12.02024,-0.5,-70.58224,-0.037826836,119.75601,-0.1989258110671727
GW240621_200935,GW240908_125134,78.6958188878331,-0.38587266,9.154775,-0.5,-41.030643,-0.23848948,135.15353,0.13008196553681856
GW240621_200935,GW240910_103535,80.60138851147835,-0.38587266,13.19082,-0.5,-85.11702,-0.5121076,117.67072,-0.36074640455341367
GW240621_200935,GW240915_001357,85.16970127732941,-0.38587266,6.8762608,-0.5,-22.077618,-0.33722252,71.91111,0.341092340495573
GW240621_200935,GW240915_105151,85.61267972660838,-0.38587266,5.2200685,-0.5,-13.633366,-0.25446624,119.8455,0.4351050222107028
GW240621_200935,GW240916_184352,86.94047202369406,-0.7066782,6.0520363,-0.5,-16.913603,-0.08654162,68.696556,-0.04012980655383855
GW240621_200935,GW240919_061559,89.42110722313876,-0.7066782,9.960432,-0.5,-47.28591,-0.4358558,71.401024,-0.3782748771770755
GW240621_200935,GW240920_073424,90.47556641772665,-0.7066782,9.143602,-0.5,-40.06413,-0.206805,87.622765,-0.2978723553457896
GW240621_200935,GW240920_124024,90.68807113205945,-0.7066782,3.3581858,-0.5,-3.5275311,-1.2315053,26.711706,0.10890180623356294
GW240621_200935,GW240921_201835,92.00625296766835,-0.7066782,1.7291731,0.5,-0.92240536,-0.060058888,29.684483,0.13790554283812378
GW240621_200935,GW240922_142106,92.75799606034325,-0.7066782,20.375647,-0.5,-205.64058,-0.16011322,176.29887,-2.141290351395062
GW240621_200935,GW240923_204006,94.02118724455713,-0.7066782,9.199679,-0.5,-40.844738,-0.07823945,100.71566,-0.30656313786155814
GW240621_200935,GW240924_000316,94.1622802560942,-0.7066782,8.99375,-0.5,-39.18546,-0.030847045,109.58096,-0.28808983128739646
GW240621_200935,GW240925_005809,95.20039871372282,-0.7066782,18.441427,-0.5,-167.81737,-1.054453,138.51888,-1.7201918865214978
GW240621_200935,GW240930_035959,100.32667167384868,-0.8908795,12.5091305,-0.5,-76.40607,-0.35733578,114.34186,-0.9543821979936761
GW240621_200935,GW240930_234614,101.15045585069392,-0.8908795,4.336429,-0.5,-7.685573,-0.052949447,42.012707,-0.18929395814958716
GW240621_200935,GW241002_030559,102.28916826672577,-0.8908795,8.141807,-0.5,-32.135944,-0.07387912,112.395164,-0.4615081184727608
GW240621_200935,GW241006_015333,106.23886540620967,-0.8908795,10.922712,-0.5,-57.70215,-0.43299672,94.14114,-0.7461452185930196
GW240621_200935,GW241007_082943,107.5139775057882,-0.8908795,8.154278,-0.5,-31.56996,-0.11536548,80.62033,-0.45520682123443384
GW240621_200935,GW241009_022835,109.26319617731427,-0.8908795,2.7511556,0.1,-3.2231667,-0.23940183,47.497566,-0.13961249535470482
GW240621_200935,GW241009_084816,109.52686653001993,-0.8908795,11.833399,-0.5,-68.29367,-0.1274067,114.40191,-0.8640641775933786
GW240621_200935,GW241009_220455,110.08009242744082,-0.8908795,8.117613,-0.5,-31.480093,-0.06594918,89.07356,-0.4542063058971138
GW240621_200935,GW241011_233834,112.14513223623236,-0.8908795,17.970366,-0.5,-159.25447,-1.1746123,135.87651,-1.8767611862426055
GW240621_200935,GW241101_220523,133.0804112916219,-1.2459191,1.8200427,0.5,-2.0021563,-0.005974919,49.456207,-0.6115499031257466
GW240621_200935,GW241102_124058,133.68846362569818,-1.2459191,15.45543,-0.5,-117.17648,-0.6758757,114.19563,-1.8938242026295402
GW240621_200935,GW241102_144729,133.7763218313235,-1.2459191,11.431189,-0.5,-63.938435,-0.111319974,129.9085,-1.3011072034922886
GW240621_200935,GW241109_033317,140.30813042718503,-1.0487857,3.739171,-0.5,-7.313691,-0.023681799,100.44878,-0.4010968934937979
GW240621_200935,GW241109_115924,140.6595992316968,-1.0487857,4.567964,-0.5,-10.818163,-0.101723455,126.57859,-0.4401133498210186
GW240621_200935,GW241110_124123,141.68875159158475,-1.0487857,9.255437,-0.5,-40.88244,-0.05108502,79.83343,-0.7748289861555528
GW240621_200935,GW241111_111552,142.6293638947799,-1.0487857,6.7976975,-0.5,-21.285372,-0.37921625,62.576168,-0.5566482866712551
GW240621_200935,GW241113_163507,144.8510644549104,-1.0487857,3.8746066,-0.5,-8.025307,-0.15856762,114.80575,-0.4090195475385755
GW240621_200935,GW241114_024711,145.2761139993204,-1.0487857,13.26216,-0.5,-86.62476,-0.004739455,156.86174,-1.2840935862476792
GW240621_200935,GW241114_235258,146.15512288304114,-1.0487857,1.6645617,0.5,-1.7609087,-0.15249796,45.906796,-0.3392759098157061
GW240621_200935,GW241116_151753,147.79743207932347,-1.0487857,7.8501973,-0.5,-30.354988,-0.16806443,142.7253,-0.6576233583210666
GW240621_200935,GW241124_024914,155.27753259235786,-1.0487857,4.468305,-0.5,-9.450578,-0.23255415,78.268814,-0.4248875666212809
GW240621_200935,GW241125_010116,156.20256077251776,-1.0487857,6.4915423,-0.5,-20.203709,-0.06559198,96.21764,-0.5446057692814043
GW240621_200935,GW241127_061008,158.41704516810123,-1.0487857,12.774178,-0.5,-79.3851,-1.0274271,96.96643,-1.2034920061183196
GW240621_200935,GW241129_021832,160.256216301838,-1.0688436,10.934631,-0.5,-57.94858,-0.4111051,99.880455,-0.9922620942548154
GW240621_200935,GW241130_034908,161.31913283266127,-1.0688436,7.7269707,-0.5,-28.075302,-0.22501059,72.61251,-0.6596728821569144
GW240621_200935,GW241130_110422,161.6213724822468,-1.0688436,11.844793,-0.5,-68.79094,-0.037953,137.25833,-1.1129736878593632
GW240621_200935,GW241201_055758,162.40860065326646,-1.0688436,6.7006884,-0.5,-21.847027,-0.20248623,113.318825,-0.5903314103078982
GW240621_200935,GW241210_060606,171.4142513567016,-1.0688436,6.892094,-0.5,-22.365261,-0.15018572,78.81109,-0.5961010855607041
GW240621_200935,GW241210_120900,171.6662628406976,-1.0688436,8.14583,-0.5,-32.558323,-0.23360692,136.63606,-0.7095838518008786
GW240621_200935,GW241225_042553,186.34464947900287,-1.2622733,2.7641306,0.1,-3.3182654,-0.43318897,49.158165,-0.6485676357649673
GW240621_200935,GW241225_082815,186.51296453883802,-1.2622733,14.706284,-0.5,-106.73921,-0.4950465,167.08101,-1.7999876216791613
GW240621_200935,GW241229_155844,190.8258011267003,-1.2622733,5.6878133,-0.5,-15.925591,-0.29666623,114.732735,-0.788929212778356
GW240621_200935,GW241230_084504,191.52464137145768,-1.2622733,0.38659787,1.0,-0.5619259,-0.03716284,11.274197,-0.6178803857420927
GW240621_200935,GW241230_233618,192.14354786992624,-1.2622733,7.0796733,-0.5,-23.790787,-0.023713937,85.7525,-0.8764950621531908
GW240621_200935,GW241231_054133,192.39720023343133,-1.2622733,8.089913,-0.5,-30.55267,-0.47792897,62.462643,-0.95177736456571
GW240621_200935,GW250101_011205,193.21006379422215,-1.2622733,5.621219,-0.5,-14.437509,-0.101147,65.04405,-0.772361888346492
GW240621_200935,GW250104_015122,196.23734723968914,-1.2622733,4.6473913,-0.5,-9.646234,-0.05559703,59.689102,-0.7190190211364009
GW240621_200935,GW250108_152221,200.80053447229167,-1.2622733,11.380928,-0.5,-63.329254,-0.046409827,127.03655,-1.316690042789296
GW240621_200935,GW250109_010541,201.205624424324,-1.2622733,7.371071,-0.5,-25.503157,-0.113469526,73.35108,-0.895559449133463
GW240621_200935,GW250109_074552,201.48352834259745,-1.2622733,5.9594917,-0.5,-18.133982,-0.004295218,164.41267,-0.813515959834507
GW240621_200935,GW250114_082203,206.50865384156506,-1.2622733,4.757171,-0.5,-9.032875,-1.9705493,34.73369,-0.7121902958547195
GW240621_200935,GW250116_015318,208.23869034167518,-1.2622733,5.4724097,-0.5,-14.327942,-0.30850497,90.57342,-0.7711420457602223
GW240621_200935,GW250118_023225,210.2658612541882,-1.2622733,3.6142404,-0.5,-5.6804748,-0.1758302,53.985962,-0.674866902127423
GW240621_200935,GW250118_055802,210.40864515436468,-1.2622733,2.094156,0.5,-0.83109206,-0.04727624,24.23051,-0.6208771027481752
GW240621_200935,GW250118_170523,210.87207968985317,-1.2622733,9.9500265,-0.5,-48.207806,-0.22178632,119.105515,-1.1483378993309954
GW240621_200935,GW250119_025138,211.27920423737555,-1.2622733,10.984943,-0.5,-58.677147,-0.27851778,109.63322,-1.2648965770791671
GW240621_200935,GW250119_190238,211.9535044710476,-1.2622733,14.948545,-0.5,-109.39162,-0.6306631,106.16114,-1.8295177312055504
GW240621_214041,GW240622_004008,0.12461447607311937,2.4954731,8.446345,-0.5,-35.149075,-0.47439113,148.7659,4.135922945454121
GW240621_214041,GW240627_131622,5.649774283866088,0.49711657,6.005492,-0.5,-17.632908,-0.2152135,112.38526,1.5981010521424557
GW240621_214041,GW240629_145256,7.716841763343524,0.72702783,4.922704,-0.5,-11.572899,-0.46264187,85.74188,1.9799823220939228
GW240621_214041,GW240630_101703,8.525250767535633,0.72702783,5.6656923,-0.5,-15.676093,-0.2560888,107.42005,1.9343000884101613
GW240621_214041,GW240703_191355,11.89807379560338,0.5157103,3.6709108,-0.5,-7.4545527,-0.24627653,120.07395,1.7368477771922999
GW240621_214041,GW240705_053215,13.327479424992646,0.5157103,4.4086833,-0.5,-9.293574,-0.5658431,81.49402,1.7163733337677471
GW240621_214041,GW240716_034900,24.255773155554024,0.3320092,3.34671,-0.5,-6.1654773,-0.48465335,101.482666,1.4999806388857078
GW240621_214041,GW240824_205609,63.96906926662282,-0.39246207,1.4488035,0.5,-0.60009414,-0.081715755,26.451572,0.5711974982346907
GW240621_214041,GW240825_055146,64.34103304093911,-0.39246207,6.016538,-0.5,-17.665699,-0.25771308,110.7159,0.3812004119550738
GW240621_214041,GW240830_211120,69.97961417886945,-0.39246207,4.50022,-0.5,-9.678176,-0.33344486,82.229,0.470128177688662
GW240621_214041,GW240902_143306,72.70306801225853,-0.39246207,7.2269087,-0.5,-25.718506,-0.29333338,135.54465,0.2915458201176543
GW240621_214041,GW240907_153833,77.74851913734719,-0.38587266,0.40799072,1.0,0.00509057,-0.19828244,8.922874,0.5869465162562679
GW240621_214041,GW240908_082628,78.4484571475508,-0.38587266,2.4061787,0.1,-2.4401917,-0.3361331,43.816044,0.5597223704495384
GW240621_214041,GW240908_125134,78.63255294959578,-0.38587266,2.5983346,0.1,-3.2269857,-0.059816793,55.136738,0.5509627303048183
GW240621_214041,GW240910_103535,80.53812257324104,-0.38587266,3.6684217,-0.5,-6.2128177,-0.8104139,64.78856,0.5177204643542171
GW240621_214041,GW240915_001357,85.1064353390921,-0.38587266,4.947302,-0.5,-11.8132715,-0.6355288,91.45226,0.45536873862214133
GW240621_214041,GW240915_105151,85.54941378837107,-0.38587266,2.3831093,0.1,-3.2136045,-0.5527725,65.67341,0.5511117081555142
GW240621_214041,GW240916_184352,86.87720608545675,-0.7066782,6.184148,-0.5,-18.752651,-0.21176463,117.5286,-0.0606045472704943
GW240621_214041,GW240919_061559,89.35784128490145,-0.7066782,6.6612587,-0.5,-21.575613,-0.73416203,112.20321,-0.09203352516386062
GW240621_214041,GW240920_073424,90.41230047948935,-0.7066782,5.7730904,-0.5,-16.186983,-0.5051113,103.943115,-0.0320401061999297
GW240621_214041,GW240920_124024,90.62480519382214,-0.7066782,8.711621,-0.5,-37.376633,-1.5298115,149.78105,-0.26795156152582683
GW240621_214041,GW240921_201835,91.94298702943104,-0.7066782,5.8611274,-0.5,-17.185106,-0.35836515,134.55592,-0.0431525452457088
GW240621_214041,GW240922_142106,92.69473012210594,-0.7066782,1.0022782,1.0,0.028787507,-0.45841947,17.567135,0.1484954911581346
GW240621_214041,GW240923_204006,93.9579213063198,-0.7066782,4.906358,-0.5,-11.64177,-0.37654573,92.07643,0.01856326736937458
GW240621_214041,GW240924_000316,94.0990143178569,-0.7066782,2.8151455,0.1,-3.6461961,-0.2674592,54.934387,0.1075806693263952
GW240621_214041,GW240925_005809,95.13713277548551,-0.7066782,3.4081028,-0.5,-5.214594,-1.3527592,57.913464,0.09011917253507185
GW240621_214041,GW240930_035959,100.26340573561136,-0.8908795,4.4656363,-0.5,-9.4677725,-0.65564203,79.369095,-0.20913577990543003
GW240621_214041,GW240930_234614,101.08718991245661,-0.8908795,6.7226777,-0.5,-22.126139,-0.3512557,121.41868,-0.3500656042296654
GW240621_214041,GW241002_030559,102.22590232848844,-0.8908795,2.4912546,0.1,-2.8917527,-0.37218538,51.231968,-0.13592275263154002
GW240621_214041,GW241006_015333,106.17559946797236,-0.8908795,5.8430805,-0.5,-16.537838,-0.731303,102.316124,-0.28784918356594347
GW240621_214041,GW241007_082943,107.4507115675509,-0.8908795,4.7494245,-0.5,-10.819302,-0.18294078,86.28917,-0.22418280561069537
GW240621_214041,GW241009_022835,109.19993023907696,-0.8908795,5.188631,-0.5,-13.476008,-0.05890443,119.4968,-0.25376081101838444
GW240621_214041,GW241009_084816,109.46360059178262,-0.8908795,3.0747273,-0.5,-4.25469,-0.42571297,55.498875,-0.15109679107900215
GW240621_214041,GW241009_220455,110.01682648920351,-0.8908795,5.585875,-0.5,-15.20816,-0.23235708,104.91076,-0.27304543835906525
GW240621_214041,GW241011_233834,112.08186629799505,-0.8908795,3.2690997,-0.5,-4.753117,-1.4729185,55.62364,-0.15664594460565917
GW240621_214041,GW241101_220523,133.0171453533846,-1.2459191,3.6781318,-0.5,-7.3837843,-0.29233134,114.59703,-0.6714653678532547
GW240621_214041,GW241102_124058,133.62519768746085,-1.2459191,4.603512,-0.5,-9.996826,-0.974182,77.9791,-0.7005572369671738
GW240621_214041,GW241102_144729,133.71305589308616,-1.2459191,1.7665405,0.5,-1.1919839,-0.40962625,33.586933,-0.602529983744896
GW240621_214041,GW241109_033317,140.2448644889477,-1.0487857,2.742551,0.1,-4.362889,-0.32198808,84.70925,-0.3682446243487822
GW240621_214041,GW241109_115924,140.59633329345948,-1.0487857,1.1842173,0.5,-1.3505498,-0.40002972,37.45172,-0.3347072468797206
GW240621_214041,GW241110_124123,141.62548565334743,-1.0487857,5.2989063,-0.5,-13.506625,-0.24722125,92.80483,-0.470044899244563
GW240621_214041,GW241111_111552,142.56609795654262,-1.0487857,6.902284,-0.5,-23.321339,-0.67752254,122.907074,-0.579315386765948
GW240621_214041,GW241113_163507,144.78779851667306,-1.0487857,2.291608,0.1,-3.3795362,-0.4568739,76.3588,-0.35729663030623354
GW240621_214041,GW241114_024711,145.2128480610831,-1.0487857,2.0507782,0.5,-1.7637926,-0.30304572,39.566437,-0.33930801736282445
GW240621_214041,GW241114_235258,146.09185694480385,-1.0487857,3.7516031,-0.5,-7.679351,-0.45080423,118.216255,-0.4051679053758117
GW240621_214041,GW241116_151753,147.73416614108615,-1.0487857,0.9128564,1.0,-0.49116278,-0.13024184,21.657814,-0.3251394035539717
GW240621_214041,GW241124_024914,155.21426665412056,-1.0487857,4.1737065,-0.5,-8.741357,-0.06575211,96.913086,-0.4169915733075926
GW240621_214041,GW241125_010116,156.13929483428046,-1.0487857,3.4536698,-0.5,-5.81909,-0.23271428,73.42847,-0.3844569979360894
GW240621_214041,GW241127_061008,158.35377922986393,-1.0487857,4.1220317,-0.5,-7.906735,-1.3257333,70.19069,-0.4076994484993743
GW240621_214041,GW241129_021832,160.1929503636007,-1.0688436,3.7152088,-0.5,-6.3978386,-0.7094114,66.019394,-0.4183304309889193
GW240621_214041,GW241130_034908,161.25586689442397,-1.0688436,6.9099197,-0.5,-23.385262,-0.52331686,123.73334,-0.6074570917793982
GW240621_214041,GW241130_110422,161.55810654400952,-1.0688436,1.7485007,0.5,-1.1743813,-0.26035327,33.479187,-0.36017593356292116
GW240621_214041,GW241201_055758,162.34533471502917,-1.0688436,2.3715107,0.1,-2.8040822,-0.09582003,53.992264,-0.3783199386995866
GW240621_214041,GW241210_060606,171.3509854184643,-1.0688436,5.984437,-0.5,-17.542837,-0.448492,114.03415,-0.5424114271125245
GW240621_214041,GW241210_120900,171.6029969024603,-1.0688436,1.6229242,0.5,-1.2999982,-0.06469935,36.783382,-0.36157446861101566
GW240621_214041,GW241225_042553,186.28138354076555,-1.2622733,5.7725897,-0.5,-16.710226,-0.7314952,135.2093,-0.7976648120786438
GW240621_214041,GW241225_082815,186.44969860060073,-1.2622733,1.1925753,0.5,-0.3425686,-0.7933528,22.671957,-0.6154382077619982
GW240621_214041,GW241229_155844,190.762535188463,-1.2622733,3.078844,-0.5,-4.9413357,-0.0016400303,77.84271,-0.6666378195563196
GW240621_214041,GW241230_084504,191.46137543322035,-1.2622733,5.2907376,-0.5,-14.724675,-0.3354691,174.09622,-0.7755590100918912
GW240621_214041,GW241230_233618,192.08028193168894,-1.2622733,4.874521,-0.5,-11.55957,-0.27459234,94.90316,-0.7403208391010321
GW240621_214041,GW241231_054133,192.333934295194,-1.2622733,7.498517,-0.5,-27.531893,-0.7762352,128.12439,-0.9181460467737077
GW240621_214041,GW250101_011205,193.14679785598483,-1.2622733,5.937416,-0.5,-17.271141,-0.19715926,113.62517,-0.8039096662877112
GW240621_214041,GW250104_015122,196.17408130145182,-1.2622733,6.2741294,-0.5,-19.408455,-0.3539033,125.057686,-0.8277050960888415
GW240621_214041,GW250108_152221,200.73726853405435,-1.2622733,1.9240378,0.5,-1.4699341,-0.3447161,36.350246,-0.6279895448994337
GW240621_214041,GW250109_010541,201.1423584860867,-1.2622733,6.003119,-0.5,-17.563364,-0.4117758,109.277374,-0.8071630824163186
GW240621_214041,GW250109_074552,201.42026240436016,-1.2622733,0.34931102,1.0,-0.70362276,-0.3026015,11.009986,-0.6194579443876356
GW240621_214041,GW250114_082203,206.44538790332774,-1.2622733,9.415332,-0.5,-43.720425,-2.2688556,159.12964,-1.09837838613365
GW240621_214041,GW250116_015318,208.17542440343786,-1.2622733,3.5731292,-0.5,-6.352122,-0.010198714,80.397095,-0.6823445735995386
GW240621_214041,GW250118_023225,210.2025953159509,-1.2622733,6.2130213,-0.5,-19.163532,-0.12247606,132.5942,-0.8249782904503054
GW240621_214041,GW250118_055802,210.34537921612738,-1.2622733,7.432544,-0.5,-27.266003,-0.25103003,142.23483,-0.9151858031289071
GW240621_214041,GW250118_170523,210.80881375161587,-1.2622733,3.3305554,-0.5,-5.2163224,-0.5200926,64.54992,-0.6696993389412618
GW240621_214041,GW250119_025138,211.21593829913823,-1.2622733,3.2726817,-0.5,-4.901615,-0.57682407,59.626163,-0.666195597553185
GW240621_214041,GW250119_190238,211.8902385328103,-1.2622733,4.74769,-0.5,-10.656351,-0.9289693,79.83654,-0.730264997424279
GW240622_004008,GW240627_131622,5.525159807792968,0.49711657,5.8459682,-0.5,-15.397919,-0.25917763,57.406857,1.6229839339858678
GW240622_004008,GW240629_145256,7.592227287270405,0.72702783,12.172031,-0.5,-71.724594,-0.011749272,85.72456,1.3102933821121994
GW240622_004008,GW240630_101703,8.400636291462515,0.72702783,4.0323443,-0.5,-6.5319095,-0.21830235,41.45634,2.0361053429486664
GW240622_004008,GW240703_191355,11.773459319530263,0.5157103,1.0163409,1.0,-0.96248686,-0.2281146,29.03504,1.8091261167673256
GW240622_004008,GW240705_053215,13.202864948919526,0.5157103,7.174669,-0.5,-23.955755,-0.09145198,67.27272,1.5531343702759182
GW240622_004008,GW240716_034900,24.131158679480905,0.3320092,3.8484545,-0.5,-7.6475897,-0.010262218,99.295906,1.4834797857827904
GW240622_004008,GW240824_205609,63.8444547905497,-0.39246207,19.574703,-0.5,-189.70247,-0.39267537,174.60321,-1.5341424818475295
GW240622_004008,GW240825_055146,64.21641856486599,-0.39246207,4.2994757,-0.5,-7.425137,-0.21667804,39.60588,0.4952120130673041
GW240622_004008,GW240830_211120,69.85499970279633,-0.39246207,7.944609,-0.5,-29.68311,-0.14094628,71.10322,0.24740656430091634
GW240622_004008,GW240902_143306,72.5784535361854,-0.39246207,4.5173993,-0.5,-8.529807,-0.18105777,44.71926,0.48291335198682617
GW240622_004008,GW240907_153833,77.62390466127407,-0.38587266,9.425665,-0.5,-43.577038,-0.2761087,141.23903,0.10173210565913147
GW240622_004008,GW240908_082628,78.32384267147768,-0.38587266,18.97777,-0.5,-178.17372,-0.13825804,167.41704,-1.3967777854223993
GW240622_004008,GW240908_125134,78.50793847352266,-0.38587266,7.510666,-0.5,-27.227219,-0.41457435,105.287605,0.2837601105560276
GW240622_004008,GW240910_103535,80.41350809716792,-0.38587266,14.52588,-0.5,-103.30492,-0.33602276,110.76171,-0.5632383414755084
GW240622_004008,GW240915_001357,84.98182086301898,-0.38587266,12.741101,-0.5,-79.38581,-0.16113766,119.47579,-0.29693894026016665
GW240622_004008,GW240915_105151,85.42479931229795,-0.38587266,4.2171125,-0.5,-8.859312,-0.078381374,94.82993,0.48825615724954297
GW240622_004008,GW240916_184352,86.75259160938363,-0.7066782,6.10317,-0.5,-17.042412,-0.2626265,63.252323,-0.04156387995300728
GW240622_004008,GW240919_061559,89.23322680882833,-0.7066782,11.052165,-0.5,-58.21618,-0.25977093,60.4862,-0.4999651988548273
GW240622_004008,GW240920_073424,90.28768600341623,-0.7066782,6.2105327,-0.5,-17.280941,-0.03072013,52.10842,-0.04421950536803765
GW240622_004008,GW240920_124024,90.50019071774902,-0.7066782,7.4281144,-0.5,-25.063572,-1.0554204,48.044426,-0.13086613817813353
GW240622_004008,GW240921_201835,91.81837255335792,-0.7066782,4.6344433,-0.5,-10.090901,-0.116025984,76.61085,0.035829610475869245
GW240622_004008,GW240922_142106,92.57011564603282,-0.7066782,18.086113,-0.5,-161.2735,-0.01597166,132.20084,-1.6473368042483443
GW240622_004008,GW240923_204006,93.8333068302467,-0.7066782,6.9644165,-0.5,-22.582191,-0.09784543,69.0909,-0.10324009963052311
GW240622_004008,GW240924_000316,93.97439984178378,-0.7066782,13.04861,-0.5,-83.71886,-0.20693192,147.06046,-0.7838950410621737
GW240622_004008,GW240925_005809,95.01251829941239,-0.7066782,15.365086,-0.5,-115.33925,-0.87836814,90.88029,-1.135935438401432
GW240622_004008,GW240930_035959,100.13879125953824,-0.8908795,9.092198,-0.5,-39.204468,-0.1812509,71.65922,-0.5402043535143289
GW240622_004008,GW240930_234614,100.96257543638349,-0.8908795,10.4227295,-0.5,-52.34066,-0.123135425,88.7023,-0.6864539758165847
GW240622_004008,GW241002_030559,102.10128785241533,-0.8908795,11.923391,-0.5,-69.95574,-0.10220575,155.0656,-0.8825685724274486
GW240622_004008,GW241006_015333,106.05098499189924,-0.8908795,6.3927536,-0.5,-18.14251,-0.25691184,46.4736,-0.3057145277895772
GW240622_004008,GW241007_082943,107.32609709147778,-0.8908795,13.865819,-0.5,-94.206764,-0.29145035,121.12956,-1.1525633144824292
GW240622_004008,GW241009_022835,109.07531576300384,-0.8908795,5.382364,-0.5,-13.849026,-0.4154867,89.52062,-0.2579137374923354
GW240622_004008,GW241009_084816,109.3389861157095,-0.8908795,16.68887,-0.5,-137.27768,-0.04867817,141.6385,-1.6320862180114686
GW240622_004008,GW241009_220455,109.89221201313039,-0.8908795,4.716174,-0.5,-9.457375,-0.24203406,46.917892,-0.20902001648405727
GW240622_004008,GW241011_233834,111.95725182192193,-0.8908795,17.232185,-0.5,-145.79169,-0.9985274,103.01249,-1.7268755116400984
GW240622_004008,GW241101_220523,132.8925308773115,-1.2459191,3.4994028,-0.5,-6.4393277,-0.1820598,93.69921,-0.6609504169201621
GW240622_004008,GW241102_124058,133.50058321138775,-1.2459191,13.005376,-0.5,-81.81259,-0.49979085,74.88829,-1.5001061705562506
GW240622_004008,GW241102_144729,133.58844141701306,-1.2459191,17.100481,-0.5,-144.63412,-0.064764895,177.47786,-2.199519309337288
GW240622_004008,GW241109_033317,140.1202500128746,-1.0487857,3.0047374,0.1,-4.8070626,-0.15240307,79.51121,-0.3731897599540629
GW240622_004008,GW241109_115924,140.47171881738637,-1.0487857,6.307178,-0.5,-20.24695,-0.07436142,172.31555,-0.5450871913718276
GW240622_004008,GW241110_124123,141.50087117727432,-1.0487857,14.590522,-0.5,-104.15272,-0.2271699,106.18554,-1.4792381611969252
GW240622_004008,GW241111_111552,142.4414834804695,-1.0487857,6.1820455,-0.5,-16.99824,-0.2031314,49.187355,-0.5089182094242144
GW240622_004008,GW241113_163507,144.66318404059996,-1.0487857,2.937819,0.1,-4.80969,-0.017517248,85.97923,-0.37321901137347796
GW240622_004008,GW241114_024711,145.08823358500996,-1.0487857,10.134607,-0.5,-49.87114,-0.17134541,110.30469,-0.8749031990279824
GW240622_004008,GW241114_235258,145.96724246873072,-1.0487857,3.3130062,-0.5,-5.834944,-0.023586908,90.07239,-0.3846335045046394
GW240622_004008,GW241116_151753,147.60955166501304,-1.0487857,9.156099,-0.5,-41.392223,-0.3441493,160.98009,-0.7805045896929261
GW240622_004008,GW241124_024914,155.08965217804743,-1.0487857,5.8359957,-0.5,-16.424704,-0.40863904,98.59039,-0.5025328422262039
GW240622_004008,GW241125_010116,156.01468035820733,-1.0487857,9.083963,-0.5,-40.29018,-0.24167685,127.90538,-0.7682351747230757
GW240622_004008,GW241127_061008,158.2291647537908,-1.0487857,22.525476,-0.5,-251.02863,-0.8513422,135.49973,-3.114456764061414
GW240622_004008,GW241129_021832,160.06833588752758,-1.0688436,18.001787,-0.5,-159.90073,-0.23502024,141.74666,-2.127329416561836
GW240622_004008,GW241130_034908,161.13125241835084,-1.0688436,3.0620098,-0.5,-2.6321764,-0.04892572,25.03994,-0.3764060544270168
GW240622_004008,GW241130_110422,161.43349206793638,-1.0688436,14.26407,-0.5,-100.199295,-0.21403788,151.5271,-1.4626534160200155
GW240622_004008,GW241201_055758,162.22072023895603,-1.0688436,9.15525,-0.5,-41.2288,-0.3785711,148.91402,-0.8061151922121806
GW240622_004008,GW241210_060606,171.22637094239118,-1.0688436,3.897325,-0.5,-6.0303082,-0.025899148,40.74965,-0.4142385927333365
GW240622_004008,GW241210_120900,171.47838242638718,-1.0688436,8.32177,-0.5,-33.92774,-0.40969178,134.16466,-0.7248300101272432
GW240622_004008,GW241225_042553,186.15676906469244,-1.2622733,2.5401855,0.1,-2.6541483,-0.2571041,43.61775,-0.6411737980114891
GW240622_004008,GW241225_082815,186.3250841245276,-1.2622733,12.267806,-0.5,-73.66976,-0.31896162,127.278946,-1.4318143710813467
GW240622_004008,GW241229_155844,190.63792071238987,-1.2622733,4.172674,-0.5,-8.401469,-0.4727511,81.9228,-0.7051606435817459
GW240622_004008,GW241230_084504,191.33676095714725,-1.2622733,1.264803,0.5,-1.2615325,-0.13892204,36.417137,-0.625669340626751
GW240622_004008,GW241230_233618,191.9556674556158,-1.2622733,7.0700254,-0.5,-23.56458,-0.19979881,79.13284,-0.8739766370436708
GW240622_004008,GW241231_054133,192.2093198191209,-1.2622733,5.610462,-0.5,-13.122355,-0.3018441,34.666656,-0.7577198488084671
GW240622_004008,GW250101_011205,193.02218337991172,-1.2622733,6.452081,-0.5,-19.278664,-0.27723187,68.42139,-0.8262600865873142
GW240622_004008,GW250104_015122,196.04946682537872,-1.2622733,4.104397,-0.5,-7.130946,-0.12048785,49.170918,-0.6910154853234975
GW240622_004008,GW250108_152221,200.61265405798125,-1.2622733,16.66888,-0.5,-137.30351,-0.12967505,169.30199,-2.140270201287441
GW240622_004008,GW250109_010541,201.01774401001356,-1.2622733,7.3208113,-0.5,-24.890017,-0.06261535,64.48598,-0.8887331552764808
GW240622_004008,GW250109_074552,201.29564792828702,-1.2622733,5.197494,-0.5,-13.854616,-0.17178966,141.35683,-0.7658723521191236
GW240622_004008,GW250114_082203,206.32077342725464,-1.2622733,4.4945707,-0.5,-7.3037972,-1.7944645,25.375029,-0.6929398942673904
GW240622_004008,GW250116_015318,208.05080992736475,-1.2622733,7.5244904,-0.5,-27.581804,-0.48458984,119.56543,-0.9187017281844172
GW240622_004008,GW250118_023225,210.07798083987777,-1.2622733,2.8689516,0.1,-3.163542,-0.35191506,40.743046,-0.6468450483430692
GW240622_004008,GW250118_055802,210.22076474005425,-1.2622733,6.075863,-0.5,-16.921915,-0.2233611,64.42761,-0.8000216164599114
GW240622_004008,GW250118_170523,210.68419927554274,-1.2622733,8.917605,-0.5,-38.30609,-0.045701444,98.439354,-1.0380988022854816
GW240622_004008,GW250119_025138,211.09132382306512,-1.2622733,15.831495,-0.5,-123.41845,-0.102432914,139.97339,-1.9856831493689207
GW240622_004008,GW250119_190238,211.76562405673718,-1.2622733,15.267667,-0.5,-113.65953,-0.4545782,82.21846,-1.8770338430790696
GW240627_131622,GW240629_145256,2.0670674794774366,1.3380204,3.0317328,-0.5,-2.832315,-0.24742836,28.695177,2.912851818629572
GW240627_131622,GW240630_101703,2.875476483669546,1.130381,4.625179,-0.5,-9.418994,-0.04087528,55.82551,2.5555645792264423
GW240627_131622,GW240703_191355,6.248299511737294,0.49711657,1.7530715,0.5,-2.0304725,-0.031063026,51.294273,1.7718081828770695
GW240627_131622,GW240705_053215,7.677705141126558,0.72702783,6.11441,-0.5,-17.285692,-0.3506296,69.15019,1.9163798831759586
GW240627_131622,GW240716_034900,18.605998871687937,0.09474692,2.4343007,0.1,-3.263527,-0.26943985,64.66734,1.2078230482112566
GW240627_131622,GW240824_205609,58.31929498275673,-0.24045733,10.913408,-0.5,-58.076385,-0.13349774,119.32522,0.13916750201197872
GW240627_131622,GW240825_055146,58.691258757073015,-0.24045733,6.481636,-0.5,-19.574276,-0.042499587,72.421074,0.5678243637811844
GW240627_131622,GW240830_211120,64.32983989500337,-0.39246207,8.886216,-0.5,-38.01204,-0.11823135,97.378075,0.15467780223781652
GW240627_131622,GW240902_143306,67.05329372839243,-0.39246207,2.0986505,0.5,-0.87071115,-0.07811987,24.651926,0.5681846285788809
GW240627_131622,GW240907_153833,72.0987448534811,-0.39246207,6.9855237,-0.5,-23.718115,-0.01693107,113.61317,0.31381684219062
GW240627_131622,GW240908_082628,72.79868286368472,-0.39246207,11.40793,-0.5,-63.580914,-0.12091959,123.820984,-0.12998902709273705
GW240627_131622,GW240908_125134,72.9827786657297,-0.39246207,8.325356,-0.5,-33.863148,-0.15539671,128.03214,0.20086879826789733
GW240627_131622,GW240910_103535,74.88834828937495,-0.38587266,15.612983,-0.5,-120.21031,-0.5952004,154.66109,-0.7514517633960326
GW240627_131622,GW240915_001357,79.45666105522602,-0.38587266,9.431128,-0.5,-43.065884,-0.4203153,106.66626,0.1074229560343559
GW240627_131622,GW240915_105151,79.89963950450498,-0.38587266,2.0284536,0.5,-2.1007075,-0.337559,47.382828,0.5635019617476379
GW240627_131622,GW240916_184352,81.22743180159065,-0.38587266,9.937975,-0.5,-48.116207,-0.0034488675,120.65298,0.051196015663269354
GW240627_131622,GW240919_061559,83.70806700103537,-0.38587266,0.63139087,1.0,1.8116652,-0.51894855,5.2801895,0.607059715538207
GW240627_131622,GW240920_073424,84.76252619562325,-0.38587266,2.635305,0.1,-1.9177907,-0.28989777,27.687319,0.5655384365423731
GW240627_131622,GW240920_124024,84.97503090995605,-0.38587266,5.257413,-0.5,-11.9661255,-1.314598,47.55526,0.4536669643018433
GW240627_131622,GW240921_201835,86.29321274556496,-0.7066782,5.3152614,-0.5,-13.614429,-0.14315164,94.07422,-0.0033990062371049845
GW240627_131622,GW240922_142106,87.04495583823986,-0.7066782,11.427761,-0.5,-63.57532,-0.24320596,110.45032,-0.5596303223965032
GW240627_131622,GW240923_204006,88.30814702245372,-0.7066782,9.504317,-0.5,-43.83761,-0.1613322,111.81306,-0.33988376417083005
GW240627_131622,GW240924_000316,88.4492400339908,-0.7066782,7.437037,-0.5,-26.51419,-0.05224571,96.108345,-0.14701636178956196
GW240627_131622,GW240925_005809,89.48735849161943,-0.7066782,9.649127,-0.5,-44.611317,-1.1375458,83.54652,-0.34849771791313683
GW240627_131622,GW240930_035959,94.61363145174528,-0.7066782,5.1905546,-0.5,-11.838318,-0.44042853,52.448044,0.016375038228053418
GW240627_131622,GW240930_234614,95.43741562859051,-0.7066782,8.107509,-0.5,-31.329449,-0.13604221,85.95981,-0.2006262397784005
GW240627_131622,GW241002_030559,96.57612804462237,-0.7066782,7.337615,-0.5,-26.004623,-0.15697187,106.108864,-0.1413431790593127
GW240627_131622,GW241006_015333,100.52582518410628,-0.8908795,6.535461,-0.5,-19.628359,-0.5160895,62.96936,-0.32225698586054463
GW240627_131622,GW241007_082943,101.8009372836848,-0.8908795,12.963775,-0.5,-82.52732,-0.03227273,139.80438,-1.0225321655643786
GW240627_131622,GW241009_022835,103.55015595521088,-0.8908795,6.4944963,-0.5,-20.588352,-0.15630907,115.56104,-0.33294491301846474
GW240627_131622,GW241009_084816,103.81382630791653,-0.8908795,15.118196,-0.5,-112.73997,-0.21049947,160.00598,-1.3588996629986412
GW240627_131622,GW241009_220455,104.36705220533742,-0.8908795,3.357068,-0.5,-4.310515,-0.017143574,39.572613,-0.15171830676415193
GW240627_131622,GW241011_233834,106.43209201412897,-0.8908795,14.231396,-0.5,-99.334785,-1.257705,123.83788,-1.2096552899324926
GW240627_131622,GW241101_220523,127.3673710695185,-1.2459191,2.923274,0.1,-4.6434555,-0.07711784,80.426,-0.640956370990035
GW240627_131622,GW241102_124058,127.97542340359477,-1.2459191,5.5627084,-0.5,-13.505693,-0.7589685,47.574116,-0.7396226296980546
GW240627_131622,GW241102_144729,128.0632816092201,-1.2459191,10.043843,-0.5,-49.175987,-0.19441274,122.064186,-1.1367519400066166
GW240627_131622,GW241109_033317,134.59509020508165,-1.2459191,1.0272092,1.0,-0.8759493,-0.10677455,27.947254,-0.5990114646830679
GW240627_131622,GW241109_115924,134.9465590095934,-1.2459191,4.576104,-0.5,-10.879251,-0.18481621,128.32666,-0.7103815624187563
GW240627_131622,GW241110_124123,135.97571136948136,-1.0487857,15.794244,-0.5,-123.00255,-0.032007735,152.27307,-1.6890996295886884
GW240627_131622,GW241111_111552,136.91632367267653,-1.0487857,1.0367866,1.0,1.0835683,-0.462309,10.537062,-0.30760739544637417
GW240627_131622,GW241113_163507,139.13802423280697,-1.0487857,4.125658,-0.5,-9.050454,-0.24166039,123.52913,-0.4204328568101127
GW240627_131622,GW241114_024711,139.563073777217,-1.0487857,8.153953,-0.5,-32.0503,-0.08783221,102.63797,-0.6764978393530058
GW240627_131622,GW241114_235258,140.44208266093776,-1.0487857,2.8213537,0.1,-4.379639,-0.23559073,78.75295,-0.3684311114379312
GW240627_131622,GW241116_151753,142.08439185722006,-1.0487857,5.7029905,-0.5,-15.858839,-0.08497167,106.556244,-0.4962328828023402
GW240627_131622,GW241124_024914,149.56449237025447,-1.0487857,8.346633,-0.5,-34.359543,-0.1494614,150.55789,-0.7022074055941145
GW240627_131622,GW241125_010116,150.48952055041437,-1.0487857,10.27858,-0.5,-52.03931,-0.017500773,158.6505,-0.8990421710892187
GW240627_131622,GW241127_061008,152.70400494599784,-1.0487857,17.001059,-0.5,-142.59238,-1.1105199,148.3773,-1.9071997416779372
GW240627_131622,GW241129_021832,154.54317607973462,-1.0487857,14.089406,-0.5,-97.62193,-0.49419788,142.28572,-1.406528752054216
GW240627_131622,GW241130_034908,155.60609261055788,-1.0487857,5.3846507,-0.5,-12.910157,-0.30810335,55.662346,-0.46340422183557106
GW240627_131622,GW241130_110422,155.90833226014342,-1.0487857,11.746792,-0.5,-67.76433,-0.045139756,145.22037,-1.0741140504207454
GW240627_131622,GW241201_055758,156.69556043116307,-1.0487857,8.584234,-0.5,-36.304794,-0.119393475,149.80629,-0.7238645407096437
GW240627_131622,GW241210_060606,165.70121113459822,-1.0688436,2.511786,0.1,-1.9019729,-0.23327848,30.691986,-0.3682764545530592
GW240627_131622,GW241210_120900,165.95322261859422,-1.0688436,4.594105,-0.5,-9.997799,-0.15051416,79.56001,-0.45840999325870563
GW240627_131622,GW241225_042553,180.63160925689948,-1.0688436,1.2936584,0.5,-0.39182556,-0.5162817,23.671867,-0.3514634792491659
GW240627_131622,GW241225_082815,180.79992431673463,-1.0688436,7.7794695,-0.5,-28.99618,-0.57813925,94.521736,-0.6699253188543167
GW240627_131622,GW241229_155844,185.1127609045969,-1.2622733,5.6707616,-0.5,-15.87333,-0.21357347,116.967064,-0.788347369662587
GW240627_131622,GW241230_084504,185.81160114935426,-1.2622733,2.2824275,0.1,-3.1135116,-0.1202556,67.28348,-0.6462880423898654
GW240627_131622,GW241230_233618,186.43050764782285,-1.2622733,1.6958834,0.5,-0.28696477,-0.059378818,21.801296,-0.6148191517044814
GW240627_131622,GW241231_054133,186.68416001132792,-1.2622733,2.6219058,0.1,-1.5374275,-0.56102175,23.180376,-0.6287409719247841
GW240627_131622,GW250101_011205,187.49702357211874,-1.2622733,1.7417737,0.5,-0.28509015,-0.018054245,21.505173,-0.6147982808698167
GW240627_131622,GW250104_015122,190.52430701758576,-1.2622733,0.96781266,1.0,0.57799506,-0.13868979,13.110438,-0.6051892645786048
GW240627_131622,GW250108_152221,195.08749425018826,-1.2622733,9.473495,-0.5,-43.578823,-0.12950258,113.34384,-1.096801888582019
GW240627_131622,GW250109_010541,195.4925842022206,-1.2622733,0.80466205,1.0,1.1677517,-0.19656228,8.725148,-0.5986233070272193
GW240627_131622,GW250109_074552,195.77048812049406,-1.2622733,3.635835,-0.5,-7.009939,-0.08738797,101.52171,-0.689668274306265
GW240627_131622,GW250114_082203,200.79561361946165,-1.2622733,9.287617,-0.5,-41.14604,-2.053642,78.73074,-1.0697169216617732
GW240627_131622,GW250116_015318,202.52565011957176,-1.2622733,9.316624,-0.5,-42.81957,-0.22541222,159.33397,-1.0883488548080078
GW240627_131622,GW250118_023225,204.5528210320848,-1.2622733,1.3027203,0.5,-0.07751074,-0.092737444,20.25149,-0.6124872298593225
GW240627_131622,GW250118_055802,204.6956049322613,-1.2622733,5.218555,-0.5,-12.384766,-0.035816517,64.42891,-0.7495080144881223
GW240627_131622,GW250118_170523,205.15903946774978,-1.2622733,3.762503,-0.5,-5.90624,-0.30487907,47.865067,-0.6773804219172443
GW240627_131622,GW250119_025138,205.56616401527214,-1.2622733,14.622568,-0.5,-105.42318,-0.36161053,158.94676,-1.7853357927368891
GW240627_131622,GW250119_190238,206.24046424894422,-1.2622733,4.023834,-0.5,-6.070926,-0.71375585,33.420727,-0.6792139284918735
GW240629_145256,GW240630_101703,0.8084090041921095,1.1686022,7.314845,-0.5,-25.088533,-0.20655307,72.72757,2.4333794818946384
GW240629_145256,GW240703_191355,4.1812320322598575,0.9949764,2.579631,0.1,-3.7648377,-0.21636534,73.385735,2.4333428212467294
GW240629_145256,GW240705_053215,5.610637661649121,0.49711657,8.1820965,-0.5,-31.610113,-0.103201255,73.67153,1.4424881513524137
GW240629_145256,GW240716_034900,16.5389313922105,0.52348214,2.2637951,0.1,-2.794337,-0.02201149,58.108234,1.7993598418361525
GW240629_145256,GW240824_205609,56.25222750327929,-0.24045733,10.64015,-0.5,-54.634407,-0.3809261,90.733795,0.177488199260126
GW240629_145256,GW240825_055146,56.624191277595585,-0.24045733,10.333032,-0.5,-51.484055,-0.20492877,91.26572,0.21256212698168178
GW240629_145256,GW240830_211120,62.26277241552594,-0.24045733,12.259259,-0.5,-73.180084,-0.12919702,104.92575,-0.028987027138462795
GW240629_145256,GW240902_143306,64.986226248915,-0.39246207,5.2166514,-0.5,-11.860671,-0.1693085,49.805077,0.4458297296493444
GW240629_145256,GW240907_153833,70.03167737400366,-0.39246207,6.027049,-0.5,-17.287157,-0.2643594,88.92508,0.3854148460416097
GW240629_145256,GW240908_082628,70.73161538420727,-0.39246207,11.553343,-0.5,-64.74365,-0.12650876,97.33495,-0.1429341870125875
GW240629_145256,GW240908_125134,70.91571118625225,-0.39246207,8.767033,-0.5,-37.417145,-0.4028251,120.740364,0.1613009606478847
GW240629_145256,GW240910_103535,72.82128080989752,-0.39246207,20.437292,-0.5,-206.52051,-0.34777203,146.37605,-1.7213833338884108
GW240629_145256,GW240915_001357,77.38959357574858,-0.38587266,10.871203,-0.5,-57.228474,-0.17288692,97.892975,-0.05025389518040008
GW240629_145256,GW240915_105151,77.83257202502755,-0.38587266,1.2180845,0.5,-0.69552684,-0.09013064,27.204948,0.5791463083387818
GW240629_145256,GW240916_184352,79.16036432211322,-0.38587266,14.804648,-0.5,-107.941025,-0.25087723,148.46332,-0.6148536867456713
GW240629_145256,GW240919_061559,81.64099952155793,-0.38587266,5.605451,-0.5,-12.592056,-0.2715202,26.944689,0.44669826752754915
GW240629_145256,GW240920_073424,82.69545871614582,-0.38587266,5.330439,-0.5,-12.100076,-0.0424694,42.494072,0.45217565155528205
GW240629_145256,GW240920_124024,82.90796343047862,-0.38587266,11.590248,-0.5,-64.46337,-1.0671697,68.557594,-0.1308024299045337
GW240629_145256,GW240921_201835,84.22614526608751,-0.38587266,6.565162,-0.5,-20.877174,-0.10427672,107.159134,0.35445727686478556
GW240629_145256,GW240922_142106,84.97788835876241,-0.38587266,12.947628,-0.5,-81.403206,-0.004222389,88.37047,-0.3193992736972595
GW240629_145256,GW240923_204006,86.24107954297628,-0.7066782,13.124881,-0.5,-84.3898,-0.08609615,125.5963,-0.7913648873814367
GW240629_145256,GW240924_000316,86.38217255451337,-0.7066782,6.5390058,-0.5,-19.909645,-0.19518265,71.68254,-0.07348574691791057
GW240629_145256,GW240925_005809,87.42029101214199,-0.7066782,14.499206,-0.5,-102.19205,-0.8901174,76.9122,-0.9895632468121609
GW240629_145256,GW240930_035959,92.54656397226783,-0.7066782,7.0438914,-0.5,-22.561876,-0.19300017,52.367435,-0.10301392404563059
GW240629_145256,GW240930_234614,93.37034814911308,-0.7066782,11.223663,-0.5,-60.910046,-0.11138615,90.892715,-0.5299569180764934
GW240629_145256,GW241002_030559,94.50906056514492,-0.7066782,6.378607,-0.5,-19.174112,-0.090456486,81.25873,-0.06529681470706783
GW240629_145256,GW241006_015333,98.45875770462884,-0.7066782,11.467277,-0.5,-63.319355,-0.2686611,77.77787,-0.556780565238248
GW240629_145256,GW241007_082943,99.73386980420737,-0.7066782,15.803182,-0.5,-122.852585,-0.27970108,131.71689,-1.2195839228236014
GW240629_145256,GW241009_022835,101.48308847573344,-0.8908795,7.668772,-0.5,-28.744081,-0.40373743,125.96063,-0.4237453747963956
GW240629_145256,GW241009_084816,101.7467588284391,-0.8908795,16.417974,-0.5,-132.69357,-0.0369289,132.55295,-1.581049827876646
GW240629_145256,GW241009_220455,102.29998472585999,-0.8908795,5.7302895,-0.5,-14.682657,-0.23028478,54.999783,-0.26719483594880694
GW240629_145256,GW241011_233834,104.36502453465152,-0.8908795,21.830156,-0.5,-235.38278,-1.0102767,117.33584,-2.7243231342201284
GW240629_145256,GW241101_220523,125.30030359004107,-1.2459191,3.0563252,-0.5,-4.9773865,-0.17031053,81.443855,-0.6446741361482964
GW240629_145256,GW241102_124058,125.90835592411734,-1.2459191,8.693389,-0.5,-34.79896,-0.5115401,44.593018,-0.9766877057942899
GW240629_145256,GW241102_144729,125.99621412974265,-1.2459191,9.358635,-0.5,-42.147263,-0.053015623,93.99186,-1.0584987976093416
GW240629_145256,GW241109_033317,132.5280227256042,-1.2459191,0.563983,1.0,-0.44205314,-0.1406538,14.850962,-0.5941807533574999
GW240629_145256,GW241109_115924,132.87949153011596,-1.2459191,3.6973157,-0.5,-7.1825595,-0.062612146,100.548416,-0.6692250648148297
GW240629_145256,GW241110_124123,133.9086438900039,-1.2459191,23.153292,-0.5,-265.61014,-0.21542062,157.23726,-3.546385722552183
GW240629_145256,GW241111_111552,134.8492561931991,-1.2459191,5.112599,-0.5,-10.844295,-0.21488066,38.416084,-0.7099923858208477
GW240629_145256,GW241113_163507,137.07095675332954,-1.0487857,4.4257865,-0.5,-10.280068,-0.005767976,129.00798,-0.4341225635666453
GW240629_145256,GW241114_024711,137.49600629773957,-1.0487857,8.424876,-0.5,-33.94575,-0.15959615,89.007225,-0.6976005246965375
GW240629_145256,GW241114_235258,138.37501518146033,-1.0487857,3.013706,0.1,-4.878846,-0.011837636,81.55488,-0.37398895014102435
GW240629_145256,GW241116_151753,140.01732437774263,-1.0487857,4.4786067,-0.5,-9.481709,-0.33240002,77.864914,-0.4252341561254423
GW240629_145256,GW241124_024914,147.49742489077704,-1.0487857,9.943259,-0.5,-48.805206,-0.39688975,165.94966,-0.8630358079219179
GW240629_145256,GW241125_010116,148.42245307093694,-1.0487857,10.230318,-0.5,-51.32555,-0.22992758,141.53778,-0.8910956381180294
GW240629_145256,GW241127_061008,150.6369374665204,-1.0487857,23.977818,-0.5,-284.5882,-0.86309147,129.87834,-3.488086683797931
GW240629_145256,GW241129_021832,152.47610860025716,-1.0487857,16.4315,-0.5,-132.74864,-0.2467695,122.030815,-1.7976061507285237
GW240629_145256,GW241130_034908,153.53902513108045,-1.0487857,10.1812,-0.5,-49.66465,-0.06067499,78.88162,-0.8726042816661888
GW240629_145256,GW241130_110422,153.841264780666,-1.0487857,11.371164,-0.5,-63.056572,-0.2022886,117.07471,-1.0217010279680736
GW240629_145256,GW241201_055758,154.62849295168564,-1.0487857,7.7096543,-0.5,-29.012676,-0.36682183,123.76783,-0.6426789514791936
GW240629_145256,GW241210_060606,163.63414365512077,-1.0688436,5.095691,-0.5,-11.354108,-0.014149875,51.58448,-0.47351023425039857
GW240629_145256,GW241210_120900,163.88615513911677,-1.0688436,3.210106,-0.5,-4.4275093,-0.3979425,51.06769,-0.39639409611842197
GW240629_145256,GW241225_042553,178.56454177742202,-1.0688436,2.9198132,0.1,-3.6670415,-0.26885337,49.55095,-0.387927554134483
GW240629_145256,GW241225_082815,178.7328568372572,-1.0688436,7.1634827,-0.5,-24.012264,-0.3307109,71.91936,-0.6144377227081107
GW240629_145256,GW241229_155844,183.04569342511948,-1.0688436,6.3314924,-0.5,-19.721844,-0.46100184,123.19851,-0.566671036062107
GW240629_145256,GW241230_084504,183.74453366987683,-1.0688436,3.2321808,-0.5,-5.6768746,-0.12717275,92.6783,-0.4103036981641723
GW240629_145256,GW241230_233618,184.36344016834542,-1.0688436,0.874257,1.0,1.1020782,-0.18804954,9.514215,-0.33483134912045
GW240629_145256,GW241231_054133,184.6170925318505,-1.0688436,9.123697,-0.5,-38.807045,-0.3135934,51.07133,-0.7791529644601519
GW240629_145256,GW250101_011205,185.4299560926413,-1.2622733,2.9593046,0.1,-2.7799273,-0.2654826,30.411945,-0.6425741367201547
GW240629_145256,GW250104_015122,188.4572395381083,-1.2622733,3.4104147,-0.5,-4.474504,-0.10873857,39.870716,-0.6614404262929002
GW240629_145256,GW250108_152221,193.02042677071083,-1.2622733,8.73091,-0.5,-36.423443,-0.11792578,85.68513,-1.0171386472701631
GW240629_145256,GW250109_010541,193.42551672274317,-1.2622733,2.8096776,0.1,-1.9476595,-0.05086608,23.632332,-0.6333082213960837
GW240629_145256,GW250109_074552,193.70342064101663,-1.2622733,2.7871604,0.1,-4.222479,-0.16004038,75.45113,-0.6586345462637676
GW240629_145256,GW250114_082203,198.72854613998422,-1.2622733,21.454538,-0.5,-227.11003,-1.8062137,107.333984,-3.140116206672851
GW240629_145256,GW250116_015318,200.45858264009433,-1.2622733,9.5060005,-0.5,-44.42736,-0.47284058,148.99033,-1.106248939737386
GW240629_145256,GW250118_023225,202.48575355260738,-1.2622733,3.4530075,-0.5,-4.975199,-0.3401658,48.198036,-0.6670148337219451
GW240629_145256,GW250118_055802,202.62853745278386,-1.2622733,7.681391,-0.5,-27.902931,-0.21161184,78.93408,-0.9222769417793153
GW240629_145256,GW250118_170523,203.09197198827235,-1.2622733,2.2767968,0.1,-1.078335,-0.057450715,24.416874,-0.623629741610541
GW240629_145256,GW250119_025138,203.4990965357947,-1.2622733,15.789807,-0.5,-122.66769,-0.11418218,133.35222,-1.9773246544836467
GW240629_145256,GW250119_190238,204.17339676946676,-1.2622733,4.121264,-0.5,-5.331861,-0.4663275,19.398094,-0.6709856687828407
GW240630_101703,GW240703_191355,3.3728230280677476,1.2372308,0.4364973,1.0,-0.59987426,-0.009812253,12.840702,2.7998722925772874
GW240630_101703,GW240705_053215,4.802228657457012,0.790937,2.2355464,0.1,-1.1614745,-0.30975434,26.182583,2.1832946279125607
GW240630_101703,GW240716_034900,15.730522388018391,0.035988156,4.483996,-0.5,-10.366774,-0.22856458,119.8972,1.048385191536735
GW240630_101703,GW240824_205609,55.443818499087186,-0.24045733,11.756053,-0.5,-67.702194,-0.17437303,133.42772,0.03200015438502124
GW240630_101703,GW240825_055146,55.81578227340347,-0.24045733,1.6028563,0.5,0.07534677,-0.0016243069,18.561975,0.7865901852211633
GW240630_101703,GW240830_211120,61.45436341133382,-0.24045733,3.7836435,-0.5,-5.7619433,-0.07735607,43.03259,0.7216016822606641
GW240630_101703,GW240902_143306,64.17781724472289,-0.39246207,5.245976,-0.5,-12.493682,-0.037244584,63.657955,0.4387822079974687
GW240630_101703,GW240907_153833,69.22326836981155,-0.39246207,6.075853,-0.5,-17.811771,-0.05780635,100.53433,0.3795741392113494
GW240630_101703,GW240908_082628,69.92320638001517,-0.39246207,13.395761,-0.5,-88.3094,-0.080044314,151.00737,-0.40529956429992353
GW240630_101703,GW240908_125134,70.10730218206015,-0.39246207,5.026104,-0.5,-11.876671,-0.196272,78.79419,0.44565159859180326
GW240630_101703,GW240910_103535,72.0128718057054,-0.39246207,9.637977,-0.5,-44.86323,-0.5543251,99.879776,0.07840118515183869
GW240630_101703,GW240915_001357,76.58118457155648,-0.38587266,13.475971,-0.5,-89.463646,-0.37944,157.83809,-0.4091388486058217
GW240630_101703,GW240915_105151,77.02416302083543,-0.38587266,2.7663982,0.1,-3.8867168,-0.29668373,65.16699,0.5436177227792494
GW240630_101703,GW240916_184352,78.35195531792111,-0.38587266,6.367731,-0.5,-19.069511,-0.04432415,79.70141,0.37458259318472675
GW240630_101703,GW240919_061559,80.83259051736582,-0.38587266,6.863483,-0.5,-21.667147,-0.47807327,61.08257,0.3456622509966334
GW240630_101703,GW240920_073424,81.88704971195371,-0.38587266,2.804363,0.1,-2.4582188,-0.24902248,30.67541,0.5595216690817172
GW240630_101703,GW240920_124024,82.0995544262865,-0.38587266,8.448118,-0.5,-33.938583,-1.2737228,80.62807,0.20904024233198484
GW240630_101703,GW240921_201835,83.41773626189541,-0.38587266,6.5718784,-0.5,-21.112373,-0.10227636,118.02297,0.35183872802202276
GW240630_101703,GW240922_142106,84.16947935457031,-0.38587266,9.053656,-0.5,-39.357395,-0.2023307,91.74233,0.14871079835112225
GW240630_101703,GW240923_204006,85.43267053878418,-0.38587266,4.6276402,-0.5,-9.443928,-0.12045693,56.234818,0.48174743506395934
GW240630_101703,GW240924_000316,85.57376355032126,-0.38587266,10.630205,-0.5,-55.41407,-0.011370432,141.1336,-0.030053533839614788
GW240630_101703,GW240925_005809,86.61188200794989,-0.7066782,5.4407077,-0.5,-12.9756975,-1.0966705,49.93498,0.0037122102478272523
GW240630_101703,GW240930_035959,91.73815496807573,-0.7066782,3.143283,-0.5,-3.394383,-0.39955324,33.17149,0.11038418959946067
GW240630_101703,GW240930_234614,92.56193914492097,-0.7066782,11.522855,-0.5,-64.930916,-0.09516693,127.10723,-0.5747226108244423
GW240630_101703,GW241002_030559,93.70065156095282,-0.7066782,10.014337,-0.5,-49.271156,-0.11609659,147.99089,-0.4003772709222193
GW240630_101703,GW241006_015333,97.65034870043672,-0.7066782,0.7709485,1.0,1.3354311,-0.4752142,7.7900615,0.1630427912555299
GW240630_101703,GW241007_082943,98.92546080001526,-0.7066782,13.727835,-0.5,-92.80099,-0.07314801,153.82964,-0.8850094365325165
GW240630_101703,GW241009_022835,100.67467947154134,-0.8908795,7.1653404,-0.5,-25.19901,-0.19718435,129.35033,-0.38427691767936834
GW240630_101703,GW241009_084816,100.93834982424698,-0.8908795,12.663739,-0.5,-78.724686,-0.16962418,139.46306,-0.9801961562332198
GW240630_101703,GW241009_220455,101.49157572166787,-0.8908795,1.4621629,0.5,0.19091348,-0.023731705,17.801245,-0.10160239884220085
GW240630_101703,GW241011_233834,103.55661553045941,-0.8908795,8.136492,-0.5,-31.285177,-1.2168298,75.00931,-0.45203624342679777
GW240630_101703,GW241101_220523,124.49189458584895,-1.2459191,4.632548,-0.5,-11.113108,-0.03624256,128.22992,-0.7129851723333459
GW240630_101703,GW241102_124058,125.09994691992523,-1.2459191,4.302229,-0.5,-7.407714,-0.7180932,39.055557,-0.6717317840477962
GW240630_101703,GW241102_144729,125.18780512555054,-1.2459191,11.235136,-0.5,-61.9116,-0.15353745,140.76067,-1.2785417560616537
GW240630_101703,GW241109_033317,131.7196137214121,-1.2459191,2.1673024,0.1,-2.7094119,-0.065899275,59.333714,-0.6194240162715368
GW240630_101703,GW241109_115924,132.07108252592386,-1.2459191,5.1311345,-0.5,-13.58487,-0.14394093,144.7366,-0.7405041326360197
GW240630_101703,GW241110_124123,133.1002348858118,-1.2459191,12.745637,-0.5,-79.594154,-0.008867546,128.86165,-1.4754075673463656
GW240630_101703,GW241111_111552,134.040847189007,-1.2459191,5.2640104,-0.5,-12.319794,-0.42143375,55.84763,-0.7264196113491975
GW240630_101703,GW241113_163507,136.26254774913744,-1.0487857,2.264456,0.1,-3.1140907,-0.2007851,68.15115,-0.35434133710582577
GW240630_101703,GW241114_024711,136.68759729354747,-1.0487857,5.4718747,-0.5,-13.834384,-0.04695693,70.862976,-0.4736939474567431
GW240630_101703,GW241114_235258,137.5666061772682,-1.0487857,4.4551806,-0.5,-10.335762,-0.19471544,125.09564,-0.43474261933521813
GW240630_101703,GW241116_151753,139.20891537355052,-1.0487857,6.478075,-0.5,-20.605715,-0.12584695,122.63417,-0.5490814381858302
GW240630_101703,GW241124_024914,146.6890158865849,-1.0487857,6.5102525,-0.5,-20.746181,-0.19033667,119.093605,-0.5506453008230858
GW240630_101703,GW241125_010116,147.6140440667448,-1.0487857,9.153514,-0.5,-41.146282,-0.023374505,144.00677,-0.7777664444841776
GW240630_101703,GW241127_061008,149.82852846232828,-1.0487857,16.833424,-0.5,-139.87128,-1.0696446,155.59518,-1.8769048269815651
GW240630_101703,GW241129_021832,151.66769959606506,-1.0487857,15.323611,-0.5,-115.85976,-0.4533226,161.62788,-1.609576540268222
GW240630_101703,GW241130_034908,152.73061612688832,-1.0487857,1.5371302,0.5,0.32251927,-0.26722807,16.564363,-0.31608040917413904
GW240630_101703,GW241130_110422,153.03285577647387,-1.0487857,9.880223,-0.5,-47.63904,-0.0042644753,125.793594,-0.8500525096722894
GW240630_101703,GW241201_055758,153.82008394749352,-1.0487857,8.397092,-0.5,-34.745808,-0.16026875,148.75331,-0.7065078208038529
GW240630_101703,GW241210_060606,162.82573465092867,-1.0688436,2.0034595,0.5,-0.8145821,-0.1924032,25.228954,-0.356170169334323
GW240630_101703,GW241210_120900,163.07774613492467,-1.0688436,5.843435,-0.5,-16.548197,-0.19138944,102.747345,-0.5313377634510299
GW240630_101703,GW241225_042553,177.75613277322992,-1.0688436,3.3295074,-0.5,-5.1251607,-0.47540644,61.76201,-0.4041612823197206
GW240630_101703,GW241225_082815,177.92444783306507,-1.0688436,6.861669,-0.5,-22.338243,-0.537264,85.94734,-0.5958002896579717
GW240630_101703,GW241229_155844,182.23728442092735,-1.0688436,2.961196,0.1,-4.200451,-0.25444877,61.740288,-0.3938661788967578
GW240630_101703,GW241230_084504,182.93612466568473,-1.0688436,2.6133285,0.1,-3.9341242,-0.07938032,77.44777,-0.39090107505695276
GW240630_101703,GW241230_233618,183.55503116415332,-1.0688436,5.473045,-0.5,-13.880627,-0.01850354,72.304146,-0.5016388132453167
GW240630_101703,GW241231_054133,183.8086835276584,-1.0688436,4.3092303,-0.5,-7.49701,-0.5201464,40.29336,-0.43056787644012784
GW240630_101703,GW250101_011205,184.6215470884492,-1.0688436,6.0377774,-0.5,-17.054598,-0.058929525,76.77923,-0.5369756958319296
GW240630_101703,GW250104_015122,187.6488305339162,-1.2622733,4.214548,-0.5,-7.884151,-0.09781451,58.516098,-0.6994011665098285
GW240630_101703,GW250108_152221,192.21201776651873,-1.2622733,11.359778,-0.5,-63.2903,-0.0886273,140.24254,-1.316256336081396
GW240630_101703,GW250109_010541,192.61710771855104,-1.2622733,5.7137465,-0.5,-14.907826,-0.155687,64.35094,-0.7775980941557086
GW240630_101703,GW250109_074552,192.8950116368245,-1.2622733,3.5658438,-0.5,-6.7697287,-0.046512693,100.15739,-0.6869939301063241
GW240630_101703,GW250114_082203,197.92013713579212,-1.2622733,7.01204,-0.5,-22.721783,-2.0127668,63.15752,-0.8645934824552874
GW240630_101703,GW250116_015318,199.65017363590223,-1.2622733,7.9428024,-0.5,-30.995077,-0.2662875,137.974,-0.9567028364218958
GW240630_101703,GW250118_023225,201.67734454841525,-1.2622733,3.463315,-0.5,-5.263878,-0.13361272,54.86171,-0.6702287896326737
GW240630_101703,GW250118_055802,201.82012844859173,-1.2622733,7.915713,-0.5,-30.156384,-0.005058761,100.65542,-0.9473653798767655
GW240630_101703,GW250118_170523,202.28356298408022,-1.2622733,5.4031568,-0.5,-13.480761,-0.26400378,70.67745,-0.7617100927966551
GW240630_101703,GW250119_025138,202.6906875316026,-1.2622733,12.702085,-0.5,-79.260414,-0.32073528,143.3837,-1.494056974685278
GW240630_101703,GW250119_190238,203.36498776527466,-1.2622733,6.5684223,-0.5,-19.673443,-0.67288053,58.10434,-0.8306552955075924
GW240703_191355,GW240705_053215,1.429405629389264,1.6291271,1.3403199,0.5,-1.3820776,-0.31956658,39.021824,3.3270982441938517
GW240703_191355,GW240716_034900,12.357699359950644,0.5157103,2.9713142,0.1,-5.4179955,-0.23837683,112.18096,1.759521449565983
GW240703_191355,GW240824_205609,52.07099547101944,-0.20667636,5.0293875,-0.5,-13.121314,-0.16456078,145.70132,0.6858642092754165
GW240703_191355,GW240825_055146,52.44295924533572,-0.20667636,0.7465698,1.0,-0.75891536,-0.011436559,21.696224,0.8234989282259919
GW240703_191355,GW240830_211120,58.08154038326608,-0.24045733,1.806977,0.5,-2.1071668,-0.08716832,52.36485,0.7622915321299265
GW240703_191355,GW240902_143306,60.80499421665514,-0.24045733,1.8387393,0.5,-2.1861515,-0.04705684,53.85007,0.7614121686333452
GW240703_191355,GW240907_153833,65.85044534174381,-0.39246207,3.613026,-0.5,-7.160264,-0.047994096,113.3496,0.49816093306825504
GW240703_191355,GW240908_082628,66.55038335194742,-0.39246207,5.6340346,-0.5,-16.343042,-0.089856565,163.04865,0.395925990574027
GW240703_191355,GW240908_125134,66.7344791539924,-0.39246207,2.8761647,0.1,-4.7405653,-0.18645975,88.93875,0.5251002480932065
GW240703_191355,GW240910_103535,68.64004877763766,-0.39246207,3.7282321,-0.5,-7.3979473,-0.56413734,106.6196,0.495514725442343
GW240703_191355,GW240915_001357,73.20836154348872,-0.39246207,5.0042434,-0.5,-13.005092,-0.38925225,145.69386,0.4330885121121161
GW240703_191355,GW240915_105151,73.65133999276769,-0.38587266,2.0197034,0.5,-2.9241352,-0.30649596,71.84466,0.5543344660360052
GW240703_191355,GW240916_184352,74.97913228985337,-0.38587266,2.5923233,0.1,-3.866655,-0.034511894,76.33529,0.5438410767435576
GW240703_191355,GW240919_061559,77.45976748929807,-0.38587266,2.0021656,0.5,-2.4173443,-0.48788553,56.26222,0.5599767383507293
GW240703_191355,GW240920_073424,78.51422668388597,-0.38587266,1.0912634,1.0,-1.0583909,-0.25883472,31.440786,0.5751064218781891
GW240703_191355,GW240920_124024,78.72673139821876,-0.38587266,2.425021,0.1,-3.36831,-1.283535,68.65555,0.5493893198131494
GW240703_191355,GW240921_201835,80.04491323382766,-0.38587266,3.277806,-0.5,-6.0536156,-0.11208862,105.34783,0.5194929145632035
GW240703_191355,GW240922_142106,80.79665632650256,-0.38587266,3.6674862,-0.5,-7.1675367,-0.21214294,104.57971,0.5070912576954167
GW240703_191355,GW240923_204006,82.05984751071642,-0.38587266,2.087841,0.5,-2.6757011,-0.13026918,61.160366,0.5571003655860789
GW240703_191355,GW240924_000316,82.20094052225352,-0.38587266,4.868861,-0.5,-12.381851,-0.021182684,144.98373,0.4490385509619529
GW240703_191355,GW240925_005809,83.23905897988213,-0.38587266,2.226677,0.1,-2.8984091,-1.1064827,62.77022,0.5546208830876512
GW240703_191355,GW240930_035959,88.36533194000798,-0.7066782,1.5125816,0.5,-1.5968882,-0.4093655,43.361614,0.1303963000064326
GW240703_191355,GW240930_234614,89.18911611685323,-0.7066782,3.97165,-0.5,-8.352407,-0.10497918,114.568504,0.05518484469100016
GW240703_191355,GW241002_030559,90.32782853288506,-0.7066782,5.055501,-0.5,-13.354395,-0.12590885,154.07515,-0.0005039545034507542
GW240703_191355,GW241006_015333,94.27752567236898,-0.7066782,0.68130004,1.0,-0.67368066,-0.48502645,19.420588,0.14067467809421086
GW240703_191355,GW241007_082943,95.55263777194752,-0.7066782,5.0965977,-0.5,-13.45772,-0.063335754,147.36237,-0.0016543050606563914
GW240703_191355,GW241009_022835,97.30185644347358,-0.7066782,3.6707115,-0.5,-7.421923,-0.1873721,118.1677,0.0655442375312254
GW240703_191355,GW241009_084816,97.56552679617924,-0.7066782,5.0966277,-0.5,-13.452735,-0.17943643,146.98503,-0.0015988069955811257
GW240703_191355,GW241009_220455,98.11875269360013,-0.7066782,0.7201864,1.0,-0.756137,-0.013919452,21.10362,0.13975666396985253
GW240703_191355,GW241011_233834,100.18379250239167,-0.8908795,3.029223,0.1,-5.0084047,-1.226642,85.43442,-0.15948814735922695
GW240703_191355,GW241101_220523,121.11907155778121,-1.2459191,3.035016,-0.5,-5.6446085,-0.04605481,116.626755,-0.6521025420719235
GW240703_191355,GW241102_124058,121.72712389185749,-1.2459191,1.6987479,0.5,-1.859935,-0.72790545,47.832787,-0.6099665068046911
GW240703_191355,GW241102_144729,121.8149820974828,-1.2459191,5.19612,-0.5,-14.006766,-0.1633497,153.0353,-0.7452012416868412
GW240703_191355,GW241109_033317,128.34679069334433,-1.2459191,1.6206551,0.5,-2.3408294,-0.075711526,61.923695,-0.6153204641762191
GW240703_191355,GW241109_115924,128.6982594978561,-1.2459191,4.0583124,-0.5,-9.293657,-0.15375319,157.49751,-0.6927286227851035
GW240703_191355,GW241110_124123,129.72741185774404,-1.2459191,4.4105186,-0.5,-10.168075,-0.00094470725,125.73166,-0.7024638030761022
GW240703_191355,GW241111_111552,130.66802416093924,-1.2459191,1.6978744,0.5,-1.8957715,-0.43124598,48.70866,-0.6103654860788157
GW240703_191355,GW241113_163507,132.88972472106968,-1.2459191,1.8753195,0.5,-2.887678,-0.21059735,75.39195,-0.6214087118068774
GW240703_191355,GW241114_024711,133.3147742654797,-1.2459191,2.8223336,0.1,-4.5020328,-0.056769185,83.63625,-0.6393818642337363
GW240703_191355,GW241114_235258,134.19378314920047,-1.2459191,2.9267433,0.1,-5.336795,-0.20452769,113.30912,-0.648675549825495
GW240703_191355,GW241116_151753,135.83609234548277,-1.2459191,4.095559,-0.5,-9.1025305,-0.116034694,133.89499,-0.6906007439406807
GW240703_191355,GW241124_024914,143.31619285851718,-1.0487857,3.597126,-0.5,-7.1629367,-0.18052442,116.2872,-0.39941849376509414
GW240703_191355,GW241125_010116,144.24122103867708,-1.0487857,4.687256,-0.5,-11.591407,-0.013562254,145.07442,-0.4487221328042491
GW240703_191355,GW241127_061008,146.45570543426055,-1.0487857,5.551261,-0.5,-15.829124,-1.0794568,156.60875,-0.4959020603972101
GW240703_191355,GW241129_021832,148.2948765679973,-1.0487857,5.739968,-0.5,-16.92641,-0.46313483,164.5377,-0.5081185149024354
GW240703_191355,GW241130_034908,149.3577930988206,-1.0487857,0.20850784,1.0,-0.48044613,-0.27704033,5.9946294,-0.3250200915399192
GW240703_191355,GW241130_110422,149.66003274840614,-1.0487857,4.65425,-0.5,-11.343859,-0.014076728,137.4813,-0.4459660969814482
GW240703_191355,GW241201_055758,150.4472609194258,-1.0487857,4.9206324,-0.5,-12.779461,-0.1504565,157.4803,-0.461949136255269
GW240703_191355,GW241210_060606,159.4529116228609,-1.0688436,0.7428064,1.0,-0.7846709,-0.20221546,21.897306,-0.3558371577179259
GW240703_191355,GW241210_120900,159.7049231068569,-1.0688436,3.4839637,-0.5,-6.7376103,-0.18157719,111.24815,-0.42211322348591296
GW240703_191355,GW241225_042553,174.38330974516217,-1.0688436,1.6020852,0.5,-1.9856249,-0.4852187,52.02569,-0.3692077804622057
GW240703_191355,GW241225_082815,174.55162480499735,-1.0688436,3.3359177,-0.5,-6.071026,-0.5470762,98.244804,-0.4146919154112437
GW240703_191355,GW241229_155844,178.86446139285962,-1.0688436,2.050947,0.5,-2.887913,-0.2446365,69.404434,-0.37925325540406535
GW240703_191355,GW241230_084504,179.56330163761697,-1.0688436,1.6227251,0.5,-2.4287245,-0.08919257,64.67976,-0.37414095669632724
GW240703_191355,GW241230_233618,180.18220813608556,-1.0688436,2.37866,0.1,-3.3559933,-0.028315792,70.761604,-0.38446454972769123
GW240703_191355,GW241231_054133,180.43586049959063,-1.0688436,1.1207259,1.0,-1.0513899,-0.5299587,31.656813,-0.3588066300262884
GW240703_191355,GW250101_011205,181.24872406038145,-1.0688436,2.390558,0.1,-3.3697722,-0.04911727,70.59854,-0.38461795510720603
GW240703_191355,GW250104_015122,184.27600750584844,-1.0688436,1.6911196,0.5,-1.9773308,-0.10762676,50.82423,-0.36911543941151514
GW240703_191355,GW250108_152221,188.83919473845097,-1.2622733,5.1381955,-0.5,-13.702198,-0.09843955,150.93155,-0.7641754300306488
GW240703_191355,GW250109_010541,189.2442846904833,-1.2622733,2.074035,0.5,-2.6224017,-0.16549926,60.01413,-0.6408203522082034
GW240703_191355,GW250109_074552,189.52218860875678,-1.2622733,2.9012578,0.1,-5.2628784,-0.056324948,112.342,-0.6702176624139635
GW240703_191355,GW250114_082203,194.54731410772436,-1.2622733,1.8555597,0.5,-2.136994,-2.0225792,52.205936,-0.6354161445080961
GW240703_191355,GW250116_015318,196.27735060783448,-1.2622733,4.3173413,-0.5,-9.981018,-0.25647524,137.35623,-0.7227462890243814
GW240703_191355,GW250118_023225,198.30452152034752,-1.2622733,1.47075,0.5,-1.6913416,-0.12380047,45.60217,-0.6304545490070085
GW240703_191355,GW250118_055802,198.447305420524,-1.2622733,2.9904044,0.1,-4.983631,-0.0047534914,88.312614,-0.6671087090122384
GW240703_191355,GW250118_170523,198.9107399560125,-1.2622733,2.586021,0.1,-3.8668587,-0.27381605,76.78137,-0.6546753082492808
GW240703_191355,GW250119_025138,199.31786450353485,-1.2622733,5.1686535,-0.5,-13.829773,-0.3305475,149.61162,-0.7655957642876313
GW240703_191355,GW250119_190238,199.9921647372069,-1.2622733,2.2152903,0.1,-2.8655608,-0.6826928,62.21365,-0.6435275232959762
GW240705_053215,GW240716_034900,10.92829373056138,0.669271,4.963595,-0.5,-12.607118,-0.08118977,131.06044,1.8894831504969931
GW240705_053215,GW240824_205609,50.64158984163017,-0.20667636,10.232039,-0.5,-50.79858,-0.48412737,107.81826,0.2663906050080872
GW240705_053215,GW240825_055146,51.01355361594646,-0.20667636,3.0615053,-0.5,-3.1842504,-0.30813003,33.020103,0.7964968626685697
GW240705_053215,GW240830_211120,56.652134753876815,-0.24045733,2.9626331,0.1,-2.8446887,-0.23239826,31.293558,0.7540804543118079
GW240705_053215,GW240902_143306,59.375588587265874,-0.24045733,7.4538693,-0.5,-26.384945,-0.27250975,84.813255,0.49199890869657975
GW240705_053215,GW240907_153833,64.42103971235454,-0.39246207,4.64841,-0.5,-10.090487,-0.36756068,74.37561,0.46553778588522354
GW240705_053215,GW240908_082628,65.12097772255815,-0.39246207,11.98601,-0.5,-70.267685,-0.22971001,125.30669,-0.20443508928996504
GW240705_053215,GW240908_125134,65.30507352460313,-0.39246207,3.9346588,-0.5,-6.9114833,-0.5060263,59.410404,0.5009306921068795
GW240705_053215,GW240910_103535,67.2106431482484,-0.39246207,9.052302,-0.5,-39.209026,-0.24457078,85.69339,0.14135134396078552
GW240705_053215,GW240915_001357,71.77895591409946,-0.39246207,15.492932,-0.5,-118.5394,-0.06968567,169.29411,-0.7418602166605012
GW240705_053215,GW240915_105151,72.22193436337842,-0.39246207,2.3612418,0.1,-2.8154018,-0.0130706085,54.724483,0.546533737261112
GW240705_053215,GW240916_184352,73.5497266604641,-0.39246207,7.491277,-0.5,-26.734655,-0.35407847,88.283005,0.28023268766723525
GW240705_053215,GW240919_061559,76.03036185990881,-0.38587266,9.457411,-0.5,-42.58052,-0.16831894,74.1204,0.11282666470843333
GW240705_053215,GW240920_073424,77.0848210544967,-0.38587266,4.129811,-0.5,-6.8927817,-0.06073185,41.682293,0.5101501970096085
GW240705_053215,GW240920_124024,77.2973257688295,-0.38587266,12.261001,-0.5,-73.202126,-0.9639684,104.977005,-0.22809390375277253
GW240705_053215,GW240921_201835,78.61550760443839,-0.38587266,8.236103,-0.5,-33.377567,-0.20747797,143.7754,0.21528622200401334
GW240705_053215,GW240922_142106,79.36725069711329,-0.38587266,7.115141,-0.5,-23.49552,-0.10742364,65.56001,0.32530636341570607
GW240705_053215,GW240923_204006,80.63044188132717,-0.38587266,4.59452,-0.5,-9.16291,-0.18929741,52.36322,0.48487609468507986
GW240705_053215,GW240924_000316,80.77153489286425,-0.38587266,9.939204,-0.5,-48.201,-0.2983839,125.12702,0.050251985825509354
GW240705_053215,GW240925_005809,81.80965335049287,-0.38587266,2.9142153,0.1,-2.184282,-0.78691614,23.756763,0.5625714985164686
GW240705_053215,GW240930_035959,86.93592631061871,-0.7066782,2.2141273,0.1,-0.73150504,-0.08979891,21.419662,0.14003090000845908
GW240705_053215,GW240930_234614,87.75971048746396,-0.7066782,14.903518,-0.5,-109.44226,-0.2145874,151.91327,-1.0702822997924852
GW240705_053215,GW241002_030559,88.89842290349581,-0.7066782,9.026152,-0.5,-39.77847,-0.19365774,127.84222,-0.29469200936905665
GW240705_053215,GW241006_015333,92.84812004297972,-0.7066782,2.2822878,0.1,-0.78046757,-0.16545987,20.957386,0.13948578374857773
GW240705_053215,GW241007_082943,94.12323214255825,-0.7066782,14.538556,-0.5,-104.106384,-0.38290235,150.93965,-1.0108762026130775
GW240705_053215,GW241009_022835,95.87245081408432,-0.7066782,8.521871,-0.5,-35.782993,-0.5069387,149.58301,-0.25020904141101086
GW240705_053215,GW241009_084816,96.13612116678998,-0.7066782,11.744695,-0.5,-67.34993,-0.14013015,119.48504,-0.6016543024304684
GW240705_053215,GW241009_220455,96.68934706421086,-0.7066782,2.8052015,0.1,-2.5469153,-0.33348605,32.038315,0.11981933048995325
GW240705_053215,GW241011_233834,98.7543868730024,-0.7066782,6.7382126,-0.5,-20.650955,-0.9070754,55.239773,-0.08173900039874107
GW240705_053215,GW241101_220523,119.68966592839195,-1.2459191,5.4599514,-0.5,-15.2649145,-0.27351177,149.36871,-0.7592086262905235
GW240705_053215,GW241102_124058,120.29771826246822,-1.2459191,3.6574678,-0.5,-4.598623,-0.40833884,29.40319,-0.6404572334755485
GW240705_053215,GW241102_144729,120.38557646809353,-1.2459191,9.7525425,-0.5,-46.233276,-0.15621687,115.05746,-1.1039897556775815
GW240705_053215,GW241109_033317,126.91738506395508,-1.2459191,2.1753647,0.1,-2.7029083,-0.24385506,58.843765,-0.6193516097181063
GW240705_053215,GW241109_115924,127.26885386846683,-1.2459191,4.2522726,-0.5,-9.438911,-0.1658134,118.59829,-0.6943457856493875
GW240705_053215,GW241110_124123,128.2980062283548,-1.2459191,13.998473,-0.5,-96.156044,-0.31862187,128.63109,-1.6597966236545716
GW240705_053215,GW241111_111552,129.23861853154997,-1.2459191,7.5398555,-0.5,-26.717665,-0.111679405,73.4032,-0.8867159245181753
GW240705_053215,GW241113_163507,131.46031909168042,-1.2459191,1.9065589,0.5,-2.347868,-0.108969234,56.813877,-0.6153988271892835
GW240705_053215,GW241114_024711,131.88536863609045,-1.2459191,3.670108,-0.5,-5.4864526,-0.26279742,44.9393,-0.6503417393428277
GW240705_053215,GW241114_235258,132.7643775198112,-1.2459191,5.302203,-0.5,-14.445313,-0.11503889,147.19057,-0.7500837335990008
GW240705_053215,GW241116_151753,134.4066867160935,-1.2459191,5.338974,-0.5,-13.824421,-0.4356013,98.53103,-0.7431711294739878
GW240705_053215,GW241124_024914,141.88678722912792,-1.0487857,6.7606187,-0.5,-22.35287,-0.500091,120.34317,-0.5685331118356424
GW240705_053215,GW241125_010116,142.81181540928782,-1.0487857,8.708319,-0.5,-37.09573,-0.33312884,131.99002,-0.732670290328652
GW240705_053215,GW241127_061008,145.0262998048713,-1.0487857,16.964985,-0.5,-141.8612,-0.7598902,139.54312,-1.899059374255626
GW240705_053215,GW241129_021832,146.86547093860804,-1.0487857,14.585594,-0.5,-104.64887,-0.14356825,141.01482,-1.484762018350894
GW240705_053215,GW241130_034908,147.92838746943133,-1.0487857,4.2595916,-0.5,-7.4019637,-0.04252626,42.24195,-0.40207966155432945
GW240705_053215,GW241130_110422,148.23062711901687,-1.0487857,8.433406,-0.5,-34.274616,-0.30548987,101.31308,-0.7012618892958398
GW240705_053215,GW241201_055758,149.01785529003652,-1.0487857,7.3354716,-0.5,-26.336475,-0.4700231,126.21181,-0.6128839122187777
GW240705_053215,GW241210_060606,158.02350599347164,-1.0487857,3.6775815,-0.5,-5.451033,-0.11735113,43.637146,-0.38035929877904845
GW240705_053215,GW241210_120900,158.27551747746764,-1.0487857,4.9359508,-0.5,-11.597906,-0.50114375,84.25808,-0.4487944915785915
GW240705_053215,GW241225_042553,172.9539041157729,-1.0688436,4.590385,-0.5,-10.065113,-0.16565211,82.92195,-0.4591594241799362
GW240705_053215,GW241225_082815,173.12221917560808,-1.0688436,5.158801,-0.5,-11.983323,-0.22750965,60.84607,-0.4805154979533553
GW240705_053215,GW241229_155844,177.43505576347036,-1.0688436,2.4693158,0.1,-2.823108,-0.5642031,50.420784,-0.37853175932293676
GW240705_053215,GW241230_084504,178.1338960082277,-1.0688436,3.529646,-0.5,-6.728129,-0.23037401,103.5392,-0.4220076635542164
GW240705_053215,GW241230_233618,178.7528025066963,-1.0688436,6.1991873,-0.5,-18.011028,-0.2912508,77.61338,-0.5476239557292564
GW240705_053215,GW241231_054133,179.00645487020137,-1.0688436,7.390324,-0.5,-25.293362,-0.21039212,61.677437,-0.6287006086391262
GW240705_053215,GW250101_011205,179.81931843099218,-1.0688436,7.524917,-0.5,-27.022924,-0.36868384,90.276405,-0.6479564092633964
GW240705_053215,GW250104_015122,182.84660187645918,-1.0688436,5.7952375,-0.5,-15.698562,-0.21193983,76.662346,-0.5218784914667167
GW240705_053215,GW250108_152221,187.4097891090617,-1.2622733,10.007745,-0.5,-48.72144,-0.22112703,116.12068,-1.1540563554014935
GW240705_053215,GW250109_010541,187.81487906109405,-1.2622733,7.284127,-0.5,-24.962599,-0.15406734,76.07038,-0.8895412376825929
GW240705_053215,GW250109_074552,188.0927829793675,-1.2622733,2.703761,0.1,-4.0444736,-0.26324165,75.08254,-0.6566527546352183
GW240705_053215,GW250114_082203,193.1179084783351,-1.2622733,10.882097,-0.5,-57.10005,-1.7030126,86.61052,-1.2473382506572774
GW240705_053215,GW250116_015318,194.8479449784452,-1.2622733,7.744339,-0.5,-29.377682,-0.5760418,130.5028,-0.9386958325112075
GW240705_053215,GW250118_023225,196.87511589095826,-1.2622733,4.9621696,-0.5,-11.504672,-0.44336706,75.76869,-0.739709638390097
GW240705_053215,GW250118_055802,197.01789979113474,-1.2622733,10.457668,-0.5,-53.392044,-0.3148131,125.454285,-1.2060557595983643
GW240705_053215,GW250118_170523,197.48133432662323,-1.2622733,4.8980036,-0.5,-10.76921,-0.04575054,60.64945,-0.7315214918798121
GW240705_053215,GW250119_025138,197.88845887414558,-1.2622733,11.881917,-0.5,-69.028625,-0.010980928,124.4161,-1.3801430499552287
GW240705_053215,GW250119_190238,198.56275910781764,-1.2622733,7.0334272,-0.5,-22.578138,-0.36312622,54.694214,-0.8629942420577811
GW240716_034900,GW240824_205609,39.71329611106879,0.104784556,3.132293,-0.5,-5.182055,-0.4029376,82.20913,1.2001903187293557
GW240716_034900,GW240825_055146,40.08525988538508,0.09330103,5.070093,-0.5,-13.137003,-0.22694026,133.57832,1.09592102393812
GW240716_034900,GW240830_211120,45.72384102331544,0.09330103,6.163563,-0.5,-19.271957,-0.1512085,161.82985,1.0276185242834552
GW240716_034900,GW240902_143306,48.447294856704495,-0.20667636,2.210717,0.1,-2.7464683,-0.19131999,58.79296,0.8013708366311011
GW240716_034900,GW240907_153833,53.49274598179316,-0.20667636,3.8151133,-0.5,-7.7449703,-0.28637093,110.164154,0.7457208420192661
GW240716_034900,GW240908_082628,54.19268399199678,-0.24045733,2.7636528,0.1,-4.092784,-0.14852026,72.44223,0.7401849922217041
GW240716_034900,GW240908_125134,54.37677979404176,-0.24045733,5.4703736,-0.5,-15.395739,-0.42483658,155.28421,0.6143454177509876
GW240716_034900,GW240910_103535,56.282349417687016,-0.24045733,5.4268656,-0.5,-14.970268,-0.32576054,140.19962,0.6190823214733037
GW240716_034900,GW240915_001357,60.85066218353808,-0.24045733,1.6072652,0.5,-1.5801514,-0.15087543,42.439213,0.7681589700327112
GW240716_034900,GW240915_105151,61.29364063281704,-0.24045733,2.4468157,0.1,-3.7514274,-0.06811915,81.70071,0.7439854284741289
GW240716_034900,GW240916_184352,62.62143292990272,-0.24045733,4.8184967,-0.5,-11.92501,-0.27288872,128.9955,0.6529862030358335
GW240716_034900,GW240919_061559,65.10206812934743,-0.39246207,2.3492877,0.1,-2.9612532,-0.2495087,59.39672,0.5449099251404182
GW240716_034900,GW240920_073424,66.15652732393532,-0.39246207,3.5271204,-0.5,-6.4833183,-0.020457912,91.953674,0.5056975957876555
GW240716_034900,GW240920_124024,66.36903203826812,-0.39246207,2.029575,0.5,-2.2796826,-1.0451581,51.788204,0.5524980777902918
GW240716_034900,GW240921_201835,67.68721387387701,-0.39246207,1.9004109,0.5,-2.3300054,-0.1262882,56.45652,0.5519378175503181
GW240716_034900,GW240922_142106,68.43895696655191,-0.39246207,4.5508833,-0.5,-10.593018,-0.02623388,117.15328,0.45994293962410104
GW240716_034900,GW240923_204006,69.70214815076578,-0.39246207,6.252252,-0.5,-19.848755,-0.10810764,166.32509,0.35689572078159437
GW240716_034900,GW240924_000316,69.84324116230287,-0.39246207,1.7868468,0.5,-1.9394567,-0.21719414,48.48546,0.5562859269074294
GW240716_034900,GW240925_005809,70.88135961993149,-0.39246207,5.2238374,-0.5,-13.853758,-0.86810595,132.59245,0.4236400275841099
GW240716_034900,GW240930_035959,76.00763258005733,-0.38587266,4.254361,-0.5,-9.300566,-0.17098868,110.23543,0.4833435326592346
GW240716_034900,GW240930_234614,76.83141675690258,-0.38587266,1.3698236,0.5,-1.204221,-0.13339764,35.765244,0.5734828459985414
GW240716_034900,GW241002_030559,77.97012917293442,-0.38587266,1.9994391,0.5,-2.3975496,-0.112467974,55.784203,0.5601971193940081
GW240716_034900,GW241006_015333,81.91982631241834,-0.38587266,4.9507103,-0.5,-12.491638,-0.24664962,127.39022,0.44781625571583394
GW240716_034900,GW241007_082943,83.19493841199687,-0.38587266,2.9472954,0.1,-4.614973,-0.30171257,77.17112,0.5355098026664599
GW240716_034900,GW241009_022835,84.94415708352294,-0.38587266,2.3448286,0.1,-3.2771406,-0.4257489,69.79173,0.5504043387580633
GW240716_034900,GW241009_084816,85.2078274362286,-0.38587266,3.842733,-0.5,-7.6487255,-0.05894039,100.302025,0.5017340221475751
GW240716_034900,GW241009_220455,85.76105333364949,-0.38587266,3.916698,-0.5,-7.9744687,-0.25229627,104.23424,0.49810741418038007
GW240716_034900,GW241011_233834,87.82609314244102,-0.7066782,6.17605,-0.5,-19.282482,-0.98826516,156.85309,-0.06650333223658039
GW240716_034900,GW241101_220523,108.76137219783057,-0.8908795,0.6835577,1.0,-1.1651322,-0.19232202,24.89327,-0.11669970855366663
GW240716_034900,GW241102_124058,109.36942453190684,-0.8908795,4.049331,-0.5,-8.405222,-0.48952863,102.63511,-0.197306049338264
GW240716_034900,GW241102_144729,109.45728273753215,-0.8908795,2.9300854,0.1,-4.6091795,-0.075027116,78.45769,-0.15504343930380793
GW240716_034900,GW241109_033317,115.9890913333937,-0.8908795,2.0085964,0.5,-2.9360588,-0.1626653,72.68529,-0.13641602659017454
GW240716_034900,GW241109_115924,116.34056013790546,-0.8908795,2.1878827,0.1,-3.3469,-0.084623635,80.55699,-0.14099005936476955
GW240716_034900,GW241110_124123,117.36971249779342,-1.2459191,3.8935454,-0.5,-7.8168945,-0.23743212,100.19634,-0.6762873289697391
GW240716_034900,GW241111_111552,118.3103248009886,-1.2459191,2.4729352,0.1,-3.3102446,-0.19286917,64.13334,-0.6261132876673916
GW240716_034900,GW241113_163507,120.53202536111904,-1.2459191,4.4870043,-0.5,-11.098178,-0.027779467,171.78789,-0.7128189541950729
GW240716_034900,GW241114_024711,120.95707490552907,-1.2459191,4.962956,-0.5,-12.646823,-0.18160763,133.88326,-0.7300605371164222
GW240716_034900,GW241114_235258,121.83608378924981,-1.2459191,0.71846116,1.0,-1.2062145,-0.033849128,26.382616,-0.60268841787342
GW240716_034900,GW241116_151753,123.47839298553212,-1.2459191,2.6472752,0.1,-4.068077,-0.3544115,80.2255,-0.634550490636921
GW240716_034900,GW241124_024914,130.95849349856653,-1.2459191,3.6068957,-0.5,-7.0427175,-0.41890123,107.885506,-0.6676681566892682
GW240716_034900,GW241125_010116,131.88352167872642,-1.2459191,3.316281,-0.5,-5.934261,-0.2519391,94.23888,-0.6553273385268347
GW240716_034900,GW241127_061008,134.0980060743099,-1.2459191,3.2978024,-0.5,-5.6491323,-0.84108,83.78345,-0.6521529065394354
GW240716_034900,GW241129_021832,135.93717720804668,-1.0487857,3.028799,0.1,-4.8374095,-0.22475801,78.47291,-0.3735276218114878
GW240716_034900,GW241130_034908,137.00009373886994,-1.0487857,4.395959,-0.5,-9.920058,-0.038663503,114.3072,-0.43011445019955513
GW240716_034900,GW241130_110422,137.30233338845548,-1.0487857,3.987753,-0.5,-8.274701,-0.2243001,107.160034,-0.4117961389867802
GW240716_034900,GW241201_055758,138.08956155947513,-1.0487857,3.0511668,-0.5,-5.169125,-0.3888333,90.194664,-0.37722072234277965
GW240716_034900,GW241210_060606,147.09521226291028,-1.0487857,3.5349069,-0.5,-6.566505,-0.036161367,94.75894,-0.3927782198239563
GW240716_034900,GW241210_120900,147.34722374690628,-1.0487857,2.4617338,0.1,-3.5390575,-0.419954,72.57711,-0.3590726347484863
GW240716_034900,GW241225_042553,162.02561038521154,-1.0688436,2.0127347,0.5,-2.5739336,-0.24684188,60.520027,-0.3757576178801876
GW240716_034900,GW241225_082815,162.1939254450467,-1.0688436,4.0037093,-0.5,-8.331223,-0.3086994,107.20026,-0.4398554409998384
GW240716_034900,GW241229_155844,166.50676203290897,-1.0688436,5.6551323,-0.5,-16.634157,-0.48301333,178.35939,-0.5322947892007187
GW240716_034900,GW241230_084504,167.20560227766634,-1.0688436,1.9228438,0.5,-2.8612998,-0.14918426,72.92354,-0.37895696135317763
GW240716_034900,GW241230_233618,167.8245087761349,-1.0688436,1.9722615,0.5,-2.2855875,-0.21006103,53.45334,-0.3725473648487769
GW240716_034900,GW241231_054133,168.07816113964,-1.0688436,3.1675196,-0.5,-5.2310567,-0.29158187,80.59772,-0.4053402578594101
GW240716_034900,GW250101_011205,168.89102470043082,-1.0688436,1.6112043,0.5,-1.6210613,-0.2874941,43.285,-0.3651489721555785
GW240716_034900,GW250104_015122,171.9183081458978,-1.0688436,2.2468245,0.1,-2.8893247,-0.13075006,61.646313,-0.3792689720696149
GW240716_034900,GW250108_152221,176.48149537850034,-1.0688436,2.6480596,0.1,-3.8162174,-0.13993727,70.68046,-0.3895883791219937
GW240716_034900,GW250109_010541,176.88658533053265,-1.0688436,2.1601841,0.1,-2.6067557,-0.07287757,56.614254,-0.3761230376537982
GW240716_034900,GW250109_074552,177.16448924880612,-1.0688436,2.6895337,0.1,-4.5653043,-0.18205188,98.78151,-0.39792821361902014
GW240716_034900,GW250114_082203,182.18961474777373,-1.0688436,3.9203246,-0.5,-7.8891525,-1.7842023,99.265976,-0.43493372776524
GW240716_034900,GW250116_015318,183.91965124788385,-1.0688436,3.325972,-0.5,-6.031456,-0.49485207,97.636925,-0.4142513709849757
GW240716_034900,GW250118_023225,185.94682216039686,-1.2622733,2.339776,0.1,-3.1769066,-0.36217728,66.630264,-0.6469938403862008
GW240716_034900,GW250118_055802,186.08960606057335,-1.2622733,1.5438149,0.5,-1.5147339,-0.23362333,41.474167,-0.6284883161075789
GW240716_034900,GW250118_170523,186.55304059606183,-1.2622733,2.8294127,0.1,-4.3387976,-0.035439227,76.50546,-0.6599295612817826
GW240716_034900,GW250119_025138,186.96016514358422,-1.2622733,3.6874278,-0.5,-7.072964,-0.09217069,96.68117,-0.6903699526834597
GW240716_034900,GW250119_190238,187.63446537725628,-1.2622733,3.0672798,-0.5,-4.9042897,-0.444316,77.49187,-0.6662253745425677
GW240824_205609,GW240825_055146,0.3719637743162888,2.0498016,13.149142,-0.5,-84.87329,-0.17599733,136.63405,2.972852334260428
GW240824_205609,GW240830_211120,6.010544912246642,0.49711657,10.433475,-0.5,-52.80696,-0.2517291,106.000175,1.2064965545696218
GW240824_205609,GW240902_143306,8.733998745635704,0.5435311,12.197609,-0.5,-72.928986,-0.21161762,134.23726,1.0459451474361103
GW240824_205609,GW240907_153833,13.779449870724369,0.035988156,2.1852276,0.1,-1.6410637,-0.11656668,34.38895,1.145531438192684
GW240824_205609,GW240908_082628,14.479387880927987,0.035988156,1.7500718,0.5,0.1126651,-0.25441733,17.582865,1.1650562873406236
GW240824_205609,GW240908_125134,14.663483682972965,0.035988156,4.9309573,-0.5,-11.290554,-0.021898966,73.076996,1.0381004349407124
GW240824_205609,GW240910_103535,16.569053306618223,0.52348214,7.802539,-0.5,-28.57889,-0.72869813,70.33564,1.5122917921532724
GW240824_205609,GW240915_001357,21.137366072469288,0.09474692,6.170702,-0.5,-17.490183,-0.55381304,65.0269,1.0494329295360787
GW240824_205609,GW240915_105151,21.58034452174825,0.3320092,3.4886801,-0.5,-6.0974402,-0.47105676,80.22296,1.5007381179288681
GW240824_205609,GW240916_184352,22.908136818833924,0.3320092,10.481986,-0.5,-53.54902,-0.13004889,119.7551,0.9724438237831262
GW240824_205609,GW240919_061559,25.38877201827864,0.5727229,16.011175,-0.5,-125.89188,-0.65244627,116.639244,0.4962125558853394
GW240824_205609,GW240920_073424,26.44323121286653,0.5727229,12.700424,-0.5,-78.92994,-0.4233955,122.817406,1.0190555056062942
GW240824_205609,GW240920_124024,26.655735927199323,0.5727229,16.619587,-0.5,-136.02042,-1.4480958,133.94167,0.38344813230648733
GW240824_205609,GW240921_201835,27.973917762808227,0.5727229,6.295302,-0.5,-19.248491,-0.2766494,108.37864,1.6835090254793588
GW240824_205609,GW240922_142106,28.725660855483127,0.5727229,4.9663224,-0.5,-10.411508,-0.3767037,43.4509,1.7818941201810157
GW240824_205609,GW240923_204006,29.988852039696994,0.2735977,9.981304,-0.5,-48.354847,-0.29482996,110.036934,0.9503921237334985
GW240824_205609,GW240924_000316,30.129945051234078,0.2735977,2.75834,0.1,-2.5571792,-0.18574347,33.79785,1.4602728749809526
GW240824_205609,GW240925_005809,31.168063508862698,0.2735977,11.065237,-0.5,-59.023354,-1.2710435,84.34426,0.8316160716003415
GW240824_205609,GW240930_035959,36.29433646898855,0.104784556,11.151062,-0.5,-60.359917,-0.57392627,102.949265,0.5858767311986129
GW240824_205609,GW240930_234614,37.11812064583379,0.104784556,9.763136,-0.5,-45.960445,-0.26953995,95.43229,0.7461908606586174
GW240824_205609,GW241002_030559,38.256833061865635,0.104784556,1.9493761,0.5,-0.9002637,-0.29046962,27.029066,1.2478609329106178
GW240824_205609,GW241006_015333,42.206530201349544,0.09330103,14.768088,-0.5,-107.119934,-0.6495872,128.71709,0.04957762054024151
GW240824_205609,GW241007_082943,43.48164230092808,0.09330103,6.441874,-0.5,-19.089775,-0.10122502,64.235756,1.0296468208909657
GW240824_205609,GW241009_022835,45.23086097245415,0.09330103,5.536646,-0.5,-14.771589,-0.022811325,95.857285,1.0777226276185843
GW240824_205609,GW241009_084816,45.4945313251598,0.09330103,4.3343883,-0.5,-7.6903076,-0.3439972,42.27907,1.1565609045799108
GW240824_205609,GW241009_220455,46.04775722258069,0.09330103,11.557675,-0.5,-65.33608,-0.15064132,127.70389,0.5147712145884067
GW240824_205609,GW241011_233834,48.11279703137223,-0.20667636,9.778755,-0.5,-45.628498,-1.3912028,75.01856,0.32395085799059353
GW240824_205609,GW241101_220523,69.04807608676178,-0.39246207,3.3006845,-0.5,-5.7954135,-0.21061559,89.791954,0.5133562703713783
GW240824_205609,GW241102_124058,69.65612842083806,-0.39246207,13.295125,-0.5,-86.151855,-0.89246625,99.735886,-0.3812788720253599
GW240824_205609,GW241102_144729,69.74398662646335,-0.39246207,0.6421446,1.0,1.17849,-0.32791048,7.344959,0.5909990707541048
GW240824_205609,GW241109_033317,76.2757952223249,-0.38587266,3.572419,-0.5,-6.706408,-0.2402723,96.08096,0.5122251578597066
GW240824_205609,GW241109_115924,76.62726402683667,-0.38587266,0.46810636,1.0,-0.49676502,-0.31831396,12.985459,0.5813591901623005
GW240824_205609,GW241110_124123,77.65641638672462,-0.38587266,9.00363,-0.5,-38.605923,-0.16550548,78.534584,0.15707719271227452
GW240824_205609,GW241111_111552,78.5970286899198,-0.38587266,13.7839155,-0.5,-93.198845,-0.5958068,128.1411,-0.4507240679661365
GW240824_205609,GW241113_163507,80.81872925005025,-0.38587266,3.1396654,-0.5,-5.4496818,-0.37515813,93.11832,0.5262167116589069
GW240824_205609,GW241114_024711,81.24377879446027,-0.38587266,5.504574,-0.5,-13.844444,-0.22132996,65.49713,0.43275501307750264
GW240824_205609,GW241114_235258,82.12278767818103,-0.38587266,3.3842974,-0.5,-6.10447,-0.36908847,93.4384,0.5189267376795024
GW240824_205609,GW241116_151753,83.76509687446334,-0.38587266,0.76899374,1.0,0.15705824,-0.048526082,14.016692,0.5886384231372893
GW240824_205609,GW241124_024914,91.24519738749774,-0.7066782,4.8852487,-0.5,-11.405999,-0.01596365,85.806465,0.021188186757200467
GW240824_205609,GW241125_010116,92.17022556765764,-0.7066782,3.822414,-0.5,-6.446701,-0.15099852,56.872334,0.07640171143721408
GW240824_205609,GW241127_061008,94.38470996324111,-0.7066782,6.4534125,-0.5,-18.647348,-1.2440176,49.696655,-0.05943217586252031
GW240824_205609,GW241129_021832,96.22388109697788,-0.7066782,4.7248735,-0.5,-9.347678,-0.6276956,43.59146,0.0441041628123609
GW240824_205609,GW241130_034908,97.28679762780115,-0.7066782,15.806163,-0.5,-123.15852,-0.4416011,149.9431,-1.2229900409173728
GW240824_205609,GW241130_110422,97.5890372773867,-0.7066782,2.528439,0.1,-1.8503283,-0.1786375,29.4827,0.12757466615023755
GW240824_205609,GW241201_055758,98.37626544840634,-0.7066782,2.1088228,0.5,-1.6268454,-0.014104273,35.76814,0.13006277675563516
GW240824_205609,GW241210_060606,107.38191615184148,-0.8908795,11.654895,-0.5,-66.54585,-0.36677623,134.12833,-0.8446051353464434
GW240824_205609,GW241210_120900,107.63392763583748,-0.8908795,2.4541228,0.1,-2.398374,-0.017016409,41.287716,-0.1304298032387028
GW240824_205609,GW241225_042553,122.31231427414274,-1.2459191,7.577884,-0.5,-28.215528,-0.6497795,135.12541,-0.903392142800319
GW240824_205609,GW241225_082815,122.4806293339779,-1.2459191,4.154297,-0.5,-7.243872,-0.711637,47.50438,-0.6699076793359229
GW240824_205609,GW241229_155844,126.79346592184018,-1.2459191,4.782868,-0.5,-11.19202,-0.080075726,96.67772,-0.7138637342030068
GW240824_205609,GW241230_084504,127.49230616659754,-1.2459191,5.0744376,-0.5,-13.364133,-0.25375333,148.13007,-0.7380465887021532
GW240824_205609,GW241230_233618,128.11121266506612,-1.2459191,8.030111,-0.5,-30.982645,-0.19287656,97.820755,-0.9341993767306708
GW240824_205609,GW241231_054133,128.3648650285712,-1.2459191,18.075363,-0.5,-161.21652,-0.69451946,141.51634,-2.3841366859805575
GW240824_205609,GW250101_011205,129.177728589362,-1.2459191,9.454114,-0.5,-43.341076,-0.115443505,110.08023,-1.0717899205964223
GW240824_205609,GW250104_015122,132.20501203482902,-1.2459191,9.95651,-0.5,-48.423298,-0.27218753,128.52757,-1.12837199761963
GW240824_205609,GW250108_152221,136.76819926743156,-1.0487857,1.0327923,1.0,0.8867628,-0.26300034,11.605836,-0.30979849730535974
GW240824_205609,GW250109_010541,137.17328921946387,-1.0487857,11.232389,-0.5,-61.436943,-0.33006003,112.721344,-1.0036691576964887
GW240824_205609,GW250109_074552,137.45119313773733,-1.0487857,1.2079159,0.5,-1.1079503,-0.22088572,33.36124,-0.33200630565414097
GW240824_205609,GW250114_082203,142.47631863670492,-1.0487857,21.535471,-0.5,-229.63687,-2.18714,159.69945,-2.8762952109840576
GW240824_205609,GW250116_015318,144.20635513681503,-1.0487857,3.9234128,-0.5,-7.057013,-0.091914475,65.135185,-0.3982392103157266
GW240824_205609,GW250118_023225,146.23352604932808,-1.0487857,9.145423,-0.5,-40.975998,-0.04076031,137.11935,-0.7758706127436805
GW240824_205609,GW250118_055802,146.37630994950456,-1.0487857,10.210401,-0.5,-50.77697,-0.16931427,118.87979,-0.8849881116253736
GW240824_205609,GW250118_170523,146.83974448499305,-1.0487857,6.379692,-0.5,-19.0682,-0.4383768,76.814285,-0.5319637623659597
GW240824_205609,GW250119_025138,147.2468690325154,-1.0487857,4.409851,-0.5,-8.082794,-0.49510828,44.38183,-0.4096595749659213
GW240824_205609,GW250119_190238,147.9211692661875,-1.0487857,12.895609,-0.5,-80.84329,-0.84725356,93.09656,-1.2197265332760838
GW240825_055146,GW240830_211120,5.638581137930354,0.49711657,3.122333,-0.5,-3.3027616,-0.07573176,32.524994,1.75764336352412
GW240825_055146,GW240902_143306,8.362034971319416,0.72702783,6.6561565,-0.5,-20.73315,-0.03562028,74.83613,1.8779981773412564
GW240825_055146,GW240907_153833,13.40748609640808,0.5157103,6.435586,-0.5,-19.982986,-0.059430655,102.35356,1.5973645337707074
GW240825_055146,GW240908_082628,14.107424106611697,0.035988156,14.722721,-0.5,-106.78632,-0.078420006,151.74733,-0.025085903903612983
GW240825_055146,GW240908_125134,14.291519908656676,0.035988156,4.591489,-0.5,-9.698086,-0.1978963,68.861206,1.055829916673299
GW240825_055146,GW240910_103535,16.197089532301934,0.52348214,9.128266,-0.5,-39.864815,-0.5527008,84.92428,1.3866418157212108
GW240825_055146,GW240915_001357,20.765402298153,0.09474692,14.521366,-0.5,-103.933,-0.3778157,156.63109,0.08703615206932558
GW240825_055146,GW240915_105151,21.20838074743196,0.09474692,3.5550516,-0.5,-6.3411527,-0.2950594,82.15736,1.1735588114584414
GW240825_055146,GW240916_184352,22.536173044517636,0.3320092,5.287664,-0.5,-12.632455,-0.045948453,61.623577,1.4279816145317796
GW240825_055146,GW240919_061559,25.01680824396235,0.3320092,10.148497,-0.5,-49.304092,-0.47644895,77.53003,1.019704009626308
GW240825_055146,GW240920_073424,26.071267438550237,0.5727229,4.9290395,-0.5,-10.482328,-0.24739817,48.996006,1.781105648436123
GW240825_055146,GW240920_124024,26.283772152883035,0.5727229,10.298863,-0.5,-51.026707,-1.2720984,86.31735,1.3297115256359289
GW240825_055146,GW240921_201835,27.601953988491935,0.5727229,6.4645715,-0.5,-20.346123,-0.10065206,112.28223,1.6712887274119452
GW240825_055146,GW240922_142106,28.353697081166835,0.5727229,10.315538,-0.5,-51.351364,-0.20070638,93.3203,1.3260970057779913
GW240825_055146,GW240923_204006,29.616888265380705,0.2735977,3.5131018,-0.5,-4.755204,-0.11883262,39.563965,1.435801527694227
GW240825_055146,GW240924_000316,29.75798127691779,0.2735977,12.634927,-0.5,-78.6083,-0.009746125,157.52101,0.6135703214956316
GW240825_055146,GW240925_005809,30.79609973454641,0.2735977,6.8007402,-0.5,-21.015848,-1.0950462,54.14833,1.2547663403926996
GW240825_055146,GW240930_035959,35.922372694672255,0.104784556,5.0670094,-0.5,-11.084373,-0.39792892,48.21063,1.1344778331843581
GW240825_055146,GW240930_234614,36.7461568715175,0.104784556,12.730317,-0.5,-79.38544,-0.09354262,127.836395,0.37405925065065604
GW240825_055146,GW241002_030559,37.88486928754934,0.104784556,11.430895,-0.5,-64.36007,-0.11447229,160.66226,0.5413416946522509
GW240825_055146,GW241006_015333,41.83456642703326,0.09330103,1.6878256,0.5,0.4365403,-0.4735899,15.214828,1.2470398203953612
GW240825_055146,GW241007_082943,43.109678526611795,0.09330103,13.259735,-0.5,-86.30306,-0.07477231,135.69464,0.28133881440353914
GW240825_055146,GW241009_022835,44.85889719813786,0.09330103,6.7116075,-0.5,-21.98471,-0.19880866,117.221245,0.9974165346044044
GW240825_055146,GW241009_084816,45.12256755084351,0.09330103,12.50261,-0.5,-76.50862,-0.16799988,125.30126,0.3903836041309114
GW240825_055146,GW241009_220455,45.6757934482644,0.09330103,3.2140665,-0.5,-3.75371,-0.025356011,36.274837,1.2003883620317135
GW240825_055146,GW241011_233834,47.74083325705595,-0.20667636,8.210557,-0.5,-31.60922,-1.2152054,65.759766,0.4800321637239798
GW240825_055146,GW241101_220523,68.67611231244548,-0.39246207,4.881963,-0.5,-12.272061,-0.03461825,133.28326,0.44124958380588253
GW240825_055146,GW241102_124058,69.28416464652176,-0.39246207,7.045312,-0.5,-22.679792,-0.7164689,55.281654,0.3253768332622366
GW240825_055146,GW241102_144729,69.37202285214707,-0.39246207,12.2493,-0.5,-73.67767,-0.15191315,142.91595,-0.24239963059878109
GW240825_055146,GW241109_033317,75.90383144800862,-0.38587266,2.8842413,0.1,-4.492036,-0.06427497,77.85561,0.5368785036557054
GW240825_055146,GW241109_115924,76.25530025252037,-0.38587266,5.153499,-0.5,-13.673337,-0.14231662,143.45102,0.43466000778531555
GW240825_055146,GW241110_124123,77.28445261240833,-0.38587266,12.234244,-0.5,-72.978874,-0.010491853,110.36375,-0.2256083718909286
GW240825_055146,GW241111_111552,78.22506491560351,-0.38587266,7.3510137,-0.5,-25.278833,-0.41980943,70.39995,0.30545213502335267
GW240825_055146,GW241113_163507,80.44676547573397,-0.38587266,1.808495,0.5,-2.1622596,-0.1991608,53.798717,0.5628166822151933
GW240825_055146,GW241114_024711,80.87181502014398,-0.38587266,5.87761,-0.5,-16.004137,-0.045332626,71.23122,0.4087104312589521
GW240825_055146,GW241114_235258,81.75082390386473,-0.38587266,4.680233,-0.5,-11.336946,-0.19309114,129.66629,0.46067183515452115
GW240825_055146,GW241116_151753,83.39313310014705,-0.38587266,7.0929813,-0.5,-24.718266,-0.12747125,130.31194,0.3116931244350817
GW240825_055146,GW241124_024914,90.87323361318144,-0.7066782,5.6790156,-0.5,-15.615794,-0.19196099,100.60064,-0.025680868854253247
GW240825_055146,GW241125_010116,91.79826179334135,-0.7066782,8.373738,-0.5,-34.22466,-0.024998814,126.070694,-0.23285958392659206
GW240825_055146,GW241127_061008,94.01274618892482,-0.7066782,17.160059,-0.5,-145.14339,-1.0680202,137.91866,-1.4677548763042008
GW240825_055146,GW241129_021832,95.85191732266159,-0.7066782,15.2569275,-0.5,-114.63272,-0.45169827,145.07068,-1.128069429119841
GW240825_055146,GW241130_034908,96.91483385348485,-0.7066782,1.979812,0.5,-0.25812158,-0.26560375,19.325726,0.14530123634465086
GW240825_055146,GW241130_110422,97.21707350307041,-0.7066782,9.949227,-0.5,-48.18558,-0.0026401684,118.249146,-0.3882912002392867
GW240825_055146,GW241201_055758,98.00430167409004,-0.7066782,7.9332166,-0.5,-30.889477,-0.16189307,135.7891,-0.19572788520903364
GW240825_055146,GW241210_060606,107.0099523775252,-0.8908795,3.5750017,-0.5,-5.057075,-0.1907789,41.956444,-0.16003000999593697
GW240825_055146,GW241210_120900,107.2619638615212,-0.8908795,6.8790193,-0.5,-23.065996,-0.19301374,116.80859,-0.36052935190681273
GW240825_055146,GW241225_042553,121.94035049982645,-1.2459191,4.064806,-0.5,-7.781196,-0.47378212,73.08264,-0.675889886589611
GW240825_055146,GW241225_082815,122.1086655596616,-1.2459191,7.937814,-0.5,-30.158916,-0.53563964,92.588,-0.9250285311740923
GW240825_055146,GW241229_155844,126.4215021475239,-1.2459191,2.3580701,0.1,-2.5472286,-0.25607306,47.972244,-0.6176183755227714
GW240825_055146,GW241230_084504,127.12034239228124,-1.2459191,2.5605507,0.1,-3.773576,-0.07775601,74.97793,-0.6312717117757809
GW240825_055146,GW241230_233618,127.73924889074983,-1.2459191,7.2938943,-0.5,-25.376799,-0.016879233,90.42325,-0.8717876139201621
GW240825_055146,GW241231_054133,127.99290125425492,-1.2459191,6.5331726,-0.5,-19.28116,-0.51852214,53.31269,-0.803922834416787
GW240825_055146,GW250101_011205,128.80576481504573,-1.2459191,7.772584,-0.5,-28.895775,-0.06055383,92.251045,-0.9109655529471589
GW240825_055146,GW250104_015122,131.83304826051273,-1.2459191,5.529796,-0.5,-14.177851,-0.0961902,72.50852,-0.7471059815728516
GW240825_055146,GW250108_152221,136.39623549311526,-1.0487857,12.818916,-0.5,-80.78328,-0.08700299,147.03882,-1.2190583905098593
GW240825_055146,GW250109_010541,136.80132544514757,-1.0487857,7.8799562,-0.5,-29.45174,-0.15406269,81.13009,-0.6475671981170603
GW240825_055146,GW250109_074552,137.07922936342104,-1.0487857,3.8421643,-0.5,-7.766449,-0.04488839,106.48372,-0.4061375978926011
GW240825_055146,GW250114_082203,142.10435486238865,-1.0487857,6.983235,-0.5,-22.223299,-2.0111425,54.220406,-0.5670905443763894
GW240825_055146,GW250116_015318,143.83439136249876,-1.0487857,7.1334887,-0.5,-24.822784,-0.26791182,119.559685,-0.596031484660187
GW240825_055146,GW250118_023225,145.86156227501178,-1.0487857,4.4153996,-0.5,-8.927772,-0.13523702,66.976,-0.41906699071342024
GW240825_055146,GW250118_055802,146.00434617518826,-1.0487857,8.761725,-0.5,-37.07306,-0.006683068,103.98559,-0.7324178893332496
GW240825_055146,GW250118_170523,146.46778071067675,-1.0487857,7.171571,-0.5,-24.469543,-0.2623795,87.91122,-0.592098734841194
GW240825_055146,GW250119_025138,146.87490525819914,-1.0487857,12.413669,-0.5,-75.45993,-0.31911096,128.15733,-1.1597917657970345
GW240825_055146,GW250119_190238,147.5492054918712,-1.0487857,10.079049,-0.5,-48.58528,-0.67125624,76.36907,-0.8605873101620413
GW240830_211120,GW240902_143306,2.7234538333890614,1.130381,9.624223,-0.5,-44.85542,-0.040111486,106.15099,2.161039006243371
GW240830_211120,GW240907_153833,7.7689049584777266,0.72702783,4.6553392,-0.5,-10.091709,-0.13516241,73.34045,1.9964729026929258
GW240830_211120,GW240908_082628,8.468842968681344,0.72702783,11.852418,-0.5,-68.601166,-0.0026882445,119.39663,1.345067554453383
GW240830_211120,GW240908_125134,8.652938770726323,0.5435311,2.4682922,0.1,-2.1820579,-0.27362806,36.624855,1.8335943540941397
GW240830_211120,GW240910_103535,10.55850839437158,0.669271,6.354367,-0.5,-18.334652,-0.47696903,57.469975,1.8257165957206267
GW240830_211120,GW240915_001357,15.126821160222645,0.035988156,14.74237,-0.5,-107.124954,-0.30208394,155.73009,-0.028855992471993108
GW240830_211120,GW240915_105151,15.569799609501604,0.035988156,3.6407194,-0.5,-6.6404285,-0.21932766,83.7616,1.0898718373297724
GW240830_211120,GW240916_184352,16.897591906587284,0.52348214,5.361262,-0.5,-12.988671,-0.121680215,61.377373,1.685862909096394
GW240830_211120,GW240919_061559,19.378227106031996,0.09474692,14.016874,-0.5,-95.959465,-0.4007172,102.625984,0.17580816859369464
GW240830_211120,GW240920_073424,20.432686300619885,0.09474692,7.211192,-0.5,-24.285917,-0.17166641,69.93446,0.9737737456776228
GW240830_211120,GW240920_124024,20.645191014952683,0.09474692,14.670247,-0.5,-105.53137,-1.1963667,118.7188,0.0692409263116871
GW240830_211120,GW240921_201835,21.963372850561584,0.3320092,7.6561995,-0.5,-28.743582,-0.024920296,131.92683,1.2486110506552568
GW240830_211120,GW240922_142106,22.715115943236484,0.3320092,7.3839912,-0.5,-25.347977,-0.12497462,64.8294,1.2864154576963351
GW240830_211120,GW240923_204006,23.97830712745035,0.3320092,2.000133,0.5,-0.5462993,-0.043100856,22.098698,1.5625408267694083
GW240830_211120,GW240924_000316,24.119400138987434,0.3320092,11.16261,-0.5,-61.05846,-0.065985635,137.01932,0.8888387015376867
GW240830_211120,GW240925_005809,25.157518596616057,0.5727229,4.694369,-0.5,-8.831363,-1.0193144,35.947468,1.799486401608092
GW240830_211120,GW240930_035959,30.283791556741903,0.2735977,5.6758623,-0.5,-14.300808,-0.32219717,52.565605,1.329527128751198
GW240830_211120,GW240930_234614,31.107575733587147,0.2735977,15.60035,-0.5,-119.992096,-0.017810855,152.91725,0.15283067279322715
GW240830_211120,GW241002_030559,32.24628814961899,0.2735977,9.570332,-0.5,-44.79864,-0.038740527,132.88246,0.9899845516574549
GW240830_211120,GW241006_015333,36.1959852891029,0.104784556,4.03746,-0.5,-6.229299,-0.39785814,35.31414,1.1885310002426293
GW240830_211120,GW241007_082943,37.471097388681436,0.104784556,12.097707,-0.5,-71.523544,-0.15050408,120.95849,0.46158833136290134
GW240830_211120,GW241009_022835,39.22031606020751,0.104784556,7.159341,-0.5,-25.074236,-0.27454042,124.06231,0.9787240159375189
GW240830_211120,GW241009_084816,39.48398641291316,0.104784556,9.858164,-0.5,-46.89417,-0.09226811,96.4306,0.7357954052245471
GW240830_211120,GW241009_220455,40.03721231033405,0.09330103,5.2222147,-0.5,-12.1863,-0.10108778,57.828335,1.1065055146793648
GW240830_211120,GW241011_233834,42.102252119125595,0.09330103,4.322915,-0.5,-7.1693435,-1.1394737,33.31446,1.1623609726414554
GW240830_211120,GW241101_220523,63.03753117451513,-0.24045733,5.977922,-0.5,-18.216656,-0.04111351,162.6826,0.582939203938647
GW240830_211120,GW241102_124058,63.64558350859141,-0.39246207,8.016232,-0.5,-29.911156,-0.6407371,60.421307,0.2448676472714431
GW240830_211120,GW241102_144729,63.73344171421672,-0.39246207,9.716944,-0.5,-45.82893,-0.07618138,111.37175,0.06764974365963884
GW240830_211120,GW241109_033317,70.26525031007826,-0.39246207,3.3495805,-0.5,-5.9359064,-0.011456794,90.12109,0.5117921157508073
GW240830_211120,GW241109_115924,70.61671911459003,-0.39246207,4.002131,-0.5,-8.396427,-0.06658486,111.05943,0.48439831542347456
GW240830_211120,GW241110_124123,71.64587147447799,-0.39246207,11.122196,-0.5,-59.931896,-0.08622362,97.35539,-0.0893632967595355
GW240830_211120,GW241111_111552,72.58648377767315,-0.39246207,10.592353,-0.5,-54.305847,-0.34407768,98.77623,-0.026726611237996745
GW240830_211120,GW241113_163507,74.80818433780361,-0.38587266,0.8882209,1.0,-0.91601056,-0.12342903,26.351488,0.5766915893434919
GW240830_211120,GW241114_024711,75.23323388221364,-0.38587266,3.6772556,-0.5,-5.4591646,-0.030399138,43.837307,0.5261111358008477
GW240830_211120,GW241114_235258,76.11224276593438,-0.38587266,5.765871,-0.5,-17.001074,-0.11735937,159.24823,0.3976112004766039
GW240830_211120,GW241116_151753,77.7545519622167,-0.38587266,5.686478,-0.5,-15.716897,-0.20320302,103.73291,0.4119083705576345
GW240830_211120,GW241124_024914,85.2346524752511,-0.38587266,5.0691357,-0.5,-12.322978,-0.26769274,89.11373,0.44969400572592666
GW240830_211120,GW241125_010116,86.159680655411,-0.7066782,6.9702787,-0.5,-23.436092,-0.100730576,103.833916,-0.11274686402828207
GW240830_211120,GW241127_061008,88.37416505099446,-0.7066782,14.736083,-0.5,-106.40916,-0.9922885,113.99238,-1.0365137392246722
GW240830_211120,GW241129_021832,90.21333618473123,-0.7066782,12.832644,-0.5,-80.530136,-0.37596652,118.76598,-0.7483939470589827
GW240830_211120,GW241130_034908,91.2762527155545,-0.7066782,5.4099483,-0.5,-12.880851,-0.189872,51.473557,0.004768170562347074
GW240830_211120,GW241130_110422,91.57849236514005,-0.7066782,7.348064,-0.5,-25.654785,-0.0730916,85.85054,-0.13744831274829536
GW240830_211120,GW241201_055758,92.3657205361597,-0.7066782,6.2432013,-0.5,-18.893923,-0.23762482,105.99081,-0.06217737114113875
GW240830_211120,GW241210_060606,101.37137123959484,-0.8908795,5.8775005,-0.5,-15.904116,-0.115047134,67.77708,-0.2807937412030392
GW240830_211120,GW241210_120900,101.62338272359084,-0.8908795,6.093091,-0.5,-17.951788,-0.2687455,102.606186,-0.3035911614145742
GW240830_211120,GW241225_042553,116.30176936189609,-0.8908795,5.844192,-0.5,-16.582336,-0.39805037,104.29889,-0.28834459962035547
GW240830_211120,GW241225_082815,116.47008442173126,-0.8908795,6.0907893,-0.5,-17.167734,-0.4599079,69.79094,-0.2948620282175254
GW240830_211120,GW241229_155844,120.78292100959354,-1.2459191,0.9771342,1.0,-0.2328166,-0.33180484,19.764109,-0.5918512530660132
GW240830_211120,GW241230_084504,121.4817612543509,-1.2459191,3.5504262,-0.5,-6.792566,-0.002024249,103.67462,-0.6648831348864297
GW240830_211120,GW241230_233618,122.10066775281948,-1.2459191,8.910339,-0.5,-38.441986,-0.05885253,108.73954,-1.0172467152855298
GW240830_211120,GW241231_054133,122.35432011632456,-1.2459191,10.578029,-0.5,-53.813217,-0.4427904,83.17964,-1.1883797715451032
GW240830_211120,GW250101_011205,123.16718367711537,-1.2459191,10.188107,-0.5,-50.55365,-0.13628559,118.861115,-1.1520899191224916
GW240830_211120,GW250104_015122,126.19446712258237,-1.2459191,7.8522882,-0.5,-29.689686,-0.020458436,101.527466,-0.9198044294004958
GW240830_211120,GW250108_152221,130.7576543551849,-1.2459191,10.426252,-0.5,-52.93752,-0.011271232,117.411995,-1.178630331850738
GW240830_211120,GW250109_010541,131.16274430721722,-1.2459191,10.463651,-0.5,-53.102962,-0.07833093,105.28615,-1.1804722687800009
GW240830_211120,GW250109_074552,131.4406482254907,-1.2459191,2.947958,0.1,-4.724351,-0.030843375,81.44783,-0.6418570067983397
GW240830_211120,GW250114_082203,136.46577372445827,-1.0487857,10.566388,-0.5,-53.5826,-1.9354109,78.737976,-0.9162241257087768
GW240830_211120,GW250116_015318,138.1958102245684,-1.0487857,6.0491548,-0.5,-17.658512,-0.34364358,100.523766,-0.5162692450780495
GW240830_211120,GW250118_023225,140.22298113708143,-1.0487857,6.5038204,-0.5,-20.308846,-0.21096879,97.62955,-0.5457762932313099
GW240830_211120,GW250118_055802,140.36576503725792,-1.0487857,11.571345,-0.5,-65.6028,-0.08241483,134.99168,-1.050049019152542
GW240830_211120,GW250118_170523,140.8291995727464,-1.0487857,7.413141,-0.5,-26.198988,-0.18664773,89.42251,-0.611353218886151
GW240830_211120,GW250119_025138,141.2363241202688,-1.0487857,9.954219,-0.5,-47.90792,-0.24337919,100.44674,-0.8530460287974699
GW240830_211120,GW250119_190238,141.91062435394085,-1.0487857,11.821691,-0.5,-67.58135,-0.5955245,85.78191,-1.0720769199907474
GW240902_143306,GW240907_153833,5.045451125088666,0.790937,8.456772,-0.5,-35.083744,-0.09505094,137.94829,1.8056266559015504
GW240902_143306,GW240908_082628,5.745389135292283,0.49711657,11.925419,-0.5,-69.6315,-0.04279973,130.29541,1.0191833331368232
GW240902_143306,GW240908_125134,5.929484937337262,0.49711657,9.232291,-0.5,-41.831573,-0.23351659,142.4489,1.3286892149607543
GW240902_143306,GW240910_103535,7.835054560982519,0.72702783,15.564967,-0.5,-119.47762,-0.51708055,155.41113,0.7786429414899187
GW240902_143306,GW240915_001357,12.403367326833584,0.5157103,8.330403,-0.5,-33.30278,-0.34219542,94.79213,1.4490708159091845
GW240902_143306,GW240915_105151,12.846345776112543,0.5157103,3.0727499,-0.5,-4.7671576,-0.25943914,71.879585,1.7667674455493017
GW240902_143306,GW240916_184352,14.174138073198222,0.035988156,8.523034,-0.5,-35.06616,-0.08156873,104.02309,0.7733986814866112
GW240902_143306,GW240919_061559,16.654773272642935,0.52348214,2.7967274,0.1,-1.9219989,-0.44082868,23.648903,1.8090718744862249
GW240902_143306,GW240920_073424,17.709232467230823,0.52348214,4.2587657,-0.5,-7.528008,-0.2117779,45.060234,1.7466583000519638
GW240902_143306,GW240920_124024,17.92173718156362,0.52348214,2.576549,0.1,-1.4841956,-1.2364781,23.52787,1.8139460846898023
GW240902_143306,GW240921_201835,19.23991901717252,0.09474692,4.0007834,-0.5,-7.496548,-0.06503178,70.98623,1.1606954068669015
GW240902_143306,GW240922_142106,19.99166210984742,0.09474692,13.861931,-0.5,-94.37166,-0.1650861,135.09535,0.1934857516191667
GW240902_143306,GW240923_204006,21.25485329406129,0.09474692,9.47231,-0.5,-43.54517,-0.08321234,112.065315,0.759354046117415
GW240902_143306,GW240924_000316,21.395946305598375,0.09474692,7.930774,-0.5,-30.317356,-0.025874155,102.96838,0.9066237200951844
GW240902_143306,GW240925_005809,22.434064763226996,0.3320092,11.891117,-0.5,-68.77851,-1.059426,104.02869,0.8028887940059988
GW240902_143306,GW240930_035959,27.56033772335284,0.5727229,7.1682186,-0.5,-24.07429,-0.36230865,72.98484,1.6297818020504566
GW240902_143306,GW240930_234614,28.384121900198085,0.5727229,6.322314,-0.5,-18.463264,-0.05792234,67.49768,1.692251218293787
GW240902_143306,GW241002_030559,29.52283431622993,0.2735977,7.730463,-0.5,-28.971819,-0.07885201,112.207695,1.1661898571314693
GW240902_143306,GW241006_015333,33.47253145571384,0.2735977,7.3528285,-0.5,-25.321009,-0.43796962,71.43988,1.2068355485058688
GW240902_143306,GW241007_082943,34.74764355529238,0.104784556,11.186674,-0.5,-61.08181,-0.11039259,121.44938,0.5778396515469257
GW240902_143306,GW241009_022835,36.49686222681844,0.104784556,5.173013,-0.5,-12.884079,-0.23442894,92.27439,1.1144411099110951
GW240902_143306,GW241009_084816,36.760532579524096,0.104784556,14.6094885,-0.5,-105.19252,-0.13237959,155.69931,0.08674036341030744
GW240902_143306,GW241009_220455,37.31375847694498,0.104784556,4.452312,-0.5,-8.598312,-0.06097629,52.77816,1.1621559827905852
GW240902_143306,GW241011_233834,39.37879828573653,0.104784556,15.770876,-0.5,-122.44921,-1.1795851,138.64616,-0.10538414847599498
GW240902_143306,GW241101_220523,60.31407734112607,-0.24045733,2.3720384,0.1,-3.18604,-0.0010020277,65.32773,0.7502800764560462
GW240902_143306,GW241102_124058,60.92212967520235,-0.24045733,8.077113,-0.5,-30.674898,-0.6808486,69.81386,0.4442374246623777
GW240902_143306,GW241102_144729,61.00998788082765,-0.24045733,10.940832,-0.5,-58.59805,-0.11629287,133.6686,0.1333596459590942
GW240902_143306,GW241109_033317,67.5417964766892,-0.39246207,1.9247094,0.5,-2.2027369,-0.02865469,52.420895,0.5533547409112981
GW240902_143306,GW241109_115924,67.89326528120097,-0.39246207,4.907448,-0.5,-12.452397,-0.106696345,137.75543,0.439241842823776
GW240902_143306,GW241110_124123,68.92241764108891,-0.39246207,13.143433,-0.5,-84.6651,-0.04611213,127.77969,-0.36472632725804244
GW240902_143306,GW241111_111552,69.8630299442841,-0.39246207,1.4340411,0.5,0.5777441,-0.38418916,14.6845255,0.5843107655575845
GW240902_143306,GW241113_163507,72.08473050441455,-0.39246207,4.2766905,-0.5,-9.686712,-0.16354051,128.1631,0.4700331397738947
GW240902_143306,GW241114_024711,72.50978004882457,-0.39246207,9.88466,-0.5,-47.669918,-0.009712347,125.03676,0.047153406795218955
GW240902_143306,GW241114_235258,73.38878893254532,-0.39246207,2.241802,0.1,-2.9144673,-0.15747085,62.638683,0.5454308074487203
GW240902_143306,GW241116_151753,75.03109812882764,-0.38587266,6.6487417,-0.5,-21.704147,-0.16309153,124.50529,0.34525031031769904
GW240902_143306,GW241124_024914,82.51119864186202,-0.38587266,6.979576,-0.5,-23.888447,-0.22758126,126.20137,0.3209317738262823
GW240902_143306,GW241125_010116,83.43622682202194,-0.38587266,9.073586,-0.5,-40.386246,-0.06061909,140.51099,0.13725626103545122
GW240902_143306,GW241127_061008,85.6507112176054,-0.38587266,15.377073,-0.5,-116.32194,-1.0324,135.57677,-0.7081611915926094
GW240902_143306,GW241129_021832,87.48988235134217,-0.7066782,13.120194,-0.5,-84.45124,-0.416078,133.51146,-0.7920489140400189
GW240902_143306,GW241130_034908,88.55279888216545,-0.7066782,5.332611,-0.5,-12.645849,-0.2299835,55.52694,0.007384521567062985
GW240902_143306,GW241130_110422,88.85503853175099,-0.7066782,13.1730795,-0.5,-85.545975,-0.03298011,163.68532,-0.8042369559142626
GW240902_143306,GW241201_055758,89.64226670277064,-0.7066782,8.435299,-0.5,-35.042515,-0.19751334,147.58524,-0.24196504645567216
GW240902_143306,GW241210_060606,98.64791740620578,-0.7066782,3.353541,-0.5,-4.380993,-0.15515862,41.191925,0.09939993122913998
GW240902_143306,GW241210_120900,98.89992889020178,-0.7066782,5.758333,-0.5,-16.029308,-0.22863403,99.98201,-0.030284660037474542
GW240902_143306,GW241225_042553,113.57831552850703,-0.8908795,0.10429221,1.0,0.43484494,-0.43816185,1.9128381,-0.09888662834809092
GW240902_143306,GW241225_082815,113.7466305883422,-0.8908795,9.753416,-0.5,-46.31122,-0.5000194,119.13251,-0.6193261834364169
GW240902_143306,GW241229_155844,118.05946717620448,-1.2459191,5.938872,-0.5,-17.433334,-0.29169333,122.72248,-0.7833503695388624
GW240902_143306,GW241230_084504,118.75830742096184,-1.2459191,1.4657233,0.5,-1.5847467,-0.042135734,43.246845,-0.606902743129811
GW240902_143306,GW241230_233618,119.37721391943042,-1.2459191,3.153537,-0.5,-3.830786,-0.018741045,40.731716,-0.6319086494887711
GW240902_143306,GW241231_054133,119.6308662829355,-1.2459191,2.6362858,0.1,-1.5950744,-0.48290187,23.53988,-0.6070177248322166
GW240902_143306,GW250101_011205,120.44372984372632,-1.2459191,1.9594063,0.5,-0.6980611,-0.096174106,24.316185,-0.5970309756982644
GW240902_143306,GW250104_015122,123.47101328919331,-1.2459191,0.85221726,1.0,0.67468935,-0.06056992,11.593694,-0.5817476857209611
GW240902_143306,GW250108_152221,128.03420052179584,-1.2459191,10.35844,-0.5,-52.364807,-0.051382717,124.60782,-1.1722541382376186
GW240902_143306,GW250109_010541,128.43929047382815,-1.2459191,2.409664,0.1,-1.4249818,-0.118442416,26.302042,-0.6051240272243157
GW240902_143306,GW250109_074552,128.71719439210165,-1.2459191,4.4757166,-0.5,-10.418317,-0.00926811,125.0988,-0.7052498335485755
GW240902_143306,GW250114_082203,133.74231989106923,-1.2459191,6.9382563,-0.5,-22.107388,-1.9755223,59.452858,-0.8353881668873139
GW240902_143306,GW250116_015318,135.47235639117935,-1.2459191,7.9959254,-0.5,-31.39258,-0.3035321,137.1129,-0.9387633201545219
GW240902_143306,GW250118_023225,137.49952730369236,-1.0487857,0.58073187,1.0,0.5959441,-0.17085731,9.056999,-0.31303627905462467
GW240902_143306,GW250118_055802,137.64231120386884,-1.0487857,3.4293683,-0.5,-4.658614,-0.042303346,42.556377,-0.37153703352196377
GW240902_143306,GW250118_170523,138.10574573935733,-1.0487857,5.620253,-0.5,-14.631281,-0.22675921,71.84379,-0.48256606753773457
GW240902_143306,GW250119_025138,138.51287028687972,-1.0487857,13.776924,-0.5,-93.42842,-0.2834907,150.74399,-1.3598409809201097
GW240902_143306,GW250119_190238,139.18717052055177,-1.0487857,6.9101095,-0.5,-21.872562,-0.635636,58.04115,-0.5631856763096229
GW240907_153833,GW240908_082628,0.6999380102036176,1.2745508,3.2685876,-0.5,-4.5882344,-0.13785066,51.25674,2.8065052121504634
GW240907_153833,GW240908_125134,0.8840338122485965,1.5381744,2.4582207,0.1,-2.6616647,-0.13846564,46.938873,3.1884705214638878
GW240907_153833,GW240910_103535,2.7896034358938535,1.130381,3.9630005,-0.5,-7.015673,-0.6121315,59.607605,2.582321553325323
GW240907_153833,GW240915_001357,7.357916201744919,0.72702783,6.2050066,-0.5,-18.53774,-0.43724635,99.284325,1.9024404085826494
GW240907_153833,GW240915_105151,7.800894651023878,0.72702783,2.5516398,0.1,-3.5097184,-0.35449007,66.23224,2.06975240660455
GW240907_153833,GW240916_184352,9.128686948109555,0.5435311,6.7038474,-0.5,-21.830793,-0.013482203,111.27161,1.614838410317001
GW240907_153833,GW240919_061559,11.60932214755427,0.669271,8.122621,-0.5,-32.018383,-0.5358796,114.30736,1.6733710413177303
GW240907_153833,GW240920_073424,12.663781342142158,0.5157103,6.5424614,-0.5,-20.617641,-0.30682883,101.03552,1.5902987074193502
GW240907_153833,GW240920_124024,12.876286056474955,0.5157103,10.780981,-0.5,-57.202946,-1.331529,156.20296,1.1829822797354337
GW240907_153833,GW240921_201835,14.194467892083857,0.035988156,6.7107635,-0.5,-22.348448,-0.16008271,140.98286,0.9149892056569222
GW240907_153833,GW240922_142106,14.946210984758757,0.035988156,0.6088994,1.0,0.67268884,-0.26013705,9.062564,1.1712912189280562
GW240907_153833,GW240923_204006,16.209402168972623,0.52348214,5.111983,-0.5,-12.393009,-0.17826328,83.4534,1.692494614654422
GW240907_153833,GW240924_000316,16.350495180509707,0.52348214,3.7171283,-0.5,-6.337284,-0.06917678,63.855392,1.759915027404491
GW240907_153833,GW240925_005809,17.38861363813833,0.52348214,3.552437,-0.5,-5.3648977,-1.1544769,50.623653,1.770740929950904
GW240907_153833,GW240930_035959,22.514886598264177,0.3320092,4.9282913,-0.5,-11.324428,-0.45735958,74.77477,1.4425443195486178
GW240907_153833,GW240930_234614,23.33867077510942,0.3320092,8.369231,-0.5,-34.246235,-0.15297328,129.79543,1.1873481731765891
GW240907_153833,GW241002_030559,24.477383191141264,0.3320092,3.2648137,-0.5,-4.8916755,-0.17390294,59.95394,1.514162300367168
GW240907_153833,GW241006_015333,28.427080330625177,0.5727229,6.384296,-0.5,-19.518927,-0.53302056,94.89627,1.6804981784716064
GW240907_153833,GW241007_082943,29.702192430203713,0.2735977,5.7800283,-0.5,-15.9446125,-0.01534166,90.36179,1.3112261029506946
GW240907_153833,GW241009_022835,31.451411101729782,0.2735977,5.862458,-0.5,-17.023079,-0.13937801,123.629845,1.2992191756725966
GW240907_153833,GW241009_084816,31.71508145443543,0.2735977,3.6949074,-0.5,-6.0487294,-0.22743054,57.255474,1.421400278833227
GW240907_153833,GW241009_220455,32.26830735185632,0.2735977,6.128169,-0.5,-18.10612,-0.034074645,100.14609,1.2871613265042938
GW240907_153833,GW241011_233834,34.33334716064787,0.104784556,3.3012707,-0.5,-4.5078816,-1.2746361,47.131397,1.2076961161579252
GW240907_153833,GW241101_220523,55.268626216037404,-0.24045733,4.147779,-0.5,-9.129082,-0.09404891,123.3943,0.6841142045276907
GW240907_153833,GW241102_124058,55.87667855011368,-0.24045733,5.2532163,-0.5,-12.844099,-0.7758995,74.523026,0.6427536742917537
GW240907_153833,GW241102_144729,55.96453675573899,-0.24045733,2.4818861,0.1,-2.4409924,-0.21134381,41.217537,0.7585749402137142
GW240907_153833,GW241109_033317,62.49634535160054,-0.24045733,2.9073143,0.1,-4.734227,-0.123705626,85.670845,0.7330435899707475
GW240907_153833,GW241109_115924,62.84781415611229,-0.24045733,1.462374,0.5,-1.629072,-0.20174728,44.223267,0.7676143216097329
GW240907_153833,GW241110_124123,63.87696651600025,-0.39246207,6.261505,-0.5,-18.74306,-0.048938803,93.09555,0.36920580106409806
GW240907_153833,GW241111_111552,64.81757881919543,-0.39246207,8.156359,-0.5,-32.448647,-0.4792401,124.07203,0.21661691307493888
GW240907_153833,GW241113_163507,67.03927937932589,-0.39246207,2.126496,0.5,-2.9344826,-0.25859144,68.06811,0.5452079710911985
GW240907_153833,GW241114_024711,67.4643289237359,-0.39246207,1.8389304,0.5,-1.0901709,-0.104763284,31.129057,0.5657413102048602
GW240907_153833,GW241114_235258,68.34333780745665,-0.39246207,4.217239,-0.5,-9.444393,-0.25252178,127.02577,0.4727309594323934
GW240907_153833,GW241116_151753,69.98564700373898,-0.39246207,1.3997282,0.5,-0.8889937,-0.068040594,30.577168,0.5679810830281283
GW240907_153833,GW241124_024914,77.46574751677336,-0.38587266,4.4976435,-0.5,-9.9727745,-0.13253033,95.777664,0.4758596074353819
GW240907_153833,GW241125_010116,78.39077569693328,-0.38587266,3.9435,-0.5,-7.4205985,-0.034431845,75.47927,0.5042738363621447
GW240907_153833,GW241127_061008,80.60526009251674,-0.38587266,5.179186,-0.5,-12.472875,-1.127451,74.023415,0.44802515650603014
GW240907_153833,GW241129_021832,82.44443122625351,-0.38587266,4.6719813,-0.5,-10.093601,-0.51112896,70.86803,0.4745144031398444
GW240907_153833,GW241130_034908,83.50734775707677,-0.38587266,7.598029,-0.5,-28.065878,-0.3250344,116.46651,0.2744230362436011
GW240907_153833,GW241130_110422,83.80958740666233,-0.38587266,2.0527103,0.5,-1.4863666,-0.062070824,34.40589,0.5703416244588745
GW240907_153833,GW241201_055758,84.59681557768197,-0.38587266,2.7714531,0.1,-3.6518376,-0.1024624,57.647156,0.546232712079958
GW240907_153833,GW241210_060606,93.60246628111712,-0.7066782,6.6171374,-0.5,-21.260187,-0.25020954,110.213326,-0.08852178343294193
GW240907_153833,GW241210_120900,93.85447776511312,-0.7066782,2.0693529,0.5,-1.9416873,-0.13358308,42.811752,0.12655753563507466
GW240907_153833,GW241225_042553,108.53286440341837,-0.8908795,6.3771772,-0.5,-20.213207,-0.5332128,137.21104,-0.3287682987344539
GW240907_153833,GW241225_082815,108.70117946325352,-0.8908795,1.183372,0.5,-0.06103496,-0.5950703,19.650084,-0.10440742511046025
GW240907_153833,GW241229_155844,113.01401605111582,-0.8908795,2.9421127,0.1,-4.3857913,-0.19664241,69.221054,-0.15255638381993641
GW240907_153833,GW241230_084504,113.71285629587317,-0.8908795,5.6023784,-0.5,-16.339607,-0.13718666,176.9067,-0.2856422144045615
GW240907_153833,GW241230_233618,114.33176279434176,-0.8908795,5.742712,-0.5,-15.912219,-0.07630989,98.36094,-0.2808839587387087
GW240907_153833,GW241231_054133,114.58541515784682,-0.8908795,8.776799,-0.5,-37.58671,-0.5779528,126.05305,-0.5221933361602509
GW240907_153833,GW250101_011205,115.39827871863764,-0.8908795,7.060786,-0.5,-24.305508,-0.0011231741,118.26476,-0.3743292478577878
GW240907_153833,GW250104_015122,118.42556216410465,-1.2459191,7.1762886,-0.5,-25.23274,-0.15562086,126.67965,-0.87018376549506
GW240907_153833,GW250108_152221,122.98874939670718,-1.2459191,2.7238257,0.1,-3.0540767,-0.14643365,44.8605,-0.6232612848920018
GW240907_153833,GW250109_010541,123.39383934873949,-1.2459191,7.1375484,-0.5,-24.717758,-0.21349335,111.87549,-0.864450296173363
GW240907_153833,GW250109_074552,123.67174326701297,-1.2459191,0.46964264,1.0,-0.66269946,-0.10431904,14.149988,-0.5966372826493452
GW240907_153833,GW250114_082203,128.69686876598055,-1.2459191,10.64784,-0.5,-55.727802,-2.0705733,150.56961,-1.2096954879155473
GW240907_153833,GW250116_015318,130.42690526609067,-1.2459191,3.9799514,-0.5,-7.7030826,-0.20848115,81.62176,-0.6750202222478883
GW240907_153833,GW250118_023225,132.4540761786037,-1.2459191,6.9282947,-0.5,-23.654934,-0.07580637,133.22678,-0.8526175183621418
GW240907_153833,GW250118_055802,132.5968600787802,-1.2459191,9.023533,-0.5,-40.090183,-0.05274759,151.13593,-1.0355966456369683
GW240907_153833,GW250118_170523,133.06029461426868,-1.2459191,3.882571,-0.5,-6.9482913,-0.32181016,66.11145,-0.6666168787253697
GW240907_153833,GW250119_025138,133.46741916179104,-1.2459191,3.9419494,-0.5,-7.017298,-0.37854162,61.85988,-0.6673851558424122
GW240907_153833,GW250119_190238,134.14171939546313,-1.2459191,5.7181087,-0.5,-15.373466,-0.7306869,80.27574,-0.760417161159306
GW240908_082628,GW240908_125134,0.18409580204497886,1.5275474,5.67043,-0.5,-15.202318,-0.27631631,83.702415,3.034318327744184
GW240908_082628,GW240910_103535,2.089665425690236,1.3380204,8.192254,-0.5,-31.673946,-0.4742808,73.05362,2.5917482905039133
GW240908_082628,GW240915_001357,6.657978191541301,0.5732528,4.5989904,-0.5,-9.010962,-0.29939568,48.08293,1.7982115080535688
GW240908_082628,GW240915_105151,7.10095664082026,0.5732528,4.065747,-0.5,-8.273847,-0.21663941,93.33874,1.8064180548215112
GW240908_082628,GW240916_184352,8.428748937905938,0.72702783,10.061044,-0.5,-49.21188,-0.12436846,114.17702,1.5609349603791947
GW240908_082628,GW240919_061559,10.909384137350653,0.669271,16.714827,-0.5,-137.37239,-0.39802897,119.75202,0.5004296394417904
GW240908_082628,GW240920_073424,11.963843331938541,0.5157103,14.17618,-0.5,-98.742805,-0.16897817,135.80682,0.720505128572502
GW240908_082628,GW240920_124024,12.176348046271338,0.5157103,15.329346,-0.5,-115.38233,-1.1936784,121.87688,0.5352517167101261
GW240908_082628,GW240921_201835,13.49452988188024,0.5157103,5.291985,-0.5,-13.429741,-0.022232052,90.83786,1.670324008042296
GW240908_082628,GW240922_142106,14.24627297455514,0.035988156,6.9676933,-0.5,-22.330704,-0.12228638,60.26413,0.915186756259331
GW240908_082628,GW240923_204006,15.509464158769006,0.035988156,10.747291,-0.5,-56.27933,-0.040412612,117.63002,0.5372253330531674
GW240908_082628,GW240924_000316,15.65055717030609,0.035988156,2.3210533,0.1,-1.434944,-0.06867389,28.274475,1.1478262372625336
GW240908_082628,GW240925_005809,16.68867562793471,0.52348214,13.5464,-0.5,-89.52569,-1.0166261,101.69859,0.8337507037493304
GW240908_082628,GW240930_035959,21.81494858806056,0.3320092,13.107108,-0.5,-84.06434,-0.31950894,119.766174,0.6327065628322528
GW240908_082628,GW240930_234614,22.6387327649058,0.3320092,8.164291,-0.5,-31.610472,-0.015122611,79.07381,1.2166930060173913
GW240908_082628,GW241002_030559,23.777445180937647,0.3320092,1.3358588,0.5,0.11660421,-0.036052283,18.438316,1.5699211529949668
GW240908_082628,GW241006_015333,27.72714232042156,0.5727229,16.957981,-0.5,-141.83511,-0.39516988,146.1011,0.3187111630182242
GW240908_082628,GW241007_082943,29.002254420000092,0.5727229,4.9146075,-0.5,-10.399929,-0.15319233,48.575695,1.7820230281603688
GW240908_082628,GW241009_022835,30.751473091526165,0.2735977,4.563645,-0.5,-9.851971,-0.27722868,78.781784,1.3790575220330887
GW240908_082628,GW241009_084816,31.015143444231814,0.2735977,3.7440681,-0.5,-5.287409,-0.089579865,36.185345,1.4298763155837038
GW240908_082628,GW241009_220455,31.5683693416527,0.2735977,13.07086,-0.5,-83.95548,-0.10377602,143.39038,0.5540383423457759
GW240908_082628,GW241011_233834,33.633409150444244,0.2735977,11.443639,-0.5,-63.264893,-1.1367854,86.483086,0.7843935993839336
GW240908_082628,GW241101_220523,54.56868820583379,-0.24045733,2.752569,0.1,-4.134118,-0.04380176,74.7929,0.7397248052814913
GW240908_082628,GW241102_124058,55.176740539910064,-0.24045733,15.670397,-0.5,-120.52094,-0.6380489,115.72243,-0.5560486367408453
GW240908_082628,GW241102_144729,55.264598745535366,-0.24045733,0.90369636,1.0,0.9897229,-0.07349314,10.267652,0.796770240581876
GW240908_082628,GW241109_033317,61.79640734139692,-0.24045733,3.9535687,-0.5,-8.138264,-0.014145038,106.20408,0.6951453129481635
GW240908_082628,GW241109_115924,62.147876145908675,-0.24045733,0.30097714,1.0,-0.4302327,-0.06389662,8.339781,0.7809613998812167
GW240908_082628,GW241110_124123,63.177028505796635,-0.39246207,7.774193,-0.5,-28.26914,-0.08891186,67.0307,0.26314875450104913
GW240908_082628,GW241111_111552,64.11764080899181,-0.39246207,14.120634,-0.5,-97.876495,-0.34138942,129.94292,-0.5118132090627996
GW240908_082628,GW241113_163507,66.33934136912227,-0.39246207,3.4176354,-0.5,-6.3590684,-0.120740786,101.262215,0.5070809118690335
GW240908_082628,GW241114_024711,66.76439091353228,-0.39246207,6.9359937,-0.5,-22.735914,-0.033087384,82.02032,0.3247520102024415
GW240908_082628,GW241114_235258,67.64339979725304,-0.39246207,2.8417594,0.1,-4.413248,-0.114671126,78.369644,0.5287443803681129
GW240908_082628,GW241116_151753,69.28570899353535,-0.39246207,1.6084144,0.5,-0.8355125,-0.20589127,29.240196,0.5685765066860553
GW240908_082628,GW241124_024914,76.76580950656975,-0.38587266,4.32124,-0.5,-8.804071,-0.270381,75.6856,0.4888711696699408
GW240908_082628,GW241125_010116,77.69083768672965,-0.38587266,3.0835755,-0.5,-3.8876035,-0.10341882,45.698723,0.5436078510887953
GW240908_082628,GW241127_061008,79.90532208231312,-0.38587266,4.7520933,-0.5,-9.08549,-0.98960024,36.0541,0.485738040049701
GW240908_082628,GW241129_021832,81.74449321604989,-0.38587266,3.1496565,-0.5,-3.1249738,-0.37327826,28.759975,0.5520984631154978
GW240908_082628,GW241130_034908,82.80740974687316,-0.38587266,17.832003,-0.5,-157.21176,-0.18718375,167.51726,-1.163401276152886
GW240908_082628,GW241130_110422,83.1096493964587,-0.38587266,2.997573,0.1,-3.1336658,-0.07577984,34.728592,0.5520016918815946
GW240908_082628,GW241201_055758,83.89687756747836,-0.38587266,1.5659772,0.5,-0.6233527,-0.24031307,26.48037,0.5799498470863472
GW240908_082628,GW241210_060606,92.90252827091349,-0.7066782,12.860545,-0.5,-81.31115,-0.11235889,147.0277,-0.7570892314265958
GW240908_082628,GW241210_120900,93.1545397549095,-0.7066782,3.186082,-0.5,-4.456406,-0.27143374,53.437016,0.0985603305513279
GW240908_082628,GW241225_042553,107.83292639321475,-0.8908795,7.4109573,-0.5,-26.959019,-0.39536214,131.7867,-0.40387167377129907
GW240908_082628,GW241225_082815,108.00124145304991,-0.8908795,5.728304,-0.5,-15.008115,-0.45721966,65.06577,-0.270818263952258
GW240908_082628,GW241229_155844,112.3140780409122,-0.8908795,5.2636766,-0.5,-13.602985,-0.33449307,106.16963,-0.2551744880557759
GW240908_082628,GW241230_084504,113.01291828566956,-0.8908795,4.493134,-0.5,-10.581255,-0.00066399545,131.02696,-0.22153255268866828
GW240908_082628,GW241230_233618,113.63182478413813,-0.8908795,8.446021,-0.5,-34.39714,-0.061540775,102.28216,-0.4866827712800659
GW240908_082628,GW241231_054133,113.88547714764321,-0.8908795,19.026348,-0.5,-178.8293,-0.44010213,146.83192,-2.0946943051105986
GW240908_082628,GW250101_011205,114.69834070843403,-0.8908795,9.3917465,-0.5,-42.74047,-0.13897383,108.649895,-0.5795718587272554
GW240908_082628,GW250104_015122,117.72562415390102,-1.2459191,10.045242,-0.5,-49.300205,-0.017770192,128.9941,-1.1381349003992285
GW240908_082628,GW250108_152221,122.28881138650355,-1.2459191,1.1691867,1.0,0.75047195,-0.008582988,13.047693,-0.5809039727235911
GW240908_082628,GW250109_010541,122.69390133853588,-1.2459191,11.629445,-0.5,-65.95823,-0.07564268,115.69317,-1.3235942507483462
GW240908_082628,GW250109_074552,122.97180525680935,-1.2459191,1.8442377,0.5,-2.0767422,-0.03353162,50.87758,-0.6123802930571549
GW240908_082628,GW250114_082203,127.99693075577694,-1.2459191,19.810608,-0.5,-193.94653,-1.9327226,144.56511,-2.7485308443063023
GW240908_082628,GW250116_015318,129.72696725588705,-1.2459191,3.2687674,-0.5,-4.696515,-0.3463318,54.09538,-0.641547101016167
GW240908_082628,GW250118_023225,131.7541381684001,-1.2459191,9.138614,-0.5,-40.90598,-0.21365704,136.48586,-1.0446791742038208
GW240908_082628,GW250118_055802,131.89692206857657,-1.2459191,8.995775,-0.5,-39.099903,-0.08510307,104.06341,-1.0245715255288548
GW240908_082628,GW250118_170523,132.36035660406506,-1.2459191,7.434054,-0.5,-26.338467,-0.18395948,88.970375,-0.8824941855399671
GW240908_082628,GW250119_025138,132.76748115158745,-1.2459191,3.6164827,-0.5,-4.881544,-0.24069095,36.08313,-0.6436070910853666
GW240908_082628,GW250119_190238,133.4417813852595,-1.2459191,14.739206,-0.5,-106.283066,-0.59283626,104.61424,-1.772544144053856
GW240908_125134,GW240910_103535,1.905569623645257,1.3380204,2.0017312,0.5,-1.0342278,-0.7505971,28.18198,2.9328705238778814
GW240908_125134,GW240915_001357,6.473882389496322,0.5732528,8.113732,-0.5,-32.087105,-0.575712,122.51519,1.5412970876495287
GW240908_125134,GW240915_105151,6.916860838775282,0.5732528,3.6830463,-0.5,-6.9942236,-0.4929557,93.59086,1.8206645259814143
GW240908_125134,GW240916_184352,8.24465313586096,0.72702783,4.2430034,-0.5,-8.25429,-0.15194786,66.748726,2.0169295085913017
GW240908_125134,GW240919_061559,10.725288335305674,0.669271,10.171361,-0.5,-50.605637,-0.67434525,132.62674,1.466432931114852
GW240908_125134,GW240920_073424,11.779747529893562,0.5157103,6.964335,-0.5,-23.341736,-0.44529447,101.03514,1.5599704535371475
GW240908_125134,GW240920_124024,11.992252244226359,0.5157103,11.337359,-0.5,-63.21276,-1.4699947,152.90904,1.1160729970509324
GW240908_125134,GW240921_201835,13.310434079835261,0.5157103,6.497583,-0.5,-20.874977,-0.29854837,132.10019,1.587433703423244
GW240908_125134,GW240922_142106,14.062177172510161,0.035988156,2.9825354,0.1,-3.4544554,-0.3986027,41.488262,1.1253423420990853
GW240908_125134,GW240923_204006,15.325368356724029,0.035988156,2.429777,0.1,-2.1676483,-0.31672892,37.523148,1.1396687954522562
GW240908_125134,GW240924_000316,15.466461368261113,0.035988156,6.5354786,-0.5,-20.68524,-0.20764242,106.808105,0.9335062566405177
GW240908_125134,GW240925_005809,16.50457982588973,0.52348214,3.4518573,-0.5,-4.8641777,-1.2929425,45.67084,1.7763156134369018
GW240908_125134,GW240930_035959,21.63085278601558,0.3320092,5.335366,-0.5,-13.283677,-0.59582525,75.8648,1.4207313396656935
GW240908_125134,GW240930_234614,22.45463696286082,0.3320092,9.996356,-0.5,-49.063923,-0.2914389,145.72006,1.0223778972705193
GW240908_125134,GW241002_030559,23.59334937889267,0.3320092,5.6667156,-0.5,-15.531258,-0.3123686,99.6447,1.3957082739781663
GW240908_125134,GW241006_015333,27.54304651837658,0.5727229,5.112484,-0.5,-12.072439,-0.6714862,71.01001,1.7634024133491966
GW240908_125134,GW241007_082943,28.818158617955117,0.5727229,6.2569113,-0.5,-18.692953,-0.12312399,92.03936,1.6896940177999824
GW240908_125134,GW241009_022835,30.567377289481186,0.2735977,5.5073276,-0.5,-14.93912,-0.00091235834,112.42244,1.3224205839993122
GW240908_125134,GW241009_084816,30.831047642186835,0.2735977,4.202405,-0.5,-7.928581,-0.36589617,61.202274,1.4004712598569045
GW240908_125134,GW241009_220455,31.384273539607722,0.2735977,5.882742,-0.5,-16.521374,-0.17254029,90.95235,1.3048048271136778
GW240908_125134,GW241011_233834,33.449313348399265,0.2735977,0.31665498,1.0,1.039063,-1.4131018,4.198582,1.5003110419797971
GW240908_125134,GW241101_220523,54.38459240378881,-0.24045733,5.1654468,-0.5,-13.835796,-0.23251456,151.21729,0.6317127764670338
GW240908_125134,GW241102_124058,54.992644737865085,-0.24045733,6.2051477,-0.5,-18.147959,-0.9143652,81.669655,0.5837040303437802
GW240908_125134,GW241102_144729,55.08050294349039,-0.24045733,4.8924193,-0.5,-11.221864,-0.34980944,77.01234,0.6608145623961013
GW240908_125134,GW241109_033317,61.61231153935194,-0.24045733,3.7635345,-0.5,-7.557284,-0.26217127,109.097374,0.7016135556286582
GW240908_125134,GW241109_115924,61.9637803438637,-0.24045733,2.5333364,0.1,-3.7375815,-0.34021294,75.427185,0.7441395797382948
GW240908_125134,GW241110_124123,62.992932703751656,-0.24045733,5.436475,-0.5,-13.781925,-0.18740445,75.5328,0.6323125420495805
GW240908_125134,GW241111_111552,63.93354500694684,-0.39246207,9.308801,-0.5,-42.383366,-0.61770576,132.7527,0.10601036299018195
GW240908_125134,GW241113_163507,66.15524556707729,-0.39246207,0.67254275,1.0,-0.87191886,-0.3970571,21.231369,0.5681711827472069
GW240908_125134,GW241114_024711,66.5802951114873,-0.39246207,1.9973174,0.5,-1.2910764,-0.24322893,32.11465,0.5635045613997017
GW240908_125134,GW241114_235258,67.45930399520806,-0.39246207,5.1660075,-0.5,-13.864287,-0.39098743,153.18156,0.42352279893737266
GW240908_125134,GW241116_151753,69.10161319149037,-0.39246207,3.5725093,-0.5,-6.2302747,-0.07042505,75.71591,0.5085148153870006
GW240908_125134,GW241124_024914,76.58171370452477,-0.38587266,3.4511726,-0.5,-5.7498918,-0.0059353174,71.18628,0.5228743733387928
GW240908_125134,GW241125_010116,77.50674188468467,-0.38587266,3.951393,-0.5,-7.372187,-0.17289749,72.680534,0.5048128163272136
GW240908_125134,GW241127_061008,79.72122628026814,-0.38587266,6.0662527,-0.5,-17.313066,-1.2659166,80.536255,0.39413768201606425
GW240908_125134,GW241129_021832,81.56039741400491,-0.38587266,5.890552,-0.5,-16.399342,-0.6495946,83.73509,0.4043104869001769
GW240908_125134,GW241130_034908,82.62331394482818,-0.38587266,6.1195273,-0.5,-17.798178,-0.46350008,88.03266,0.3887367763818146
GW240908_125134,GW241130_110422,82.92555359441373,-0.38587266,3.1058214,-0.5,-4.0975523,-0.20053647,49.39312,0.5412704211277011
GW240908_125134,GW241201_055758,83.71278176543338,-0.38587266,3.4778745,-0.5,-5.792212,-0.03600324,69.95925,0.5224032078259213
GW240908_125134,GW241210_060606,92.71843246886851,-0.7066782,6.4665065,-0.5,-20.16831,-0.3886752,102.12043,-0.07636555181371366
GW240908_125134,GW241210_120900,92.97044395286451,-0.7066782,4.410554,-0.5,-9.459364,-0.0048825587,88.210335,0.04286072797420737
GW240908_125134,GW241225_042553,107.64883059116977,-0.8908795,6.7397733,-0.5,-22.528849,-0.6716784,140.55562,-0.35454910890451896
GW240908_125134,GW241225_082815,107.81714565100494,-0.8908795,3.4933052,-0.5,-5.355279,-0.73353595,54.98062,-0.1633500142468171
GW240908_125134,GW241229_155844,112.12998223886721,-0.8908795,1.031602,1.0,-0.5379344,-0.05817676,23.648932,-0.10971690633084508
GW240908_125134,GW241230_084504,112.82882248362458,-0.8908795,4.178018,-0.5,-9.345699,-0.27565232,130.06268,-0.20777669843922986
GW240908_125134,GW241230_233618,113.44772898209315,-0.8908795,7.915006,-0.5,-30.646124,-0.21477553,128.93134,-0.44492144881905504
GW240908_125134,GW241231_054133,113.70138134559824,-0.8908795,8.914868,-0.5,-38.66205,-0.71641845,119.022446,-0.5341654165568533
GW240908_125134,GW250101_011205,114.51424490638905,-0.8908795,9.29329,-0.5,-42.455555,-0.13734247,147.68045,-0.5763997944591045
GW240908_125134,GW250104_015122,117.54152835185604,-1.2459191,8.072315,-0.5,-31.970093,-0.29408652,135.9393,-0.9451929626407214
GW240908_125134,GW250108_152221,122.10471558445857,-1.2459191,5.425734,-0.5,-13.954725,-0.2848993,84.61885,-0.7446218512309215
GW240908_125134,GW250109_010541,122.5098055364909,-1.2459191,9.061492,-0.5,-40.179684,-0.351959,133.68735,-1.0365930838254478
GW240908_125134,GW250109_074552,122.78770945476437,-1.2459191,2.017619,0.5,-2.5564573,-0.2427847,59.843845,-0.6177211217970651
GW240908_125134,GW250114_082203,127.81283495373197,-1.2459191,7.9319587,-0.5,-30.346577,-2.209039,104.009766,-0.9271178151330075
GW240908_125134,GW250116_015318,129.54287145384208,-1.2459191,3.657831,-0.5,-6.403996,-0.070015505,72.47378,-0.660557056997662
GW240908_125134,GW250118_023225,131.5700423663551,-1.2459191,7.227828,-0.5,-25.696247,-0.06265928,133.61693,-0.8753441405828748
GW240908_125134,GW250118_055802,131.71282626653158,-1.2459191,9.959071,-0.5,-48.864433,-0.19121324,158.25589,-1.1332833056306253
GW240908_125134,GW250118_170523,132.17626080202007,-1.2459191,6.0015507,-0.5,-17.318785,-0.4602758,97.12958,-0.7820750501226676
GW240908_125134,GW250119_025138,132.58338534954245,-1.2459191,4.4517655,-0.5,-9.036134,-0.51700723,65.765915,-0.6898615271267015
GW240908_125134,GW250119_190238,133.2576855832145,-1.2459191,7.9300795,-0.5,-30.314816,-0.86915255,103.11233,-0.9267642074117015
GW240910_103535,GW240915_001357,4.568312765851065,0.9949764,10.418653,-0.5,-52.51126,-0.17488511,98.63589,1.8906325888248294
GW240910_103535,GW240915_105151,5.011291215130025,0.790937,5.3087735,-0.5,-14.062181,-0.2576414,119.57816,2.039666742379993
GW240910_103535,GW240916_184352,6.339083512215702,0.5732528,5.076058,-0.5,-11.316927,-0.59864926,53.02141,1.772538423800522
GW240910_103535,GW240919_061559,8.819718711660416,0.5435311,28.401533,-0.5,-400.51965,-0.07625184,159.778,-2.6012313136638134
GW240910_103535,GW240920_073424,9.874177906248304,0.5435311,14.95446,-0.5,-109.83733,-0.30530262,126.976036,0.6350321648313341
GW240910_103535,GW240920_124024,10.0866826205811,0.669271,21.826046,-0.5,-235.70302,-0.7193976,144.00362,-0.5943181209277641
GW240910_103535,GW240921_201835,11.404864456190003,0.669271,6.341874,-0.5,-19.467741,-0.45204875,105.16095,1.8131015362107992
GW240910_103535,GW240922_142106,12.156607548864903,0.5157103,7.8975205,-0.5,-28.936459,-0.35199443,58.636612,1.4976825341226667
GW240910_103535,GW240923_204006,13.419798733078771,0.5157103,4.561407,-0.5,-8.750954,-0.4338682,45.640137,1.72241451103357
GW240910_103535,GW240924_000316,13.560891744615855,0.5157103,8.906965,-0.5,-38.26603,-0.5429547,101.051575,1.39381330261551
GW240910_103535,GW240925_005809,14.599010202244475,0.035988156,12.193074,-0.5,-71.67921,-0.54234535,73.84701,0.365773367307732
GW240910_103535,GW240930_035959,19.725283162370324,0.09474692,12.988883,-0.5,-82.25293,-0.15477186,103.75937,0.3284076104525084
GW240910_103535,GW240930_234614,20.549067339215565,0.09474692,13.66125,-0.5,-91.36205,-0.45915818,117.61767,0.22699269513638598
GW240910_103535,GW241002_030559,21.687779755247412,0.3320092,6.9974813,-0.5,-23.364471,-0.43822852,91.458725,1.308498484984487
GW240910_103535,GW241006_015333,25.63747689473132,0.5727229,12.5122595,-0.5,-76.01879,-0.07911091,92.4095,1.051466290669645
GW240910_103535,GW241007_082943,26.912588994309857,0.5727229,7.387715,-0.5,-25.38745,-0.6274731,65.251434,1.6151619532444017
GW240910_103535,GW241009_022835,28.661807665835926,0.5727229,5.0705667,-0.5,-12.225543,-0.7515095,84.593,1.761697857224221
GW240910_103535,GW241009_084816,28.92547801854158,0.5727229,4.7039356,-0.5,-9.105286,-0.38470092,40.389824,1.7964367261281797
GW240910_103535,GW241009_220455,29.478703915962466,0.2735977,11.489191,-0.5,-64.35398,-0.5780568,115.273544,0.7722684135543132
GW240910_103535,GW241011_233834,31.543743724754012,0.2735977,5.26661,-0.5,-11.232547,-0.6625046,32.222137,1.3636871062252671
GW240910_103535,GW241101_220523,52.47902278014355,-0.20667636,4.6400485,-0.5,-11.083807,-0.51808256,124.38783,0.7085484567539043
GW240910_103535,GW241102_124058,53.08707511421983,-0.20667636,18.601685,-0.5,-170.30394,-0.16376808,109.81987,-1.064102530577568
GW240910_103535,GW241102_144729,53.17493331984513,-0.20667636,6.764113,-0.5,-21.313145,-0.40078765,70.75235,0.5946618191918756
GW240910_103535,GW241109_033317,59.70674191570669,-0.24045733,5.162065,-0.5,-13.618716,-0.48842585,136.7637,0.6341296020003715
GW240910_103535,GW241109_115924,60.05821072021844,-0.24045733,2.4198315,0.1,-3.2867644,-0.41038418,66.186226,0.7491586773717589
GW240910_103535,GW241110_124123,61.0873630801064,-0.24045733,6.408617,-0.5,-18.277775,-0.56319267,47.381252,0.5822587447853003
GW240910_103535,GW241111_111552,62.02797538330157,-0.24045733,19.264399,-0.5,-183.47437,-0.13289137,155.31755,-1.256930143688641
GW240910_103535,GW241113_163507,64.24967594343202,-0.39246207,1.0831436,1.0,-1.0828791,-0.35354,31.731043,0.5658224921841151
GW240910_103535,GW241114_024711,64.67472548784205,-0.39246207,5.302623,-0.5,-12.589131,-0.5073682,58.125427,0.4377195373754824
GW240910_103535,GW241114_235258,65.5537343715628,-0.39246207,4.617533,-0.5,-11.010038,-0.35960966,125.68324,0.4553001076172176
GW240910_103535,GW241116_151753,67.19604356784511,-0.39246207,4.5012326,-0.5,-9.611166,-0.6801721,79.35638,0.47087422160343395
GW240910_103535,GW241124_024914,74.67614408087951,-0.38587266,2.5822833,0.1,-2.7353027,-0.7446618,43.7533,0.5564368016491185
GW240910_103535,GW241125_010116,75.60117226103942,-0.38587266,3.301756,-0.5,-4.490302,-0.5776996,46.688404,0.5368978064072468
GW240910_103535,GW241127_061008,77.81565665662289,-0.38587266,9.18422,-0.5,-39.550846,-0.51531947,56.527275,0.1465570444761679
GW240910_103535,GW241129_021832,79.65482779035966,-0.38587266,7.736936,-0.5,-27.825655,-0.10100253,61.748917,0.27709751847201847
GW240910_103535,GW241130_034908,80.71774432118292,-0.38587266,12.4950075,-0.5,-76.03189,-0.28709704,103.46761,-0.25959862742693984
GW240910_103535,GW241130_110422,81.01998397076848,-0.38587266,3.8217714,-0.5,-5.7853575,-0.55006063,40.902744,0.5224795216469904
GW240910_103535,GW241201_055758,81.80721214178811,-0.38587266,3.1181965,-0.5,-4.1874743,-0.7145939,50.881176,0.5402692899710249
GW240910_103535,GW241210_060606,90.81286284522326,-0.7066782,11.867302,-0.5,-68.86757,-0.3619219,125.04139,-0.6185506867499949
GW240910_103535,GW241210_120900,91.06487432921926,-0.7066782,6.2793894,-0.5,-19.023684,-0.74571455,101.56705,-0.06362204088026255
GW240910_103535,GW241225_042553,105.74326096752452,-0.8908795,8.964902,-0.5,-39.61835,-0.07891867,154.37947,-0.544812253699116
GW240910_103535,GW241225_082815,105.91157602735967,-0.8908795,7.162343,-0.5,-24.085447,-0.01706114,74.89298,-0.3718792424022462
GW240910_103535,GW241229_155844,110.22441261522196,-0.8908795,1.9393996,0.5,-1.5808916,-0.8087739,38.160267,-0.12132849749027641
GW240910_103535,GW241230_084504,110.92325285997931,-0.8908795,4.102077,-0.5,-8.877233,-0.4749448,118.23081,-0.20256110134329253
GW240910_103535,GW241230_233618,111.5421593584479,-0.8908795,13.808564,-0.5,-93.92362,-0.53582156,155.59863,-1.1494109989039742
GW240910_103535,GW241231_054133,111.79581172195297,-0.8908795,21.8722,-0.5,-236.62376,-0.034178663,138.11743,-2.738139402471916
GW240910_103535,GW250101_011205,112.60867528274379,-0.8908795,16.458223,-0.5,-133.91553,-0.61325467,175.84381,-1.594654254269933
GW240910_103535,GW250104_015122,115.6359587282108,-0.8908795,13.055136,-0.5,-83.93795,-0.4565106,157.32317,-1.0382371730164928
GW240910_103535,GW250108_152221,120.19914596081333,-1.2459191,7.799953,-0.5,-28.813652,-0.46569782,79.871216,-0.9100512523196936
GW240910_103535,GW250109_010541,120.60423591284564,-1.2459191,18.148222,-0.5,-162.79347,-0.39863813,161.59866,-2.401693398531031
GW240910_103535,GW250109_074552,120.88213983111912,-1.2459191,2.7070072,0.1,-4.01388,-0.50781244,73.70717,-0.6339470938436884
GW240910_103535,GW250114_082203,125.9072653300867,-1.2459191,16.80817,-0.5,-138.51237,-1.4584417,97.387146,-2.1313638206275307
GW240910_103535,GW250116_015318,127.63730183019682,-1.2459191,2.8219697,0.1,-3.2612789,-0.8206126,44.992,-0.6255681362367929
GW240910_103535,GW250118_023225,129.66447274270985,-1.2459191,10.550458,-0.5,-54.712563,-0.68793786,150.45996,-1.1983924846317786
GW240910_103535,GW250118_055802,129.80725664288633,-1.2459191,12.578999,-0.5,-77.59444,-0.55938387,134.38866,-1.4531440412814243
GW240910_103535,GW250118_170523,130.27069117837482,-1.2459191,10.972207,-0.5,-58.75274,-0.29032132,121.960014,-1.2433731195701587
GW240910_103535,GW250119_025138,130.6778157258972,-1.2459191,4.883333,-0.5,-10.045271,-0.23358986,43.641838,-0.7010965885473713
GW240910_103535,GW250119_190238,131.35211595956926,-1.2459191,23.58316,-0.5,-275.2483,-0.11855544,130.66122,-3.653690504071303
GW240915_001357,GW240915_105151,0.4429784492789595,1.047047,4.9612446,-0.5,-12.334671,-0.08275627,114.984085,2.4091407235555273
GW240915_001357,GW240916_184352,1.7707707463646376,1.2306377,8.668375,-0.5,-36.245502,-0.42376414,102.160164,2.3940012445893633
GW240915_001357,GW240919_061559,4.251405945809351,0.9949764,12.944118,-0.5,-81.63453,-0.09863327,101.45868,1.5663935049630195
GW240915_001357,GW240920_073424,5.305865140397239,0.790937,13.301049,-0.5,-86.82421,-0.13041753,134.2574,1.2295827322442112
GW240915_001357,GW240920_124024,5.518369854730037,0.49711657,9.02004,-0.5,-38.716812,-0.8942827,77.23598,1.3633668947793813
GW240915_001357,GW240921_201835,6.836551690338938,0.5732528,2.5452263,0.1,-2.7000096,-0.27716362,44.432384,1.8684734466867927
GW240915_001357,GW240922_142106,7.588294783013838,0.72702783,11.754987,-0.5,-67.272934,-0.17710932,108.32152,1.3598552034164015
GW240915_001357,GW240923_204006,8.851485967227706,0.5435311,11.977094,-0.5,-70.333595,-0.25898308,136.50919,1.0748404958524058
GW240915_001357,GW240924_000316,8.99257897876479,0.5435311,3.5369473,-0.5,-5.0621977,-0.36806956,44.529514,1.8015287941765492
GW240915_001357,GW240925_005809,10.03069743639341,0.669271,18.276684,-0.5,-164.95677,-0.7172305,149.00827,0.19332349947285254
GW240915_001357,GW240930_035959,15.15697039651926,0.035988156,15.410899,-0.5,-117.02839,-0.020113243,149.09795,-0.13911424362299674
GW240915_001357,GW240930_234614,15.9807545733645,0.52348214,3.0652027,-0.5,-3.0827217,-0.2842731,31.246147,1.7961491587929501
GW240915_001357,GW241002_030559,17.119466989396347,0.52348214,3.0151422,0.1,-3.588378,-0.2633434,42.70661,1.7905195187382075
GW240915_001357,GW241006_015333,21.069164128880256,0.09474692,17.97964,-0.5,-159.80995,-0.095774196,165.11443,-0.5350606542011249
GW240915_001357,GW241007_082943,22.344276228458792,0.3320092,3.3610265,-0.5,-4.0699596,-0.45258802,34.896606,1.5233107375314867
GW240915_001357,GW241009_022835,24.09349489998486,0.3320092,2.340199,0.1,-2.2101672,-0.57662433,41.0781,1.5440164290874385
GW240915_001357,GW241009_084816,24.357165252690514,0.3320092,6.026306,-0.5,-16.539326,-0.20981582,61.31312,1.3844851148591895
GW240915_001357,GW241009_220455,24.9103911501114,0.3320092,12.780939,-0.5,-80.28865,-0.40317172,145.9797,0.674742561961237
GW240915_001357,GW241011_233834,26.975430958902948,0.5727229,15.426266,-0.5,-116.93425,-0.83738977,126.47795,0.5959408056905386
GW240915_001357,GW241101_220523,47.91071001429249,-0.20667636,1.0850993,1.0,-0.94811875,-0.34319744,29.685513,0.8213924637033596
GW240915_001357,GW241102_124058,48.51876234836877,-0.20667636,17.548388,-0.5,-151.88327,-0.33865318,141.09119,-0.8590190559237785
GW240915_001357,GW241102_144729,48.60662055399407,-0.20667636,4.9217763,-0.5,-10.789275,-0.22590254,58.068604,0.7118275780318416
GW240915_001357,GW241109_033317,55.13842914985562,-0.24045733,4.166711,-0.5,-9.017561,-0.31354073,112.71092,0.6853558025253511
GW240915_001357,GW241109_115924,55.48989795436738,-0.24045733,1.993251,0.5,-2.3845437,-0.23549907,55.593422,0.7592034024473766
GW240915_001357,GW241110_124123,56.51905031425534,-0.24045733,6.4637194,-0.5,-19.067429,-0.38830754,59.39981,0.5734672651872333
GW240915_001357,GW241111_111552,57.45966261745051,-0.24045733,10.709575,-0.5,-55.640606,-0.041993733,104.26953,0.16628585058835543
GW240915_001357,GW241113_163507,59.68136317758096,-0.24045733,4.341749,-0.5,-9.955793,-0.1786549,129.38159,0.6749101471961831
GW240915_001357,GW241114_024711,60.106412721990985,-0.24045733,10.622034,-0.5,-55.16551,-0.33248308,130.0697,0.1715752716839997
GW240915_001357,GW241114_235258,60.985421605711736,-0.24045733,1.1798732,1.0,-1.0847038,-0.18472455,32.753902,0.7736749542547392
GW240915_001357,GW241116_151753,62.62773080199405,-0.24045733,3.9477081,-0.5,-7.3643417,-0.50528693,72.856705,0.7037616450272939
GW240915_001357,GW241124_024914,70.10783131502845,-0.39246207,3.837518,-0.5,-6.8632073,-0.56977665,68.311745,0.5014681643762835
GW240915_001357,GW241125_010116,71.03285949518835,-0.39246207,3.4322286,-0.5,-5.068478,-0.4028145,52.023155,0.521449485142647
GW240915_001357,GW241127_061008,73.24734389077182,-0.39246207,5.1573257,-0.5,-11.255086,-0.69020456,42.425415,0.45257191107634276
GW240915_001357,GW241129_021832,75.08651502450859,-0.38587266,4.011823,-0.5,-6.3266034,-0.07388258,38.789673,0.5164536496156819
GW240915_001357,GW241130_034908,76.14943155533186,-0.38587266,14.50935,-0.5,-103.59066,-0.11221193,143.89842,-0.5664196217988506
GW240915_001357,GW241130_110422,76.4516712049174,-0.38587266,6.3563495,-0.5,-18.915144,-0.37517554,76.36461,0.37630121759671686
GW240915_001357,GW241201_055758,77.23889937593705,-0.38587266,3.0759466,-0.5,-4.1626754,-0.53970873,52.92506,0.5405453840852749
GW240915_001357,GW241210_060606,86.24455007937219,-0.7066782,11.399348,-0.5,-63.6614,-0.1870368,135.26842,-0.5605886647255052
GW240915_001357,GW241210_120900,86.4965615633682,-0.7066782,4.9955616,-0.5,-11.89397,-0.57082945,85.27779,0.015755449632785246
GW240915_001357,GW241225_042553,101.17494820167344,-0.8908795,5.35319,-0.5,-13.85766,-0.09596644,96.70361,-0.2580098690173386
GW240915_001357,GW241225_082815,101.34326326150861,-0.8908795,9.382966,-0.5,-42.696835,-0.15782398,110.67423,-0.5790860409607385
GW240915_001357,GW241229_155844,105.65609984937089,-0.8908795,6.6587253,-0.5,-21.943695,-0.6338888,135.96642,-0.348034398406576
GW240915_001357,GW241230_084504,106.35494009412825,-0.8908795,2.8335936,0.1,-4.5135717,-0.30005968,83.12179,-0.15397900616435412
GW240915_001357,GW241230_233618,106.97384659259683,-0.8908795,7.5949564,-0.5,-27.637838,-0.36093646,95.092705,-0.41142920002578154
GW240915_001357,GW241231_054133,107.22749895610191,-0.8908795,14.177143,-0.5,-98.48082,-0.14070645,118.33052,-1.2001478035396265
GW240915_001357,GW250101_011205,108.04036251689273,-0.8908795,7.0983677,-0.5,-23.90425,-0.4383695,85.16338,-0.3698619031322444
GW240915_001357,GW250104_015122,111.06764596235973,-0.8908795,7.65448,-0.5,-28.201788,-0.2816255,101.261536,-0.4177078393588338
GW240915_001357,GW250108_152221,115.63083319496225,-0.8908795,4.7954392,-0.5,-10.142191,-0.2908127,55.644867,-0.2166443060508016
GW240915_001357,GW250109_010541,116.03592314699458,-0.8908795,9.472112,-0.5,-43.29393,-0.223753,98.92676,-0.5857337047341497
GW240915_001357,GW250109_074552,116.31382706526804,-0.8908795,3.4799378,-0.5,-6.444314,-0.33292732,96.63763,-0.17547460549223165
GW240915_001357,GW250114_082203,121.33895256423564,-1.2459191,12.86874,-0.5,-80.69249,-1.6333269,102.43392,-1.4876357011842067
GW240915_001357,GW250116_015318,123.06898906434576,-1.2459191,3.277676,-0.5,-4.7619195,-0.6457275,55.23478,-0.6422752702432493
GW240915_001357,GW250118_023225,125.09615997685879,-1.2459191,6.795409,-0.5,-22.281963,-0.5130527,103.76414,-0.8373317777157846
GW240915_001357,GW250118_055802,125.23894387703527,-1.2459191,4.7830887,-0.5,-10.149705,-0.38449878,57.382698,-0.7022592873444244
GW240915_001357,GW250118_170523,125.70237841252376,-1.2459191,8.80545,-0.5,-37.542065,-0.115436204,109.0385,-1.0072275891834908
GW240915_001357,GW250119_025138,126.10950296004613,-1.2459191,5.425321,-0.5,-13.155838,-0.05870474,56.812546,-0.7357275722706853
GW240915_001357,GW250119_190238,126.7838031937182,-1.2459191,14.950403,-0.5,-109.60111,-0.29344055,116.27313,-1.809485066181923
GW240915_105151,GW240916_184352,1.3277922970856781,0.7966598,6.052159,-0.5,-18.37763,-0.34100786,142.78809,1.9994476020586358
GW240915_105151,GW240919_061559,3.8084274965303915,1.2099575,2.2131467,0.1,-2.3624833,-0.18138954,48.445564,2.7429512155160305
GW240915_105151,GW240920_073424,4.86288669111828,0.790937,1.877744,0.5,-1.7574707,-0.047661245,42.803257,2.1766592022216553
GW240915_105151,GW240920_124024,5.075391405451077,0.790937,4.222669,-0.5,-8.853437,-0.977039,93.5729,2.097657431857267
GW240915_105151,GW240921_201835,6.393573241059979,0.5732528,4.9959173,-0.5,-12.803711,-0.19440736,134.2854,1.7559855605059513
GW240915_105151,GW240922_142106,7.145316333734879,0.5732528,2.835315,0.1,-3.9808137,-0.094353035,63.56707,1.8542138256601222
GW240915_105151,GW240923_204006,8.408507517948747,0.72702783,4.52312,-0.5,-10.276339,-0.1762268,105.84815,1.9944173613876952
GW240915_105151,GW240924_000316,8.549600529485831,0.72702783,3.1674232,-0.5,-5.114222,-0.28531328,76.033585,2.0518889310741346
GW240915_105151,GW240925_005809,9.587718987114451,0.5435311,2.3275464,0.1,-2.632658,-0.7999868,51.21662,1.828577671959012
GW240915_105151,GW240930_035959,14.7139919472403,0.035988156,1.5279795,0.5,-1.1458046,-0.10286952,34.551697,1.151045322789235
GW240915_105151,GW240930_234614,15.537776124085541,0.035988156,5.1081862,-0.5,-13.045194,-0.20151679,116.66861,1.0185654451790491
GW240915_105151,GW241002_030559,16.676488540117386,0.52348214,3.3445363,-0.5,-5.7614408,-0.18058713,83.16744,1.7663260838254686
GW240915_105151,GW241006_015333,20.6261856796013,0.09474692,2.987899,0.1,-4.4239244,-0.17853047,66.9493,1.1949039544382898
GW240915_105151,GW241007_082943,21.901297779179835,0.3320092,6.1295815,-0.5,-18.791716,-0.36983174,140.5174,1.3594085047404065
GW240915_105151,GW241009_022835,23.650516450705904,0.3320092,5.622905,-0.5,-16.137291,-0.49386808,151.48975,1.3889611022908688
GW240915_105151,GW241009_084816,23.914186803411553,0.3320092,5.274138,-0.5,-13.905911,-0.12705955,120.41281,1.4138037966125074
GW240915_105151,GW241009_220455,24.46741270083244,0.3320092,2.1674516,0.1,-2.396959,-0.32041544,50.747307,1.5419368124306567
GW240915_105151,GW241011_233834,26.532452509623987,0.5727229,4.100333,-0.5,-8.33184,-0.92014605,90.296,1.8050477600373325
GW240915_105151,GW241101_220523,47.46773156501353,-0.20667636,3.1146693,-0.5,-5.653476,-0.26044115,106.36304,0.769006145115676
GW240915_105151,GW241102_124058,48.07578389908981,-0.20667636,1.2278816,0.5,-0.67398953,-0.42140946,26.96798,0.8244444358974868
GW240915_105151,GW241102_144729,48.16364210471511,-0.20667636,3.6444852,-0.5,-6.705,-0.14314628,86.00756,0.7572991802606647
GW240915_105151,GW241109_033317,54.69545070057666,-0.24045733,0.5740212,1.0,-0.9532132,-0.23078445,19.461359,0.7751388829479071
GW240915_105151,GW241109_115924,55.04691950508842,-0.24045733,2.6824245,0.1,-4.4255514,-0.15274279,92.75251,0.7364801805050711
GW240915_105151,GW241110_124123,56.07607186497638,-0.24045733,7.0589323,-0.5,-24.874647,-0.30555126,158.18648,0.5088135589229459
GW240915_105151,GW241111_111552,57.01668416817155,-0.24045733,2.5552456,0.1,-3.2454069,-0.12475001,57.84808,0.7496191244425616
GW240915_105151,GW241113_163507,59.23838472830201,-0.24045733,2.8848066,0.1,-5.0769997,-0.09589862,104.24238,0.7292273892736851
GW240915_105151,GW241114_024711,59.663434272712024,-0.24045733,2.5941634,0.1,-3.4478178,-0.24972679,61.808468,0.7473656157950994
GW240915_105151,GW241114_235258,60.542443156432775,-0.24045733,3.1073647,-0.5,-5.649625,-0.10196828,107.119705,0.7228521618599002
GW240915_105151,GW241116_151753,62.18475235271509,-0.24045733,2.4045324,0.1,-3.263435,-0.42253068,66.215675,0.7494184124571653
GW240915_105151,GW241124_024914,69.66485286574948,-0.39246207,5.972779,-0.5,-18.177803,-0.4870204,161.884,0.37549898647504454
GW240915_105151,GW241125_010116,70.5898810459094,-0.39246207,5.3837185,-0.5,-14.706712,-0.32005823,136.99132,0.4141438064384305
GW240915_105151,GW241127_061008,72.80436544149286,-0.39246207,5.8677163,-0.5,-17.141447,-0.77296084,129.27652,0.38703708410679405
GW240915_105151,GW241129_021832,74.64353657522963,-0.38587266,5.3995543,-0.5,-14.55581,-0.15663886,122.08449,0.4248351408374026
GW240915_105151,GW241130_034908,75.70645310605289,-0.38587266,3.4255478,-0.5,-5.854893,-0.029455652,77.82026,0.5217053570845521
GW240915_105151,GW241130_110422,76.00869275563845,-0.38587266,4.182116,-0.5,-8.818086,-0.29241925,99.14917,0.48871514440376873
GW240915_105151,GW241201_055758,76.7959209266581,-0.38587266,4.3379173,-0.5,-9.720763,-0.45695248,115.894714,0.47866533350967555
GW240915_105151,GW241210_060606,85.80157163009324,-0.7066782,2.2933536,0.1,-2.696485,-0.104280524,54.199867,0.11815412044392404
GW240915_105151,GW241210_120900,86.05358311408924,-0.7066782,1.4986557,0.5,-1.4284599,-0.48807317,39.90871,0.13227146861857791
GW240915_105151,GW241225_042553,100.73196975239449,-0.8908795,2.6037183,0.1,-3.7432232,-0.17872271,71.02296,-0.1454024581391432
GW240915_105151,GW241225_082815,100.90028481222966,-0.8908795,2.00436,0.5,-2.0724626,-0.24058025,47.298557,-0.1268013212695016
GW240915_105151,GW241229_155844,105.21312140009194,-0.8908795,3.4377463,-0.5,-6.377519,-0.5511325,99.31921,-0.1747309558406459
GW240915_105151,GW241230_084504,105.91196164484928,-0.8908795,3.2046483,-0.5,-6.029546,-0.21730341,114.574036,-0.17085685219774693
GW240915_105151,GW241230_233618,106.53086814331787,-0.8908795,1.5035055,0.5,-1.2251763,-0.27818018,36.03691,-0.11736820037267282
GW240915_105151,GW241231_054133,106.78452050682296,-0.8908795,2.8719978,0.1,-4.054685,-0.22346273,63.40521,-0.14887006791913682
GW240915_105151,GW250101_011205,107.59738406761377,-0.8908795,2.3997095,0.1,-2.9516454,-0.35561326,56.872242,-0.13658955758330138
GW240915_105151,GW250104_015122,110.62466751308077,-0.8908795,2.4836822,0.1,-3.2105145,-0.19886921,60.46826,-0.13947163464017698
GW240915_105151,GW250108_152221,115.1878547456833,-0.8908795,3.41625,-0.5,-5.891035,-0.20805642,80.29106,-0.16931476620703223
GW240915_105151,GW250109_010541,115.59294469771562,-0.8908795,2.0307517,0.5,-2.0702348,-0.14099672,46.6104,-0.1267765186140557
GW240915_105151,GW250109_074552,115.87084861598909,-0.8908795,1.5854654,0.5,-2.0790567,-0.25017104,54.66751,-0.12687473649256703
GW240915_105151,GW250114_082203,120.89597411495667,-1.2459191,5.474207,-0.5,-14.900949,-1.7160832,120.07002,-0.7551564712218967
GW240915_105151,GW250116_015318,122.6260106150668,-1.2459191,5.474121,-0.5,-15.27795,-0.56297123,145.00883,-0.7593537579246374
GW240915_105151,GW250118_023225,124.65318152757982,-1.2459191,2.6339025,0.1,-3.6884935,-0.43029645,67.19784,-0.6303244595039764
GW240915_105151,GW250118_055802,124.79596542775631,-1.2459191,4.4724536,-0.5,-10.073737,-0.3017425,105.994156,-0.7014135125466887
GW240915_105151,GW250118_170523,125.25939996324479,-1.2459191,0.24892516,1.0,-0.119918264,-0.03267993,5.9485865,-0.5905943180640629
GW240915_105151,GW250119_025138,125.66652451076718,-1.2459191,5.3891716,-0.5,-14.530946,-0.024051538,123.76192,-0.7510371069028534
GW240915_105151,GW250119_190238,126.34082474443923,-1.2459191,0.64794654,1.0,-0.121403374,-0.37619683,14.169394,-0.5906108522828957
GW240916_184352,GW240919_061559,2.4806351994447136,1.706399,13.740669,-0.5,-92.53782,-0.5223974,123.60116,2.4179032973919803
GW240916_184352,GW240920_073424,3.535094394032602,1.2099575,9.783198,-0.5,-46.395683,-0.2933466,107.77571,2.252714873450487
GW240916_184352,GW240920_124024,3.747599108365399,1.2099575,9.590908,-0.5,-44.264603,-1.3180469,92.39064,2.276440906780729
GW240916_184352,GW240921_201835,5.065780943974301,0.790937,4.0339384,-0.5,-7.6592035,-0.14660051,72.63659,2.110953237194969
GW240916_184352,GW240922_142106,5.817524036649201,0.49711657,10.547262,-0.5,-54.011955,-0.24665484,107.76428,1.193080951132007
GW240916_184352,GW240923_204006,7.080715220863069,0.5732528,3.2634833,-0.5,-4.073086,-0.16478108,39.8868,1.8531865301439927
GW240916_184352,GW240924_000316,7.221808232400153,0.5732528,10.382245,-0.5,-52.818604,-0.05569458,138.50903,1.310486379109655
GW240916_184352,GW240925_005809,8.259926690028774,0.72702783,10.456888,-0.5,-52.868412,-1.1409947,96.943634,1.5202255635541635
GW240916_184352,GW240930_035959,13.386199650154621,0.5157103,10.181731,-0.5,-50.30334,-0.4438774,108.2716,1.2597978874040554
GW240916_184352,GW240930_234614,14.209983826999864,0.035988156,8.440561,-0.5,-34.17832,-0.13949107,93.75927,0.7832832616769162
GW240916_184352,GW241002_030559,15.348696243031709,0.035988156,8.731014,-0.5,-37.2508,-0.16042075,129.53065,0.7490763226681565
GW240916_184352,GW241006_015333,19.29839338251562,0.09474692,7.5190806,-0.5,-26.652296,-0.51953834,76.610756,0.947428059276807
GW240916_184352,GW241007_082943,20.573505482094156,0.09474692,6.5741577,-0.5,-20.197577,-0.028823862,74.16818,1.0192906106291195
GW240916_184352,GW241009_022835,22.322724153620225,0.3320092,3.4814818,-0.5,-5.5935564,-0.15286021,63.013294,1.5063480252202774
GW240916_184352,GW241009_084816,22.586394506325878,0.3320092,7.1059804,-0.5,-23.801027,-0.21394832,78.80683,1.303638162569147
GW240916_184352,GW241009_220455,23.139620403746765,0.3320092,7.8743443,-0.5,-29.754257,-0.020592442,96.41882,1.237358863085942
GW240916_184352,GW241011_233834,25.204660212538307,0.5727229,7.321189,-0.5,-25.003769,-1.2611539,68.16928,1.619433594825605
GW240916_184352,GW241101_220523,46.13993926792785,0.09330103,3.7825325,-0.5,-7.5388665,-0.080566704,104.818184,1.1582469489626903
GW240916_184352,GW241102_124058,46.74799160200413,-0.20667636,12.6489525,-0.5,-78.17168,-0.7624173,116.01311,-0.03836323243142775
GW240916_184352,GW241102_144729,46.83584980762943,-0.20667636,9.308347,-0.5,-42.130955,-0.1978616,117.254684,0.3628901776346744
GW240916_184352,GW241109_033317,53.36765840349098,-0.20667636,5.0437703,-0.5,-13.082903,-0.11022342,138.23964,0.6862918533479315
GW240916_184352,GW241109_115924,53.71912720800274,-0.20667636,3.925222,-0.5,-8.126433,-0.18826509,110.839806,0.7414738863001828
GW240916_184352,GW241110_124123,54.7482795678907,-0.24045733,4.8672123,-0.5,-10.230005,-0.0354566,49.61898,0.6718572545910139
GW240916_184352,GW241111_111552,55.68889187108587,-0.24045733,10.486421,-0.5,-53.462494,-0.46575788,112.09649,0.19053550025248916
GW240916_184352,GW241113_163507,57.91059243121633,-0.24045733,1.5989578,0.5,-1.8304309,-0.24510925,48.167732,0.7653725254748087
GW240916_184352,GW241114_024711,58.33564197562635,-0.24045733,7.396208,-0.5,-26.225773,-0.09128108,96.27131,0.4937710244519502
GW240916_184352,GW241114_235258,59.214650859347095,-0.24045733,3.6574059,-0.5,-7.1019225,-0.23903958,102.80657,0.7066832460074989
GW240916_184352,GW241116_151753,60.856960055629415,-0.24045733,6.9216022,-0.5,-23.58204,-0.0815228,131.34293,0.523204577750332
GW240916_184352,GW241124_024914,68.33706056866382,-0.39246207,2.181106,0.1,-1.9381994,-0.14601253,40.00139,0.5562999248530088
GW240916_184352,GW241125_010116,69.26208874882371,-0.39246207,4.3835483,-0.5,-8.867506,-0.020949641,69.20175,0.4791536367893239
GW240916_184352,GW241127_061008,71.47657314440718,-0.39246207,8.603368,-0.5,-35.218006,-1.1139687,80.31539,0.1857847066079395
GW240916_184352,GW241129_021832,73.31574427814395,-0.39246207,8.303515,-0.5,-32.942677,-0.49764672,88.25352,0.21111671187830472
GW240916_184352,GW241130_034908,74.37866080896723,-0.38587266,6.499044,-0.5,-19.629513,-0.31155223,70.54892,0.3683479106126103
GW240916_184352,GW241130_110422,74.68090045855277,-0.38587266,7.137695,-0.5,-24.313482,-0.048588622,91.35457,0.3161997117182142
GW240916_184352,GW241201_055758,75.46812862957242,-0.38587266,4.9410195,-0.5,-11.702506,-0.11594461,87.76781,0.45660192750031825
GW240916_184352,GW241210_060606,84.47377933300756,-0.38587266,7.7109466,-0.5,-28.547739,-0.23672736,97.62415,0.2690583153053102
GW240916_184352,GW241210_120900,84.72579081700356,-0.38587266,8.738749,-0.5,-37.663715,-0.1470653,154.08144,0.1675671020944813
GW240916_184352,GW241225_042553,99.40417745530881,-0.7066782,5.5726395,-0.5,-15.114468,-0.51973057,103.62861,-0.02009943259048863
GW240916_184352,GW241225_082815,99.57249251514398,-0.7066782,9.657895,-0.5,-45.445305,-0.58158815,121.63005,-0.35778278734269775
GW240916_184352,GW241229_155844,103.88532910300626,-0.8908795,2.4218907,0.1,-2.7528164,-0.21012461,50.595192,-0.13437592854793462
GW240916_184352,GW241230_084504,104.58416934776362,-0.8908795,2.2306633,0.1,-3.0092578,-0.12370446,66.17161,-0.137230975912986
GW240916_184352,GW241230_233618,105.2030758462322,-0.8908795,10.724284,-0.5,-56.41841,-0.062827684,142.37094,-0.7318529432141125
GW240916_184352,GW241231_054133,105.45672820973728,-0.8908795,10.345768,-0.5,-51.749123,-0.5644706,97.680046,-0.679868191270887
GW240916_184352,GW250101_011205,106.2695917705281,-0.8908795,10.010087,-0.5,-48.938667,-0.014605377,127.964775,-0.6485784522574514
GW240916_184352,GW250104_015122,109.29687521599509,-0.8908795,7.9975166,-0.5,-30.991917,-0.14213866,111.5318,-0.4487712753764758
GW240916_184352,GW250108_152221,113.86006244859762,-0.8908795,10.131295,-0.5,-50.100746,-0.13295145,125.77649,-0.6615162648153289
GW240916_184352,GW250109_010541,114.26515240062994,-0.8908795,11.247085,-0.5,-61.846233,-0.20001115,127.521675,-0.7922827020445699
GW240916_184352,GW250109_074552,114.54305631890341,-0.8908795,4.455899,-0.5,-10.341792,-0.090836845,125.292915,-0.21886653266760986
GW240916_184352,GW250114_082203,119.56818181787101,-1.2459191,4.9025183,-0.5,-10.175648,-2.057091,44.62035,-0.7025481172400132
GW240916_184352,GW250116_015318,121.29821831798112,-1.2459191,3.508922,-0.5,-5.6129436,-0.22196336,61.125893,-0.6517500067257032
GW240916_184352,GW250118_023225,123.32538923049415,-1.2459191,6.4736776,-0.5,-20.22765,-0.08928858,102.897385,-0.8144604167112165
GW240916_184352,GW250118_055802,123.46817313067064,-1.2459191,7.1705146,-0.5,-24.545797,-0.039265387,91.6608,-0.8625357987358309
GW240916_184352,GW250118_170523,123.93160766615912,-1.2459191,11.313918,-0.5,-62.896038,-0.30832794,148.73305,-1.2895018541398222
GW240916_184352,GW250119_025138,124.3387322136815,-1.2459191,6.8801413,-0.5,-22.270454,-0.3650594,78.18422,-0.8372036448194142
GW240916_184352,GW250119_190238,125.01303244735355,-1.2459191,15.408287,-0.5,-116.83064,-0.7172047,137.78427,-1.889973845193364
GW240919_061559,GW240920_073424,1.0544591945878885,0.98100364,4.9557457,-0.5,-9.803122,-0.22905079,32.836575,2.3470082621233392
GW240919_061559,GW240920_124024,1.2669639089206854,0.7966598,11.593458,-0.5,-63.676,-0.79564947,45.406796,1.4951257167646663
GW240919_061559,GW240921_201835,2.585145744529587,1.130381,5.786143,-0.5,-15.989612,-0.3757969,90.89431,2.4824116952067357
GW240919_061559,GW240922_142106,3.336888837204487,1.2372308,21.57779,-0.5,-229.83534,-0.2757426,111.98607,0.24771716163268742
GW240919_061559,GW240923_204006,4.600080021418355,0.9949764,13.794907,-0.5,-93.16675,-0.35761634,116.9912,1.4380014548194204
GW240919_061559,GW240924_000316,4.741173032955439,0.790937,9.151742,-0.5,-40.229,-0.46670285,91.756485,1.7483427996341845
GW240919_061559,GW240925_005809,5.77929149058406,0.49711657,30.073824,-0.5,-448.09775,-0.6185972,87.62639,-3.1944079727574675
GW240919_061559,GW240930_035959,10.905564450709909,0.669271,9.517304,-0.5,-42.60393,-0.07852003,56.80334,1.5555185908078306
GW240919_061559,GW240930_234614,11.729348627555149,0.5157103,12.033171,-0.5,-69.967224,-0.38290635,81.55416,1.040873299372732
GW240919_061559,GW241002_030559,12.868061043586996,0.5157103,8.520477,-0.5,-35.00101,-0.36197668,101.76171,1.4301638450974232
GW240919_061559,GW241006_015333,16.817758183070907,0.52348214,13.293916,-0.5,-85.377174,-0.0028590702,68.24675,0.8799374952196695
GW240919_061559,GW241007_082943,18.092870282649443,0.52348214,19.113514,-0.5,-180.31306,-0.55122125,134.91025,-0.17701552010215282
GW240919_061559,GW241009_022835,19.842088954175512,0.09474692,7.10061,-0.5,-24.47276,-0.6752576,112.30109,0.971693571598148
GW240919_061559,GW241009_084816,20.10575930688116,0.09474692,23.08124,-0.5,-263.9317,-0.3084491,155.75124,-1.6942829174023402
GW240919_061559,GW241009_220455,20.658985204302052,0.09474692,5.266966,-0.5,-11.895121,-0.50180495,44.838646,1.111724628807297
GW240919_061559,GW241011_233834,22.724025013093595,0.3320092,42.254467,-0.5,-888.685,-0.7387565,128.4504,-8.325404324590249
GW240919_061559,GW241101_220523,43.65930406848314,0.09330103,2.877017,0.1,-4.417377,-0.44183072,75.59757,1.192999535773685
GW240919_061559,GW241102_124058,44.267356402559415,0.09330103,19.943132,-0.5,-194.5023,-0.24001992,51.47967,-0.9232795282147754
GW240919_061559,GW241102_144729,44.35521460818472,0.09330103,13.179488,-0.5,-84.98804,-0.32453582,118.776085,0.29597943118649994
GW240919_061559,GW241109_033317,50.887023204046265,-0.20667636,1.1202903,1.0,-0.88179326,-0.412174,29.078825,0.8221308875171982
GW240919_061559,GW241109_115924,51.238492008558026,-0.20667636,4.6507077,-0.5,-11.1351,-0.33413234,124.78446,0.7079773904768673
GW240919_061559,GW241110_124123,52.267644368445985,-0.20667636,29.090372,-0.5,-420.14233,-0.4869408,149.66911,-3.8456369271671047
GW240919_061559,GW241111_111552,53.20825667164116,-0.20667636,1.9122413,0.5,0.8244364,-0.056639533,11.602022,0.8411269132401551
GW240919_061559,GW241113_163507,55.42995723177162,-0.24045733,4.470738,-0.5,-10.456629,-0.27728817,128.80264,0.6693341789835977
GW240919_061559,GW241114_024711,55.85500677618164,-0.24045733,11.048912,-0.5,-59.302074,-0.43111634,105.95806,0.12552149719457945
GW240919_061559,GW241114_235258,56.73401565990238,-0.24045733,2.7741468,0.1,-4.1583824,-0.28335783,74.058105,0.7394546623180879
GW240919_061559,GW241116_151753,58.3763248561847,-0.24045733,6.211932,-0.5,-18.679588,-0.6039202,104.431244,0.5777852206310456
GW240919_061559,GW241124_024914,65.8564253692191,-0.39246207,9.301892,-0.5,-42.56045,-0.66840994,149.66975,0.10403880670403409
GW240919_061559,GW241125_010116,66.781453549379,-0.39246207,11.710618,-0.5,-67.456825,-0.5014478,153.47699,-0.1731408484246846
GW240919_061559,GW241127_061008,68.99593794496248,-0.39246207,45.96783,-0.5,-1052.5334,-0.5915713,143.09761,-11.140328323961455
GW240919_061559,GW241129_021832,70.83510907869923,-0.39246207,23.004166,-0.5,-261.90695,-0.024750687,137.07492,-2.3380191390495155
GW240919_061559,GW241130_034908,71.8980256095225,-0.39246207,9.513419,-0.5,-42.692307,-0.2108452,60.452606,0.1025708207699791
GW240919_061559,GW241130_110422,72.20026525910806,-0.39246207,15.496631,-0.5,-118.27266,-0.4738088,144.00505,-0.7388905233738569
GW240919_061559,GW241201_055758,72.9874934301277,-0.39246207,9.414835,-0.5,-43.53355,-0.638342,145.26628,0.09320497282901732
GW240919_061559,GW241210_060606,81.99314413356284,-0.38587266,3.946535,-0.5,-5.9457765,-0.28567007,35.917686,0.5206935234121699
GW240919_061559,GW241210_120900,82.24515561755885,-0.38587266,5.1043816,-0.5,-12.221655,-0.6694627,77.98666,0.45082206999298635
GW240919_061559,GW241225_042553,96.9235422558641,-0.7066782,1.4078602,0.5,-0.32475808,-0.002666829,23.062798,0.144559349874131
GW240919_061559,GW241225_082815,97.09185731569926,-0.7066782,10.627866,-0.5,-54.613453,-0.059190705,95.7376,-0.4598548456172357
GW240919_061559,GW241229_155844,101.40469390356154,-0.8908795,6.451706,-0.5,-20.436907,-0.732522,122.23673,-0.3312588208565973
GW240919_061559,GW241230_084504,102.1035341483189,-0.8908795,2.360842,0.1,-3.2159765,-0.39869297,66.88008,-0.13953244414719862
GW240919_061559,GW241230_233618,102.72244064678749,-0.8908795,1.897708,0.5,-0.13499436,-0.45956972,18.86123,-0.10523083983419806
GW240919_061559,GW241231_054133,102.97609301029256,-0.8908795,7.9220457,-0.5,-27.579124,-0.042073183,27.080072,-0.4107755183968503
GW240919_061559,GW250101_011205,103.78895657108338,-0.8908795,1.7586623,0.5,0.25822365,-0.5370028,16.30557,-0.10085301221616638
GW240919_061559,GW250104_015122,106.81624001655038,-0.8908795,1.1976911,0.5,0.7789354,-0.38025877,12.956535,-0.09505575449403225
GW240919_061559,GW250108_152221,111.3794272491529,-0.8908795,12.547142,-0.5,-76.796265,-0.38944596,109.861435,-0.9587264000831486
GW240919_061559,GW250109_010541,111.78451720118522,-0.8908795,0.569027,1.0,2.1629581,-0.32238626,4.067522,-0.07964696610618166
GW240919_061559,GW250109_074552,112.06242111945869,-0.8908795,3.8030474,-0.5,-7.542754,-0.43156058,101.56263,-0.1877039072633344
GW240919_061559,GW250114_082203,117.08754661842629,-1.2459191,34.717438,-0.5,-598.07434,-1.5346936,80.524345,-7.247820880420479
GW240919_061559,GW250116_015318,118.8175831185364,-1.2459191,10.30346,-0.5,-52.242615,-0.74436074,154.89607,-1.1708937295745303
GW240919_061559,GW250118_023225,120.84475403104943,-1.2459191,1.6074364,0.5,-0.19918983,-0.611686,21.2756,-0.5914768748793071
GW240919_061559,GW250118_055802,120.98753793122592,-1.2459191,6.5879,-0.5,-19.895374,-0.48313203,61.075058,-0.8107610836633379
GW240919_061559,GW250118_170523,121.4509724667144,-1.2459191,4.9355645,-0.5,-10.478983,-0.21406947,48.19701,-0.7059252493537472
GW240919_061559,GW250119_025138,121.85809701423678,-1.2459191,21.436792,-0.5,-227.45445,-0.15733801,154.102,-3.121585716175118
GW240919_061559,GW250119_190238,122.53239724790885,-1.2459191,22.078815,-0.5,-238.3969,-0.19480729,34.947327,-3.243411603051814
GW240920_073424,GW240920_124024,0.2125047143327969,1.0956955,9.086835,-0.5,-39.048225,-1.0247003,67.8695,2.1782585915579364
GW240920_073424,GW240921_201835,1.5306865499416986,1.6291271,6.782858,-0.5,-22.405245,-0.14674611,114.952484,3.0930402923180975
GW240920_073424,GW240922_142106,2.2824296426165986,1.706399,11.526706,-0.5,-64.384254,-0.04669179,94.61804,2.7313463459461484
GW240920_073424,GW240923_204006,3.5456208268304668,1.2099575,8.153513,-0.5,-31.7031,-0.12856555,86.43084,2.416292314619097
GW240920_073424,GW240924_000316,3.6867138383675506,1.2099575,9.569364,-0.5,-44.476326,-0.23765205,113.61753,2.274083720166758
GW240920_073424,GW240925_005809,4.724832295996172,0.790937,8.429647,-0.5,-33.161415,-0.847648,58.968925,1.827028586981849
GW240920_073424,GW240930_035959,9.85110525612202,0.5435311,3.2236192,-0.5,-3.2689154,-0.15053077,28.115488,1.8214940054270843
GW240920_073424,GW240930_234614,10.67488943296726,0.669271,12.050636,-0.5,-70.80909,-0.15385556,111.999596,1.2415011314404674
GW240920_073424,GW241002_030559,11.813601848999108,0.5157103,9.06507,-0.5,-40.039127,-0.13292588,122.65884,1.3740728096876842
GW240920_073424,GW241006_015333,15.763298988483019,0.035988156,4.50192,-0.5,-8.076783,-0.22619171,36.795013,1.0738804207891937
GW240920_073424,GW241007_082943,17.038411088061554,0.52348214,17.522951,-0.5,-151.7711,-0.3221705,166.4835,0.140751684559689
GW240920_073424,GW241009_022835,18.787629759587624,0.09474692,7.923313,-0.5,-30.802757,-0.44620684,135.06459,0.9012195867181029
GW240920_073424,GW241009_084816,19.051300112293273,0.09474692,17.003956,-0.5,-142.7628,-0.0793983,157.6709,-0.345269035916953
GW240920_073424,GW241009_220455,19.604526009714164,0.09474692,1.2185822,0.5,0.7894217,-0.2727542,12.949146,1.252945880351431
GW240920_073424,GW241011_233834,21.669565818505706,0.3320092,13.739348,-0.5,-92.03201,-0.96780723,96.847626,0.5439997806893306
GW240920_073424,GW241101_220523,42.604844873895246,0.09330103,3.9840465,-0.5,-8.272004,-0.21277992,107.7089,1.1500846827917244
GW240920_073424,GW241102_124058,43.21289720797152,0.09330103,3.8716507,-0.5,-5.088736,-0.4690707,26.57358,1.185525070809251
GW240920_073424,GW241102_144729,43.30075541359683,0.09330103,11.67741,-0.5,-66.72365,-0.095485024,128.80443,0.4993229825726384
GW240920_073424,GW241109_033317,49.83256400945838,-0.20667636,1.1409595,1.0,-0.96346164,-0.1831232,30.491308,0.8212216461642706
GW240920_073424,GW241109_115924,50.184032813970134,-0.20667636,4.914652,-0.5,-12.452124,-0.10508155,135.52005,0.6933145298740608
GW240920_073424,GW241110_124123,51.21318517385809,-0.20667636,19.18822,-0.5,-182.03874,-0.25789002,156.96492,-1.1947500084953295
GW240920_073424,GW241111_111552,52.153797477053274,-0.20667636,3.6499107,-0.5,-4.7494926,-0.17241125,32.08136,0.7790704967788759
GW240920_073424,GW241113_163507,54.375498037183725,-0.24045733,3.2624946,-0.5,-5.832393,-0.04823738,96.255806,0.7208173407524875
GW240920_073424,GW241114_024711,54.80054758159375,-0.24045733,6.9717665,-0.5,-22.930109,-0.20206554,80.22457,0.5304627520922963
GW240920_073424,GW241114_235258,55.67955646531449,-0.24045733,3.85276,-0.5,-7.7875185,-0.054307036,105.7309,0.6990502765731059
GW240920_073424,GW241116_151753,57.32186566159681,-0.24045733,6.0575395,-0.5,-17.866182,-0.37486944,108.87898,0.5868411415546845
GW240920_073424,GW241124_024914,64.8019661746312,-0.39246207,8.537073,-0.5,-35.883816,-0.43935916,147.70425,0.17837202531304325
GW240920_073424,GW241125_010116,65.72699435479112,-0.39246207,11.920333,-0.5,-70.146164,-0.27239698,173.64786,-0.2030821553997508
GW240920_073424,GW241127_061008,67.94147875037459,-0.39246207,24.258408,-0.5,-291.89133,-0.8206221,171.76755,-2.6718452137065802
GW240920_073424,GW241129_021832,69.78064988411136,-0.39246207,18.807682,-0.5,-174.93597,-0.2043001,163.91011,-1.3697421573731108
GW240920_073424,GW241130_034908,70.84356641493461,-0.39246207,4.145388,-0.5,-6.7258353,-0.01820559,37.26824,0.5029975729823225
GW240920_073424,GW241130_110422,71.14580606452017,-0.39246207,11.994714,-0.5,-70.52061,-0.24475801,135.06702,-0.20725095514848416
GW240920_073424,GW241201_055758,71.93303423553981,-0.39246207,9.451768,-0.5,-44.038853,-0.40929124,157.73862,0.08757927189463885
GW240920_073424,GW241210_060606,80.93868493897496,-0.38587266,1.0264492,1.0,0.91735494,-0.05661928,11.396621,0.5971030605936938
GW240920_073424,GW241210_120900,81.19069642297096,-0.38587266,4.9915104,-0.5,-11.811684,-0.44041193,82.60535,0.4553864168846916
GW240920_073424,GW241225_042553,95.86908306127621,-0.7066782,2.4642618,0.1,-2.5104043,-0.22638395,43.303627,0.12022581904407109
GW240920_073424,GW241225_082815,96.03739812111137,-0.7066782,7.4153657,-0.5,-26.035927,-0.2882415,81.76875,-0.1416916903445682
GW240920_073424,GW241229_155844,100.35023470897366,-0.8908795,4.486446,-0.5,-9.795517,-0.50347126,89.66306,-0.21278466885398356
GW240920_073424,GW241230_084504,101.04907495373101,-0.8908795,2.7023022,0.1,-4.129577,-0.16964217,78.45865,-0.14970386609215391
GW240920_073424,GW241230_233618,101.6679814521996,-0.8908795,3.5293787,-0.5,-4.9058,-0.23051894,41.645016,-0.15834581307122575
GW240920_073424,GW241231_054133,101.92163381570467,-0.8908795,3.488835,-0.5,-3.7811701,-0.27112398,25.19004,-0.14582493410697578
GW240920_073424,GW250101_011205,102.73449737649548,-0.8908795,4.370835,-0.5,-8.1330385,-0.30795202,49.14193,-0.19427574031534373
GW240920_073424,GW250104_015122,105.76178082196249,-0.8908795,2.8248796,0.1,-2.790655,-0.15120797,35.449005,-0.13479719676659896
GW240920_073424,GW250108_152221,110.32496805456502,-0.8908795,11.349139,-0.5,-62.90604,-0.16039518,122.81838,-0.804081885848158
GW240920_073424,GW250109_010541,110.73005800659733,-0.8908795,3.6948574,-0.5,-5.084218,-0.09333548,35.3517,-0.16033220210979565
GW240920_073424,GW250109_074552,111.00796192487081,-0.8908795,3.4045238,-0.5,-6.161722,-0.20250979,93.46238,-0.17232841625461237
GW240920_073424,GW250114_082203,116.0330874238384,-0.8908795,11.442604,-0.5,-63.032867,-1.7637444,77.460526,-0.805493895926258
GW240920_073424,GW250116_015318,117.76312392394851,-1.2459191,10.323284,-0.5,-52.611702,-0.51531,168.50984,-1.1750029010214724
GW240920_073424,GW250118_023225,119.79029483646154,-1.2459191,2.4851048,0.1,-2.202864,-0.3826352,36.49221,-0.6137844487840708
GW240920_073424,GW250118_055802,119.93307873663802,-1.2459191,7.791986,-0.5,-28.938347,-0.25408125,87.601395,-0.9114395214998582
GW240920_073424,GW250118_170523,120.39651327212651,-1.2459191,4.0221443,-0.5,-6.7414746,-0.014981314,46.872433,-0.664314319535315
GW240920_073424,GW250119_025138,120.8036378196489,-1.2459191,16.947205,-0.5,-141.86841,-0.07171278,162.66064,-2.1687276620071905
GW240920_073424,GW250119_190238,121.47793805332095,-1.2459191,4.7710857,-0.5,-8.883126,-0.42385808,31.268484,-0.6881580433768115
GW240920_124024,GW240921_201835,1.318181835608902,0.7966598,2.9542482,0.1,-3.6607058,-1.1714463,47.51236,2.163296043559839
GW240920_124024,GW240922_142106,2.0699249282838017,1.3380204,25.18311,-0.5,-314.4948,-1.071392,156.8997,-0.5569909913635369
GW240920_124024,GW240923_204006,3.33311611249767,1.2372308,12.616598,-0.5,-77.7592,-1.1532658,115.49921,1.9408317027342108
GW240920_124024,GW240924_000316,3.4742091240347537,1.2099575,9.457855,-0.5,-43.189045,-1.2623523,100.27362,2.288415450454756
GW240920_124024,GW240925_005809,4.512327581663374,0.9949764,27.999096,-0.5,-388.7303,-0.17705223,126.37554,-1.8526062556291465
GW240920_124024,GW240930_035959,9.638600541789222,0.5435311,13.925844,-0.5,-94.56682,-0.87416947,95.98194,0.8050439202191899
GW240920_124024,GW240930_234614,10.462384718634464,0.669271,6.178234,-0.5,-16.88398,-1.1785558,46.977444,1.841867413916261
GW240920_124024,GW241002_030559,11.601097134666311,0.669271,8.618519,-0.5,-35.921196,-1.1576262,107.134254,1.629919719427213
GW240920_124024,GW241006_015333,15.550794274150222,0.035988156,14.224672,-0.5,-98.55588,-0.7985085,87.96002,0.06654640241351562
GW240920_124024,GW241007_082943,16.825906373728756,0.52348214,12.583241,-0.5,-77.03274,-1.3468708,98.84301,0.972838899053981
GW240920_124024,GW241009_022835,18.575125045254826,0.09474692,4.2470803,-0.5,-8.328684,-1.4709071,68.74745,1.1514309620769827
GW240920_124024,GW241009_084816,18.838795397960478,0.09474692,17.695293,-0.5,-154.35347,-1.1040986,134.08484,-0.47431181600360395
GW240920_124024,GW241009_220455,19.392021295381365,0.09474692,8.026672,-0.5,-30.390215,-1.2974545,73.72174,0.9058125585922918
GW240920_124024,GW241011_233834,21.457061104172908,0.09474692,32.856564,-0.5,-536.56866,-0.05689298,151.0103,-4.729641404220926
GW240920_124024,GW241101_220523,42.39234015956245,0.09330103,1.8113587,0.5,-1.9363372,-1.2374802,48.00375,1.220621781192589
GW240920_124024,GW241102_124058,43.00039249363873,0.09330103,21.65702,-0.5,-231.17493,-0.55562955,93.26543,-1.3315681010753309
GW240920_124024,GW241102_144729,43.08825069926403,0.09330103,13.427743,-0.5,-88.42726,-1.1201853,129.56354,0.25768939749525677
GW240920_124024,GW241109_033317,49.62005929512558,-0.20667636,2.8421226,0.1,-4.310581,-1.2078234,74.41928,0.7839570446047257
GW240920_124024,GW241109_115924,49.97152809963734,-0.20667636,4.813277,-0.5,-11.920748,-1.1297818,130.20786,0.6992305153118175
GW240920_124024,GW241110_124123,51.0006804595253,-0.20667636,16.909538,-0.5,-140.3545,-1.2825903,104.72074,-0.7306654838723607
GW240920_124024,GW241111_111552,51.94129276272047,-0.20667636,5.46476,-0.5,-12.558777,-0.85228896,38.13364,0.6921271239797379
GW240920_124024,GW241113_163507,54.16299332285093,-0.24045733,4.555584,-0.5,-10.853766,-1.0729376,132.18318,0.6649127128000842
GW240920_124024,GW241114_024711,54.58804286726095,-0.24045733,14.530037,-0.5,-103.94535,-1.2267658,148.07018,-0.37150702711352696
GW240920_124024,GW241114_235258,55.467051750981696,-0.24045733,1.6589166,0.5,-1.7029747,-1.0790073,44.653797,0.7667915378436907
GW240920_124024,GW241116_151753,57.109360947264015,-0.24045733,7.622023,-0.5,-28.474339,-1.3995696,130.80278,0.4687369908093393
GW240920_124024,GW241124_024914,64.58946146029841,-0.39246207,6.347165,-0.5,-19.48598,-1.4640594,104.44483,0.3609346251164899
GW240920_124024,GW241125_010116,65.51448964045831,-0.39246207,8.658652,-0.5,-36.440556,-1.2970972,117.338135,0.1721736548477868
GW240920_124024,GW241127_061008,67.72897403604179,-0.39246207,24.568115,-0.5,-298.609,-0.20407817,114.11152,-2.74663541274812
GW240920_124024,GW241129_021832,69.56814516977856,-0.39246207,16.554436,-0.5,-134.6245,-0.8204001,113.95972,-0.9209409950596756
GW240920_124024,GW241130_034908,70.63106170060182,-0.39246207,9.415471,-0.5,-42.023235,-1.0064946,68.06651,0.1100198141717354
GW240920_124024,GW241130_110422,70.93330135018738,-0.39246207,15.490858,-0.5,-118.31214,-1.2694583,153.53635,-0.7393300909832151
GW240920_124024,GW241201_055758,71.72052952120701,-0.39246207,8.145278,-0.5,-32.435467,-1.4339914,128.77585,0.21676364796289377
GW240920_124024,GW241210_060606,80.72618022464216,-0.38587266,6.383518,-0.5,-18.666916,-1.0813196,62.12444,0.3790648237505678
GW240920_124024,GW241210_120900,80.97819170863816,-0.38587266,7.2473936,-0.5,-25.506306,-1.4651122,113.51169,0.3029196097740928
GW240920_124024,GW241225_042553,95.65657834694342,-0.7066782,1.495379,0.5,-0.49512932,-0.7983163,25.032955,0.14266254994350408
GW240920_124024,GW241225_082815,95.82489340677857,-0.7066782,14.55867,-0.5,-104.25177,-0.7364587,140.42107,-1.0124948307027262
GW240920_124024,GW241229_155844,100.13772999464086,-0.8908795,6.7122135,-0.5,-22.184124,-1.5281714,129.26012,-0.3507111740312161
GW240920_124024,GW241230_084504,100.83657023939821,-0.8908795,0.91905403,1.0,-0.86621684,-1.1943424,26.227839,-0.11337178425535643
GW240920_124024,GW241230_233618,101.4554767378668,-0.8908795,5.6126623,-0.5,-14.198924,-1.2552192,59.04384,-0.2618092727105844
GW240920_124024,GW241231_054133,101.70912910137187,-0.8908795,9.048996,-0.5,-37.843452,-0.7535763,43.9295,-0.5250517147894915
GW240920_124024,GW250101_011205,102.52199266216269,-0.8908795,3.886851,-0.5,-5.878609,-1.3326522,38.447342,-0.16917642451219805
GW240920_124024,GW250104_015122,105.5492761076297,-0.8908795,3.0726745,-0.5,-3.3212025,-1.1759082,34.886707,-0.14070396084037667
GW240920_124024,GW250108_152221,110.11246334023222,-0.8908795,13.002937,-0.5,-82.76316,-1.1850954,122.35768,-1.0251578494176121
GW240920_124024,GW250109_010541,110.51755329226454,-0.8908795,5.9180794,-0.5,-15.396061,-1.1180357,46.9656,-0.2751373979469069
GW240920_124024,GW250109_074552,110.79545721053802,-0.8908795,5.2754946,-0.5,-14.243115,-1.22721,142.054,-0.26230126990581254
GW240920_124024,GW250114_082203,115.8205827095056,-0.8908795,12.125258,-0.5,-70.10089,-0.73904413,50.377808,-0.884184567358471
GW240920_124024,GW250116_015318,117.55061920961572,-1.2459191,7.364401,-0.5,-26.330414,-1.5400102,113.58517,-0.8824045307357782
GW240920_124024,GW250118_023225,119.57779012212875,-1.2459191,2.2983947,0.1,-1.6141999,-1.4073354,31.435719,-0.6072306549921653
GW240920_124024,GW250118_055802,119.72057402230523,-1.2459191,2.0731676,0.5,-0.4736672,-1.2787815,20.505512,-0.5945327233178459
GW240920_124024,GW250118_170523,120.18400855779372,-1.2459191,8.92891,-0.5,-38.279236,-1.0097189,92.46599,-1.0154347623883644
GW240920_124024,GW250119_025138,120.59113310531609,-1.2459191,16.173975,-0.5,-128.69212,-0.95298743,128.94571,-2.0220316768475093
GW240920_124024,GW250119_190238,121.26543333898816,-1.2459191,21.18271,-0.5,-220.76143,-0.6008422,80.34895,-3.0470700451554995
GW240921_201835,GW240922_142106,0.7517430926749,1.1686022,9.073655,-0.5,-40.506374,-0.10005432,149.16415,2.2617275022693697
GW240921_201835,GW240923_204006,2.0149342768887677,1.3380204,6.3182926,-0.5,-19.45516,-0.018180558,112.18085,2.72778412408215
GW240921_201835,GW240924_000316,2.1560272884258516,1.706399,4.707049,-0.5,-10.659748,-0.090905935,87.282135,3.329479242733698
GW240921_201835,GW240925_005809,3.1941457460544727,1.2372308,10.481467,-0.5,-54.200657,-0.9943941,166.32344,2.2031168536240515
GW240921_201835,GW240930_035959,8.320418706180321,0.72702783,8.554315,-0.5,-35.96056,-0.29727688,142.86897,1.708466336348159
GW240921_201835,GW240930_234614,9.144202883025562,0.5435311,1.255756,0.5,-0.19716981,-0.0071094404,21.357016,1.855692776534395
GW240921_201835,GW241002_030559,10.282915299057409,0.669271,4.4288797,-0.5,-9.50463,-0.013820231,87.00852,1.9240241821240152
GW240921_201835,GW241006_015333,14.23261243854132,0.035988156,7.4793973,-0.5,-27.309313,-0.37293783,122.82371,0.8597582363010107
GW240921_201835,GW241007_082943,15.507724538119854,0.035988156,3.0516253,-0.5,-4.0782647,-0.17542438,52.247437,1.1183972641206128
GW240921_201835,GW241009_022835,17.256943209645925,0.52348214,0.9673405,1.0,-0.41071993,-0.2994607,21.48826,1.825897448206579
GW240921_201835,GW241009_084816,17.520613562351574,0.52348214,5.13976,-0.5,-12.615895,-0.06734782,87.35314,1.6900131493238433
GW240921_201835,GW241009_220455,18.07383945977246,0.52348214,6.6585307,-0.5,-21.664513,-0.12600806,118.32504,1.5892718660602747
GW240921_201835,GW241011_233834,20.138879268564008,0.09474692,8.520696,-0.5,-35.57418,-1.1145533,135.41086,0.8480977349514031
GW240921_201835,GW241101_220523,41.07415832395355,0.09330103,1.0581789,1.0,-1.1405163,-0.06603381,32.335327,1.2294819219944682
GW240921_201835,GW241102_124058,41.682210658029824,0.09330103,8.903964,-0.5,-38.90308,-0.61581683,140.77773,0.8090586711921481
GW240921_201835,GW241102_144729,41.77006886365513,0.09330103,5.612252,-0.5,-15.272502,-0.05126109,101.10375,1.0721457993824153
GW240921_201835,GW241109_033317,48.30187745951668,-0.20667636,3.8981965,-0.5,-8.160558,-0.03637709,118.04874,0.741093968227766
GW240921_201835,GW241109_115924,48.653346264028436,-0.20667636,3.1302912,-0.5,-5.5110793,-0.041664567,97.15167,0.7705914977249446
GW240921_201835,GW241110_124123,49.682498623916395,-0.20667636,3.5822003,-0.5,-5.7551284,-0.11114391,58.838127,0.767874417785205
GW240921_201835,GW241111_111552,50.623110927111576,-0.20667636,5.103793,-0.5,-12.401013,-0.31915736,85.42197,0.6938835575766777
GW240921_201835,GW241113_163507,52.844811487242026,-0.20667636,3.6465762,-0.5,-7.3687124,-0.09850874,119.468605,0.7499098470134249
GW240921_201835,GW241114_024711,53.26986103165205,-0.20667636,8.907254,-0.5,-39.225983,-0.055319432,163.09782,0.39523220328164355
GW240921_201835,GW241114_235258,54.14886991537279,-0.24045733,0.9757784,1.0,-1.0802329,-0.09243908,30.170033,0.7737247307740297
GW240921_201835,GW241116_151753,55.79117911165511,-0.24045733,5.113977,-0.5,-13.082987,-0.2281233,117.2805,0.6400940566684837
GW240921_201835,GW241124_024914,63.271279624689505,-0.39246207,2.7403066,0.1,-3.7150826,-0.29261306,61.41041,0.5365172894423933
GW240921_201835,GW241125_010116,64.19630780484941,-0.39246207,3.4322546,-0.5,-5.6600714,-0.12565087,69.92677,0.5148630794688057
GW240921_201835,GW241127_061008,66.41079220043288,-0.39246207,4.298651,-0.5,-8.514034,-0.9673682,68.37492,0.48308895606149227
GW240921_201835,GW241129_021832,68.24996333416965,-0.39246207,4.220918,-0.5,-8.2800665,-0.3510462,70.480545,0.48569379761479414
GW240921_201835,GW241130_034908,69.31287986499292,-0.39246207,6.0346255,-0.5,-17.59767,-0.16495171,101.642426,0.38195780605763335
GW240921_201835,GW241130_110422,69.61511951457847,-0.39246207,6.0275025,-0.5,-17.704905,-0.09801189,109.43994,0.3807639234424961
GW240921_201835,GW241201_055758,70.40234768559812,-0.39246207,3.8497553,-0.5,-7.3283963,-0.2625451,84.46542,0.49628905988598304
GW240921_201835,GW241210_060606,79.40799838903325,-0.38587266,5.9526124,-0.5,-17.24556,-0.090126835,107.50092,0.3948892576874661
GW240921_201835,GW241210_120900,79.66000987302925,-0.38587266,5.742713,-0.5,-16.397778,-0.2936658,125.38898,0.4043278997233496
GW240921_201835,GW241225_042553,94.33839651133451,-0.7066782,3.2068074,-0.5,-5.120903,-0.37313008,72.53813,0.091162264348564
GW240921_201835,GW241225_082815,94.50671157116967,-0.7066782,8.610898,-0.5,-36.597374,-0.4349876,155.1065,-0.2592758134964073
GW240921_201835,GW241229_155844,98.81954815903195,-0.7066782,5.0115867,-0.5,-12.700149,-0.35672513,122.991455,0.006779988693294103
GW240921_201835,GW241230_084504,99.51838840378932,-0.7066782,1.2597536,0.5,-1.4874899,-0.022896048,40.73977,0.13161426726349928
GW240921_201835,GW241230_233618,100.13729490225789,-0.8908795,5.340474,-0.5,-13.83685,-0.08377282,98.77671,-0.2577781829109664
GW240921_201835,GW241231_054133,100.39094726576297,-0.8908795,5.639236,-0.5,-15.183176,-0.41787007,90.051254,-0.2727672791264573
GW240921_201835,GW250101_011205,101.20381082655379,-0.8908795,4.33841,-0.5,-8.949223,-0.16120589,78.724686,-0.20336259023526426
GW240921_201835,GW250104_015122,104.23109427202078,-0.8908795,4.323849,-0.5,-8.976313,-0.0044618594,82.078224,-0.20366419307370465
GW240921_201835,GW250108_152221,108.79428150462331,-0.8908795,5.585247,-0.5,-15.107175,-0.013649064,99.90883,-0.27192113271359286
GW240921_201835,GW250109_010541,109.19937145665564,-0.8908795,5.319065,-0.5,-13.572627,-0.053410634,91.26673,-0.2548364987874498
GW240921_201835,GW250109_074552,109.4772753749291,-0.8908795,4.5591173,-0.5,-10.997483,-0.05576367,141.00157,-0.22616656149063918
GW240921_201835,GW250114_082203,114.5024008738967,-0.8908795,3.6827796,-0.5,-6.039079,-1.9104905,58.07757,-0.17096299078728677
GW240921_201835,GW250116_015318,116.23243737400682,-0.8908795,3.0554082,-0.5,-4.5604625,-0.36856386,66.19157,-0.1545010564059177
GW240921_201835,GW250118_023225,118.25960828651985,-1.2459191,3.8546374,-0.5,-7.2072124,-0.23588909,78.85527,-0.6694995344400886
GW240921_201835,GW250118_055802,118.40239218669633,-1.2459191,1.6446607,0.5,-0.8907314,-0.10733513,29.843319,-0.5991760384243965
GW240921_201835,GW250118_170523,118.86582672218482,-1.2459191,7.086961,-0.5,-24.67897,-0.16172743,130.42212,-0.8640184581586814
GW240921_201835,GW250119_025138,119.27295126970719,-1.2459191,4.7910676,-0.5,-10.905535,-0.21845889,82.288086,-0.7106741934062327
GW240921_201835,GW250119_190238,119.94725150337926,-1.2459191,7.9195867,-0.5,-30.60595,-0.5706042,124.16835,-0.9300054982695387
GW240922_142106,GW240923_204006,1.263191184213868,0.7966598,7.834291,-0.5,-28.98757,-0.08187377,76.52015,1.8813235964478439
GW240922_142106,GW240924_000316,1.4042841957509518,1.6291271,6.484728,-0.5,-19.587559,-0.19096026,72.2111,3.1244105337859818
GW240922_142106,GW240925_005809,2.4424026533795726,1.706399,7.394819,-0.5,-24.54781,-0.8943398,41.810074,3.1748588091590464
GW240922_142106,GW240930_035959,7.5686756135054205,0.72702783,8.7745,-0.5,-36.316578,-0.19722256,67.45519,1.7045026681504594
GW240922_142106,GW240930_234614,8.392459790350662,0.72702783,16.66477,-0.5,-136.83875,-0.107163765,138.84007,0.5853557626592887
GW240922_142106,GW241002_030559,9.531172206382509,0.5435311,5.337942,-0.5,-13.100931,-0.08623409,68.79892,1.7120308858949582
GW240922_142106,GW241006_015333,13.48086934586642,0.5157103,12.174003,-0.5,-71.75326,-0.2728835,85.93877,1.0209887896561785
GW240922_142106,GW241007_082943,14.755981445444954,0.035988156,11.385863,-0.5,-62.854904,-0.2754787,97.479385,0.4640172801132142
GW240922_142106,GW241009_022835,16.505200116971025,0.52348214,7.8782454,-0.5,-30.386515,-0.39951503,130.31624,1.4921669005363352
GW240922_142106,GW241009_084816,16.768870469676674,0.52348214,7.607109,-0.5,-26.909765,-0.03270651,63.19516,1.5308747145728208
GW240922_142106,GW241009_220455,17.322096367097565,0.52348214,9.438703,-0.5,-42.849827,-0.2260624,92.45688,1.3534086782308064
GW240922_142106,GW241011_233834,19.387136175889108,0.09474692,7.1590333,-0.5,-22.855253,-1.0144991,40.949924,0.9897018071475484
GW240922_142106,GW241101_220523,40.32241523127865,0.09330103,4.945029,-0.5,-12.5388565,-0.16608813,132.12811,1.1025803882792973
GW240922_142106,GW241102_124058,40.930467565354924,0.09330103,12.399031,-0.5,-74.01529,-0.5157625,68.07157,0.4181427021297411
GW240922_142106,GW241102_144729,41.01832577098023,0.09330103,4.912355,-0.5,-10.458111,-0.048793238,50.26404,1.1257460259954832
GW240922_142106,GW241109_033317,47.55013436684178,-0.20667636,3.1400487,-0.5,-5.2184744,-0.13643141,82.91263,0.7738491661923816
GW240922_142106,GW241109_115924,47.901603171353536,-0.20667636,1.9472266,0.5,-2.2484975,-0.058389757,53.091682,0.8069149123024639
GW240922_142106,GW241110_124123,48.930755531241495,-0.20667636,13.734263,-0.5,-91.96741,-0.21119824,97.06577,-0.1919557148546875
GW240922_142106,GW241111_111552,49.871367834436676,-0.20667636,15.526161,-0.5,-118.371414,-0.21910305,120.55446,-0.4859203547049283
GW240922_142106,GW241113_163507,52.093068394567126,-0.20667636,2.1241403,0.5,-2.7467575,-0.0015455872,62.05626,0.8013676168514504
GW240922_142106,GW241114_024711,52.51811793897715,-0.20667636,2.0558653,0.5,-0.60350007,-0.15537375,22.08922,0.8252292186986289
GW240922_142106,GW241114_235258,53.39712682269789,-0.20667636,5.0027237,-0.5,-12.856471,-0.007615247,135.73378,0.6888127948227515
GW240922_142106,GW241116_151753,55.03943601898021,-0.24045733,2.2236028,0.1,-1.937542,-0.32817763,38.90356,0.7641800218172383
GW240922_142106,GW241124_024914,62.519536532014605,-0.24045733,5.8516965,-0.5,-16.50583,-0.39266738,98.33179,0.6019863904472487
GW240922_142106,GW241125_010116,63.44456471217451,-0.39246207,5.8180103,-0.5,-15.940273,-0.22570519,81.29399,0.40041015353853726
GW240922_142106,GW241127_061008,65.65904910775798,-0.39246207,14.0936165,-0.5,-96.55804,-0.86731386,81.16798,-0.49713436900945984
GW240922_142106,GW241129_021832,67.49822024149475,-0.39246207,10.246114,-0.5,-50.31011,-0.25099188,78.69106,0.017759287170778126
GW240922_142106,GW241130_034908,68.56113677231802,-0.39246207,13.454718,-0.5,-88.41278,-0.06489738,107.51724,-0.4064505094413351
GW240922_142106,GW241130_110422,68.86337642190357,-0.39246207,3.8599014,-0.5,-5.8897886,-0.19806622,40.45194,0.5123055604477481
GW240922_142106,GW241201_055758,69.65060459292322,-0.39246207,4.012793,-0.5,-7.359293,-0.36259943,64.8966,0.4959450769965099
GW240922_142106,GW241210_060606,78.65625529635835,-0.38587266,9.992086,-0.5,-48.328655,-0.009927487,103.02375,0.04883075969221798
GW240922_142106,GW241210_120900,78.90826678035435,-0.38587266,2.917688,0.1,-3.5465865,-0.39372012,46.76558,0.5474045074844825
GW240922_142106,GW241225_042553,93.58665341865961,-0.7066782,7.8439455,-0.5,-30.181335,-0.27307576,133.9983,-0.18784391099036452
GW240922_142106,GW241225_082815,93.75496847849477,-0.7066782,1.6110697,0.5,0.3104238,-0.33493328,16.479025,0.1516310421039347
GW240922_142106,GW241229_155844,98.06780506635705,-0.7066782,3.19112,-0.5,-4.77963,-0.45677945,62.406143,0.09496176890877334
GW240922_142106,GW241230_084504,98.76664531111442,-0.7066782,5.8547244,-0.5,-17.596924,-0.12295037,168.26654,-0.047737447762817825
GW240922_142106,GW241230_233618,99.38555180958299,-0.7066782,8.852233,-0.5,-37.728592,-0.18382715,97.88042,-0.27187004132387826
GW240922_142106,GW241231_054133,99.63920417308807,-0.7066782,20.20434,-0.5,-201.40909,-0.31781575,119.807755,-2.0941797459499636
GW240922_142106,GW250101_011205,100.45206773387889,-0.8908795,11.339453,-0.5,-62.728394,-0.2612602,118.62594,-0.8021040864278483
GW240922_142106,GW250104_015122,103.47935117934588,-0.8908795,10.419755,-0.5,-52.972313,-0.104516186,123.51045,-0.6934863780415106
GW240922_142106,GW250108_152221,108.04253841194841,-0.8908795,5.379495,-0.5,-12.817509,-0.113703385,53.83349,-0.24642951343667008
GW240922_142106,GW250109_010541,108.44762836398074,-0.8908795,12.752672,-0.5,-79.368546,-0.04664369,110.127655,-0.9873644634194931
GW240922_142106,GW250109_074552,108.7255322822542,-0.8908795,0.6820077,1.0,-0.5761254,-0.155818,18.510777,-0.11014209907070771
GW240922_142106,GW250114_082203,113.7506577812218,-0.8908795,26.636717,-0.5,-351.8611,-1.8104361,143.08994,-4.0211153644265405
GW240922_142106,GW250116_015318,115.48069428133192,-0.8908795,5.4857807,-0.5,-14.307701,-0.46861818,86.64771,-0.2630203239446669
GW240922_142106,GW250118_023225,117.50786519384495,-1.2459191,9.146777,-0.5,-40.8648,-0.3359434,128.92166,-1.0442207073107752
GW240922_142106,GW250118_055802,117.65064909402143,-1.2459191,15.164029,-0.5,-113.41055,-0.20738944,158.62564,-1.8518968425290332
GW240922_142106,GW250118_170523,118.11408362950992,-1.2459191,5.912172,-0.5,-15.996069,-0.061673105,64.45019,-0.767348813214058
GW240922_142106,GW250119_025138,118.52120817703229,-1.2459191,7.850886,-0.5,-28.879175,-0.118404575,68.06072,-0.9107807434348765
GW240922_142106,GW250119_190238,119.19550841070436,-1.2459191,15.132948,-0.5,-111.50192,-0.47054985,77.138054,-1.8306474222975464
GW240923_204006,GW240924_000316,0.14109301153708387,1.802326,11.059622,-0.5,-60.028877,-0.10908649,143.77048,2.9110203549957387
GW240923_204006,GW240925_005809,1.179211469165705,0.7966598,6.5055146,-0.5,-19.245514,-0.9762136,57.06925,1.9897851627746834
GW240923_204006,GW240930_035959,6.305484429291553,0.49711657,7.231055,-0.5,-24.530737,-0.2790963,73.77383,1.5213052143986798
GW240923_204006,GW240930_234614,7.129268606136795,0.5732528,12.480556,-0.5,-76.36326,-0.02529,133.48932,1.0483558625836475
GW240923_204006,GW241002_030559,8.267981022168641,0.72702783,9.320234,-0.5,-42.527164,-0.0043603284,135.4182,1.6353581310844956
GW240923_204006,GW241006_015333,12.217678161652552,0.5157103,5.0977364,-0.5,-11.286869,-0.35475728,49.639683,1.6941813170711397
GW240923_204006,GW241007_082943,13.492790261231088,0.5157103,9.398463,-0.5,-42.68009,-0.19360493,102.217354,1.344670068592258
GW240923_204006,GW241009_022835,15.242008932757157,0.035988156,5.716054,-0.5,-15.842004,-0.3176413,102.02832,0.9874276224302196
GW240923_204006,GW241009_084816,15.505679285462808,0.035988156,8.040321,-0.5,-30.80101,-0.049167257,85.847496,0.8208840023923252
GW240923_204006,GW241009_220455,16.058905182883695,0.52348214,6.193335,-0.5,-17.868458,-0.14418863,73.52621,1.6315346141232072
GW240923_204006,GW241011_233834,18.12394499167524,0.52348214,4.1405125,-0.5,-6.666292,-1.0963728,36.499306,1.756252070168923
GW240923_204006,GW241101_220523,39.05922404706478,0.104784556,5.245848,-0.5,-14.132773,-0.08421437,144.51468,1.1005389773294314
GW240923_204006,GW241102_124058,39.66727638114106,0.104784556,9.433442,-0.5,-42.555546,-0.5976363,81.76637,0.7840987465866717
GW240923_204006,GW241102_144729,39.75513458676636,0.104784556,9.234637,-0.5,-41.38922,-0.03308053,112.98216,0.7970838285889179
GW240923_204006,GW241109_033317,46.286943182627915,0.09330103,4.06622,-0.5,-8.618121,-0.054557648,110.77791,1.1462312462587678
GW240923_204006,GW241109_115924,46.63841198713967,-0.20667636,3.9157093,-0.5,-8.077798,-0.023484008,109.94598,0.7420153613954016
GW240923_204006,GW241110_124123,47.66756434702763,-0.20667636,7.916414,-0.5,-29.629438,-0.12932447,77.133965,0.5020737399989206
GW240923_204006,GW241111_111552,48.6081766502228,-0.20667636,10.701282,-0.5,-55.656734,-0.3009768,109.800255,0.21230314849101353
GW240923_204006,GW241113_163507,50.82987721035326,-0.20667636,0.5646637,1.0,-0.70156235,-0.08032818,16.925703,0.8241374585752479
GW240923_204006,GW241114_024711,51.25492675476328,-0.20667636,4.6728997,-0.5,-9.737291,-0.07349999,59.187836,0.7235396658668412
GW240923_204006,GW241114_235258,52.133935638484026,-0.20667636,5.0868225,-0.5,-13.340051,-0.07425852,142.17032,0.683428941014121
GW240923_204006,GW241116_151753,53.776244834766345,-0.20667636,6.0384817,-0.5,-17.834095,-0.24630387,113.14526,0.633395242819515
GW240923_204006,GW241124_024914,61.25634534780074,-0.24045733,3.7710125,-0.5,-6.642758,-0.3107936,68.22949,0.7117952792758593
GW240923_204006,GW241125_010116,62.181373527960645,-0.24045733,5.6699743,-0.5,-15.297317,-0.14383143,87.88057,0.6154411833545771
GW240923_204006,GW241127_061008,64.39585792354411,-0.39246207,11.239077,-0.5,-61.258556,-0.94918764,99.36053,-0.10413344795878063
GW240923_204006,GW241129_021832,66.23502905728088,-0.39246207,10.385089,-0.5,-52.31058,-0.33286566,105.89335,-0.004512648013646703
GW240923_204006,GW241130_034908,67.29794558810416,-0.39246207,5.5428185,-0.5,-13.7927685,-0.14677115,57.827602,0.4243190427472423
GW240923_204006,GW241130_110422,67.6001852376897,-0.39246207,6.6887903,-0.5,-21.153643,-0.11619245,83.22632,0.3423679688220026
GW240923_204006,GW241201_055758,68.38741340870935,-0.39246207,5.5083723,-0.5,-14.637841,-0.2807257,96.44148,0.4149105652422329
GW240923_204006,GW241210_060606,77.39306411214449,-0.38587266,6.5967607,-0.5,-20.519285,-0.07194628,81.141624,0.35844177674484157
GW240923_204006,GW241210_120900,77.64507559614049,-0.38587266,6.938276,-0.5,-23.52134,-0.31184638,120.553375,0.3250189031873059
GW240923_204006,GW241225_042553,92.32346223444574,-0.7066782,6.022865,-0.5,-17.698416,-0.3549495,110.53525,-0.04886739134067114
GW240923_204006,GW241225_082815,92.49177729428091,-0.7066782,7.03317,-0.5,-23.482216,-0.41680706,86.02723,-0.11326037243067347
GW240923_204006,GW241229_155844,96.80461388214319,-0.7066782,0.68858105,1.0,-0.036292475,-0.37490568,14.236034,0.14777093395959584
GW240923_204006,GW241230_084504,97.50345412690055,-0.7066782,3.1669173,-0.5,-5.52574,-0.041076608,93.46394,0.08665507717243803
GW240923_204006,GW241230_233618,98.12236062536913,-0.7066782,9.874256,-0.5,-47.61137,-0.10195339,127.698524,-0.38189831579810163
GW240923_204006,GW241231_054133,98.37601298887421,-0.7066782,10.330307,-0.5,-51.482956,-0.39968953,92.484184,-0.4250019758093717
GW240923_204006,GW250101_011205,99.18887654966503,-0.7066782,10.602002,-0.5,-54.982376,-0.17938645,131.75014,-0.4639621908412598
GW240923_204006,GW250104_015122,102.21615999513202,-0.8908795,8.200178,-0.5,-32.585907,-0.022642419,111.68317,-0.4665177027589305
GW240923_204006,GW250108_152221,106.77934722773455,-0.8908795,10.071278,-0.5,-49.43438,-0.03182962,121.329285,-0.6540973828565712
GW240923_204006,GW250109_010541,107.18443717976687,-0.8908795,11.016704,-0.5,-59.209145,-0.035230074,120.46194,-0.7629231107743714
GW240923_204006,GW250109_074552,107.46234109804034,-0.8908795,3.393346,-0.5,-6.1602354,-0.07394423,94.87147,-0.17231186345502325
GW240923_204006,GW250114_082203,112.48746659700794,-0.8908795,7.8108425,-0.5,-28.54803,-1.8923099,67.12133,-0.4215626774117043
GW240923_204006,GW250116_015318,114.21750309711805,-0.8908795,4.8225327,-0.5,-11.055008,-0.38674444,82.755165,-0.2268070030034141
GW240923_204006,GW250118_023225,116.24467400963108,-0.8908795,6.745764,-0.5,-21.989824,-0.25406966,105.296745,-0.3485479705144181
GW240923_204006,GW250118_055802,116.38745790980757,-0.8908795,10.047495,-0.5,-49.257137,-0.12551568,124.85346,-0.6521240852881061
GW240923_204006,GW250118_170523,116.85089244529605,-1.2459191,8.712963,-0.5,-36.79809,-0.14354686,111.521194,-0.9989446914329664
GW240923_204006,GW250119_025138,117.25801699281843,-1.2459191,8.082684,-0.5,-31.19499,-0.20027834,88.59409,-0.9365634860036107
GW240923_204006,GW250119_190238,117.93231722649048,-1.2459191,12.702342,-0.5,-78.67845,-0.55242366,107.01029,-1.4652127416114846
GW240924_000316,GW240925_005809,1.038118457628621,0.98100364,10.351129,-0.5,-51.9736,-1.0853001,106.3478,1.8775102394220462
GW240924_000316,GW240930_035959,6.164391417754469,0.49711657,9.500048,-0.5,-43.754875,-0.38818282,109.43134,1.3072764539538482
GW240924_000316,GW240930_234614,6.988175594599711,0.5732528,5.7346354,-0.5,-15.147286,-0.08379649,68.5762,1.7298937509434777
GW240924_000316,GW241002_030559,8.126888010631557,0.72702783,0.64633125,1.0,0.5702922,-0.104726166,10.006783,2.1151765290282976
GW240924_000316,GW241006_015333,12.076585150115468,0.5157103,12.829196,-0.5,-80.85115,-0.46384376,142.52577,0.9196989069044956
GW240924_000316,GW241007_082943,13.351697249694004,0.5157103,5.3588843,-0.5,-13.089906,-0.08451844,64.947945,1.6741075066080342
GW240924_000316,GW241009_022835,15.100915921220073,0.035988156,4.5652485,-0.5,-10.012078,-0.20855479,85.06594,1.0523341331577636
GW240924_000316,GW241009_084816,15.364586273925724,0.035988156,5.3600397,-0.5,-13.066485,-0.15825374,64.00724,1.0183283971972488
GW240924_000316,GW241009_220455,15.917812171346611,0.52348214,9.602635,-0.5,-44.979813,-0.035102136,125.03363,1.3296948338767849
GW240924_000316,GW241011_233834,17.982851980138157,0.52348214,10.526352,-0.5,-53.8098,-1.2054594,108.53232,1.2313876403236754
GW240924_000316,GW241101_220523,38.9181310355277,0.104784556,2.1431754,0.5,-2.7069042,-0.024872126,60.143234,1.2277470006219846
GW240924_000316,GW241102_124058,39.52618336960398,0.104784556,10.0756035,-0.5,-49.1421,-0.70672274,102.61754,0.7107684216518061
GW240924_000316,GW241102_144729,39.61404157522928,0.104784556,2.319965,0.1,-1.6159285,-0.14216702,30.977013,1.2398931973055416
GW240924_000316,GW241109_033317,46.14585017109083,0.09330103,2.997762,0.1,-4.8821487,-0.054528844,83.228065,1.187825076472493
GW240924_000316,GW241109_115924,46.49731897560259,-0.20667636,1.220337,0.5,-1.191654,-0.1325705,34.88081,0.8186811046458062
GW240924_000316,GW241110_124123,47.52647133549055,-0.20667636,7.997997,-0.5,-30.541939,-0.020237977,88.895386,0.49191456808124306
GW240924_000316,GW241111_111552,48.46708363868572,-0.20667636,8.788005,-0.5,-37.25286,-0.4100633,101.681946,0.4171996264120491
GW240924_000316,GW241113_163507,50.68878419881617,-0.20667636,4.1659856,-0.5,-9.251193,-0.18941467,126.84662,0.7289515606913248
GW240924_000316,GW241114_024711,51.113833743226195,-0.20667636,6.7906904,-0.5,-22.040081,-0.035586502,93.36454,0.5865685938030317
GW240924_000316,GW241114_235258,51.992842626946945,-0.20667636,2.2376995,0.1,-2.9417768,-0.183345,63.67553,0.7991964023742355
GW240924_000316,GW241116_151753,53.63515182322926,-0.20667636,1.7101555,0.5,-1.1430916,-0.13721737,33.32342,0.8192217661693326
GW240924_000316,GW241124_024914,61.11525233626366,-0.24045733,5.2215276,-0.5,-13.248424,-0.20170711,98.514336,0.6382521940622468
GW240924_000316,GW241125_010116,62.040280516423564,-0.24045733,4.261845,-0.5,-8.417156,-0.034744937,69.87709,0.6920403092843775
GW240924_000316,GW241127_061008,64.25476491200703,-0.39246207,5.6524963,-0.5,-14.387334,-1.0582741,58.403366,0.41769954740058546
GW240924_000316,GW241129_021832,66.0939360457438,-0.39246207,4.384103,-0.5,-8.238729,-0.44195214,50.478535,0.4861540270253073
GW240924_000316,GW241130_034908,67.15685257656706,-0.39246207,12.842719,-0.5,-81.13237,-0.25585765,150.56416,-0.32539526156287746
GW240924_000316,GW241130_110422,67.45909222615262,-0.39246207,4.5115104,-0.5,-9.130063,-0.0071059563,61.10052,0.4762305015695162
GW240924_000316,GW241201_055758,68.24632039717225,-0.39246207,2.9340947,0.1,-3.8604143,-0.17163919,53.713627,0.534899263900132
GW240924_000316,GW241210_060606,77.2519711006074,-0.38587266,9.190441,-0.5,-41.1659,-0.18103278,123.26688,0.12857609609478793
GW240924_000316,GW241210_120900,77.5039825846034,-0.38587266,2.2496297,0.1,-2.072431,-0.20275986,40.897175,0.5638167728495092
GW240924_000316,GW241225_042553,92.18236922290866,-0.7066782,5.455173,-0.5,-14.521923,-0.46403602,104.280594,-0.013502435885479835
GW240924_000316,GW241225_082815,92.35068428274381,-0.7066782,5.1384864,-0.5,-12.126425,-0.52589357,68.59698,0.013167447553600331
GW240924_000316,GW241229_155844,96.6635208706061,-0.7066782,6.108444,-0.5,-18.520535,-0.2658192,130.44537,-0.05802031443047179
GW240924_000316,GW241230_084504,97.36236111536346,-0.7066782,3.9734316,-0.5,-8.437445,-0.06800989,119.17599,0.054238096754013254
GW240924_000316,GW241230_233618,97.98126761383205,-0.7066782,5.3690968,-0.5,-13.432365,-0.007133108,75.13834,-0.001372026208907584
GW240924_000316,GW241231_054133,98.23491997733713,-0.7066782,11.387369,-0.5,-63.266575,-0.508776,118.751686,-0.5561929461616218
GW240924_000316,GW250101_011205,99.04778353812794,-0.7066782,5.9465127,-0.5,-16.631569,-0.07029995,80.4491,-0.03698982859765587
GW240924_000316,GW250104_015122,102.07506698359494,-0.8908795,6.8846416,-0.5,-22.806982,-0.08644407,100.735634,-0.35764566097852113
GW240924_000316,GW250108_152221,106.63825421619747,-0.8908795,1.7026359,0.5,-0.34841946,-0.07725687,22.441982,-0.10760697284734633
GW240924_000316,GW250109_010541,107.0433441682298,-0.8908795,7.2072616,-0.5,-24.712046,-0.14431657,87.72834,-0.3788553714791141
GW240924_000316,GW250109_074552,107.32124808650326,-0.8908795,1.9632363,0.5,-2.36592,-0.03514226,55.883465,-0.13006848184908282
GW240924_000316,GW250114_082203,112.34637358547084,-0.8908795,14.234231,-0.5,-99.67742,-2.0013964,144.07242,-1.213469972316315
GW240924_000316,GW250116_015318,114.07641008558096,-0.8908795,4.320521,-0.5,-8.852739,-0.27765793,77.65758,-0.20228841016186383
GW240924_000316,GW250118_023225,116.10358099809399,-0.8908795,6.5700836,-0.5,-20.931147,-0.14498316,108.4065,-0.3367613579197546
GW240924_000316,GW250118_055802,116.24636489827049,-0.8908795,6.4606223,-0.5,-19.820803,-0.016429193,87.40092,-0.32439952757618784
GW240924_000316,GW250118_170523,116.70979943375896,-1.2459191,5.0796695,-0.5,-11.902657,-0.25263336,70.46401,-0.7217754839981513
GW240924_000316,GW250119_025138,117.11692398128135,-1.2459191,5.1736393,-0.5,-12.126913,-0.30936483,63.09781,-0.7242722067841562
GW240924_000316,GW250119_190238,117.7912242149534,-1.2459191,8.371066,-0.5,-33.37967,-0.6615101,83.53106,-0.9608862482899194
GW240925_005809,GW240930_035959,5.126272960125848,0.790937,4.911165,-0.5,-9.50631,-0.69711727,31.31409,2.090388777968674
GW240925_005809,GW240930_234614,5.95005713697109,0.49711657,23.503544,-0.5,-273.88086,-1.0015036,167.79344,-1.2547930899127089
GW240925_005809,GW241002_030559,7.088769553002936,0.5732528,8.772701,-0.5,-37.21656,-0.9805739,106.60634,1.484189143366507
GW240925_005809,GW241006_015333,11.038466692486846,0.669271,7.9265566,-0.5,-28.602974,-0.62145627,44.407997,1.7113959329234445
GW240925_005809,GW241007_082943,12.313578792065382,0.5157103,18.162292,-0.5,-162.68051,-1.1698185,134.5152,0.008665264828854768
GW240925_005809,GW241009_022835,14.062797463591451,0.035988156,9.832837,-0.5,-47.625687,-1.2938548,157.06976,0.6335692520287113
GW240925_005809,GW241009_084816,14.326467816297102,0.035988156,13.991888,-0.5,-95.5512,-0.9270463,99.49747,0.09999847430259079
GW240925_005809,GW241009_220455,14.879693713717991,0.035988156,5.999763,-0.5,-16.090366,-1.1204022,52.820694,0.9846625191982787
GW240925_005809,GW241011_233834,16.944733522509534,0.52348214,11.03693,-0.5,-57.306755,-0.12015925,41.698112,1.1924548611058594
GW240925_005809,GW241101_220523,37.88001257789907,0.104784556,5.971105,-0.5,-18.113073,-1.0604279,157.46976,1.0562249668440358
GW240925_005809,GW241102_124058,38.48806491197535,0.104784556,10.577363,-0.5,-52.140957,-0.3785773,36.17362,0.6773811594411736
GW240925_005809,GW241102_144729,38.57592311760066,0.104784556,9.851868,-0.5,-46.72835,-0.94313306,91.49631,0.737641504243251
GW240925_005809,GW241109_033317,45.10773171346221,0.09330103,2.4511895,0.1,-3.2658746,-1.0307713,63.8615,1.2058195967692513
GW240925_005809,GW241109_115924,45.45920051797397,0.09330103,3.5226355,-0.5,-6.5320067,-0.9527296,94.84663,1.1694566556140087
GW240925_005809,GW241110_124123,46.48835287786192,-0.20667636,21.592997,-0.5,-230.32025,-1.105538,121.196686,-1.732284199597347
GW240925_005809,GW241111_111552,47.4289651810571,-0.20667636,14.003201,-0.5,-95.52018,-0.67523676,90.58234,-0.23150991950826488
GW240925_005809,GW241113_163507,49.65066574118755,-0.20667636,1.8349776,0.5,-2.1524951,-0.8958854,53.02601,0.8079837384636176
GW240925_005809,GW241114_024711,50.075715285597575,-0.20667636,2.2329285,0.1,-0.80910796,-1.0497136,21.99167,0.8229401172850201
GW240925_005809,GW241114_235258,50.954724169318325,-0.20667636,5.909367,-0.5,-17.777782,-0.90195507,158.31137,0.6340221893943311
GW240925_005809,GW241116_151753,52.59703336560064,-0.20667636,4.4923863,-0.5,-9.493954,-1.2225175,76.19272,0.7262488250955523
GW240925_005809,GW241124_024914,60.07713387863504,-0.24045733,7.151459,-0.5,-24.888784,-1.2870072,116.18175,0.5086561639895854
GW240925_005809,GW241125_010116,61.00216205879494,-0.24045733,8.673224,-0.5,-36.52882,-1.120045,115.32274,0.3790637545100349
GW240925_005809,GW241127_061008,63.21664645437841,-0.39246207,31.145224,-0.5,-481.44333,-0.027025932,119.50712,-4.782191044006525
GW240925_005809,GW241129_021832,65.05581758811518,-0.39246207,18.68861,-0.5,-172.07576,-0.6433479,118.99033,-1.3378984357609824
GW240925_005809,GW241130_034908,66.11873411893845,-0.39246207,9.780275,-0.5,-45.38409,-0.82944244,65.90749,0.07260229033234303
GW240925_005809,GW241130_110422,66.420973768524,-0.39246207,8.267138,-0.5,-32.429295,-1.092406,79.03064,0.21683236490897506
GW240925_005809,GW241201_055758,67.20820193954364,-0.39246207,6.692029,-0.5,-21.626532,-1.2569393,104.34036,0.3371031380303022
GW240925_005809,GW241210_060606,76.21385264297878,-0.38587266,6.8614883,-0.5,-21.757202,-0.9042673,64.31597,0.3446596333794425
GW240925_005809,GW241210_120900,76.46586412697478,-0.38587266,4.373202,-0.5,-8.778077,-1.28806,67.53182,0.48916057291458515
GW240925_005809,GW241225_042553,91.14425076528003,-0.7066782,6.1848545,-0.5,-18.478516,-0.62126404,102.26252,-0.0575525040713335
GW240925_005809,GW241225_082815,91.3125658251152,-0.7066782,4.141643,-0.5,-6.7744603,-0.5594065,38.44811,0.07275265791624641
GW240925_005809,GW241229_155844,95.62540241297748,-0.7066782,2.5314853,0.1,-2.8427844,-1.3511193,48.297623,0.11652532071732463
GW240925_005809,GW241230_084504,96.32424265773484,-0.7066782,4.4777217,-0.5,-10.460436,-1.0172901,127.24608,0.03171545938620274
GW240925_005809,GW241230_233618,96.94314915620342,-0.7066782,8.24533,-0.5,-32.37677,-1.078167,84.0115,-0.21228641828871042
GW240925_005809,GW241231_054133,97.1968015197085,-0.7066782,20.168427,-0.5,-199.94058,-0.576524,82.46259,-2.0778303790998605
GW240925_005809,GW250101_011205,98.00966508049932,-0.7066782,10.695492,-0.5,-55.448997,-1.1556001,102.02549,-0.4691572429293684
GW240925_005809,GW250104_015122,101.03694852596632,-0.8908795,8.508324,-0.5,-34.741722,-0.998856,94.000656,-0.490519113517103
GW240925_005809,GW250108_152221,105.60013575856884,-0.8908795,10.330269,-0.5,-51.50168,-1.0080432,93.37226,-0.6771133127637726
GW240925_005809,GW250109_010541,106.00522571060117,-0.8908795,11.775276,-0.5,-67.09765,-0.9409835,88.21984,-0.8507484643023542
GW240925_005809,GW250109_074552,106.28312962887463,-0.8908795,1.9546471,0.5,-2.2285233,-1.0501578,52.383854,-0.12853879718609107
GW240925_005809,GW250114_082203,111.30825512784223,-0.8908795,33.56238,-0.5,-559.30115,-0.9160964,108.2992,-6.33061462627308
GW240925_005809,GW250116_015318,113.03829162795235,-0.8908795,7.703041,-0.5,-28.852419,-1.362958,117.08516,-0.42495153132835456
GW240925_005809,GW250118_023225,115.06546254046538,-0.8908795,7.103262,-0.5,-24.163752,-1.2302833,95.35774,-0.3727510302589899
GW240925_005809,GW250118_055802,115.20824644064186,-0.8908795,15.362843,-0.5,-116.26054,-1.1017293,146.5362,-1.3980953333760637
GW240925_005809,GW250118_170523,115.67168097613035,-0.8908795,5.6061754,-0.5,-14.065113,-0.8326667,56.171696,-0.2603195101299885
GW240925_005809,GW250119_025138,116.07880552365272,-0.8908795,13.894396,-0.5,-94.30648,-0.77593523,104.63275,-1.1536734881354365
GW240925_005809,GW250119_190238,116.75310575732479,-1.2459191,21.160122,-0.5,-219.63675,-0.42378995,58.095783,-3.0345486114229505
GW240930_035959,GW240930_234614,0.8237841768452415,1.1686022,15.655931,-0.5,-120.653496,-0.30438632,138.35693,1.3694227955061251
GW240930_035959,GW241002_030559,1.9624965928770877,1.3380204,8.701598,-0.5,-36.764,-0.28345665,115.04713,2.5350790219539414
GW240930_035959,GW241006_015333,5.912193732360999,0.49711657,4.3261743,-0.5,-7.168678,-0.07566096,33.094433,1.7146028249968508
GW240930_035959,GW241007_082943,7.1873058319395335,0.5732528,18.209127,-0.5,-163.93413,-0.47270125,164.87614,0.07340008640362283
GW240930_035959,GW241009_022835,8.936524503465604,0.5435311,9.58553,-0.5,-45.32559,-0.5967376,161.05437,1.3532630018526473
GW240930_035959,GW241009_084816,9.200194856171255,0.5435311,14.714019,-0.5,-106.34546,-0.22992906,129.70047,0.6739083736089891
GW240930_035959,GW241009_220455,9.753420753592142,0.5435311,2.4972622,0.1,-1.5101017,-0.42328495,25.54533,1.8410754669877865
GW240930_035959,GW241011_233834,11.818460562383686,0.5157103,11.144585,-0.5,-59.56574,-0.8172765,71.71271,1.1566765154170136
GW240930_035959,GW241101_220523,32.75373961777323,0.2735977,4.8949203,-0.5,-12.30442,-0.3633107,131.58261,1.3517535782438719
GW240930_035959,GW241102_124058,33.361791951849504,0.2735977,1.2882092,0.5,1.7696885,-0.31853995,8.027124,1.508445340130739
GW240930_035959,GW241102_144729,33.44965015747481,0.2735977,10.342008,-0.5,-51.950768,-0.24601579,110.12397,0.9103575375118581
GW240930_035959,GW241109_033317,39.98145875333636,0.09330103,1.4154251,0.5,-1.3026184,-0.33365396,37.60626,1.2276771850667836
GW240930_035959,GW241109_115924,40.332927557848116,0.09330103,4.218446,-0.5,-9.261912,-0.2556123,115.68721,1.139063703537902
GW240930_035959,GW241110_124123,41.362079917736075,0.09330103,19.522316,-0.5,-188.37317,-0.4084208,149.49008,-0.8550418170034029
GW240930_035959,GW241111_111552,42.30269222093125,0.09330103,7.1381207,-0.5,-23.45157,-0.021880493,59.28352,0.9810854936889332
GW240930_035959,GW241113_163507,44.52439278106171,0.09330103,2.633733,0.1,-3.9691732,-0.19876814,77.33449,1.1979895385969668
GW240930_035959,GW241114_024711,44.94944232547173,0.09330103,4.679193,-0.5,-9.510186,-0.3525963,52.13287,1.136299587740446
GW240930_035959,GW241114_235258,45.82845120919247,0.09330103,4.7833114,-0.5,-11.794615,-0.2048378,130.54422,1.1108662801860014
GW240930_035959,GW241116_151753,47.47076040547479,-0.20667636,5.103225,-0.5,-12.514777,-0.52540016,90.54278,0.6926169870423697
GW240930_035959,GW241124_024914,54.950860918509186,-0.24045733,8.304429,-0.5,-33.89673,-0.58988994,141.6778,0.40836770968668173
GW240930_035959,GW241125_010116,55.87588909866909,-0.24045733,10.258898,-0.5,-51.68168,-0.42292774,146.50012,0.21036191059806678
GW240930_035959,GW241127_061008,58.09037349425256,-0.24045733,22.972336,-0.5,-261.33978,-0.67009133,148.6218,-2.123831877309517
GW240930_035959,GW241129_021832,59.92954462798933,-0.24045733,17.673403,-0.5,-154.13066,-0.05376934,145.38571,-0.9302368710466979
GW240930_035959,GW241130_034908,60.992461158812596,-0.24045733,5.7179193,-0.5,-14.372918,-0.13232517,48.701126,0.625732820139268
GW240930_035959,GW241130_110422,61.29470080839815,-0.24045733,9.888519,-0.5,-47.4079,-0.39528877,107.65262,0.2579432993233332
GW240930_035959,GW241201_055758,62.08192897941779,-0.24045733,8.049536,-0.5,-31.738224,-0.559822,132.32484,0.43239906200665107
GW240930_035959,GW241210_060606,71.08757968285293,-0.39246207,3.3170416,-0.5,-3.9876895,-0.20715004,35.570446,0.5334822662161263
GW240930_035959,GW241210_120900,71.33959116684893,-0.39246207,4.2748556,-0.5,-8.460586,-0.5909427,69.66753,0.48368401805826733
GW240930_035959,GW241225_042553,86.01797780515419,-0.7066782,4.1118107,-0.5,-7.9004216,-0.0758532,71.27999,0.06021695416275574
GW240930_035959,GW241225_082815,86.18629286498935,-0.7066782,5.327072,-0.5,-12.6604185,-0.13771074,56.705696,0.007222316872179779
GW240930_035959,GW241229_155844,90.49912945285163,-0.7066782,3.5982769,-0.5,-6.1842666,-0.654002,71.163315,0.07932348229862074
GW240930_035959,GW241230_084504,91.197969697609,-0.7066782,3.605103,-0.5,-6.9668703,-0.32017294,104.15517,0.0706104931245195
GW240930_035959,GW241230_233618,91.81687619607757,-0.7066782,4.977979,-0.5,-11.006361,-0.3810497,56.96421,0.025637492222640057
GW240930_035959,GW241231_054133,92.07052855958266,-0.7066782,7.976433,-0.5,-29.333935,-0.12059321,52.819324,-0.1784095159845231
GW240930_035959,GW250101_011205,92.88339212037347,-0.7066782,6.632734,-0.5,-20.509762,-0.45848277,72.088715,-0.08016704716925524
GW240930_035959,GW250104_015122,95.91067556584046,-0.7066782,5.1334705,-0.5,-11.92292,-0.30173874,62.702465,0.015433131905314479
GW240930_035959,GW250108_152221,100.473862798443,-0.8908795,10.32392,-0.5,-51.722885,-0.31092593,107.70112,-0.6795760805445908
GW240930_035959,GW250109_010541,100.87895275047532,-0.8908795,6.3441095,-0.5,-18.287275,-0.24386625,57.88868,-0.3073262544554074
GW240930_035959,GW250109_074552,101.15685666874879,-0.8908795,2.5676105,0.1,-3.6515937,-0.35304055,70.098755,-0.14438231621424108
GW240930_035959,GW250114_082203,106.18198216771638,-0.8908795,15.596152,-0.5,-118.98694,-1.6132137,95.56342,-1.4284492817900212
GW240930_035959,GW250116_015318,107.9120186678265,-0.8908795,9.224422,-0.5,-41.840015,-0.66584074,148.21445,-0.5695467867831574
GW240930_035959,GW250118_023225,109.93918958033953,-0.8908795,4.484572,-0.5,-9.131523,-0.533166,64.576225,-0.20539220342208775
GW240930_035959,GW250118_055802,110.08197348051601,-0.8908795,10.629085,-0.5,-55.001785,-0.404612,115.51647,-0.7160811724497365
GW240930_035959,GW250118_170523,110.5454080160045,-0.8908795,3.584524,-0.5,-5.0141416,-0.13554946,40.478947,-0.1595520173822727
GW240930_035959,GW250119_025138,110.95253256352687,-0.8908795,14.721449,-0.5,-106.530876,-0.078817986,134.7973,-1.2897717742904424
GW240930_035959,GW250119_190238,111.62683279719893,-0.8908795,5.6518593,-0.5,-13.259065,-0.27332732,33.279022,-0.2513455037982868
GW240930_234614,GW241002_030559,1.1387124160318463,0.98100364,5.1762357,-0.5,-12.359117,-0.020929672,70.42658,2.3185515151170675
GW240930_234614,GW241006_015333,5.088409555515757,0.790937,16.144186,-0.5,-128.29045,-0.38004726,133.93967,0.7679252154091062
GW240930_234614,GW241007_082943,6.363521655094292,0.5732528,5.6786604,-0.5,-14.390029,-0.16831493,54.555702,1.7383245515152186
GW240930_234614,GW241009_022835,8.112740326620363,0.72702783,2.053961,0.5,-1.5296516,-0.29235128,35.134914,2.0917971522256598
GW240930_234614,GW241009_084816,8.376410679326014,0.72702783,9.412698,-0.5,-42.51833,-0.07445726,88.304726,1.635456492300271
GW240930_234614,GW241009_220455,8.929636576746901,0.5435311,11.205265,-0.5,-61.264908,-0.11889863,120.137436,1.1758052259840648
GW240930_234614,GW241011_233834,10.994676385538446,0.669271,20.833948,-0.5,-214.71391,-1.1216629,149.82745,-0.36063939300045433
GW240930_234614,GW241101_220523,31.929955440927987,0.2735977,0.4084913,1.0,-0.42189842,-0.05892437,11.058912,1.4840456701027536
GW240930_234614,GW241102_124058,32.53800777500426,0.2735977,18.909922,-0.5,-176.42867,-0.6229263,132.55821,-0.4754965265489972
GW240930_234614,GW241102_144729,32.62586598062957,0.2735977,7.9839306,-0.5,-30.430824,-0.05837053,88.79632,1.1499462625645651
GW240930_234614,GW241109_033317,39.15767457649112,0.104784556,3.8899882,-0.5,-7.8814106,-0.02926765,104.10476,1.1701374900541714
GW240930_234614,GW241109_115924,39.50914338100288,0.104784556,3.1428683,-0.5,-5.316698,-0.048774008,86.77929,1.1986912923144804
GW240930_234614,GW241110_124123,40.53829574089083,0.09330103,8.490548,-0.5,-34.019474,-0.10403447,70.50088,0.8634294895536313
GW240930_234614,GW241111_111552,41.47890804408601,0.09330103,8.976535,-0.5,-38.403603,-0.32626683,79.93048,0.8146195199777836
GW240930_234614,GW241113_163507,43.70060860421646,0.09330103,4.707297,-0.5,-11.592111,-0.10561818,139.04477,1.11312082670143
GW240930_234614,GW241114_024711,44.125658148626485,0.09330103,13.878823,-0.5,-94.95342,-0.048209995,160.92432,0.1850314623566579
GW240930_234614,GW241114_235258,45.004667032347236,0.09330103,0.34806186,1.0,-0.428904,-0.09954852,9.564693,1.2374045395413313
GW240930_234614,GW241116_151753,46.64697622862955,-0.20667636,5.600497,-0.5,-15.208337,-0.22101387,100.97986,0.6626286866798877
GW240930_234614,GW241124_024914,54.12707674166395,-0.24045733,4.3730774,-0.5,-9.011674,-0.2855036,75.917015,0.6854213448164759
GW240930_234614,GW241125_010116,55.05210492182385,-0.24045733,5.0602593,-0.5,-11.911626,-0.118541434,74.06647,0.653135210084861
GW240930_234614,GW241127_061008,57.26658931740732,-0.24045733,9.429589,-0.5,-42.154453,-0.97447765,68.10706,0.316431698251242
GW240930_234614,GW241129_021832,59.10576045114409,-0.24045733,7.5952306,-0.5,-26.941673,-0.35815567,67.07182,0.48580066564222457
GW240930_234614,GW241130_034908,60.16867698196736,-0.24045733,12.379548,-0.5,-74.78513,-0.17206115,112.685,-0.04685657592183823
GW240930_234614,GW241130_110422,60.47091663155291,-0.24045733,9.394592,-0.5,-42.729107,-0.09090245,106.63186,0.3100338872552081
GW240930_234614,GW241201_055758,61.25814480257255,-0.24045733,4.888084,-0.5,-11.324845,-0.25543568,81.87305,0.6596680341659336
GW240930_234614,GW241210_060606,70.2637955060077,-0.39246207,9.690425,-0.5,-45.524345,-0.097236276,108.4748,0.07104078479676079
GW240930_234614,GW241210_120900,70.5158069900037,-0.39246207,6.2868257,-0.5,-19.12357,-0.28655636,104.42669,0.3649694523025449
GW240930_234614,GW241225_042553,85.19419362830895,-0.38587266,3.934076,-0.5,-7.2191424,-0.38023952,69.35907,0.5065167141625327
GW240930_234614,GW241225_082815,85.3625086881441,-0.38587266,12.318738,-0.5,-74.43431,-0.44209704,136.96736,-0.2418122354917889
GW240930_234614,GW241229_155844,89.6753452760064,-0.7066782,7.1607537,-0.5,-25.37469,-0.3496157,143.47327,-0.1343299097047266
GW240930_234614,GW241230_084504,90.37418552076375,-0.7066782,1.8184116,0.5,-2.1340747,-0.015786607,52.859314,0.12441562301075648
GW240930_234614,GW241230_233618,90.99309201923234,-0.7066782,7.0616574,-0.5,-23.625525,-0.07666338,83.92963,-0.11485587544174278
GW240930_234614,GW241231_054133,91.24674438273742,-0.7066782,12.273031,-0.5,-73.04704,-0.42497954,90.32277,-0.6650821671785516
GW240930_234614,GW250101_011205,92.05960794352823,-0.7066782,5.8708973,-0.5,-15.830594,-0.15409645,66.535355,-0.028072307765514226
GW240930_234614,GW250104_015122,95.08689138899523,-0.7066782,6.061398,-0.5,-17.183765,-0.0026475808,76.5524,-0.043137616935110784
GW240930_234614,GW250108_152221,99.65007862159776,-0.7066782,7.7935543,-0.5,-28.891485,-0.0065396233,85.06845,-0.17348357695503275
GW240930_234614,GW250109_010541,100.05516857363007,-0.8908795,8.331402,-0.5,-32.9863,-0.060520075,80.59246,-0.47097542796142855
GW240930_234614,GW250109_074552,100.33307249190355,-0.8908795,4.524865,-0.5,-10.606224,-0.048654232,124.38567,-0.2218105420400745
GW240930_234614,GW250114_082203,105.35819799087113,-0.8908795,10.924724,-0.5,-57.284416,-1.9175999,75.57534,-0.7414944658751077
GW240930_234614,GW250116_015318,107.08823449098125,-0.8908795,4.4798946,-0.5,-9.368927,-0.36145443,73.40466,-0.20803530009849386
GW240930_234614,GW250118_023225,109.11540540349428,-0.8908795,5.1836195,-0.5,-12.559318,-0.22877964,76.47574,-0.24355498547569432
GW240930_234614,GW250118_055802,109.25818930367078,-0.8908795,2.3451338,0.1,-1.3465884,-0.10022569,26.576088,-0.1187199212049313
GW240930_234614,GW250118_170523,109.72162383915925,-0.8908795,9.526502,-0.5,-44.044605,-0.16883686,111.8448,-0.5940912228025139
GW240930_234614,GW250119_025138,110.12874838668164,-0.8908795,8.581831,-0.5,-35.110264,-0.22556834,83.27189,-0.49462221171108495
GW240930_234614,GW250119_190238,110.80304862035369,-0.8908795,16.37059,-0.5,-131.5458,-0.5777136,109.7953,-1.5682713638859482
GW241002_030559,GW241006_015333,3.949697139483911,1.2099575,11.463134,-0.5,-64.55234,-0.3591176,147.48622,2.050570768288841
GW241002_030559,GW241007_082943,5.224809239062446,0.790937,4.17293,-0.5,-7.6898594,-0.18924461,57.368805,2.11061193524321
GW241002_030559,GW241009_022835,6.974027910588516,0.5732528,4.1152725,-0.5,-8.173556,-0.31328094,81.19913,1.807534620254732
GW241002_030559,GW241009_084816,7.237698263294167,0.5732528,3.9732306,-0.5,-6.8535323,-0.053527582,54.000523,1.822230889057607
GW241002_030559,GW241009_220455,7.790924160715055,0.72702783,9.16808,-0.5,-41.123234,-0.1398283,133.38124,1.6509885606890704
GW241002_030559,GW241011_233834,9.855963969506599,0.5435311,8.360141,-0.5,-33.687473,-1.1007332,101.851036,1.4828340275359357
GW241002_030559,GW241101_220523,30.79124302489614,0.2735977,2.2030919,0.1,-2.8892107,-0.07985404,63.456333,1.456576257377907
GW241002_030559,GW241102_124058,31.399295358972417,0.2735977,9.020329,-0.5,-39.407143,-0.6019966,108.93553,1.0500099082873025
GW241002_030559,GW241102_144729,31.487153564597723,0.2735977,1.5273209,0.5,-0.30323252,-0.03744086,22.674536,1.4853668172956973
GW241002_030559,GW241109_033317,38.018962160459274,0.104784556,3.2326112,-0.5,-5.6669474,-0.050197322,92.16759,1.1947918498285928
GW241002_030559,GW241109_115924,38.37043096497103,0.104784556,0.872036,1.0,-0.8775328,-0.027844336,25.559742,1.2481140041404488
GW241002_030559,GW241110_124123,39.39958332485899,0.104784556,6.230184,-0.5,-18.258917,-0.12496414,80.18648,1.0546012423183369
GW241002_030559,GW241111_111552,40.34019562805416,0.09330103,8.413004,-0.5,-34.301193,-0.30533713,111.609245,0.8602930153972334
GW241002_030559,GW241113_163507,42.56189618818462,0.09330103,3.8120446,-0.5,-7.8837442,-0.08468851,118.67695,1.154407309968583
GW241002_030559,GW241114_024711,42.98694573259464,0.09330103,5.967157,-0.5,-16.987965,-0.06913967,90.72219,1.0530469796060768
GW241002_030559,GW241114_235258,43.865954616315385,0.09330103,2.2988958,0.1,-3.1312935,-0.07861885,67.09662,1.2073179330417447
GW241002_030559,GW241116_151753,45.508263812597704,0.09330103,1.4928074,0.5,-0.9002051,-0.24194354,30.659143,1.232157387012181
GW241002_030559,GW241124_024914,52.9883643256321,-0.20667636,4.49232,-0.5,-9.818543,-0.3064333,89.63038,0.7226350590854471
GW241002_030559,GW241125_010116,53.913392505792004,-0.20667636,3.4271133,-0.5,-5.353591,-0.1394711,60.432423,0.7723448681514666
GW241002_030559,GW241127_061008,56.12787690137547,-0.24045733,4.0338197,-0.5,-6.8803706,-0.95354795,49.218132,0.7091498573505052
GW241002_030559,GW241129_021832,57.96704803511224,-0.24045733,3.1234314,-0.5,-3.7823412,-0.33722597,41.28236,0.743641254468304
GW241002_030559,GW241130_034908,59.02996456593551,-0.24045733,11.934131,-0.5,-70.143684,-0.15113148,159.91817,0.004818227768914163
GW241002_030559,GW241130_110422,59.33220421552106,-0.24045733,3.4760618,-0.5,-5.2014074,-0.11183212,52.20304,0.7278423159836271
GW241002_030559,GW241201_055758,60.1194323865407,-0.24045733,2.2511156,0.1,-2.2080986,-0.27636534,43.723392,0.7611678237230537
GW241002_030559,GW241210_060606,69.12508308997585,-0.39246207,8.909571,-0.5,-38.83438,-0.076306604,132.75325,0.14552239463544123
GW241002_030559,GW241210_120900,69.37709457397185,-0.39246207,2.3512423,0.1,-2.4261298,-0.30748603,45.38638,0.550867632339551
GW241002_030559,GW241225_042553,84.0554812122771,-0.38587266,5.6278553,-0.5,-15.587926,-0.35930985,113.61227,0.4133442489445711
GW241002_030559,GW241225_082815,84.22379627211227,-0.38587266,4.5919914,-0.5,-9.679741,-0.42116737,68.16128,0.4791220485028288
GW241002_030559,GW241229_155844,88.53663285997455,-0.7066782,5.509784,-0.5,-15.131184,-0.37054536,122.97433,-0.0202855374469339
GW241002_030559,GW241230_084504,89.23547310473191,-0.7066782,4.005292,-0.5,-8.610302,-0.03671628,122.91155,0.052313618795882144
GW241002_030559,GW241230_233618,89.85437960320048,-0.7066782,5.5134273,-0.5,-14.412488,-0.097593054,85.05084,-0.012284058524574704
GW241002_030559,GW241231_054133,90.10803196670557,-0.7066782,10.481349,-0.5,-53.68716,-0.40404984,128.74051,-0.44954212232838575
GW241002_030559,GW250101_011205,90.92089552749638,-0.7066782,6.0122037,-0.5,-17.231464,-0.17502612,90.212074,-0.043668665571576115
GW241002_030559,GW250104_015122,93.94817897296338,-0.7066782,6.907816,-0.5,-23.146383,-0.01828209,110.57044,-0.10952143582765214
GW241002_030559,GW250108_152221,98.5113662055659,-0.7066782,1.0544791,1.0,0.32803738,-0.027469294,15.492174,0.15182714008934928
GW241002_030559,GW250109_010541,98.91645615759823,-0.7066782,7.085219,-0.5,-24.090082,-0.039590403,97.73483,-0.12002795109732359
GW241002_030559,GW250109_074552,99.1943600758717,-0.7066782,1.8642126,0.5,-2.2270896,-0.0695839,54.426426,0.12338005640362015
GW241002_030559,GW250114_082203,104.2194855748393,-0.8908795,12.066965,-0.5,-71.52095,-1.8966702,145.08609,-0.8999945613932261
GW241002_030559,GW250116_015318,105.94952207494941,-0.8908795,3.579965,-0.5,-6.0499053,-0.3823841,68.41256,-0.17108352149988182
GW241002_030559,GW250118_023225,107.97669298746244,-0.8908795,6.6592617,-0.5,-21.664867,-0.24970932,118.07143,-0.3449301167378973
GW241002_030559,GW250118_055802,108.11947688763892,-0.8908795,6.139605,-0.5,-18.005476,-0.12115536,92.120735,-0.30418888842270064
GW241002_030559,GW250118_170523,108.58291142312741,-0.8908795,5.0863595,-0.5,-12.134587,-0.1479072,77.89652,-0.2388263209916599
GW241002_030559,GW250119_025138,108.99003597064979,-0.8908795,3.8465867,-0.5,-6.3910766,-0.20463866,53.141357,-0.17488189528834247
GW241002_030559,GW250119_190238,109.66433620432184,-0.8908795,7.723728,-0.5,-28.52304,-0.556784,91.93771,-0.4212844544736457
GW241006_015333,GW241007_082943,1.2751120995785352,0.7966598,17.615068,-0.5,-153.17334,-0.5483622,150.21237,0.4987218867580854
GW241006_015333,GW241009_022835,3.024330771104605,1.2372308,7.946589,-0.5,-30.925158,-0.67239857,131.30733,2.462250771928098
GW241006_015333,GW241009_084816,3.2880011238102558,1.2372308,15.923207,-0.5,-124.74154,-0.30559003,131.72304,1.417761621846604
GW241006_015333,GW241009_220455,3.8412270212311435,1.2099575,2.4463308,0.1,-1.2914739,-0.4989459,23.890501,2.7548751213199867
GW241006_015333,GW241011_233834,5.906266830022688,0.49711657,11.8607235,-0.5,-67.549866,-0.74161553,67.23962,1.0423588664330072
GW241006_015333,GW241101_220523,26.84154588541223,0.5727229,5.083992,-0.5,-13.234878,-0.43897164,135.78595,1.7504605979655044
GW241006_015333,GW241102_124058,27.449598219488507,0.5727229,7.3696303,-0.5,-24.283596,-0.24287899,40.068546,1.627451520371802
GW241006_015333,GW241102_144729,27.53745642511381,0.5727229,13.318839,-0.5,-87.08268,-0.32167673,135.90253,0.9282883193087432
GW241006_015333,GW241109_033317,34.06926502097536,0.2735977,2.4145153,0.1,-3.2026312,-0.40931493,63.728474,1.453086841753041
GW241006_015333,GW241109_115924,34.42073382548712,0.104784556,5.098995,-0.5,-13.3517475,-0.33127326,138.9713,1.109234399725521
GW241006_015333,GW241110_124123,35.44988618537508,0.104784556,17.723133,-0.5,-154.69547,-0.48408175,124.52727,-0.46439247812413986
GW241006_015333,GW241111_111552,36.39049848857025,0.104784556,8.216193,-0.5,-31.58382,-0.053780463,63.487793,0.9062506354893999
GW241006_015333,GW241113_163507,38.61219904870071,0.104784556,2.0792277,0.5,-2.6516857,-0.27442908,60.723507,1.2283617661837614
GW241006_015333,GW241114_024711,39.03724859311073,0.104784556,6.019221,-0.5,-16.600681,-0.42825726,64.51074,1.0730629332653332
GW241006_015333,GW241114_235258,39.916257476831476,0.09330103,4.887935,-0.5,-12.288016,-0.28049874,132.56708,1.1053730759713618
GW241006_015333,GW241116_151753,41.558566673113795,0.09330103,6.8264847,-0.5,-22.763885,-0.60106117,119.32111,0.9887417209215942
GW241006_015333,GW241124_024914,49.03866718614819,-0.20667636,6.841638,-0.5,-22.786606,-0.6655509,114.84859,0.5782572834215256
GW241006_015333,GW241125_010116,49.963695366308094,-0.20667636,9.853108,-0.5,-47.554546,-0.4985887,137.471,0.30250751836738415
GW241006_015333,GW241127_061008,52.17817976189156,-0.20667636,26.038593,-0.5,-336.22952,-0.5944304,148.64427,-2.91140753593228
GW241006_015333,GW241129_021832,54.01735089562833,-0.20667636,20.158587,-0.5,-200.9931,-0.021891616,154.0565,-1.4057752480592314
GW241006_015333,GW241130_034908,55.0802674264516,-0.24045733,2.712691,0.1,-1.5682863,-0.20798613,21.578545,0.7682910685933834
GW241006_015333,GW241130_110422,55.38250707603715,-0.24045733,11.324161,-0.5,-62.55338,-0.47094974,118.36388,0.08932363544267996
GW241006_015333,GW241201_055758,56.16973524705679,-0.24045733,8.726199,-0.5,-37.37909,-0.63548297,140.96721,0.36959742183827676
GW241006_015333,GW241210_060606,65.17538595049193,-0.39246207,3.1736329,-0.5,-3.4382563,-0.282811,32.632446,0.5395992901297136
GW241006_015333,GW241210_120900,65.42739743448794,-0.39246207,6.3910966,-0.5,-19.710934,-0.6666036,102.32269,0.35843013026550796
GW241006_015333,GW241225_042553,80.1057840727932,-0.38587266,4.075088,-0.5,-7.7187757,-0.00019224141,69.5456,0.5009541294033676
GW241006_015333,GW241225_082815,80.27409913262835,-0.38587266,8.016606,-0.5,-30.519234,-0.062049773,81.77121,0.24710900575803424
GW241006_015333,GW241229_155844,84.58693572049064,-0.38587266,2.7761703,0.1,-3.5400493,-0.72966295,54.25012,0.5474772883074355
GW241006_015333,GW241230_084504,85.28577596524799,-0.38587266,2.8843656,0.1,-4.6171036,-0.39583388,82.868416,0.5354860830036747
GW241006_015333,GW241230_233618,85.90468246371658,-0.7066782,7.0976815,-0.5,-23.731363,-0.45671067,78.29368,-0.11603421392692592
GW241006_015333,GW241231_054133,86.15833482722165,-0.7066782,8.176321,-0.5,-30.71088,-0.044932254,48.082355,-0.19373951068391904
GW241006_015333,GW250101_011205,86.97119838801247,-0.7066782,8.065233,-0.5,-30.955479,-0.53414375,84.14928,-0.19646270634691934
GW241006_015333,GW250104_015122,89.99848183347947,-0.7066782,5.5975485,-0.5,-14.348804,-0.37739968,66.21336,-0.011575048711769953
GW241006_015333,GW250108_152221,94.56166906608199,-0.7066782,13.728211,-0.5,-92.57411,-0.3865869,136.98196,-0.8824835578852726
GW241006_015333,GW250109_010541,94.96675901811432,-0.7066782,8.295709,-0.5,-32.454803,-0.3195272,71.35967,-0.21315519075412426
GW241006_015333,GW250109_074552,95.2446629363878,-0.7066782,3.5391157,-0.5,-6.60544,-0.42870152,96.01942,0.07463441606094146
GW241006_015333,GW250114_082203,100.26978843535538,-0.8908795,12.4189415,-0.5,-74.19854,-1.5375527,66.03941,-0.9298050598429952
GW241006_015333,GW250116_015318,101.9998249354655,-0.8908795,8.380509,-0.5,-34.374947,-0.7415017,132.21585,-0.48643567907221597
GW241006_015333,GW250118_023225,104.02699584797853,-0.8908795,4.451541,-0.5,-8.938213,-0.60882694,62.651737,-0.203240020948249
GW241006_015333,GW250118_055802,104.16977974815501,-0.8908795,10.326214,-0.5,-51.7467,-0.48027295,107.73222,-0.6798412226301197
GW241006_015333,GW250118_170523,104.6332142836435,-0.8908795,6.6871724,-0.5,-20.873428,-0.2112104,72.720535,-0.33611876103923327
GW241006_015333,GW250119_025138,105.04033883116587,-0.8908795,15.719256,-0.5,-121.60072,-0.15447894,135.74605,-1.4575494219949472
GW241006_015333,GW250119_190238,105.71463906483794,-0.8908795,12.243412,-0.5,-71.926865,-0.19766636,61.708427,-0.9045137411204335
GW241007_082943,GW241009_022835,1.74921867152607,1.2306377,1.9355665,0.5,-1.3066783,-0.12403634,33.328842,2.7829868588658186
GW241007_082943,GW241009_084816,2.012889024231721,1.3380204,3.682453,-0.5,-5.042336,-0.24277219,35.30133,2.888246915519991
GW241007_082943,GW241009_220455,2.5661149216526082,1.130381,15.410665,-0.5,-117.26348,-0.049416304,167.99585,1.3548958365188124
GW241007_082943,GW241011_233834,4.631154730444153,0.9949764,12.905936,-0.5,-81.04128,-1.2899778,96.23759,1.5729983162033057
GW241007_082943,GW241101_220523,25.566433785833695,0.5727229,2.1875696,0.1,-2.7364852,-0.109390564,59.379974,1.8673427109409269
GW241007_082943,GW241102_124058,26.17448611990997,0.5727229,22.513456,-0.5,-251.14008,-0.7912412,163.94165,-0.8982175359395466
GW241007_082943,GW241102_144729,26.262344325535274,0.5727229,5.081503,-0.5,-11.501027,-0.22668546,57.39693,1.7697641352074476
GW241007_082943,GW241109_033317,32.79415292139682,0.2735977,5.4418063,-0.5,-15.127447,-0.13904728,146.02951,1.3203238783553983
GW241007_082943,GW241109_115924,33.14562172590858,0.2735977,1.8518319,0.5,-2.0976133,-0.21708894,51.26202,1.4653893755940386
GW241007_082943,GW241110_124123,34.17477408579654,0.104784556,3.0142276,0.1,-2.5723925,-0.064280465,25.7243,1.2292445644658891
GW241007_082943,GW241111_111552,35.115386388991716,0.104784556,14.745745,-0.5,-106.88086,-0.49458176,134.4815,0.06794351808753785
GW241007_082943,GW241113_163507,37.337086949122174,0.104784556,3.1998446,-0.5,-5.636735,-0.2739331,94.72774,1.1951282146079278
GW241007_082943,GW241114_024711,37.762136493532196,0.104784556,9.615084,-0.5,-44.895985,-0.12010494,113.08653,0.7580418582287193
GW241007_082943,GW241114_235258,38.64114537725294,0.104784556,2.2192822,0.1,-2.836071,-0.26786345,61.142326,1.2263089429777576
GW241007_082943,GW241116_151753,40.28345457353526,0.09330103,4.2730155,-0.5,-8.66677,-0.052698936,77.50388,1.1456896225174977
GW241007_082943,GW241124_024914,47.76355508656965,-0.20667636,2.0242326,0.5,-1.5113444,-0.11718867,35.366737,0.8151218837734107
GW241007_082943,GW241125_010116,48.68858326672956,-0.20667636,1.3212781,0.5,0.0006188918,-0.049773503,19.514046,0.8319550771177368
GW241007_082943,GW241127_061008,50.90306766231303,-0.20667636,2.1833951,0.1,-0.15134855,-1.1427926,16.346931,0.8302631728081593
GW241007_082943,GW241129_021832,52.7422387960498,-0.20667636,2.2882211,0.1,-0.7645283,-0.5264706,20.704233,0.8234364378241114
GW241007_082943,GW241130_034908,53.80515532687306,-0.20667636,15.188689,-0.5,-113.55251,-0.34037608,141.46089,-0.4322699175791876
GW241007_082943,GW241130_110422,54.107394976458615,-0.20667636,4.967279,-0.5,-10.966574,-0.077412486,57.2245,0.7098536540264453
GW241007_082943,GW241201_055758,54.894623147478256,-0.24045733,1.9398752,0.5,-1.2734795,-0.08712075,32.716278,0.7715732517145417
GW241007_082943,GW241210_060606,63.9002738509134,-0.39246207,14.0259285,-0.5,-96.966064,-0.2655512,159.42297,-0.5016770772831005
GW241007_082943,GW241210_120900,64.15228533490941,-0.39246207,6.0614176,-0.5,-17.745861,-0.11824143,101.38927,0.38030794106202503
GW241007_082943,GW241225_042553,78.83067197321466,-0.38587266,6.9459057,-0.5,-23.615894,-0.5485545,123.22191,0.32396619185076836
GW241007_082943,GW241225_082815,78.99898703304981,-0.38587266,9.645833,-0.5,-45.110664,-0.610412,108.92128,0.08465772831054011
GW241007_082943,GW241229_155844,83.31182362091211,-0.38587266,5.029953,-0.5,-12.396338,-0.18130074,101.26712,0.4488772593785286
GW241007_082943,GW241230_084504,84.01066386566946,-0.38587266,3.1076589,-0.5,-5.314125,-0.15252833,90.5439,0.5277259097107331
GW241007_082943,GW241230_233618,84.62957036413805,-0.38587266,10.782825,-0.5,-56.853825,-0.09165155,129.90784,-0.04608280203544396
GW241007_082943,GW241231_054133,84.88322272764312,-0.38587266,18.674908,-0.5,-172.17879,-0.59329444,142.2831,-1.3300341793798407
GW241007_082943,GW250101_011205,85.69608628843393,-0.38587266,10.326089,-0.5,-51.940746,-0.014218486,118.78392,0.008616141867092586
GW241007_082943,GW250104_015122,88.72336973390094,-0.7066782,10.255802,-0.5,-51.428303,-0.17096251,131.09425,-0.42439350381523877
GW241007_082943,GW250108_152221,93.28655696650345,-0.7066782,5.5351143,-0.5,-13.872588,-0.1617753,61.39464,-0.006273173200527171
GW241007_082943,GW250109_010541,93.69164691853578,-0.7066782,13.470008,-0.5,-89.04142,-0.22883502,132.97858,-0.8431529168931118
GW241007_082943,GW250109_074552,93.96955083680926,-0.7066782,3.486652,-0.5,-6.4525228,-0.119660705,96.092026,0.07633689644998393
GW241007_082943,GW250114_082203,98.99467633577684,-0.7066782,13.37046,-0.5,-87.07231,-2.0859149,96.17733,-0.8212301725187492
GW241007_082943,GW250116_015318,100.72471283588696,-0.8908795,1.2446225,0.5,-0.12311499,-0.1931395,20.54067,-0.10509858283939727
GW241007_082943,GW250118_023225,102.75188374839999,-0.8908795,8.740917,-0.5,-37.343884,-0.060464714,130.10411,-0.519489846716646
GW241007_082943,GW250118_055802,102.89466764857647,-0.8908795,6.8626475,-0.5,-22.174545,-0.06808925,78.93865,-0.35060453110685874
GW241007_082943,GW250118_170523,103.35810218406496,-0.8908795,11.360314,-0.5,-63.223667,-0.3371518,135.2419,-0.8076181329424197
GW241007_082943,GW250119_025138,103.76522673158733,-0.8908795,3.0477893,-0.5,-2.9713128,-0.39388326,30.177792,-0.13680852118030362
GW241007_082943,GW250119_190238,104.4395269652594,-0.8908795,21.162062,-0.5,-221.54698,-0.74602854,147.93602,-2.570284543761246
GW241009_022835,GW241009_084816,0.26367035270565087,1.2899631,3.9285095,-0.5,-7.135504,-0.36680853,67.155,2.7992226099172712
GW241009_022835,GW241009_220455,0.8168962501265384,1.1686022,7.5887046,-0.5,-28.301315,-0.17345265,135.57117,2.3976105064715414
GW241009_022835,GW241011_233834,2.8819360589180834,1.130381,7.26169,-0.5,-25.652363,-1.4140141,116.168945,2.3748330545729255
GW241009_022835,GW241101_220523,23.817215114307626,0.3320092,1.4754039,0.5,-1.6726503,-0.23342691,45.165848,1.550000783745692
GW241009_022835,GW241102_124058,24.425267448383902,0.3320092,10.152641,-0.5,-50.814228,-0.91527754,161.59686,1.0028911643877096
GW241009_022835,GW241102_144729,24.513125654009205,0.3320092,4.8939505,-0.5,-11.509504,-0.3507218,88.61953,1.440483798600663
GW241009_022835,GW241109_033317,31.044934249870757,0.2735977,4.564512,-0.5,-10.983637,-0.26308364,138.48006,1.3664583039453184
GW241009_022835,GW241109_115924,31.396403054382514,0.2735977,2.676367,0.1,-4.196675,-0.34112528,83.20863,1.4420198220391685
GW241009_022835,GW241110_124123,32.42555541427047,0.2735977,2.2729356,0.1,-1.9345618,-0.1883168,37.56536,1.4672046823177403
GW241009_022835,GW241111_111552,33.36616771746565,0.2735977,6.3439293,-0.5,-19.51132,-0.6186181,106.81384,1.2715167542896788
GW241009_022835,GW241113_163507,35.5878682775961,0.104784556,3.1744533,-0.5,-5.7616596,-0.39796945,104.163864,1.1937373865921628
GW241009_022835,GW241114_024711,36.01291782200612,0.104784556,7.7020826,-0.5,-29.227413,-0.24414128,141.73619,0.932485304524915
GW241009_022835,GW241114_235258,36.891926705726874,0.104784556,1.4399437,0.5,-1.6443934,-0.3918998,44.599815,1.2395762879053902
GW241009_022835,GW241116_151753,38.534235902009186,0.104784556,4.6877437,-0.5,-11.000452,-0.07133741,107.848885,1.1354121585584718
GW241009_022835,GW241124_024914,46.01433641504358,0.09330103,1.8357892,0.5,-1.652181,-0.006847676,41.277718,1.2237853872349715
GW241009_022835,GW241125_010116,46.939364595203486,-0.20667636,2.405312,0.1,-2.6707222,-0.17380984,49.20266,0.8022141428426249
GW241009_022835,GW241127_061008,49.15384899078696,-0.20667636,3.0996456,-0.5,-4.0919456,-1.2668289,49.63014,0.78639118740306
GW241009_022835,GW241129_021832,50.99302012452373,-0.20667636,3.1845114,-0.5,-4.454543,-0.6505069,53.494595,0.7823542685547092
GW241009_022835,GW241130_034908,52.055936655347,-0.20667636,6.6776447,-0.5,-21.696577,-0.46441242,113.13795,0.5903929381801998
GW241009_022835,GW241130_110422,52.35817630493255,-0.20667636,4.9245057,-0.5,-11.675043,-0.20144883,89.868225,0.7019660273619399
GW241009_022835,GW241201_055758,53.14540447595219,-0.20667636,2.9978807,0.1,-4.418699,-0.0369156,66.00438,0.7827533354238285
GW241009_022835,GW241210_060606,62.15105517938733,-0.24045733,6.948274,-0.5,-23.678284,-0.38958755,126.12765,0.5221330733058581
GW241009_022835,GW241210_120900,62.403066663383335,-0.24045733,5.748,-0.5,-16.435186,-0.005794917,125.946526,0.6027728979407468
GW241009_022835,GW241225_042553,77.08145330168858,-0.38587266,4.1315055,-0.5,-8.520319,-0.6725908,93.76161,0.49203028049646313
GW241009_022835,GW241225_082815,77.24976836152375,-0.38587266,7.851998,-0.5,-30.360842,-0.7344483,142.16805,0.24887243633696854
GW241009_022835,GW241229_155844,81.56260494938603,-0.38587266,4.4368315,-0.5,-9.990455,-0.057264403,109.189865,0.47566276821050535
GW241009_022835,GW241230_084504,82.26144519414339,-0.38587266,1.7663777,0.5,-2.2572575,-0.2765647,57.215538,0.5617590390150193
GW241009_022835,GW241230_233618,82.88035169261197,-0.38587266,6.376677,-0.5,-19.917313,-0.2156879,118.52077,0.36514373879734113
GW241009_022835,GW241231_054133,83.13400405611705,-0.38587266,6.835672,-0.5,-22.658998,-0.7173308,109.87457,0.3346196331247465
GW241009_022835,GW250101_011205,83.94686761690787,-0.38587266,5.451457,-0.5,-14.4076805,-0.13825484,99.42615,0.42648431569062906
GW241009_022835,GW250104_015122,86.97415106237487,-0.7066782,5.4268336,-0.5,-14.363033,-0.29499885,103.49566,-0.011733462932340621
GW241009_022835,GW250108_152221,91.53733829497739,-0.7066782,5.0256796,-0.5,-12.148869,-0.28581166,90.370705,0.012917573541072869
GW241009_022835,GW250109_010541,91.94242824700972,-0.7066782,6.5182877,-0.5,-20.681803,-0.35287136,112.48078,-0.08208243648309621
GW241009_022835,GW250109_074552,92.22033216528318,-0.7066782,4.1586494,-0.5,-9.255401,-0.24369705,128.84215,0.045131519379547125
GW241009_022835,GW250114_082203,97.24545766425078,-0.7066782,4.1713424,-0.5,-7.9711337,-2.2099512,66.22573,0.05942969282142507
GW241009_022835,GW250116_015318,98.9754941643609,-0.7066782,2.0623994,0.5,-2.0265923,-0.069103144,44.839157,0.12561226088663358
GW241009_022835,GW250118_023225,101.00266507687392,-0.8908795,4.860174,-0.5,-11.596752,-0.06357163,99.824684,-0.23283842271771527
GW241009_022835,GW250118_055802,101.1454489770504,-0.8908795,2.8089669,0.1,-3.4935913,-0.19212559,51.230095,-0.14262322291473728
GW241009_022835,GW250118_170523,101.6088835125389,-0.8908795,7.905342,-0.5,-30.823565,-0.46118814,146.20377,-0.44689695484314207
GW241009_022835,GW250119_025138,102.01600806006127,-0.8908795,3.6043053,-0.5,-5.9352193,-0.5179196,62.257114,-0.16980668377044705
GW241009_022835,GW250119_190238,102.69030829373334,-0.8908795,9.150228,-0.5,-41.12295,-0.8700649,144.44164,-0.5615634745318033
GW241009_084816,GW241009_220455,0.5532258974208876,1.6364105,14.156259,-0.5,-98.68229,-0.19335589,151.51303,2.2537827033761957
GW241009_084816,GW241011_233834,2.618265706212432,1.130381,9.099747,-0.5,-39.082176,-1.0472056,65.18806,2.225314450776958
GW241009_084816,GW241101_220523,23.553544761601973,0.3320092,3.3437538,-0.5,-5.928266,-0.13338162,90.4994,1.5026215908119427
GW241009_084816,GW241102_124058,24.16159709567825,0.3320092,18.799412,-0.5,-174.33687,-0.548469,131.24763,-0.3723276993931983
GW241009_084816,GW241102_144729,24.249455301303556,0.3320092,3.472847,-0.5,-4.5863557,-0.016086726,38.56227,1.517561527654696
GW241009_084816,GW241109_033317,30.781263897165104,0.2735977,5.1584535,-0.5,-13.619669,-0.103724904,138.01326,1.3371104769483364
GW241009_084816,GW241109_115924,31.132732701676865,0.2735977,1.16055,1.0,-1.0508024,-0.025683248,32.036137,1.4770438723744703
GW241009_084816,GW241110_124123,32.161885061564824,0.2735977,4.5624537,-0.5,-8.376958,-0.17849173,37.774395,1.395479332598135
GW241009_084816,GW241111_111552,33.10249736476,0.2735977,18.497341,-0.5,-169.18527,-0.25180957,164.29259,-0.3948534104658259
GW241009_084816,GW241113_163507,35.32419792489045,0.104784556,2.4336784,0.1,-3.4737258,-0.031160923,71.869896,1.2192097190439068
GW241009_084816,GW241114_024711,35.74924746930047,0.104784556,6.7217155,-0.5,-21.23032,-0.122667246,77.82229,1.0215196176246846
GW241009_084816,GW241114_235258,36.62825635302122,0.104784556,3.3888333,-0.5,-6.1098976,-0.025091263,93.10009,1.189860336572172
GW241009_084816,GW241116_151753,38.270565549303534,0.104784556,3.1012092,-0.5,-4.3330765,-0.29547113,55.882103,1.2096422805132088
GW241009_084816,GW241124_024914,45.750666062337935,0.09330103,2.5268204,0.1,-2.6408575,-0.35996085,43.836792,1.2127781219065947
GW241009_084816,GW241125_010116,46.67569424249784,-0.20667636,1.2463068,0.5,0.11670975,-0.19299869,18.225067,0.833247555427012
GW241009_084816,GW241127_061008,48.89017863808131,-0.20667636,2.8086493,0.1,-1.6324608,-0.90002036,20.208328,0.8137734543894348
GW241009_084816,GW241129_021832,50.72934977181808,-0.20667636,2.5607572,0.1,-1.3715217,-0.2836984,22.555588,0.8166785768930764
GW241009_084816,GW241130_034908,51.792266302641345,-0.20667636,15.794497,-0.5,-122.88676,-0.097603895,143.42316,-0.5361911752043604
GW241009_084816,GW241130_110422,52.094505952226896,-0.20667636,2.0189683,0.5,-0.6349351,-0.1653597,22.880484,0.8248792421880089
GW241009_084816,GW241201_055758,52.88173412324654,-0.20667636,0.63694954,1.0,0.4204081,-0.32989293,10.661011,0.836628730763116
GW241009_084816,GW241210_060606,61.88738482668168,-0.24045733,14.594027,-0.5,-105.061806,-0.022779023,163.10562,-0.3839368948783683
GW241009_084816,GW241210_120900,62.13939631067768,-0.24045733,5.0225782,-0.5,-11.973181,-0.36101362,83.36671,0.6524498986996912
GW241009_084816,GW241225_042553,76.81778294898294,-0.38587266,8.944475,-0.5,-39.4812,-0.30578226,157.59288,0.14733242475095576
GW241009_084816,GW241225_082815,76.98609800881809,-0.38587266,6.9203095,-0.5,-22.500776,-0.36763978,76.820076,0.3363811737753121
GW241009_084816,GW241229_155844,81.29893459668038,-0.38587266,3.8987892,-0.5,-7.335775,-0.42407295,78.07754,0.505218205962308
GW241009_084816,GW241230_084504,81.99777484143773,-0.38587266,4.229163,-0.5,-9.423202,-0.09024386,122.9083,0.4819781868237223
GW241009_084816,GW241230_233618,82.61668133990632,-0.38587266,11.658862,-0.5,-66.65373,-0.15112065,138.37285,-0.15518845170331955
GW241009_084816,GW241231_054133,82.8703337034114,-0.38587266,24.021242,-0.5,-286.23602,-0.35052228,176.13104,-2.5998715291961974
GW241009_084816,GW250101_011205,83.68319726420222,-0.38587266,12.584743,-0.5,-77.78164,-0.2285537,142.4023,-0.27907915964588803
GW241009_084816,GW250104_015122,86.71048070966921,-0.7066782,12.838771,-0.5,-81.228004,-0.07180967,161.94437,-0.7561635487586178
GW241009_084816,GW250108_152221,91.27366794227174,-0.7066782,4.3110495,-0.5,-7.8109627,-0.08099688,46.977276,0.061212930486718276
GW241009_084816,GW250109_010541,91.67875789430407,-0.7066782,15.719394,-0.5,-121.82556,-0.013937181,151.7346,-1.2081497287818321
GW241009_084816,GW250109_074552,91.95666181257754,-0.7066782,2.4161396,0.1,-3.287359,-0.12311149,66.40062,0.11157572307610591
GW241009_084816,GW250114_082203,96.98178731154512,-0.7066782,17.165636,-0.5,-144.9308,-1.8431427,118.25304,-1.4653880914023343
GW241009_084816,GW250116_015318,98.71182381165524,-0.7066782,1.522223,0.5,-0.49129385,-0.4359117,24.92363,0.1427052515079829
GW241009_084816,GW250118_023225,100.73899472416826,-0.8908795,11.176919,-0.5,-61.584286,-0.3032369,164.74582,-0.7893663514552545
GW241009_084816,GW250118_055802,100.88177862434476,-0.8908795,10.066759,-0.5,-49.263474,-0.17468295,113.90367,-0.6521946284571054
GW241009_084816,GW250118_170523,101.34521315983324,-0.8908795,10.070206,-0.5,-49.36912,-0.09437961,118.05693,-0.6533708434272676
GW241009_084816,GW250119_025138,101.75233770735562,-0.8908795,0.53075564,1.0,1.5770437,-0.15111108,5.139149,-0.08617014810186174
GW241009_084816,GW250119_190238,102.42663794102768,-0.8908795,20.10654,-0.5,-199.67526,-0.5032564,134.25264,-2.326779377484907
GW241009_220455,GW241011_233834,2.065039808791545,1.3380204,9.817726,-0.5,-46.29531,-1.2405615,86.85125,2.428963748609015
GW241009_220455,GW241101_220523,23.000318864181086,0.3320092,4.27102,-0.5,-9.4948435,-0.059974264,117.702446,1.4629136914499288
GW241009_220455,GW241102_124058,23.608371198257363,0.3320092,3.2152297,-0.5,-3.2367928,-0.7418249,27.970718,1.5325866625744882
GW241009_220455,GW241102_144729,23.69622940388267,0.3320092,10.980861,-0.5,-59.04329,-0.17726916,134.59363,0.9112742747896341
GW241009_220455,GW241109_033317,30.228037999744217,0.2735977,1.5417825,0.5,-1.5403395,-0.089630984,42.01909,1.471593691901354
GW241009_220455,GW241109_115924,30.579506804255974,0.2735977,5.0076594,-0.5,-12.950433,-0.16767263,140.65508,1.344561307190586
GW241009_220455,GW241110_124123,31.608659164143933,0.2735977,14.942974,-0.5,-109.94666,-0.01486416,146.0196,0.26466983840710545
GW241009_220455,GW241111_111552,32.54927146733911,0.2735977,4.0698543,-0.5,-6.6850996,-0.44516546,41.867805,1.4143153567730429
GW241009_220455,GW241113_163507,34.77097202746956,0.104784556,2.800455,0.1,-4.4640274,-0.22451681,83.968925,1.2081843600403537
GW241009_220455,GW241114_024711,35.196021571879584,0.104784556,5.895152,-0.5,-16.199133,-0.070688635,74.79726,1.0775335057337088
GW241009_220455,GW241114_235258,36.075030455600334,0.104784556,4.1225705,-0.5,-8.900666,-0.21844715,115.26131,1.1587897761616346
GW241009_220455,GW241116_151753,37.71733965188265,0.104784556,6.1059413,-0.5,-18.245293,-0.10211524,114.49905,1.0547529249962908
GW241009_220455,GW241124_024914,45.19744016491705,0.09330103,7.5275164,-0.5,-27.865923,-0.16660498,136.31108,0.9319390319228491
GW241009_220455,GW241125_010116,46.122468345076946,0.09330103,10.396811,-0.5,-53.272137,-0.000357199,161.3279,0.6490831574374011
GW241009_220455,GW241127_061008,48.33695274066042,-0.20667636,19.32974,-0.5,-184.9266,-1.0933763,171.48854,-1.22690155484491
GW241009_220455,GW241129_021832,50.17612387439719,-0.20667636,16.719074,-0.5,-138.15456,-0.4770543,170.93015,-0.7061726917383164
GW241009_220455,GW241130_034908,51.23904040522046,-0.20667636,2.5900586,0.1,-1.7906017,-0.29095978,27.090113,0.8120128188871469
GW241009_220455,GW241130_110422,51.54128005480601,-0.20667636,10.571963,-0.5,-54.670444,-0.02799618,131.77724,0.22328384466488643
GW241009_220455,GW241201_055758,52.32850822582565,-0.20667636,8.963289,-0.5,-39.63883,-0.13653705,157.07172,0.390635855018571
GW241009_220455,GW241210_060606,61.334158929260795,-0.24045733,0.9467414,1.0,0.78754646,-0.2161349,11.666319,0.7945193425306929
GW241009_220455,GW241210_120900,61.586170413256795,-0.24045733,5.193475,-0.5,-12.939415,-0.16765773,90.31957,0.6416924901302821
GW241009_220455,GW241225_042553,76.26455705156205,-0.38587266,2.7706363,0.1,-3.4008136,-0.49913815,50.889973,0.549027446309624
GW241009_220455,GW241225_082815,76.4328721113972,-0.38587266,6.711383,-0.5,-21.274483,-0.5609957,82.2423,0.35003391013532814
GW241009_220455,GW241229_155844,80.7457086992595,-0.38587266,3.7412672,-0.5,-6.799049,-0.23071705,77.39849,0.5111937559964053
GW241009_220455,GW241230_084504,81.44454894401684,-0.38587266,2.6646495,0.1,-4.061868,-0.10311203,78.66559,0.5416677042442025
GW241009_220455,GW241230_233618,82.06345544248543,-0.38587266,4.213773,-0.5,-7.7421355,-0.042235244,54.5842,0.5006940572099514
GW241009_220455,GW241231_054133,82.31710780599052,-0.38587266,3.3251739,-0.5,-3.6605775,-0.54387814,29.87147,0.5461354073129058
GW241009_220455,GW250101_011205,83.12997136678133,-0.38587266,4.902683,-0.5,-10.802864,-0.035197817,61.03382,0.4666179426528514
GW241009_220455,GW250104_015122,86.15725481224833,-0.7066782,3.298737,-0.5,-4.408243,-0.12154621,44.99418,0.09909654463808193
GW241009_220455,GW250108_152221,90.72044204485086,-0.7066782,10.8124075,-0.5,-57.17693,-0.11235901,130.5048,-0.48839488750020843
GW241009_220455,GW250109_010541,91.12553199688318,-0.7066782,4.353781,-0.5,-8.00757,-0.1794187,47.715927,0.05902403243816551
GW241009_220455,GW250109_074552,91.40343591515665,-0.7066782,3.413295,-0.5,-6.2288327,-0.0702444,95.46283,0.07882731239637625
GW241009_220455,GW250114_082203,96.42856141412423,-0.7066782,8.326435,-0.5,-32.7156,-2.0364985,71.818504,-0.21605871531271253
GW241009_220455,GW250116_015318,98.15859791423435,-0.7066782,9.069218,-0.5,-40.55382,-0.2425558,155.77429,-0.3033242678108449
GW241009_220455,GW250118_023225,100.18576882674738,-0.8908795,2.7990198,0.1,-3.156674,-0.10988101,43.74016,-0.1388722088200337
GW241009_220455,GW250118_055802,100.32855272692387,-0.8908795,7.5649276,-0.5,-27.398684,-0.018672943,94.17187,-0.4087666094814821
GW241009_220455,GW250118_170523,100.79198726241235,-0.8908795,4.3440757,-0.5,-8.279084,-0.2877355,55.69525,-0.19590171576696513
GW241009_220455,GW250119_025138,101.19911180993473,-0.8908795,14.240827,-0.5,-99.93525,-0.34446695,156.45096,-1.2163404549811756
GW241009_220455,GW250119_190238,101.87341204360679,-0.8908795,4.9110284,-0.5,-10.070536,-0.69661224,41.53306,-0.21584654392769187
GW241011_233834,GW241101_220523,20.93527905538954,0.09474692,5.8886023,-0.5,-17.624924,-1.1805872,155.37787,1.047932814819755
GW241011_233834,GW241102_124058,21.543331389465816,0.09474692,21.994858,-0.5,-238.14981,-0.49873656,77.599205,-1.4072445040259725
GW241011_233834,GW241102_144729,21.631189595091122,0.3320092,8.506816,-0.5,-34.390327,-1.0632923,79.34794,1.1857439425187835
GW241011_233834,GW241109_033317,28.16299819095267,0.5727229,4.0404243,-0.5,-8.425331,-1.1509305,105.324524,1.8040068872970374
GW241011_233834,GW241109_115924,28.51446699546443,0.5727229,2.9014919,0.1,-4.53789,-1.0728889,78.16287,1.8472870698032202
GW241011_233834,GW241110_124123,29.543619355352387,0.2735977,13.998531,-0.5,-95.19452,-1.2256973,79.502174,0.4289103896113401
GW241011_233834,GW241111_111552,30.484231658547564,0.2735977,19.70588,-0.5,-191.654,-0.79539603,128.61066,-0.6450053486392664
GW241011_233834,GW241113_163507,32.70593221867802,0.2735977,0.7301779,1.0,-0.73640305,-1.0160446,21.109705,1.4805441849493866
GW241011_233834,GW241114_024711,33.13098176308804,0.2735977,2.9691072,0.1,-2.7316384,-1.1698728,29.355196,1.4583305621510383
GW241011_233834,GW241114_235258,34.00999064680879,0.2735977,5.8715243,-0.5,-17.555918,-1.0221143,157.3799,1.2932869028746286
GW241011_233834,GW241116_151753,35.6522998430911,0.104784556,4.514958,-0.5,-9.598219,-1.3426766,76.67549,1.1510236888793592
GW241011_233834,GW241124_024914,43.1324003561255,0.09330103,4.6034455,-0.5,-9.915799,-1.4071665,74.89341,1.131783763166972
GW241011_233834,GW241125_010116,44.05742853628541,0.09330103,5.769207,-0.5,-15.562527,-1.2402042,76.87258,1.0689168567644256
GW241011_233834,GW241127_061008,46.271912931868876,0.09330103,21.515604,-0.5,-227.94122,-0.14718519,84.6379,-1.2955661972895742
GW241011_233834,GW241129_021832,48.111084065605645,-0.20667636,13.64646,-0.5,-90.57498,-0.7635072,87.68855,-0.17645337567618274
GW241011_233834,GW241130_034908,49.17400059642891,-0.20667636,12.479073,-0.5,-75.437225,-0.94960165,84.7871,-0.007919671683581764
GW241011_233834,GW241130_110422,49.47624024601446,-0.20667636,5.4732904,-0.5,-13.243161,-1.2125653,52.53722,0.6845076441745161
GW241011_233834,GW241201_055758,50.263468417034105,-0.20667636,4.7236023,-0.5,-10.394201,-1.3770984,73.7629,0.7162260677828274
GW241011_233834,GW241210_060606,59.26911912046925,-0.24045733,10.418867,-0.5,-52.502098,-1.0244266,98.07769,0.20122790802710372
GW241011_233834,GW241210_120900,59.52113060446525,-0.24045733,5.6468606,-0.5,-15.162294,-1.4082192,87.3372,0.6169444302555567
GW241011_233834,GW241225_042553,74.1995172427705,-0.38587266,8.258839,-0.5,-33.459255,-0.7414233,136.74203,0.2143767629907961
GW241011_233834,GW241225_082815,74.36783230260566,-0.38587266,5.734498,-0.5,-14.648771,-0.6795658,53.466644,0.42380017146886595
GW241011_233834,GW241229_155844,78.68066889046794,-0.38587266,1.168184,1.0,-0.32296476,-1.4712785,22.310507,0.5832941665796162
GW241011_233834,GW241230_084504,79.3795091352253,-0.38587266,4.565832,-0.5,-10.859781,-1.1374494,129.81032,0.4659842645354185
GW241011_233834,GW241230_233618,79.9984156336939,-0.38587266,12.25215,-0.5,-73.44883,-1.1983262,125.28789,-0.23084054302160525
GW241011_233834,GW241231_054133,80.25206799719896,-0.38587266,27.550066,-0.5,-376.10495,-0.6966833,115.1477,-3.6004123486964956
GW241011_233834,GW250101_011205,81.06493155798978,-0.38587266,14.995028,-0.5,-110.68587,-1.2757592,143.62863,-0.6454129365918644
GW241011_233834,GW250104_015122,84.09221500345679,-0.38587266,11.894798,-0.5,-69.29519,-1.1190152,131.81859,-0.18459667146750022
GW241011_233834,GW250108_152221,88.6554022360593,-0.7066782,9.538964,-0.5,-43.64953,-1.1282024,86.6155,-0.3377898084788686
GW241011_233834,GW250109_010541,89.06049218809163,-0.7066782,17.179583,-0.5,-145.35141,-1.0611428,129.56734,-1.4700708667267637
GW241011_233834,GW250109_074552,89.3383961063651,-0.7066782,2.2171576,0.1,-2.7771401,-1.170317,59.450115,0.11725616026454583
GW241011_233834,GW250114_082203,94.36352160533269,-0.7066782,30.983658,-0.5,-476.14758,-0.7959371,103.522964,-5.1529352911517305
GW241011_233834,GW250116_015318,96.09355810544281,-0.7066782,5.0348067,-0.5,-11.861882,-1.4831172,76.65272,0.01611268856477721
GW241011_233834,GW250118_023225,98.12072901795584,-0.7066782,9.644068,-0.5,-45.443764,-1.3504424,129.73642,-0.3577656293413276
GW241011_233834,GW250118_055802,98.26351291813232,-0.7066782,16.681395,-0.5,-137.39478,-1.2218885,159.76874,-1.38148699363326
GW241011_233834,GW250118_170523,98.72694745362081,-0.7066782,9.35259,-0.5,-42.09343,-0.95282596,94.05936,-0.3204652385904966
GW241011_233834,GW250119_025138,99.13407200114318,-0.7066782,9.208904,-0.5,-40.19449,-0.8960945,69.80626,-0.2993236929220795
GW241011_233834,GW250119_190238,99.80837223481525,-0.7066782,34.520626,-0.5,-591.69324,-0.5439492,99.38932,-6.439343702786389
GW241101_220523,GW241102_124058,0.6080523340762766,1.6364105,4.73905,-0.5,-11.512692,-0.6818506,124.81382,3.2242709755670504
GW241101_220523,GW241102_144729,0.695910539701581,1.2745508,3.022776,0.1,-4.954074,-0.1172949,83.78109,2.8024321988555423
GW241101_220523,GW241109_033317,7.227719135563131,0.5732528,2.583954,0.1,-4.2956095,-0.029656718,95.31712,1.8507090994919542
GW241101_220523,GW241109_115924,7.57918794007489,0.72702783,2.211445,0.1,-3.4358177,-0.10769837,82.94861,2.070575167808245
GW241101_220523,GW241110_124123,8.608340299962848,0.5435311,2.9401307,0.1,-4.633736,-0.045110103,78.53294,1.806298999923183
GW241101_220523,GW241111_111552,9.548952603158023,0.5435311,2.8252554,0.1,-4.316975,-0.38519117,76.00945,1.809825606259249
GW241101_220523,GW241113_163507,11.770653163288479,0.5157103,3.8333743,-0.5,-8.413302,-0.16454254,149.30565,1.7261736953523172
GW241101_220523,GW241114_024711,12.1957027076985,0.5157103,5.4985304,-0.5,-15.516297,-0.0107143745,153.46289,1.6470936774409937
GW241101_220523,GW241114_235258,13.074711591419247,0.5157103,0.09754188,1.0,-0.990163,-0.15847288,3.6492362,1.8088179887653848
GW241101_220523,GW241116_151753,14.717020787701562,0.035988156,2.9963276,0.1,-5.1073103,-0.16208951,93.301506,1.1069405555108327
GW241101_220523,GW241124_024914,22.197121300735958,0.3320092,2.7613325,0.1,-4.406025,-0.22657923,84.92553,1.5195692102401397
GW241101_220523,GW241125_010116,23.122149480895864,0.3320092,2.6821964,0.1,-4.0939927,-0.059617065,78.60037,1.5230431693300464
GW241101_220523,GW241127_061008,25.336633876479333,0.5727229,2.682383,0.1,-3.8853407,-1.033402,70.80075,1.8545521190250651
GW241101_220523,GW241129_021832,27.175805010216102,0.5727229,2.5369291,0.1,-3.542141,-0.41708001,68.19088,1.8583730763957746
GW241101_220523,GW241130_034908,28.23872154103937,0.5727229,4.299287,-0.5,-9.572793,-0.2309855,115.95088,1.7912318103127982
GW241101_220523,GW241130_110422,28.54096119062492,0.5727229,3.8056593,-0.5,-7.6336694,-0.031978082,105.83185,1.8128207221994885
GW241101_220523,GW241201_055758,29.328189361644565,0.2735977,2.714615,0.1,-4.25585,-0.19651131,82.56449,1.4413610068126739
GW241101_220523,GW241210_060606,38.333840065079706,0.104784556,3.8329096,-0.5,-7.733178,-0.15616065,106.3465,1.1717878116055092
GW241101_220523,GW241210_120900,38.58585154907571,0.104784556,3.095999,-0.5,-5.3588576,-0.227632,93.927704,1.198221915863014
GW241101_220523,GW241225_042553,53.26423818738096,-0.20667636,2.1754405,0.1,-2.969764,-0.4391639,67.23986,0.7988848110520148
GW241101_220523,GW241225_082815,53.43255324721612,-0.20667636,4.5967746,-0.5,-10.95056,-0.50102144,127.40097,0.7100319443476131
GW241101_220523,GW241229_155844,57.745389835078406,-0.24045733,4.768903,-0.5,-12.065329,-0.29069132,154.23236,0.6514239861227193
GW241101_220523,GW241230_084504,58.44423007983576,-0.24045733,1.5420331,0.5,-2.236564,-0.043137763,59.51364,0.7608509103413116
GW241101_220523,GW241230_233618,59.063136578304345,-0.24045733,2.684183,0.1,-4.010511,-0.017739018,75.24208,0.7411009651172484
GW241101_220523,GW241231_054133,59.31678894180943,-0.24045733,3.3609076,-0.5,-5.93846,-0.48390388,88.8371,0.7196364646668543
GW241101_220523,GW250101_011205,60.129652502600244,-0.24045733,2.1484137,0.5,-2.699482,-0.095172085,59.73026,0.7556970889517305
GW241101_220523,GW250104_015122,63.15693594806724,-0.39246207,2.5669885,0.1,-3.72576,-0.06157195,72.78751,0.5363984150715148
GW241101_220523,GW250108_152221,67.72012318066977,-0.39246207,2.8486004,0.1,-4.4368033,-0.052384745,78.71918,0.5284821315718002
GW241101_220523,GW250109_010541,68.12521313270209,-0.39246207,2.7241375,0.1,-4.0559483,-0.119444445,74.00873,0.5327223185867539
GW241101_220523,GW250109_074552,68.40311705097557,-0.39246207,3.0962107,-0.5,-5.7790394,-0.010270137,115.85701,0.5135385688271483
GW241101_220523,GW250114_082203,73.42824254994315,-0.39246207,3.1922877,-0.5,-5.3768945,-1.9765244,83.99844,0.518015782588752
GW241101_220523,GW250116_015318,75.15827905005327,-0.38587266,2.628001,0.1,-4.011347,-0.30253005,79.40712,0.542230175594192
GW241101_220523,GW250118_023225,77.1854499625663,-0.38587266,2.532571,0.1,-3.7078402,-0.16985528,74.363434,0.5456092162170512
GW241101_220523,GW250118_055802,77.32823386274278,-0.38587266,1.0539237,1.0,-0.9470001,-0.041301318,29.300943,0.5763465725676429
GW241101_220523,GW250118_170523,77.79166839823127,-0.38587266,3.6221242,-0.5,-6.963618,-0.22776124,101.312744,0.5093615553835141
GW241101_220523,GW250119_025138,78.19879294575364,-0.38587266,3.1551304,-0.5,-5.323695,-0.2844927,85.751526,0.5276193623445516
GW241101_220523,GW250119_190238,78.87309317942571,-0.38587266,3.8350542,-0.5,-7.631205,-0.636638,100.701836,0.5019290829286216
GW241102_124058,GW241102_144729,0.08785820562530447,2.6036868,11.606181,-0.5,-65.529015,-0.56455576,106.641594,3.9456795707745753
GW241102_124058,GW241109_033317,6.619666801486854,0.5732528,1.1513382,1.0,-0.92180514,-0.6521939,29.95574,1.8882707914205197
GW241102_124058,GW241109_115924,6.971135605998613,0.5732528,4.190939,-0.5,-9.106989,-0.57415223,112.698395,1.7971424031810688
GW241102_124058,GW241110_124123,8.00028796588657,0.72702783,28.756132,-0.5,-410.5894,-0.7269607,156.65309,-2.4624016735454335
GW241102_124058,GW241111_111552,8.940900269081746,0.5435311,8.774554,-0.5,-35.927135,-0.29665947,55.507256,1.457899119574508
GW241102_124058,GW241113_163507,11.162600829212202,0.669271,2.9365234,0.1,-4.7783194,-0.5173081,84.76492,1.9766437801179353
GW241102_124058,GW241114_024711,11.587650373622223,0.669271,5.6792665,-0.5,-14.424147,-0.67113626,55.404854,1.869253558971943
GW241102_124058,GW241114_235258,12.46665925734297,0.5157103,4.639527,-0.5,-11.077531,-0.5233778,124.13423,1.6965119491297727
GW241102_124058,GW241116_151753,14.108968453625286,0.035988156,5.12274,-0.5,-12.51805,-0.84394014,86.607506,1.0244343098184885
GW241102_124058,GW241124_024914,21.58906896665968,0.3320092,9.231394,-0.5,-41.919476,-0.90842986,149.45229,1.1019194187013686
GW241102_124058,GW241125_010116,22.514097146819587,0.3320092,11.276069,-0.5,-62.48089,-0.7414677,149.15474,0.8730023334463701
GW241102_124058,GW241127_061008,24.72858154240306,0.3320092,41.258522,-0.5,-847.4313,-0.35155135,148.16814,-7.8661128281916035
GW241102_124058,GW241129_021832,26.567752676139825,0.5727229,23.021456,-0.5,-262.3913,-0.2647706,143.23744,-1.0234811388135274
GW241102_124058,GW241130_034908,27.630669206963095,0.5727229,8.107601,-0.5,-30.38274,-0.45086512,53.52564,1.55954771066234
GW241102_124058,GW241130_110422,27.932908856548647,0.5727229,11.465492,-0.5,-63.96508,-0.71382874,108.504845,1.1856642857026096
GW241102_124058,GW241201_055758,28.72013702756829,0.5727229,8.492671,-0.5,-35.290096,-0.87836194,131.91713,1.5049124722104352
GW241102_124058,GW241210_060606,37.72578773100343,0.104784556,3.8871267,-0.5,-5.7510605,-0.52568996,36.055172,1.193855390321883
GW241102_124058,GW241210_120900,37.977799214999436,0.104784556,4.150132,-0.5,-7.8197403,-0.90948266,63.841236,1.170824086165929
GW241102_124058,GW241225_042553,52.656185853304684,-0.20667636,4.141235,-0.5,-7.920512,-0.24268675,68.24349,0.7437664755872138
GW241102_124058,GW241225_082815,52.82450091313984,-0.20667636,6.040753,-0.5,-16.421783,-0.18082921,55.480682,0.6491189796741148
GW241102_124058,GW241229_155844,57.13733750100213,-0.24045733,4.136491,-0.5,-8.188823,-0.9725419,78.720894,0.6945824222039574
GW241102_124058,GW241230_084504,57.836177745759485,-0.24045733,3.693327,-0.5,-7.253508,-0.6387129,104.83671,0.7049955930620908
GW241102_124058,GW241230_233618,58.45508424422807,-0.24045733,4.9202304,-0.5,-10.47062,-0.69958967,49.68917,0.6691784085392283
GW241102_124058,GW241231_054133,58.70873660773315,-0.24045733,13.411338,-0.5,-86.37417,-0.19794674,51.75277,-0.175881178719909
GW241102_124058,GW250101_011205,59.52160016852397,-0.24045733,6.9925113,-0.5,-22.679556,-0.7770227,66.02952,0.533252243894254
GW241102_124058,GW250104_015122,62.54888361399097,-0.24045733,5.370793,-0.5,-12.9535675,-0.62027866,58.891335,0.6415349253157199
GW241102_124058,GW250108_152221,67.1120708465935,-0.39246207,11.53885,-0.5,-64.694374,-0.6294659,103.12384,-0.14238555567174785
GW241102_124058,GW250109_010541,67.51716079862581,-0.39246207,7.0663705,-0.5,-22.702799,-0.5624062,52.07245,0.32512069488039697
GW241102_124058,GW250109_074552,67.79506471689929,-0.39246207,2.5390613,0.1,-3.5390706,-0.6715805,67.95937,0.5384768903389726
GW241102_124058,GW250114_082203,72.82019021586687,-0.39246207,34.016026,-0.5,-574.4365,-1.2946737,99.6721,-5.8175153793141
GW241102_124058,GW250116_015318,74.55022671597699,-0.38587266,10.093604,-0.5,-50.116478,-0.9843807,152.81372,0.028926331404766845
GW241102_124058,GW250118_023225,76.57739762849002,-0.38587266,4.639406,-0.5,-9.687444,-0.8517059,61.965298,0.47903629034870354
GW241102_124058,GW250118_055802,76.7201815286665,-0.38587266,11.840641,-0.5,-68.33218,-0.723152,111.80078,-0.17387512906679678
GW241102_124058,GW250118_170523,77.18361606415499,-0.38587266,3.3073344,-0.5,-3.801381,-0.4540894,32.835373,0.5445677940172443
GW241102_124058,GW250119_025138,77.59074061167736,-0.38587266,18.37538,-0.5,-166.57393,-0.39735794,136.1305,-1.267633416377141
GW241102_124058,GW250119_190238,78.26504084534943,-0.38587266,10.612174,-0.5,-51.793022,-0.045212638,25.361696,0.010260804250899314
GW241102_144729,GW241109_033317,6.53180859586155,0.5732528,3.6768906,-0.5,-7.123261,-0.08763818,100.79663,1.8192279096730077
GW241102_144729,GW241109_115924,6.883277400373308,0.5732528,0.2421824,1.0,-0.45245743,-0.009596522,6.840015,1.8934961965014605
GW241102_144729,GW241110_124123,7.912429760261266,0.72702783,7.174309,-0.5,-24.123405,-0.162405,73.24585,1.8402533348965187
GW241102_144729,GW241111_111552,8.853042063456442,0.5435311,12.138189,-0.5,-72.15047,-0.2678963,129.92618,1.0546126562272482
GW241102_144729,GW241113_163507,11.074742623586898,0.669271,3.19049,-0.5,-5.6420465,-0.04724765,96.12789,1.967027617535079
GW241102_144729,GW241114_024711,11.499792167996919,0.669271,5.5408936,-0.5,-14.226377,-0.106580526,72.18676,1.8714553998445491
GW241102_144729,GW241114_235258,12.378801051717666,0.5157103,3.1089644,-0.5,-5.246829,-0.041177988,87.40719,1.7614271025634525
GW241102_144729,GW241116_151753,14.021110247999982,0.035988156,1.062433,1.0,-0.19297932,-0.2793844,20.169037,1.1616534457641696
GW241102_144729,GW241124_024914,21.50121076103438,0.09474692,4.4203873,-0.5,-9.330405,-0.34387413,81.1064,1.1402784629203313
GW241102_144729,GW241125_010116,22.42623894119428,0.3320092,3.2616243,-0.5,-4.5800767,-0.17691197,51.521732,1.5176314337691892
GW241102_144729,GW241127_061008,24.640723336777754,0.3320092,4.6437535,-0.5,-8.994751,-0.9161071,43.426716,1.4684813885715071
GW241102_144729,GW241129_021832,26.479894470514523,0.5727229,3.4672146,-0.5,-4.4819736,-0.29978514,36.90077,1.84790960477558
GW241102_144729,GW241130_034908,27.54281100133779,0.5727229,14.467324,-0.5,-103.16505,-0.113690615,157.24962,0.7492379496446702
GW241102_144729,GW241130_110422,27.84505065092334,0.5727229,2.3568287,0.1,-1.6193182,-0.14927298,30.19282,1.8797805047255842
GW241102_144729,GW241201_055758,28.632278821942982,0.5727229,1.72769,0.5,-0.98909056,-0.3138062,30.703932,1.886797040311712
GW241102_144729,GW241210_060606,37.63792952537813,0.104784556,11.063157,-0.5,-60.01701,-0.03886575,140.1977,0.5896944289737651
GW241102_144729,GW241210_120900,37.88994100937413,0.104784556,2.630011,0.1,-2.9403102,-0.3449269,46.39501,1.22514841282042
GW241102_144729,GW241225_042553,52.56832764767938,-0.20667636,7.248107,-0.5,-25.855722,-0.321869,134.8449,0.5440877819825871
GW241102_144729,GW241225_082815,52.73664270751454,-0.20667636,4.3510222,-0.5,-8.275456,-0.3837265,54.848698,0.7398147627790828
GW241102_144729,GW241229_155844,57.04947929537683,-0.24045733,4.79954,-0.5,-11.338529,-0.40798622,100.30112,0.659515693198323
GW241102_144729,GW241230_084504,57.74831954013418,-0.24045733,4.7577834,-0.5,-11.839926,-0.07415713,141.1619,0.6539334712340007
GW241102_144729,GW241230_233618,58.367226038602766,-0.24045733,7.547021,-0.5,-27.393763,-0.13503392,100.277504,0.4807674041635701
GW241102_144729,GW241231_054133,58.62087840210784,-0.24045733,15.335537,-0.5,-115.824425,-0.366609,145.03831,-0.503760731793214
GW241102_144729,GW250101_011205,59.43374196289866,-0.24045733,8.614068,-0.5,-35.94069,-0.21246698,110.221214,0.38561161307745645
GW241102_144729,GW250104_015122,62.46102540836566,-0.24045733,9.297364,-0.5,-42.233837,-0.05572295,129.76071,0.3155478912994791
GW241102_144729,GW250108_152221,67.02421264096819,-0.39246207,0.73729426,1.0,0.94704664,-0.06491015,9.162291,0.5884223339221067
GW241102_144729,GW250109_010541,67.42930259300051,-0.39246207,10.108324,-0.5,-49.689255,-0.0021495458,114.74587,0.024671455975211837
GW241102_144729,GW250109_074552,67.70720651127398,-0.39246207,1.447256,0.5,-1.4619342,-0.10702476,40.70241,0.5616023445149757
GW241102_144729,GW250114_082203,72.73233201024156,-0.39246207,16.831211,-0.5,-139.80681,-1.8592294,153.4709,-0.9786374078253319
GW241102_144729,GW250116_015318,74.4623685103517,-0.38587266,3.437669,-0.5,-5.3664637,-0.41982496,59.914703,0.5271432065713806
GW241102_144729,GW250118_023225,76.48953942286471,-0.38587266,8.681401,-0.5,-36.957966,-0.28715017,138.0717,0.17542444743478638
GW241102_144729,GW250118_055802,76.6323233230412,-0.38587266,8.835996,-0.5,-37.876934,-0.15859622,113.055885,0.16519326712274487
GW241102_144729,GW250118_170523,77.09575785852968,-0.38587266,6.247435,-0.5,-18.410645,-0.11046634,82.20127,0.38191797853285664
GW241102_144729,GW250119_025138,77.50288240605207,-0.38587266,3.5057206,-0.5,-4.749675,-0.16719781,39.885094,0.5340101232707156
GW241102_144729,GW250119_190238,78.17718263972412,-0.38587266,10.975714,-0.5,-58.35994,-0.5193431,98.33398,-0.06285088357739843
GW241109_033317,GW241109_115924,0.351468804511759,2.0498016,2.88655,0.1,-5.1447124,-0.07804166,107.626175,3.860497263366921
GW241109_033317,GW241110_124123,1.3806211643997166,1.6291271,6.5064015,-0.5,-21.454487,-0.07476682,171.7436,3.103625398878698
GW241109_033317,GW241111_111552,2.321233467594893,1.706399,1.4458821,0.5,-1.3478751,-0.35553446,38.447807,3.433151438590839
GW241109_033317,GW241113_163507,4.542934027725348,0.9949764,2.9610279,0.1,-5.4386916,-0.13488583,114.69189,2.414707246272234
GW241109_033317,GW241114_024711,4.967983572135369,0.790937,2.852576,0.1,-4.4462924,-0.018942345,78.75639,2.1467236512994927
GW241109_033317,GW241114_235258,5.846992455856116,0.49711657,2.5562487,0.1,-4.240601,-0.12881617,95.06186,1.7472020826358954
GW241109_033317,GW241116_151753,7.4893016521384315,0.72702783,2.6643717,0.1,-4.150378,-0.19174622,82.24697,2.0626197266915423
GW241109_033317,GW241124_024914,14.969402165172829,0.035988156,5.8425736,-0.5,-17.643557,-0.25623596,178.0959,0.9673703329139778
GW241109_033317,GW241125_010116,15.894430345332733,0.52348214,5.234776,-0.5,-14.178697,-0.08927378,151.9028,1.6726139591176314
GW241109_033317,GW241127_061008,18.108914740916205,0.52348214,5.420779,-0.5,-14.9559,-1.0037453,141.35391,1.6639610919625638
GW241109_033317,GW241129_021832,19.94808587465297,0.09474692,5.022625,-0.5,-12.91412,-0.3874233,133.43454,1.1003797710424634
GW241109_033317,GW241130_034908,21.01100240547624,0.09474692,2.5417309,0.1,-3.5378184,-0.2013288,67.758095,1.2047692690385663
GW241109_033317,GW241130_110422,21.313242055061792,0.09474692,4.2915506,-0.5,-9.579011,-0.0616348,118.04784,1.1375106522067386
GW241109_033317,GW241201_055758,22.100470226081434,0.3320092,4.3631473,-0.5,-10.071583,-0.22616804,131.50043,1.4564926598171397
GW241109_033317,GW241210_060606,31.106120929516575,0.2735977,1.4952757,0.5,-1.4835627,-0.12650393,41.0347,1.4722258065808527
GW241109_033317,GW241210_120900,31.35813241351258,0.2735977,1.8228638,0.5,-2.2093503,-0.25728872,54.798573,1.464145370061223
GW241109_033317,GW241225_042553,46.036519051817834,0.09330103,1.683075,0.5,-2.0022209,-0.40950716,51.564625,1.2198882766340164
GW241109_033317,GW241225_082815,46.20483411165299,0.09330103,2.4344068,0.1,-3.3265698,-0.4713647,66.73251,1.2051438571280388
GW241109_033317,GW241229_155844,50.51767069951528,-0.20667636,3.3874662,-0.5,-6.4154725,-0.32034802,108.676445,0.760522585813237
GW241109_033317,GW241230_084504,51.216510944272635,-0.20667636,2.4810147,0.1,-4.114068,-0.013481043,95.21443,0.7861448915133431
GW241109_033317,GW241230_233618,51.83541744274122,-0.20667636,0.72761816,1.0,-0.6513141,-0.047395736,20.178335,0.8246968893171664
GW241109_033317,GW241231_054133,52.08906980624629,-0.20667636,1.7559054,0.5,-1.808008,-0.45424718,45.85462,0.8118190295607193
GW241109_033317,GW250101_011205,52.90193336703711,-0.20667636,1.4299709,0.5,-1.3921974,-0.1248288,39.324078,0.8164483878647941
GW241109_033317,GW250104_015122,55.92921681250411,-0.24045733,1.4617074,0.5,-1.4783404,-0.03191523,41.01413,0.7692924665166341
GW241109_033317,GW250108_152221,60.49240404510664,-0.24045733,3.4235547,-0.5,-6.217783,-0.022728026,93.56699,0.7165266671679082
GW241109_033317,GW250109_010541,60.89749399713896,-0.24045733,1.0262893,1.0,-0.8492242,-0.08978772,27.56461,0.7762966273189768
GW241109_033317,GW250109_074552,61.17539791541243,-0.24045733,1.9829315,0.5,-2.9397833,-0.019386582,73.75524,0.7530217334277607
GW241109_033317,GW250114_082203,66.20052341438002,-0.39246207,3.9899561,-0.5,-8.216992,-1.9468676,103.71299,0.4863960227971067
GW241109_033317,GW250116_015318,67.93055991449013,-0.39246207,5.353707,-0.5,-14.87077,-0.3321868,160.27951,0.4123172862282207
GW241109_033317,GW250118_023225,69.95773082700316,-0.39246207,1.6485373,0.5,-1.840151,-0.199512,47.934402,0.5573915310215507
GW241109_033317,GW250118_055802,70.10051472717966,-0.39246207,3.217961,-0.5,-5.5474067,-0.07095804,88.492805,0.5161174132478049
GW241109_033317,GW250118_170523,70.56394926266813,-0.39246207,0.732637,1.0,-0.65051806,-0.19810452,20.272255,0.5706361118681574
GW241109_033317,GW250119_025138,70.97107381019052,-0.39246207,5.2275243,-0.5,-13.986897,-0.254836,140.46,0.42215773977638815
GW241109_033317,GW250119_190238,71.64537404386257,-0.39246207,0.2366304,1.0,-0.28085136,-0.6069813,6.1377587,0.574751734819173
GW241109_115924,GW241110_124123,1.0291523598879575,0.98100364,2.43661,0.1,-3.3205614,-0.15280847,66.414116,2.4191807723457
GW241109_115924,GW241111_111552,1.9697646630831338,1.3380204,4.9425926,-0.5,-12.5804615,-0.2774928,135.65344,2.8043224431593226
GW241109_115924,GW241113_163507,4.191465223213589,0.9949764,2.374273,0.1,-3.90375,-0.05684417,93.3692,2.4317962652568954
GW241109_115924,GW241114_024711,4.61651476762361,0.9949764,2.620207,0.1,-3.8692563,-0.096984,74.49996,2.432180294985272
GW241109_115924,GW241114_235258,5.495523651344357,0.49711657,2.2881422,0.1,-3.6240401,-0.05077451,86.50047,1.7540664617347803
GW241109_115924,GW241116_151753,7.137832847626673,0.5732528,0.8442436,1.0,-1.0046355,-0.26978788,26.685093,1.8873486138795232
GW241109_115924,GW241124_024914,14.61793336066107,0.035988156,2.3783405,0.1,-3.4524784,-0.3342776,74.27725,1.1253643523322785
GW241109_115924,GW241125_010116,15.542961540820974,0.035988156,1.49943,0.5,-1.6547909,-0.16731544,44.68761,1.1453786088166187
GW241109_115924,GW241127_061008,17.757445936404444,0.52348214,1.3664894,0.5,-1.2628286,-0.92570364,36.82306,1.816410637550435
GW241109_115924,GW241129_021832,19.596617070141214,0.09474692,1.1161193,1.0,-0.9869766,-0.30938166,30.606237,1.2331686439777567
GW241109_115924,GW241130_034908,20.65953360096448,0.09474692,5.8341894,-0.5,-17.38946,-0.12328714,160.50278,1.0505543153483972
GW241109_115924,GW241130_110422,20.96177325055003,0.09474692,0.9441976,1.0,-0.8753015,-0.13967645,26.752878,1.2344119606953872
GW241109_115924,GW241201_055758,21.749001421569673,0.3320092,0.7728647,1.0,-0.9013028,-0.30420968,23.878025,1.5585884536808257
GW241109_115924,GW241210_060606,30.754652125004817,0.2735977,5.195882,-0.5,-13.923742,-0.04846227,146.89653,1.333725126831471
GW241109_115924,GW241210_120900,31.00666360900082,0.2735977,1.7267611,0.5,-2.088621,-0.33533037,53.219257,1.4654894913641
GW241109_115924,GW241225_042553,45.68505024730607,0.09330103,4.4333663,-0.5,-10.461244,-0.3314655,139.1267,1.1257111472612624
GW241109_115924,GW241225_082815,45.85336530714123,0.09330103,2.1089606,0.5,-2.6468978,-0.39332303,59.561165,1.2127108728402716
GW241109_115924,GW241229_155844,50.16620189500352,-0.20667636,2.9910278,0.1,-5.1950207,-0.3983897,98.08691,0.7741102842169456
GW241109_115924,GW241230_084504,50.865042139760874,-0.20667636,3.5359879,-0.5,-7.318828,-0.064560615,137.81229,0.7504652258232439
GW241109_115924,GW241230_233618,51.48394863822946,-0.20667636,3.7309718,-0.5,-7.4049854,-0.1254374,106.52846,0.7495060075442959
GW241109_115924,GW241231_054133,51.73760100173453,-0.20667636,5.612785,-0.5,-16.083601,-0.37620553,151.45636,0.6528840779821956
GW241109_115924,GW250101_011205,52.55046456252535,-0.20667636,4.065265,-0.5,-8.692249,-0.20287046,115.15705,0.7351744683726495
GW241109_115924,GW250104_015122,55.577748007992355,-0.24045733,4.681897,-0.5,-11.427124,-0.046126425,135.16731,0.6585293310886183
GW241109_115924,GW250108_152221,60.14093524059488,-0.24045733,0.5320437,1.0,-0.5589412,-0.055313632,14.983681,0.7795284453090248
GW241109_115924,GW250109_010541,60.5460251926272,-0.24045733,4.357604,-0.5,-9.878994,-0.011746068,120.726685,0.6757651805194107
GW241109_115924,GW250109_074552,60.82392911090067,-0.24045733,1.2085507,0.5,-1.7369051,-0.09742824,45.69615,0.7664137791206108
GW241109_115924,GW250114_082203,65.84905460986826,-0.39246207,5.4696493,-0.5,-15.28176,-1.8688259,146.95357,0.4077415997663031
GW241109_115924,GW250116_015318,67.57909110997838,-0.39246207,1.7289013,0.5,-2.0844707,-0.41022843,53.076538,0.5546714370176781
GW241109_115924,GW250118_023225,69.6062620224914,-0.39246207,4.794483,-0.5,-12.028027,-0.27755365,143.16534,0.4439665044819957
GW241109_115924,GW250118_055802,69.74904592266789,-0.39246207,3.9594555,-0.5,-8.267685,-0.14899969,112.15875,0.4858316455923859
GW241109_115924,GW250118_170523,70.21248045815638,-0.39246207,3.1241837,-0.5,-5.320965,-0.120062865,89.01571,0.5186384662071635
GW241109_115924,GW250119_025138,70.61960500567875,-0.39246207,1.1952544,0.5,-1.0997089,-0.17679434,33.12683,0.5656351198546417
GW241109_115924,GW250119_190238,71.29390523935082,-0.39246207,3.9221568,-0.5,-8.010895,-0.5289396,105.16693,0.48869057633553203
GW241110_124123,GW241111_111552,0.9406123031951763,1.5381744,18.407984,-0.5,-167.25978,-0.43030128,142.37949,1.355944647122566
GW241110_124123,GW241113_163507,3.162312863325631,1.2372308,2.470654,0.1,-3.5422933,-0.20965265,72.15995,2.7671133572262345
GW241110_124123,GW241114_024711,3.5873624077356525,1.2099575,9.724197,-0.5,-45.766193,-0.055824477,104.27129,2.259723195015074
GW241110_124123,GW241114_235258,4.466371291456399,0.9949764,2.918232,0.1,-4.600258,-0.20358299,79.15244,2.424041809528148
GW241110_124123,GW241116_151753,6.108680487738715,0.49711657,5.2929144,-0.5,-13.471291,-0.1169794,92.53319,1.6444337290947413
GW241110_124123,GW241124_024914,13.588781000773112,0.5157103,0.58177173,1.0,0.44776103,-0.18146913,9.7680435,1.8248268781847954
GW241110_124123,GW241125_010116,14.513809180933016,0.035988156,1.5569156,0.5,-0.22526416,-0.01450696,21.728626,1.1612940078328335
GW241110_124123,GW241127_061008,16.72829357651649,0.52348214,5.4674163,-0.5,-12.175251,-1.0785121,31.266884,1.6949189892836594
GW241110_124123,GW241129_021832,18.567464710253255,0.09474692,5.109794,-0.5,-10.865784,-0.46219012,39.088978,1.1231845810862717
GW241110_124123,GW241130_034908,19.630381241076524,0.09474692,15.04926,-0.5,-111.13089,-0.27609563,119.821495,0.006899621729576921
GW241110_124123,GW241130_110422,19.932620890662076,0.09474692,5.677024,-0.5,-14.550434,-0.013132021,59.369633,1.0821621356768367
GW241110_124123,GW241201_055758,20.719849061681717,0.09474692,2.6470716,0.1,-2.809757,-0.1514012,42.771576,1.2128750205116405
GW241110_124123,GW241210_060606,29.725499765116858,0.2735977,14.185432,-0.5,-99.016624,-0.20127074,145.93979,0.38635761186683204
GW241110_124123,GW241210_120900,29.97751124911286,0.2735977,7.4703264,-0.5,-27.191216,-0.1825219,119.62845,1.1860139103753735
GW241110_124123,GW241225_042553,44.655897887418114,0.09330103,7.553462,-0.5,-27.943398,-0.484274,128.93332,0.9310764813564469
GW241110_124123,GW241225_082815,44.82421294725327,0.09330103,11.032761,-0.5,-59.248264,-0.5461315,112.599396,0.5825489299759183
GW241110_124123,GW241229_155844,49.13704953511556,-0.20667636,4.0101676,-0.5,-7.727515,-0.24558121,78.376,0.745915175496418
GW241110_124123,GW241230_084504,49.835889779872915,-0.20667636,3.0087533,0.1,-4.98376,-0.088247865,86.44817,0.776462321306991
GW241110_124123,GW241230_233618,50.4547962783415,-0.20667636,13.912917,-0.5,-95.32841,-0.027371084,153.54488,-0.2293748525654959
GW241110_124123,GW241231_054133,50.70844864184658,-0.20667636,23.496634,-0.5,-273.33405,-0.529014,138.40787,-2.211171152847881
GW241110_124123,GW250101_011205,51.5213122026374,-0.20667636,13.096989,-0.5,-84.198105,-0.05006198,136.72131,-0.10545747327426291
GW241110_124123,GW250104_015122,54.548595648104396,-0.24045733,11.777277,-0.5,-68.03549,-0.106682055,139.3711,0.028289439296629748
GW241110_124123,GW250108_152221,59.11178288070692,-0.24045733,8.00328,-0.5,-30.369625,-0.09749485,79.904335,0.4476361316887256
GW241110_124123,GW250109_010541,59.516872832739246,-0.24045733,17.4295,-0.5,-149.94072,-0.16455455,150.04605,-0.8835888521137858
GW241110_124123,GW250109_074552,59.79477675101271,-0.24045733,3.8258338,-0.5,-7.66143,-0.05538024,103.80652,0.7004540633392868
GW241110_124123,GW250114_082203,64.8199022499803,-0.39246207,15.255673,-0.5,-113.45537,-2.0216343,81.29039,-0.6852580087148938
GW241110_124123,GW250116_015318,66.54993875009042,-0.39246207,0.8491338,1.0,0.38054234,-0.25741994,13.399556,0.5821152520961427
GW241110_124123,GW250118_023225,68.57710966260345,-0.39246207,9.493845,-0.5,-44.097237,-0.124745175,133.65709,0.08692926394669406
GW241110_124123,GW250118_055802,68.71989356277993,-0.39246207,8.495649,-0.5,-34.520443,-0.0038087843,88.68138,0.19355091068354094
GW241110_124123,GW250118_170523,69.18332809826842,-0.39246207,14.278436,-0.5,-100.45213,-0.27287135,155.34888,-0.5404886462635148
GW241110_124123,GW250119_025138,69.59045264579079,-0.39246207,3.9929554,-0.5,-6.0266232,-0.3296028,34.508595,0.5107821348452809
GW241110_124123,GW250119_190238,70.26475287946286,-0.39246207,33.96485,-0.5,-573.7864,-0.6817481,171.57785,-5.8102770810727336
GW241111_111552,GW241113_163507,2.2217005601304547,1.706399,4.212368,-0.5,-9.3743,-0.22064863,123.77334,3.343790566042344
GW241111_111552,GW241114_024711,2.646750104540476,1.130381,9.907067,-0.5,-47.647293,-0.3744768,110.90632,2.1299561400632863
GW241111_111552,GW241114_235258,3.525758988261223,1.2099575,2.702513,0.1,-4.0079646,-0.22671829,73.81476,2.724631521364098
GW241111_111552,GW241116_151753,5.168068184543539,0.790937,6.527608,-0.5,-20.801926,-0.54728067,116.03312,1.9646309163559674
GW241111_111552,GW241124_024914,12.648168697577935,0.5157103,8.191256,-0.5,-32.967373,-0.6117704,140.03221,1.452805017073709
GW241111_111552,GW241125_010116,13.573196877737841,0.5157103,10.751002,-0.5,-56.85702,-0.44480824,153.97453,1.186833571518219
GW241111_111552,GW241127_061008,15.787681273321311,0.035988156,22.348928,-0.5,-247.24095,-0.6482108,146.62831,-1.5888142500692801
GW241111_111552,GW241129_021832,17.62685240705808,0.52348214,17.16671,-0.5,-145.32147,-0.031888846,142.453,0.21255758053123985
GW241111_111552,GW241130_034908,18.689768937881347,0.09474692,6.062516,-0.5,-16.41893,-0.15420566,52.057686,1.0613595454760802
GW241111_111552,GW241130_110422,18.9920085874669,0.09474692,14.2084875,-0.5,-99.46703,-0.41716927,155.45663,0.1367572370001071
GW241111_111552,GW241201_055758,19.77923675848654,0.09474692,9.332803,-0.5,-42.89571,-0.5817025,153.75745,0.7665846997047064
GW241111_111552,GW241210_060606,28.784887461921684,0.5727229,2.8833382,0.1,-2.6534154,-0.22903053,31.07908,1.8682675548204717
GW241111_111552,GW241210_120900,29.036898945917685,0.5727229,5.4785037,-0.5,-14.33486,-0.6128232,89.4831,1.7382141275754563
GW241111_111552,GW241225_042553,43.71528558422294,0.09330103,0.77421373,1.0,0.24941944,-0.053972706,13.447855,1.2449565411728671
GW241111_111552,GW241225_082815,43.8836006440581,0.09330103,9.79788,-0.5,-46.48124,-0.115830235,104.8425,0.7246884889549231
GW241111_111552,GW241229_155844,48.196437231920385,-0.20667636,5.9320025,-0.5,-17.30783,-0.6758825,117.49575,0.6392543180547073
GW241111_111552,GW241230_084504,48.89527747667774,-0.20667636,1.9634744,0.5,-2.3975258,-0.3420534,56.767212,0.8052557303847008
GW241111_111552,GW241230_233618,49.514183975146324,-0.20667636,2.6492407,0.1,-2.1345007,-0.4029302,30.45325,0.8081840761794914
GW241111_111552,GW241231_054133,49.7678363386514,-0.20667636,2.5981476,0.1,-0.9241403,-0.09871272,17.436478,0.8216594240486252
GW241111_111552,GW250101_011205,50.580699899442216,-0.20667636,2.0127382,0.5,-0.5487589,-0.48036325,21.985544,0.8258386701640653
GW241111_111552,GW250104_015122,53.607983344909215,-0.20667636,0.27880117,1.0,1.2065345,-0.32361922,3.4189458,0.8453809389370616
GW241111_111552,GW250108_152221,58.171170577511745,-0.24045733,11.52507,-0.5,-64.855705,-0.33280644,120.88689,0.06369106785623463
GW241111_111552,GW250109_010541,58.576260529544065,-0.24045733,1.678882,0.5,0.4130821,-0.26574674,15.428466,0.7903503055455157
GW241111_111552,GW250109_074552,58.85416444781754,-0.24045733,4.1012006,-0.5,-8.7668,-0.37492105,112.05684,0.6881476089586818
GW241111_111552,GW250114_082203,63.87928994678513,-0.39246207,11.079941,-0.5,-58.780685,-1.5913332,68.95777,-0.0765464820875576
GW241111_111552,GW250116_015318,65.60932644689525,-0.39246207,9.414193,-0.5,-43.613144,-0.68772125,151.6116,0.09231883001073127
GW241111_111552,GW250118_023225,67.63649735940827,-0.39246207,0.68161803,1.0,0.6861497,-0.55504644,9.843161,0.5855176812461635
GW241111_111552,GW250118_055802,67.77928125958476,-0.39246207,5.162166,-0.5,-11.847059,-0.4264925,56.38395,0.44598127429882195
GW241111_111552,GW250118_170523,68.24271579507324,-0.39246207,5.1476407,-0.5,-11.848121,-0.15742995,58.401173,0.4459694569377298
GW241111_111552,GW250119_025138,68.64984034259562,-0.39246207,17.434134,-0.5,-150.15895,-0.10069848,160.76425,-1.0938912705336667
GW241111_111552,GW250119_190238,69.32414057626768,-0.39246207,7.3151917,-0.5,-24.07705,-0.2514468,43.80549,0.3098207054482486
GW241113_163507,GW241114_024711,0.42504954441002124,1.047047,1.5873036,0.5,-1.8239686,-0.15382817,48.106934,2.5261598881904086
GW241113_163507,GW241114_235258,1.3040584281307679,0.7966598,3.7878497,-0.5,-8.254366,-0.0060696597,148.60898,2.1121532892120056
GW241113_163507,GW241116_151753,2.9463676244130843,1.2372308,2.90801,0.1,-4.98107,-0.32663205,96.84985,2.7510949746992823
GW241113_163507,GW241124_024914,10.42646813744748,0.669271,1.9688281,0.5,-2.6693277,-0.39112177,64.86575,2.000123889173589
GW241113_163507,GW241125_010116,11.351496317607385,0.669271,2.4543655,0.1,-3.6594615,-0.22415961,77.549,1.9891003988632543
GW241113_163507,GW241127_061008,13.565980713190855,0.5157103,3.0445788,-0.5,-5.1050906,-0.86885947,88.04353,1.763005123737111
GW241113_163507,GW241129_021832,15.405151846927625,0.035988156,3.1837664,-0.5,-5.5689487,-0.2525375,93.47887,1.1018009802526492
GW241113_163507,GW241130_034908,16.468068377750892,0.52348214,2.4759157,0.1,-3.57148,-0.06644297,72.900764,1.790707648897104
GW241113_163507,GW241130_110422,16.770308027336444,0.52348214,2.2048109,0.1,-2.9886687,-0.19652063,66.617455,1.7971962826305885
GW241113_163507,GW241201_055758,17.557536198356086,0.52348214,2.5170348,0.1,-3.8795447,-0.36105385,82.127785,1.7872778615740292
GW241113_163507,GW241210_060606,26.563186901791227,0.5727229,3.0951576,-0.5,-5.3442054,-0.008381899,93.338234,1.838310090550489
GW241113_163507,GW241210_120900,26.81519838578723,0.5727229,3.3242035,-0.5,-6.232609,-0.39217454,108.22805,1.828419198211784
GW241113_163507,GW241225_042553,41.49358502409248,0.09330103,3.8234825,-0.5,-8.049369,-0.27462134,126.51739,1.1525633557000503
GW241113_163507,GW241225_082815,41.66190008392765,0.09330103,2.4533248,0.1,-3.561755,-0.33647886,73.91452,1.2025254622401151
GW241113_163507,GW241229_155844,45.97473667178993,0.09330103,0.19148496,1.0,-0.83770555,-0.45523387,6.593132,1.2328532151054925
GW241113_163507,GW241230_084504,46.67357691654728,-0.20667636,2.6982183,0.1,-4.7773943,-0.12140478,108.90562,0.778759858384021
GW241113_163507,GW241230_233618,47.29248341501587,-0.20667636,4.4143295,-0.5,-10.31475,-0.18228157,134.28203,0.7171106285824227
GW241113_163507,GW241231_054133,47.54613577852095,-0.20667636,3.6972818,-0.5,-7.307689,-0.31936136,107.0459,0.7505892391004736
GW241113_163507,GW250101_011205,48.358999339311765,-0.20667636,4.7956815,-0.5,-12.056925,-0.25971463,144.86847,0.6977144105273854
GW241113_163507,GW250104_015122,51.386282784778764,-0.20667636,4.10645,-0.5,-9.022587,-0.1029706,126.14192,0.7314967102373848
GW241113_163507,GW250108_152221,55.94947001738129,-0.24045733,3.4740036,-0.5,-6.581754,-0.1121578,104.40715,0.7124744537026183
GW241113_163507,GW250109_010541,56.354559969413614,-0.24045733,4.4420514,-0.5,-10.384597,-0.045098104,131.59756,0.670136135048874
GW241113_163507,GW250109_074552,56.63246388768708,-0.24045733,2.053007,0.5,-3.1882212,-0.1542724,80.55943,0.7502557914073866
GW241113_163507,GW250114_082203,61.65758938665467,-0.24045733,2.8700094,0.1,-4.5836697,-1.8119818,82.78111,0.734719797170192
GW241113_163507,GW250116_015318,63.387625886764795,-0.39246207,2.2879484,0.1,-3.3177679,-0.4670726,74.2287,0.5409407278404827
GW241113_163507,GW250118_023225,65.41479679927782,-0.39246207,3.8142629,-0.5,-7.92523,-0.33439782,120.72322,0.48964431063693825
GW241113_163507,GW250118_055802,65.5575806994543,-0.39246207,4.5981665,-0.5,-11.129196,-0.20584387,138.9008,0.4539734840781142
GW241113_163507,GW250118_170523,66.0210152349428,-0.39246207,3.593342,-0.5,-7.023944,-0.06321869,109.10559,0.4996786304889529
GW241113_163507,GW250119_025138,66.42813978246517,-0.39246207,2.5423517,0.1,-3.7511246,-0.11995016,75.34308,0.5361160220808335
GW241113_163507,GW250119_190238,67.10244001613722,-0.39246207,3.807321,-0.5,-7.709578,-0.47209546,109.626595,0.4920452363515557
GW241114_024711,GW241114_235258,0.8790088837207467,1.5381744,5.5431128,-0.5,-15.790553,-0.14775851,156.89806,3.0423022165149693
GW241114_024711,GW241116_151753,2.521318080003063,1.130381,3.13459,-0.5,-4.5708084,-0.17280388,60.387222,2.6095410502309404
GW241114_024711,GW241124_024914,10.00141859303746,0.669271,5.4646883,-0.5,-14.523325,-0.23729362,101.85529,1.868149373631295
GW241114_024711,GW241125_010116,10.926446773197364,0.669271,5.8529873,-0.5,-16.431877,-0.07033144,94.42578,1.846900824040967
GW241114_024711,GW241127_061008,13.140931168780835,0.5157103,9.853832,-0.5,-46.877434,-1.0226877,97.647415,1.2979396572765287
GW241114_024711,GW241129_021832,14.980102302517604,0.035988156,8.711563,-0.5,-36.507492,-0.40636566,97.01384,0.7573518305864076
GW241114_024711,GW241130_034908,16.04301883334087,0.52348214,7.5754604,-0.5,-27.294168,-0.22027114,86.00343,1.526595024869688
GW241114_024711,GW241130_110422,16.345258482926422,0.52348214,4.3134975,-0.5,-8.208555,-0.042692456,57.039845,1.7390815400601782
GW241114_024711,GW241201_055758,17.132486653946064,0.52348214,4.5568295,-0.5,-9.912441,-0.2072257,82.34872,1.7201116070280427
GW241114_024711,GW241210_060606,26.138137357381208,0.5727229,6.588591,-0.5,-20.589832,-0.14544627,86.24227,1.668575427328943
GW241114_024711,GW241210_120900,26.39014884137721,0.5727229,3.421013,-0.5,-5.367447,-0.23834637,61.38197,1.8380513349363858
GW241114_024711,GW241225_042553,41.06853547968246,0.09330103,6.530858,-0.5,-20.944824,-0.4284495,123.37295,1.0089939384991937
GW241114_024711,GW241225_082815,41.236850539517626,0.09330103,2.0625293,0.5,-1.0022113,-0.49030703,26.864893,1.2310217172433537
GW241114_024711,GW241229_155844,45.549687127379904,0.09330103,2.1837542,0.1,-2.2294376,-0.3014057,46.19433,1.2173585968948848
GW241114_024711,GW241230_084504,46.24852737213726,0.09330103,4.8976526,-0.5,-12.527309,-0.03242339,146.19606,1.102708945878672
GW241114_024711,GW241230_233618,46.86743387060585,-0.20667636,7.1395564,-0.5,-24.460726,-0.028453393,97.70815,0.5596187461435757
GW241114_024711,GW241231_054133,47.121086234110926,-0.20667636,10.421491,-0.5,-52.652264,-0.47318953,104.315994,0.24575292698386597
GW241114_024711,GW250101_011205,47.93394979490174,-0.20667636,8.937684,-0.5,-38.84428,-0.10588646,118.0557,0.39948182401207827
GW241114_024711,GW250104_015122,50.96123324036874,-0.20667636,7.9722953,-0.5,-30.845793,-0.050857574,114.295235,0.4885316600066517
GW241114_024711,GW250108_152221,55.524420472971265,-0.24045733,5.905805,-0.5,-16.287693,-0.04167037,75.90162,0.6044149908713781
GW241114_024711,GW250109_010541,55.92951042500359,-0.24045733,8.9403925,-0.5,-38.645554,-0.10873007,105.6352,0.35549745197967647
GW241114_024711,GW250109_074552,56.20741434327706,-0.24045733,1.3283243,0.5,-1.3103776,-0.00044423726,37.61053,0.7711624524249311
GW241114_024711,GW250114_082203,61.23253984224465,-0.24045733,12.645547,-0.5,-78.238464,-1.96581,122.53065,-0.08530366478403867
GW241114_024711,GW250116_015318,62.96257634235477,-0.24045733,5.4934964,-0.5,-14.581698,-0.31324443,97.4244,0.6234083993620716
GW241114_024711,GW250118_023225,64.9897472548678,-0.39246207,7.1870327,-0.5,-25.142931,-0.18056965,116.707726,0.29795388769123987
GW241114_024711,GW250118_055802,65.13253115504428,-0.39246207,12.64615,-0.5,-78.865654,-0.052015692,167.03299,-0.30015915423086303
GW241114_024711,GW250118_170523,65.59596569053276,-0.39246207,4.7983823,-0.5,-10.467883,-0.21704686,65.065285,0.4613361035063891
GW241114_024711,GW250119_025138,66.00309023805515,-0.39246207,7.0067105,-0.5,-23.231392,-0.27377832,82.95962,0.31923569152679754
GW241114_024711,GW250119_190238,66.67739047172721,-0.39246207,7.6124415,-0.5,-27.227077,-0.62592363,72.62388,0.2747503877022286
GW241114_235258,GW241116_151753,1.6423091962823162,1.2306377,3.0761786,-0.5,-5.3724146,-0.3205624,96.87923,2.7377216569882545
GW241114_235258,GW241124_024914,9.122409709316713,0.5435311,2.7337768,0.1,-4.353532,-0.3850521,85.0598,1.8094186080615262
GW241114_235258,GW241125_010116,10.047437889476617,0.669271,2.7130988,0.1,-4.2029004,-0.21808995,80.527916,1.983050111717991
GW241114_235258,GW241127_061008,12.261922285060088,0.5157103,2.7305126,0.1,-4.046995,-0.87492913,73.21135,1.7747852543021727
GW241114_235258,GW241129_021832,14.101093418796857,0.035988156,2.6002529,0.1,-3.7350826,-0.25860715,70.959526,1.1222180250661828
GW241114_235258,GW241130_034908,15.164009949620123,0.035988156,4.1083775,-0.5,-8.800329,-0.07251263,112.48167,1.065824940879849
GW241114_235258,GW241130_110422,15.466249599205675,0.035988156,3.8668387,-0.5,-7.8966937,-0.19045097,109.066986,1.0758854171281356
GW241114_235258,GW241201_055758,16.253477770225317,0.52348214,2.776966,0.1,-4.450787,-0.3549842,85.46918,1.780918029644147
GW241114_235258,GW241210_060606,25.25912847366046,0.5727229,3.687804,-0.5,-7.215983,-0.00231224,103.786545,1.8174709652737953
GW241114_235258,GW241210_120900,25.511139957656464,0.5727229,3.1517086,-0.5,-5.556739,-0.38610488,96.76505,1.8359438843064657
GW241114_235258,GW241225_042553,40.189526595961716,0.09330103,2.0644226,0.5,-2.7574046,-0.280691,64.546196,1.211480563979342
GW241114_235258,GW241225_082815,40.357841655796875,0.09330103,4.644204,-0.5,-11.198224,-0.34254852,130.5638,1.1175060975714097
GW241114_235258,GW241229_155844,44.67067824365916,0.09330103,4.679403,-0.5,-11.663536,-0.4491642,152.93675,1.1123256234139207
GW241114_235258,GW241230_084504,45.36951848841652,0.09330103,1.4374845,0.5,-2.0956185,-0.11533512,55.890915,1.218848449724869
GW241114_235258,GW241230_233618,45.9884249868851,0.09330103,2.6348968,0.1,-3.9073157,-0.17621191,74.89747,1.1986782184078386
GW241114_235258,GW241231_054133,46.242077350390176,0.09330103,3.2057426,-0.5,-5.460308,-0.32543102,86.072495,1.1813882352703722
GW241114_235258,GW250101_011205,47.05494091118099,-0.20667636,2.0732923,0.5,-2.5692515,-0.25364497,58.464317,0.8033438501794321
GW241114_235258,GW250104_015122,50.082224356648,-0.20667636,2.4539437,0.1,-3.4692247,-0.09690094,70.53699,0.7933241480739437
GW241114_235258,GW250108_152221,54.64541158925052,-0.24045733,2.9381866,0.1,-4.7246914,-0.10608814,82.36754,0.7331497551042251
GW241114_235258,GW250109_010541,55.05050154128284,-0.24045733,2.6365879,0.1,-3.8509421,-0.039028443,72.700356,0.7428774977838626
GW241114_235258,GW250109_074552,55.328405459556315,-0.24045733,3.1630585,-0.5,-6.003992,-0.14820275,119.29377,0.7189068726847079
GW241114_235258,GW250114_082203,60.353530958523905,-0.24045733,3.0118496,0.1,-4.8487496,-1.8180515,80.51215,0.7317685731554433
GW241114_235258,GW250116_015318,62.08356745863402,-0.24045733,2.6438696,0.1,-4.07722,-0.46100295,80.85281,0.7403582710474221
GW241114_235258,GW250118_023225,64.11073837114705,-0.39246207,2.4107757,0.1,-3.4322457,-0.32832816,71.69349,0.5396662073968147
GW241114_235258,GW250118_055802,64.25352227132353,-0.39246207,0.91142315,1.0,-0.83530873,-0.1997742,25.70079,0.5685787755291356
GW241114_235258,GW250118_170523,64.71695680681202,-0.39246207,3.605873,-0.5,-6.9328904,-0.06928835,102.28034,0.5006923593984914
GW241114_235258,GW250119_025138,65.1240813543344,-0.39246207,3.1999443,-0.5,-5.4957285,-0.12601982,88.26779,0.5166927637163969
GW241114_235258,GW250119_190238,65.79838158800646,-0.39246207,3.7718227,-0.5,-7.4224234,-0.47816512,100.62462,0.49524222537726614
GW241116_151753,GW241124_024914,7.4801005130343965,0.72702783,4.2950587,-0.5,-9.253161,-0.06448973,99.628876,2.0058087347490647
GW241116_151753,GW241125_010116,8.405128693194301,0.72702783,3.338194,-0.5,-5.4244995,-0.10247244,70.88675,2.048434508322422
GW241116_151753,GW241127_061008,10.619613088777772,0.669271,3.7366107,-0.5,-6.388483,-1.1954916,63.50662,1.9587172892792701
GW241116_151753,GW241129_021832,12.458784222514542,0.5157103,3.2171137,-0.5,-4.667864,-0.5791695,57.068367,1.7678729156165374
GW241116_151753,GW241130_034908,13.521700753337807,0.5157103,7.776309,-0.5,-29.74381,-0.39307502,139.0079,1.488694013565796
GW241116_151753,GW241130_110422,13.823940402923359,0.035988156,2.0926673,0.5,-1.8323715,-0.13011143,40.008797,1.143401544663385
GW241116_151753,GW241201_055758,14.611168573943,0.035988156,2.1887162,0.1,-2.3851607,-0.03442181,49.77756,1.137247157503002
GW241116_151753,GW241210_060606,23.616819277378145,0.3320092,6.319237,-0.5,-19.599434,-0.31825015,120.230896,1.3504159070346955
GW241116_151753,GW241210_120900,23.86883076137415,0.3320092,1.2139966,0.5,-0.71780246,-0.06554249,27.485554,1.56063142444073
GW241116_151753,GW241225_042553,38.5472173996794,0.104784556,5.3417573,-0.5,-14.314003,-0.6012534,124.9923,1.0985212876794512
GW241116_151753,GW241225_082815,38.71553245951456,0.104784556,1.9930395,0.5,-1.6144994,-0.6631109,37.8317,1.239909107741837
GW241116_151753,GW241229_155844,43.02836904737684,0.09330103,3.9184844,-0.5,-7.8772297,-0.1286018,98.98596,1.154479838624127
GW241116_151753,GW241230_084504,43.7272092921342,0.09330103,4.636058,-0.5,-11.474222,-0.20522727,152.47577,1.1144333182480683
GW241116_151753,GW241230_233618,44.34611579060279,0.09330103,4.4030585,-0.5,-9.369643,-0.14435048,85.59943,1.13786429978371
GW241116_151753,GW241231_054133,44.59976815410786,0.09330103,7.503231,-0.5,-27.563473,-0.6459934,127.962715,0.9353063109268855
GW241116_151753,GW250101_011205,45.41263171489868,0.09330103,5.2479453,-0.5,-13.412135,-0.06691742,100.27942,1.0928578853729745
GW241116_151753,GW250104_015122,48.43991516036568,-0.20667636,5.875032,-0.5,-16.981325,-0.22366145,116.94021,0.642889414773199
GW241116_151753,GW250108_152221,53.0031023929682,-0.20667636,0.9381075,1.0,-0.055903383,-0.21447425,17.695988,0.8313257957340074
GW241116_151753,GW250109_010541,53.40819234500053,-0.20667636,5.540492,-0.5,-14.889838,-0.28153396,100.68809,0.6661746382377955
GW241116_151753,GW250109_074552,53.686096263273996,-0.20667636,0.7564155,1.0,-0.9275857,-0.17235965,23.82834,0.8216210647405652
GW241116_151753,GW250114_082203,58.711221762241586,-0.24045733,10.293395,-0.5,-52.36931,-2.1386137,173.63391,0.20270629918476185
GW241116_151753,GW250116_015318,60.44125826235171,-0.24045733,3.520829,-0.5,-6.164435,-0.14044055,79.13403,0.7171206090105097
GW241116_151753,GW250118_023225,62.46842917486473,-0.24045733,5.8901153,-0.5,-17.207022,-0.0077657746,125.55074,0.5941797971159468
GW241116_151753,GW250118_055802,62.61121307504122,-0.24045733,6.3106422,-0.5,-19.553734,-0.12078819,120.583374,0.5680530663489519
GW241116_151753,GW250118_170523,63.0746476105297,-0.24045733,3.24594,-0.5,-4.935148,-0.38985074,62.817608,0.7308066739387811
GW241116_151753,GW250119_025138,63.48177215805208,-0.39246207,3.2033405,-0.5,-4.673762,-0.4465822,58.265835,0.5258439933029683
GW241116_151753,GW250119_190238,64.15607239172415,-0.39246207,4.7138405,-0.5,-10.492311,-0.7987275,79.11269,0.4610641449376427
GW241124_024914,GW241125_010116,0.9250281801599043,1.5381744,1.4508615,0.5,-0.85117704,-0.16696218,29.98762,3.208627286377692
GW241124_024914,GW241127_061008,3.139512575743375,1.2372308,2.4853845,0.1,-2.41021,-1.2599813,40.46902,2.7797172205031138
GW241124_024914,GW241129_021832,4.978683709480144,0.790937,2.8363235,0.1,-3.4369228,-0.64365923,48.379482,2.1579613007540948
GW241124_024914,GW241130_034908,6.041600240303411,0.49711657,6.420974,-0.5,-20.04562,-0.45756474,110.436646,1.5712395214727253
GW241124_024914,GW241130_110422,6.3438398898889625,0.5732528,3.441854,-0.5,-5.498807,-0.19460115,63.63174,1.8373134995658376
GW241124_024914,GW241201_055758,7.131068060908604,0.5732528,2.268845,0.1,-2.5167925,-0.030067923,50.40252,1.8705132633632924
GW241124_024914,GW241210_060606,16.136718764343748,0.52348214,7.4542437,-0.5,-27.348137,-0.38273987,137.099,1.5259941762944806
GW241124_024914,GW241210_120900,16.38873024833975,0.52348214,5.747764,-0.5,-16.45191,-0.0010527588,127.08509,1.6473055142464248
GW241124_024914,GW241225_042553,31.067116886645003,0.2735977,5.549519,-0.5,-15.401098,-0.6657431,127.00896,1.317277228884391
GW241124_024914,GW241225_082815,31.235431946480166,0.2735977,6.245772,-0.5,-19.065111,-0.72760063,114.586685,1.2764845478002342
GW241124_024914,GW241229_155844,35.54826853434245,0.104784556,2.855672,0.1,-4.2395096,-0.064112075,70.784134,1.2106839920419374
GW241124_024914,GW241230_084504,36.247108779099804,0.104784556,2.5602283,0.1,-3.9829116,-0.269717,83.27499,1.2135407833436997
GW241124_024914,GW241230_233618,36.86601527756839,0.104784556,8.489773,-0.5,-35.64947,-0.20884022,159.78413,0.8609863838848077
GW241124_024914,GW241231_054133,37.11966764107346,0.104784556,8.094541,-0.5,-32.089928,-0.71048313,132.29655,0.9006159733216326
GW241124_024914,GW250101_011205,37.93253120186428,0.104784556,7.581686,-0.5,-28.31546,-0.13140716,140.08711,0.9426383819544821
GW241124_024914,GW250104_015122,40.959814647331285,0.09330103,7.126636,-0.5,-25.056042,-0.28815117,137.53973,0.9632223791560716
GW241124_024914,GW250108_152221,45.52300187993381,0.09330103,4.847137,-0.5,-11.294241,-0.27896398,88.33295,1.1164371094922358
GW241124_024914,GW250109_010541,45.92809183196613,0.09330103,8.646734,-0.5,-36.849762,-0.34602368,151.38843,0.8319189474483063
GW241124_024914,GW250109_074552,46.2059957502396,0.09330103,3.4651542,-0.5,-6.6209497,-0.23684937,107.84523,1.1684664233981783
GW241124_024914,GW250114_082203,51.23112124920719,-0.20667636,4.6084433,-0.5,-9.924124,-2.2031035,74.425804,0.7214595979631175
GW241124_024914,GW250116_015318,52.96115774931731,-0.20667636,0.9844589,1.0,-0.40278897,-0.07595082,21.60079,0.8274638025138635
GW241124_024914,GW250118_023225,54.98832866183034,-0.24045733,6.2875752,-0.5,-19.573458,-0.056723956,130.47644,0.5678334736606246
GW241124_024914,GW250118_055802,55.13111256200682,-0.24045733,4.91513,-0.5,-11.653691,-0.18527792,90.815125,0.6560068819181334
GW241124_024914,GW250118_170523,55.59454709749531,-0.24045733,8.618749,-0.5,-36.74305,-0.4543405,161.42595,0.37667866490868684
GW241124_024914,GW250119_025138,56.00167164501769,-0.24045733,2.3641133,0.1,-2.2631643,-0.5110719,41.430428,0.7605547596276878
GW241124_024914,GW250119_190238,56.67597187868975,-0.24045733,10.850872,-0.5,-58.164883,-0.86321723,174.272,0.13818223351250983
GW241125_010116,GW241127_061008,2.2144843955834705,1.706399,0.8903527,1.0,0.6804544,-1.093019,11.878637,3.455733509162498
GW241125_010116,GW241129_021832,4.05365552932024,0.9949764,1.3694686,0.5,0.003662116,-0.4766971,19.550856,2.475298790475939
GW241125_010116,GW241130_034908,5.116572060143506,0.790937,9.660046,-0.5,-45.740482,-0.29060256,139.548,1.6869816246451923
GW241125_010116,GW241130_110422,5.418811709729058,0.49711657,2.5755482,0.1,-2.598071,-0.027638981,41.10066,1.7654889180472708
GW241125_010116,GW241201_055758,6.2060398807487,0.49711657,1.0475088,1.0,-0.29733577,-0.13689426,21.11645,1.7911037738594444
GW241125_010116,GW241210_060606,15.211690584183843,0.035988156,10.526331,-0.5,-54.669228,-0.21577771,166.81303,0.5551511549846008
GW241125_010116,GW241210_120900,15.463702068179845,0.035988156,4.884418,-0.5,-11.665983,-0.16801493,97.89982,1.03392065661932
GW241125_010116,GW241225_042553,30.1420887064851,0.2735977,6.804992,-0.5,-22.974531,-0.49878094,142.1994,1.2329596673493879
GW241125_010116,GW241225_082815,30.31040376632026,0.2735977,6.0165195,-0.5,-17.359941,-0.5606385,95.02518,1.2954687720884617
GW241125_010116,GW241229_155844,34.62324035418254,0.104784556,3.6641657,-0.5,-6.722194,-0.23107424,84.13803,1.1830434339603704
GW241125_010116,GW241230_084504,35.3220805989399,0.104784556,3.3612123,-0.5,-6.2684507,-0.102754824,104.72925,1.1880951116230452
GW241125_010116,GW241230_233618,35.94098709740848,0.104784556,8.7808485,-0.5,-37.880646,-0.041878045,143.50377,0.8361459723418166
GW241125_010116,GW241231_054133,36.194639460913564,0.104784556,11.805152,-0.5,-68.61513,-0.543521,158.3782,0.4939687076911507
GW241125_010116,GW250101_011205,37.00750302170438,0.104784556,8.602497,-0.5,-36.28129,-0.035555016,137.17326,0.8539521554369638
GW241125_010116,GW250104_015122,40.03478646717138,0.09330103,8.914082,-0.5,-39.125504,-0.12118901,150.57474,0.8065823553854956
GW241125_010116,GW250108_152221,44.5979736997739,0.09330103,3.7305055,-0.5,-6.2008967,-0.11200181,58.38813,1.173143013985109
GW241125_010116,GW250109_010541,45.00306365180623,0.09330103,10.184191,-0.5,-50.9912,-0.1790615,150.8504,0.6744775940493852
GW241125_010116,GW250109_074552,45.280967570079696,0.09330103,2.8360486,0.1,-4.5446267,-0.0698872,84.20215,1.1915828221098135
GW241125_010116,GW250114_082203,50.306093069047286,-0.20667636,7.8065867,-0.5,-29.370062,-2.0361414,102.882545,0.5049614656057522
GW241125_010116,GW250116_015318,52.0361295691574,-0.20667636,0.42459717,1.0,0.19130301,-0.242913,8.431307,0.8340780272298782
GW241125_010116,GW250118_023225,54.06330048167043,-0.20667636,8.026764,-0.5,-31.795052,-0.11023822,148.76378,0.47796324427411657
GW241125_010116,GW250118_055802,54.20608438184692,-0.24045733,6.1448197,-0.5,-18.159157,-0.018315746,97.98096,0.5835793587768942
GW241125_010116,GW250118_170523,54.6695189173354,-0.24045733,8.231023,-0.5,-33.190968,-0.2873783,133.65337,0.4162251824378881
GW241125_010116,GW250119_025138,55.07664346485778,-0.24045733,0.9305905,1.0,0.43203282,-0.34410977,13.802315,0.7905612903666256
GW241125_010116,GW250119_190238,55.750943698529845,-0.24045733,11.466014,-0.5,-64.616714,-0.6962551,149.85434,0.06635183217761598
GW241127_061008,GW241129_021832,1.8391711337367693,1.2306377,1.2288929,0.5,1.7720356,-0.616322,7.9394164,2.817263210271829
GW241127_061008,GW241130_034908,2.9020876645600353,1.130381,22.096931,-0.5,-241.72049,-0.8024165,150.86346,-0.03072566017693701
GW241127_061008,GW241130_110422,3.204327314145587,1.2372308,4.269084,-0.5,-7.3821144,-1.0653801,41.0781,2.7243633447521773
GW241127_061008,GW241201_055758,3.9915554851652297,0.9949764,1.0477887,1.0,0.21123563,-1.2299134,16.377151,2.477609775800556
GW241127_061008,GW241210_060606,12.997206188600373,0.5157103,18.623564,-0.5,-171.64934,-0.8772414,175.75655,-0.09118767777838088
GW241127_061008,GW241210_120900,13.249217672596375,0.5157103,5.774063,-0.5,-15.890556,-1.261034,89.38845,1.6429269268842557
GW241127_061008,GW241225_042553,27.92760431090163,0.5727229,8.294888,-0.5,-33.759266,-0.5942381,137.45148,1.521955718828818
GW241127_061008,GW241225_082815,28.095919370736787,0.5727229,9.920931,-0.5,-47.42413,-0.5323806,92.73851,1.3698202225318041
GW241127_061008,GW241229_155844,32.40875595859907,0.2735977,4.9490695,-0.5,-11.888514,-1.3240933,94.5778,1.3563840089230323
GW241127_061008,GW241230_084504,33.10759620335643,0.2735977,3.7565706,-0.5,-7.4928374,-0.99026424,106.83205,1.4053225414070423
GW241127_061008,GW241230_233618,33.72650270182501,0.2735977,12.845576,-0.5,-80.899956,-1.051141,131.63823,0.5880565433394642
GW241127_061008,GW241231_054133,33.98015506533009,0.2735977,37.332138,-0.5,-693.47156,-0.5494981,158.02777,-6.231907964771052
GW241127_061008,GW250101_011205,34.793018626120904,0.104784556,13.233391,-0.5,-85.82665,-1.1285741,127.06513,0.3023470441618341
GW241127_061008,GW250104_015122,37.8203020715879,0.104784556,12.926629,-0.5,-82.1046,-0.97183007,143.51535,0.3437859108668978
GW241127_061008,GW250108_152221,42.383489304190434,0.09330103,5.3900685,-0.5,-12.685468,-0.98101723,49.076042,1.1009481166056385
GW241127_061008,GW250109_010541,42.788579256222754,0.09330103,18.487371,-0.5,-168.68172,-0.91395754,139.98056,-0.6358102961109362
GW241127_061008,GW250109_074552,43.06648317449623,0.09330103,2.9932382,0.1,-4.799609,-1.0231318,80.284775,1.1887440169802792
GW241127_061008,GW250114_082203,48.09160867346382,-0.20667636,32.316986,-0.5,-518.3874,-0.9431223,110.13072,-4.939431993757614
GW241127_061008,GW250116_015318,49.821645173573934,-0.20667636,1.263459,0.5,0.012654961,-1.335932,19.254253,0.8320890787024783
GW241127_061008,GW250118_023225,51.84881608608696,-0.20667636,10.734228,-0.5,-56.554058,-1.2032573,144.58102,0.2023129446635613
GW241127_061008,GW250118_055802,51.991599986263445,-0.20667636,9.7676115,-0.5,-45.968292,-1.0747033,93.77984,0.32016781598058486
GW241127_061008,GW250118_170523,52.455034521751934,-0.20667636,12.403987,-0.5,-75.291855,-0.80564076,125.02434,-0.006301213475134848
GW241127_061008,GW250119_025138,52.86215906927431,-0.20667636,1.9933246,0.5,0.2130056,-0.7489093,15.168997,0.8343196493957536
GW241127_061008,GW250119_190238,53.536459302946376,-0.20667636,47.530666,-0.5,-1125.4915,-0.396764,140.509,-11.698524584739989
GW241129_021832,GW241130_034908,1.062916530823266,0.98100364,18.659298,-0.5,-172.1087,-0.18609451,158.79935,0.5400059367616759
GW241129_021832,GW241130_110422,1.3651561804088177,1.6291271,3.6758704,-0.5,-5.2715254,-0.44905812,39.998238,3.2837957209824506
GW241129_021832,GW241201_055758,2.15238435142846,1.3380204,0.90149575,1.0,0.25336805,-0.6135913,14.816341,2.9472057596246604
GW241129_021832,GW241210_060606,11.158035054863603,0.669271,16.136791,-0.5,-128.6833,-0.2609194,172.95628,0.5971681499785466
GW241129_021832,GW241210_120900,11.410046538859605,0.669271,5.0446086,-0.5,-12.046991,-0.64471203,82.19426,1.8957192239714482
GW241129_021832,GW241225_042553,26.08843317716486,0.5727229,7.8135014,-0.5,-29.971941,-0.022083858,135.42421,1.5641212736092367
GW241129_021832,GW241225_082815,26.256748237000018,0.5727229,8.335851,-0.5,-33.213753,-0.08394139,88.68814,1.528029099199935
GW241129_021832,GW241229_155844,30.569584824862304,0.2735977,5.051508,-0.5,-12.469037,-0.70777136,99.88912,1.3499208467522255
GW241129_021832,GW241230_084504,31.26842506961966,0.2735977,3.8205428,-0.5,-7.7666206,-0.37394226,110.37178,1.4022744214018827
GW241129_021832,GW241230_233618,31.887331568088243,0.2735977,10.858116,-0.5,-57.564674,-0.43481904,124.19697,0.8478560349565596
GW241129_021832,GW241231_054133,32.14098393159332,0.2735977,23.74428,-0.5,-279.41495,-0.06682387,157.02464,-1.6220772500080722
GW241129_021832,GW250101_011205,32.953847492384135,0.2735977,11.190339,-0.5,-61.124046,-0.5122521,121.56389,0.8082283566832538
GW241129_021832,GW250104_015122,35.98113093785114,0.104784556,11.440294,-0.5,-64.18604,-0.3555081,139.68243,0.543279189757461
GW241129_021832,GW250108_152221,40.544318170453664,0.09330103,4.009265,-0.5,-6.4672527,-0.36469528,41.803123,1.1701775836548691
GW241129_021832,GW250109_010541,40.949408122485984,0.09330103,14.656272,-0.5,-105.56517,-0.29763559,133.64221,0.06688732582346624
GW241129_021832,GW250109_074552,41.22731204075946,0.09330103,2.766223,0.1,-4.1811213,-0.4068099,75.51523,1.1956298488896644
GW241129_021832,GW250114_082203,46.25243753972705,0.09330103,19.054947,-0.5,-178.90938,-1.5594443,116.5762,-0.74967826797593
GW241129_021832,GW250116_015318,47.982474039837165,-0.20667636,1.6921953,0.5,-0.72634757,-0.7196101,27.18343,0.8238615164250416
GW241129_021832,GW250118_023225,50.00964495235019,-0.20667636,9.900616,-0.5,-48.086365,-0.5869353,142.5254,0.2965866063747787
GW241129_021832,GW250118_055802,50.152428852526675,-0.20667636,8.603449,-0.5,-35.521744,-0.45838135,93.456,0.4364727336837408
GW241129_021832,GW250118_170523,50.615863388015164,-0.20667636,10.416298,-0.5,-52.83845,-0.18931879,117.574585,0.2436800365609134
GW241129_021832,GW250119_025138,51.02298793553754,-0.20667636,2.002081,0.5,-0.17313585,-0.13258733,18.319414,0.8300206075029953
GW241129_021832,GW250119_190238,51.69728816920961,-0.20667636,22.587238,-0.5,-252.37561,-0.21955797,132.77443,-1.9778338861359566
GW241130_034908,GW241130_110422,0.30223964958555166,3.057354,12.367466,-0.5,-75.03296,-0.2629636,137.31544,4.460277580260305
GW241130_034908,GW241201_055758,1.0894678206051942,0.98100364,9.291765,-0.5,-42.526615,-0.42749682,154.08417,1.9826866643058638
GW241130_034908,GW241210_060606,10.095118524040338,0.669271,2.494485,0.1,-1.6380687,-0.07482487,27.297394,2.0116052411751886
GW241130_034908,GW241210_120900,10.34713000803634,0.669271,7.123409,-0.5,-24.712618,-0.4586175,117.12555,1.7547085680479366
GW241130_034908,GW241225_042553,25.025516646341593,0.3320092,3.078503,-0.5,-4.201223,-0.20817837,53.787884,1.5218493398027846
GW241130_034908,GW241225_082815,25.193831706176752,0.5727229,9.433261,-0.5,-43.005894,-0.2700359,102.50141,1.4190099190637169
GW241130_034908,GW241229_155844,29.506668294039038,0.2735977,3.3786492,-0.5,-5.430192,-0.52167684,67.22484,1.4282866628565176
GW241130_034908,GW241230_084504,30.205508538796394,0.2735977,2.1170874,0.5,-2.7151983,-0.18784775,61.338894,1.4585135958738844
GW241130_034908,GW241230_233618,30.824415037264977,0.2735977,6.5061736,-0.5,-19.817053,-0.24872454,75.79196,1.26811292959213
GW241130_034908,GW241231_054133,31.078067400770056,0.2735977,4.972828,-0.5,-9.9896965,-0.2529184,34.669872,1.3775241743066857
GW241130_034908,GW250101_011205,31.890930961560873,0.2735977,6.679365,-0.5,-20.859623,-0.3261576,74.042816,1.2565056478409946
GW241130_034908,GW250104_015122,34.91821440702787,0.104784556,4.340519,-0.5,-8.1981,-0.16941357,53.85559,1.166611680036238
GW241130_034908,GW250108_152221,39.4814016396304,0.104784556,14.674679,-0.5,-106.147095,-0.17860077,156.39906,0.07611276531413547
GW241130_034908,GW250109_010541,39.88649159166272,0.09330103,6.85627,-0.5,-21.723192,-0.11154107,64.32439,1.0003281072849224
GW241130_034908,GW250109_074552,40.16439550993619,0.09330103,4.261688,-0.5,-9.442637,-0.22071537,116.71974,1.1370516305851526
GW241130_034908,GW250114_082203,45.18952100890378,0.09330103,7.217975,-0.5,-23.535831,-1.7455388,46.94552,0.9801473884580819
GW241130_034908,GW250116_015318,46.9195575090139,-0.20667636,8.1193075,-0.5,-32.274868,-0.5335156,131.65431,0.4726212874168514
GW241130_034908,GW250118_023225,48.94672842152693,-0.20667636,3.2838066,-0.5,-4.4902053,-0.4008408,47.824966,0.7819572296424351
GW241130_034908,GW250118_055802,49.08951232170341,-0.20667636,7.84822,-0.5,-29.349823,-0.27228683,86.994804,0.5051867917846363
GW241130_034908,GW250118_170523,49.5529468571919,-0.20667636,7.1969323,-0.5,-24.524277,-0.0032242779,82.774734,0.5589112121737105
GW241130_034908,GW250119_025138,49.96007140471428,-0.20667636,15.446166,-0.5,-117.51756,-0.05350719,145.39014,-0.4764141424210749
GW241130_034908,GW250119_190238,50.63437163838634,-0.20667636,10.856554,-0.5,-56.348267,-0.4056525,68.16962,0.20460408996037785
GW241130_110422,GW241201_055758,0.7872281710196425,1.1686022,1.4130818,0.5,-0.51115924,-0.16453323,25.31611,2.7070076079205267
GW241130_110422,GW241210_060606,9.792878874454786,0.5435311,11.108159,-0.5,-60.54736,-0.18813872,143.00044,1.1837939319635722
GW241130_110422,GW241210_120900,10.044890358450788,0.669271,3.7119162,-0.5,-6.3873553,-0.19565392,66.01842,1.9587298445618322
GW241130_110422,GW241225_042553,24.72327699675604,0.3320092,8.782799,-0.5,-38.1717,-0.47114196,164.60394,1.1436446626421717
GW241130_110422,GW241225_082815,24.8915920565912,0.3320092,4.2178025,-0.5,-7.7364855,-0.5329995,54.02141,1.4824900791369275
GW241130_110422,GW241229_155844,29.204428644453486,0.5727229,3.3987043,-0.5,-5.6080194,-0.25871325,71.44262,1.8353729613666925
GW241130_110422,GW241230_084504,29.903268889210842,0.2735977,4.8930473,-0.5,-12.498445,-0.075115845,145.59785,1.3495934432062793
GW241130_110422,GW241230_233618,30.522175387679425,0.2735977,9.301878,-0.5,-42.206135,-0.014239064,125.37858,1.0188477925266322
GW241130_110422,GW241231_054133,30.775827751184504,0.2735977,16.478306,-0.5,-134.05815,-0.51588196,160.25644,-0.003771424999072792
GW241130_110422,GW250101_011205,31.58869131197532,0.2735977,10.738942,-0.5,-56.53293,-0.063194,139.54785,0.8593428072302502
GW241130_110422,GW250104_015122,34.615974757442316,0.104784556,11.0907,-0.5,-60.54118,-0.093550034,156.81642,0.583858669933504
GW241130_110422,GW250108_152221,39.17916199004485,0.104784556,3.1006973,-0.5,-3.6210191,-0.08436283,39.167366,1.217569853149654
GW241130_110422,GW250109_010541,39.58425194207717,0.104784556,12.134281,-0.5,-72.259605,-0.15142253,140.46098,0.4533935170154503
GW241130_110422,GW250109_074552,39.86215586035064,0.09330103,1.5767758,0.5,-1.6642402,-0.04224822,44.488693,1.2236511279977655
GW241130_110422,GW250114_082203,44.88728135931823,0.09330103,14.409704,-0.5,-102.04168,-2.0085025,135.38701,0.10611552845101146
GW241130_110422,GW250116_015318,46.61731785942835,-0.20667636,2.6923702,0.1,-3.0988684,-0.27055198,47.31987,0.7974474488589571
GW241130_110422,GW250118_023225,48.644488771941376,-0.20667636,10.287797,-0.5,-52.21408,-0.1378772,165.27248,0.25063136298233535
GW241130_110422,GW250118_055802,48.78727267211786,-0.20667636,10.25086,-0.5,-51.410465,-0.0093232365,133.1997,0.2595782838799435
GW241130_110422,GW250118_170523,49.25070720760635,-0.20667636,7.3247223,-0.5,-25.750423,-0.2597393,97.79438,0.5452601109202607
GW241130_110422,GW250119_025138,49.657831755128726,-0.20667636,2.38194,0.1,-1.4803528,-0.31647077,27.63189,0.8154669244388035
GW241130_110422,GW250119_190238,50.33213198880079,-0.20667636,12.260887,-0.5,-73.35347,-0.66861606,113.30673,0.015279475099636286
GW241201_055758,GW241210_060606,9.005650703435142,0.5435311,9.421411,-0.5,-43.883205,-0.35267195,167.86035,1.3693215320854666
GW241201_055758,GW241210_120900,9.257662187431146,0.5435311,3.5554228,-0.5,-6.210495,-0.031120682,76.91895,1.788744416196518
GW241201_055758,GW241225_042553,23.9360488257364,0.3320092,6.665372,-0.5,-22.175533,-0.6356752,149.48344,1.3217353309276294
GW241201_055758,GW241225_082815,24.10436388557156,0.3320092,4.301585,-0.5,-8.748223,-0.6975327,76.43757,1.4712260635889456
GW241201_055758,GW241229_155844,28.417200473433844,0.5727229,3.62029,-0.5,-6.680844,-0.09418,88.20289,1.8234288476629175
GW241201_055758,GW241230_084504,29.1160407181912,0.5727229,3.825259,-0.5,-8.001948,-0.23964907,123.19114,1.808720549147448
GW241201_055758,GW241230_233618,29.734947216659783,0.2735977,7.0451517,-0.5,-24.367834,-0.1787723,128.63824,1.2174475600017862
GW241201_055758,GW241231_054133,29.98859958016486,0.2735977,10.882173,-0.5,-58.458797,-0.6804152,170.78337,0.8379014637111607
GW241201_055758,GW250101_011205,30.80146314095568,0.2735977,7.3609242,-0.5,-26.603142,-0.101339236,131.7944,1.192561131888289
GW241201_055758,GW250104_015122,33.828746586422675,0.2735977,8.089472,-0.5,-32.32381,-0.25808325,151.69434,1.1288710130351054
GW241201_055758,GW250108_152221,38.391933819025205,0.104784556,2.1700525,0.1,-1.8366743,-0.24889606,38.286407,1.237435560467893
GW241201_055758,GW250109_010541,38.797023771057525,0.104784556,8.359756,-0.5,-34.33916,-0.31595576,141.30447,0.875574507376448
GW241201_055758,GW250109_074552,39.074927689331,0.104784556,2.089378,0.5,-2.7783184,-0.20678145,64.32438,1.2269519220909828
GW241201_055758,GW250114_082203,44.10005318829859,0.09330103,8.00423,-0.5,-31.255875,-2.1730356,123.999,0.8941975658669948
GW241201_055758,GW250116_015318,45.830089688408705,0.09330103,1.3686897,0.5,-0.8106432,-0.106018744,29.374763,1.2331545093706566
GW241201_055758,GW250118_023225,47.857260600921734,-0.20667636,7.723675,-0.5,-29.584661,-0.026656035,156.35382,0.5025722563852634
GW241201_055758,GW250118_055802,48.000044501098216,-0.20667636,6.0472755,-0.5,-17.796263,-0.15520999,108.27159,0.6338164420239412
GW241201_055758,GW250118_170523,48.463479036586705,-0.20667636,6.1975155,-0.5,-18.745031,-0.42427254,112.57878,0.6232534837250101
GW241201_055758,GW250119_025138,48.870603584109084,-0.20667636,0.5675505,1.0,0.44051626,-0.48100403,9.603007,0.8368526016706123
GW241201_055758,GW250119_190238,49.54490381778114,-0.20667636,8.36722,-0.5,-34.21516,-0.8331493,128.84377,0.4510193636918697
GW241210_060606,GW241210_120900,0.25201148399600276,1.2899631,5.313926,-0.5,-13.605895,-0.38379264,93.98306,2.727185579953254
GW241210_060606,GW241225_042553,14.930398122301256,0.035988156,2.1072583,0.5,-1.8131022,-0.28300324,39.29482,1.1436160754227807
GW241210_060606,GW241225_082815,15.098713182136416,0.035988156,7.221965,-0.5,-24.898228,-0.34486076,91.49959,0.8866016533876115
GW241210_060606,GW241229_155844,19.4115497699987,0.09474692,4.1497393,-0.5,-8.434585,-0.44685197,86.88123,1.1502519334494177
GW241210_060606,GW241230_084504,20.110390014756057,0.09474692,2.320941,0.1,-3.216885,-0.113022886,68.9245,1.2083423272657179
GW241210_060606,GW241230_233618,20.729296513224643,0.09474692,3.6676881,-0.5,-5.6500454,-0.17389967,48.954372,1.1812531398593678
GW241210_060606,GW241231_054133,20.98294887672972,0.09474692,1.9094799,0.5,-0.075967595,-0.32774326,18.220999,1.2433112121646646
GW241210_060606,GW250101_011205,21.795812437520535,0.3320092,4.009783,-0.5,-6.888573,-0.25133273,51.558758,1.4919301704718129
GW241210_060606,GW250104_015122,24.823095882987534,0.3320092,2.4273112,0.1,-1.9674954,-0.0945887,34.017002,1.5467181745943326
GW241210_060606,GW250108_152221,29.38628311559006,0.2735977,10.73588,-0.5,-56.421078,-0.1037759,134.10739,0.8605880789088971
GW241210_060606,GW250109_010541,29.791373067622384,0.2735977,3.4424334,-0.5,-4.537734,-0.036716204,39.320538,1.4382226958157827
GW241210_060606,GW250109_074552,30.069276985895854,0.2735977,3.6904516,-0.5,-7.2264094,-0.1458905,103.89528,1.4082887733642022
GW241210_060606,GW250114_082203,35.094402484863444,0.104784556,7.1820917,-0.5,-23.972372,-1.8203636,66.11894,0.9909914348032496
GW241210_060606,GW250116_015318,36.82443898497356,0.104784556,9.079297,-0.5,-40.67978,-0.4586907,158.66068,0.8049822851800307
GW241210_060606,GW250118_023225,38.85160989748659,0.104784556,2.0143864,0.5,-1.309824,-0.32601592,32.139214,1.2433011615301846
GW241210_060606,GW250118_055802,38.99439379766307,0.104784556,6.419601,-0.5,-19.454945,-0.19746196,82.54117,1.0412854653218617
GW241210_060606,GW250118_170523,39.45782833315156,0.104784556,4.403974,-0.5,-8.602172,-0.07160059,58.214527,1.1621130134641342
GW241210_060606,GW250119_025138,39.86495288067394,0.09330103,14.665332,-0.5,-106.15298,-0.12833206,167.88396,0.06034307723158039
GW241210_060606,GW250119_190238,40.539253114346,0.09330103,4.6875887,-0.5,-9.133393,-0.48047736,42.416252,1.1404945491942389
GW241210_120900,GW241225_042553,14.678386638305254,0.035988156,4.481311,-0.5,-9.993748,-0.66679585,100.03704,1.052538213568862
GW241210_120900,GW241225_082815,14.846701698140414,0.035988156,1.9630287,0.5,-1.4083384,-0.72865343,34.624992,1.1481224463728203
GW241210_120900,GW241229_155844,19.159538286002697,0.09474692,4.424551,-0.5,-9.9080715,-0.06305932,107.37525,1.13384711100454
GW241210_120900,GW241230_084504,19.858378530760053,0.09474692,4.3488073,-0.5,-10.137223,-0.27076975,139.73813,1.1312958882055197
GW241210_120900,GW241230_233618,20.47728502922864,0.09474692,3.281634,-0.5,-4.921295,-0.20989297,59.501232,1.1893665598760619
GW241210_120900,GW241231_054133,20.730937392733715,0.09474692,6.46374,-0.5,-20.118906,-0.7115359,100.480804,1.0201664756347038
GW241210_120900,GW250101_011205,21.54380095352453,0.09474692,4.3306923,-0.5,-8.874404,-0.13245991,76.976,1.1453552776920677
GW241210_120900,GW250104_015122,24.57108439899153,0.3320092,4.877102,-0.5,-11.483807,-0.28920394,90.850235,1.4407698997794496
GW241210_120900,GW250108_152221,29.134271631594057,0.5727229,2.3066144,0.1,-2.1273239,-0.28001675,40.391266,1.8741247082745698
GW241210_120900,GW250109_010541,29.53936158362638,0.2735977,4.44383,-0.5,-9.253834,-0.34707645,74.50124,1.3857167801985149
GW241210_120900,GW250109_074552,29.81726550189985,0.2735977,0.93902963,1.0,-1.0315477,-0.23790213,28.838457,1.4772582412158457
GW241210_120900,GW250114_082203,34.842391000867444,0.104784556,10.314413,-0.5,-52.396057,-2.2041564,158.2351,0.674541043041114
GW241210_120900,GW250116_015318,36.57242750097756,0.104784556,4.976433,-0.5,-12.246302,-0.074898064,106.26459,1.1215416982033473
GW241210_120900,GW250118_023225,38.59959841349059,0.104784556,4.931232,-0.5,-11.904222,-0.057776716,99.25828,1.1253501905408831
GW241210_120900,GW250118_055802,38.74238231366707,0.104784556,6.348671,-0.5,-19.649721,-0.18633068,112.84202,1.039116953017511
GW241210_120900,GW250118_170523,39.20581684915556,0.104784556,1.9856281,0.5,-1.4976279,-0.45539322,35.81468,1.241210278299019
GW241210_120900,GW250119_025138,39.61294139667793,0.104784556,5.1047025,-0.5,-12.4110775,-0.5121247,85.669106,1.1197071935766583
GW241210_120900,GW250119_190238,40.287241630349996,0.09330103,3.4076676,-0.5,-4.996314,-0.86427,51.95738,1.1865540359390656
GW241225_042553,GW241225_082815,0.1683150598351602,1.5275474,6.3535824,-0.5,-19.771986,-0.061857533,118.19063,2.9834426876964555
GW241225_042553,GW241229_155844,4.481151647697445,0.9949764,4.8446484,-0.5,-11.912662,-0.7298552,121.00588,2.342630373857634
GW241225_042553,GW241230_084504,5.179991892454801,0.790937,1.3422145,0.5,-1.6151948,-0.39602613,43.85206,2.1782432077260823
GW241225_042553,GW241230_233618,5.7988983909233855,0.49711657,2.1301274,0.5,-1.9064127,-0.4569029,40.622246,1.7731893820794111
GW241225_042553,GW241231_054133,6.052550754428462,0.49711657,1.3004745,0.5,-0.20953949,-0.04474001,21.627787,1.7920812392707088
GW241225_042553,GW250101_011205,6.865414315219279,0.5732528,1.3377476,0.5,-0.4965862,-0.534336,25.057587,1.8930048960845987
GW241225_042553,GW250104_015122,9.892697760686278,0.5435311,0.5404702,1.0,0.16730522,-0.37759194,10.56232,1.859750598899634
GW241225_042553,GW250108_152221,14.455884993288803,0.035988156,6.8037415,-0.5,-22.720398,-0.38677913,125.74237,0.9108481602495141
GW241225_042553,GW250109_010541,14.860974945321127,0.035988156,1.4596229,0.5,-0.56238866,-0.31971943,25.946484,1.157540688065336
GW241225_042553,GW250109_074552,15.138878863594599,0.035988156,3.9848661,-0.5,-8.566597,-0.42889374,124.62399,1.0684271598920998
GW241225_042553,GW250114_082203,20.16400436256219,0.09474692,3.59832,-0.5,-5.814815,-1.5373604,59.15649,1.1794187042469169
GW241225_042553,GW250116_015318,21.894040862672306,0.3320092,6.2547073,-0.5,-19.498343,-0.7416939,138.58067,1.3515413912310046
GW241225_042553,GW250118_023225,23.921211775185334,0.3320092,0.34110868,1.0,0.113443725,-0.60901916,7.1558027,1.569885966268118
GW241225_042553,GW250118_055802,24.06399567536182,0.3320092,2.36499,0.1,-2.3983495,-0.4804652,44.29813,1.5419213320061533
GW241225_042553,GW250118_170523,24.527430210850305,0.3320092,3.7501445,-0.5,-6.660027,-0.21140264,71.17918,1.4944746511106413
GW241225_042553,GW250119_025138,24.93455475837268,0.3320092,8.577807,-0.5,-36.288364,-0.15467118,152.62035,1.1646124623115661
GW241225_042553,GW250119_190238,25.608854992044744,0.5727229,3.4913752,-0.5,-5.4250207,-0.1974741,57.09229,1.837410346618493
GW241225_082815,GW241229_155844,4.312836587862284,0.9949764,3.481775,-0.5,-5.8819494,-0.79171276,72.75634,2.4097723088478418
GW241225_082815,GW241230_084504,5.01167683261964,0.790937,5.400099,-0.5,-15.102126,-0.45788366,160.21259,2.028088690813122
GW241225_082815,GW241230_233618,5.630583331088225,0.49711657,6.1293054,-0.5,-17.69878,-0.51876044,81.423546,1.5973676749947843
GW241225_082815,GW241231_054133,5.884235694593301,0.49711657,11.27276,-0.5,-61.771828,-0.01711752,106.570724,1.1066876961342234
GW241225_082815,GW250101_011205,6.697099255384119,0.5732528,7.992117,-0.5,-30.776133,-0.5961935,102.2404,1.555892579738292
GW241225_082815,GW250104_015122,9.724382700851118,0.5435311,7.713264,-0.5,-28.760195,-0.43944946,107.63182,1.5376910671317898
GW241225_082815,GW250108_152221,14.287569933453645,0.035988156,4.4503603,-0.5,-8.683537,-0.44863668,55.29125,1.0671252328326912
GW241225_082815,GW250109_010541,14.692659885485966,0.035988156,8.259838,-0.5,-32.712044,-0.381577,93.73617,0.7996078258715732
GW241225_082815,GW250109_074552,14.970563803759438,0.035988156,0.50694734,1.0,-0.5430654,-0.49075127,14.2566595,1.1577558200449223
GW241225_082815,GW250114_082203,19.99568930272703,0.09474692,16.098497,-0.5,-127.741905,-1.4755028,146.72581,-0.17803636710745163
GW241225_082815,GW250116_015318,21.725725802837147,0.3320092,5.811268,-0.5,-16.34286,-0.8035515,101.271774,1.3866724415066267
GW241225_082815,GW250118_023225,23.75289671535017,0.3320092,7.152421,-0.5,-24.85288,-0.6708767,113.73802,1.291927529341937
GW241225_082815,GW250118_055802,23.895680615526658,0.3320092,11.468079,-0.5,-64.597496,-0.54232275,146.70068,0.8494374324359256
GW241225_082815,GW250118_170523,24.359115151015146,0.3320092,3.6474009,-0.5,-5.54677,-0.27326018,47.981,1.5068689128373671
GW241225_082815,GW250119_025138,24.76623969853752,0.3320092,7.1499333,-0.5,-24.164848,-0.21652871,81.32304,1.2995876213719362
GW241225_082815,GW250119_190238,25.440539932209585,0.5727229,6.823132,-0.5,-21.403454,-0.13561659,61.102406,1.6595171068333303
GW241229_155844,GW241230_084504,0.6988402447573565,1.2745508,3.1647913,-0.5,-5.8038573,-0.33382908,107.69766,2.7929712758383003
GW241229_155844,GW241230_233618,1.3177467432259409,0.7966598,6.005723,-0.5,-17.894518,-0.2729523,128.0068,2.004826253255465
GW241229_155844,GW241231_054133,1.5713991067310173,1.6291271,5.2708626,-0.5,-13.53831,-0.7745952,101.00197,3.1917588425835106
GW241229_155844,GW250101_011205,2.3842626675218344,1.706399,6.584788,-0.5,-21.511251,-0.19551924,138.35449,3.208665826583891
GW241229_155844,GW250104_015122,5.411546112988834,0.790937,5.5190196,-0.5,-15.129328,-0.35226327,119.97202,2.0277858457183946
GW241229_155844,GW250108_152221,9.97473334559136,0.5435311,5.203526,-0.5,-13.348596,-0.34307605,108.1752,1.7092735547279945
GW241229_155844,GW250109_010541,10.379823297623682,0.669271,6.199347,-0.5,-18.965221,-0.41013575,125.00666,1.8186962550610204
GW241229_155844,GW250109_074552,10.657727215897154,0.669271,2.4727466,0.1,-3.7728577,-0.30096146,80.83644,1.9878379214041493
GW241229_155844,GW250114_082203,15.682852714864744,0.035988156,4.2825694,-0.5,-8.800196,-2.2672157,81.35636,1.0658264273403637
GW241229_155844,GW250116_015318,17.41288921497486,0.52348214,3.350143,-0.5,-5.718786,-0.011838744,80.787285,1.766800976107202
GW241229_155844,GW250118_023225,19.44006012748789,0.09474692,4.9892297,-0.5,-12.461817,-0.120836034,114.93592,1.1054154108579415
GW241229_155844,GW250118_055802,19.582844027664375,0.09474692,6.612898,-0.5,-21.696714,-0.24938999,138.94284,1.0026002072666353
GW241229_155844,GW250118_170523,20.04627856315286,0.09474692,4.9188504,-0.5,-11.950147,-0.5184525,104.445366,1.111112005341298
GW241229_155844,GW250119_025138,20.45340311067524,0.09474692,4.048058,-0.5,-7.944082,-0.57518405,81.68523,1.155712865544525
GW241229_155844,GW250119_190238,21.1277033443473,0.09474692,5.4861026,-0.5,-14.670659,-0.9273293,103.80412,1.0808236310711905
GW241230_084504,GW241230_233618,0.6189064984685845,1.6364105,2.7802625,0.1,-4.406359,-0.06087678,83.30832,3.3033881603000297
GW241230_084504,GW241231_054133,0.872558861973661,1.5381744,1.8845149,0.5,-2.2150874,-0.44076613,53.65922,3.1934424160128274
GW241230_084504,GW250101_011205,1.6854224227644778,1.2306377,2.1423123,0.5,-2.8217978,-0.13830984,63.73269,2.7661185261797203
GW241230_084504,GW250104_015122,4.7127058682314775,0.790937,1.7941535,0.5,-2.1710393,-0.018434187,54.303825,2.172054804509456
GW241230_084504,GW250108_152221,9.275893100834002,0.5435311,4.659811,-0.5,-11.373406,-0.009246984,137.897,1.7312639967612282
GW241230_084504,GW250109_010541,9.680983052866326,0.5435311,2.3829796,0.1,-3.326152,-0.07630668,69.48202,1.8208567704219911
GW241230_084504,GW250109_074552,9.958886971139798,0.5435311,4.3203273,-0.5,-10.395396,-0.032867625,168.00789,1.7421525111480372
GW241230_084504,GW250114_082203,14.984012470107388,0.035988156,0.92883116,1.0,-0.8629453,-1.9333866,26.344275,1.1541944902566712
GW241230_084504,GW250116_015318,16.714048970217505,0.52348214,3.0695813,-0.5,-5.385107,-0.3456678,98.27805,1.7705159329168483
GW241230_084504,GW250118_023225,18.741219882730533,0.09474692,1.5182986,0.5,-1.7757113,-0.21299304,47.390736,1.2243873970676975
GW241230_084504,GW250118_055802,18.88400378290702,0.09474692,1.0737586,1.0,-1.1035094,-0.08443908,31.943506,1.2318712453141305
GW241230_084504,GW250118_170523,19.347438318395504,0.09474692,3.8462105,-0.5,-7.934277,-0.18462348,115.0287,1.1558220248341824
GW241230_084504,GW250119_025138,19.75456286591788,0.09474692,4.0612082,-0.5,-8.734245,-0.24135494,118.45557,1.1469157108525643
GW241230_084504,GW250119_190238,20.428863099589943,0.09474692,3.5478907,-0.5,-6.721766,-0.59350026,100.44826,1.169321315998777
GW241230_233618,GW241231_054133,0.2536523635050765,1.2899631,4.345427,-0.5,-7.8557186,-0.50164294,44.951656,2.7912042171977696
GW241230_233618,GW250101_011205,1.0665159242958935,0.98100364,1.56013,0.5,-0.15851137,-0.077433065,21.006079,2.454384932920903
GW241230_233618,GW250104_015122,4.093799369762893,0.9949764,2.1573853,0.1,-1.4268296,-0.07931097,31.438156,2.4593726480601323
GW241230_233618,GW250108_152221,8.656986602365418,0.5435311,6.9804115,-0.5,-23.251942,-0.07012376,91.544914,1.5990162910114756
GW241230_233618,GW250109_010541,9.062076554397741,0.5435311,1.2478237,0.5,0.4935488,-0.13718346,15.099309,1.8633827779416667
GW241230_233618,GW250109_074552,9.339980472671213,0.5435311,2.981385,0.1,-4.8809495,-0.028009156,84.77384,1.8035466908692441
GW241230_233618,GW250114_082203,14.365105971638803,0.035988156,9.888482,-0.5,-47.244663,-1.9942633,99.23294,0.6378113130456711
GW241230_233618,GW250116_015318,16.09514247174892,0.52348214,8.339164,-0.5,-34.284714,-0.28479105,149.48491,1.4487669464741775
GW241230_233618,GW250118_023225,18.122313384261947,0.52348214,2.4312453,0.1,-2.2972105,-0.15211625,39.98717,1.8048945182991536
GW241230_233618,GW250118_055802,18.265097284438433,0.52348214,5.1961637,-0.5,-12.441487,-0.023562301,69.95997,1.6919548914590954
GW241230_233618,GW250118_170523,18.72853181992692,0.09474692,2.4444118,0.1,-1.9796242,-0.24550025,33.75463,1.2221171670666413
GW241230_233618,GW250119_025138,19.135656367449297,0.09474692,11.395355,-0.5,-63.65893,-0.30223173,138.16255,0.5354208081465311
GW241230_233618,GW250119_190238,19.80995660112136,0.09474692,2.622973,0.1,-1.7646586,-0.65437704,25.94371,1.224510450781577
GW241231_054133,GW250101_011205,0.8128635607908169,1.1686022,4.05936,-0.5,-6.525937,-0.579076,39.396675,2.64004307469317
GW241231_054133,GW250104_015122,3.8401470062578165,1.2099575,1.7174771,0.5,-0.04664104,-0.42233196,19.221577,2.7687342614736785
GW241231_054133,GW250108_152221,8.403334238860342,0.72702783,14.812378,-0.5,-107.88609,-0.43151915,136.47772,0.907695319864465
GW241231_054133,GW250109_010541,8.808424190892666,0.5435311,4.0430193,-0.5,-5.9974504,-0.36445946,31.14033,1.7911163134607977
GW241231_054133,GW250109_074552,9.086328109166136,0.5435311,4.3659954,-0.5,-9.853598,-0.47363377,117.26711,1.7481845360641193
GW241231_054133,GW250114_082203,14.111453608133727,0.035988156,15.691943,-0.5,-119.47058,-1.4926205,57.884888,-0.16630398477438124
GW241231_054133,GW250116_015318,15.841490108243844,0.035988156,9.889733,-0.5,-48.10114,-0.78643394,151.35846,0.6282758811951278
GW241231_054133,GW250118_023225,17.86866102075687,0.52348214,1.0776582,1.0,0.46616602,-0.6537592,14.594707,1.8356601127543362
GW241231_054133,GW250118_055802,18.011444920933357,0.52348214,6.6281013,-0.5,-20.252447,-0.5252052,64.32173,1.6049928635804975
GW241231_054133,GW250118_170523,18.474879456421842,0.52348214,6.4656444,-0.5,-19.284122,-0.25614265,65.8061,1.6157735458745373
GW241231_054133,GW250119_025138,18.88200400394422,0.09474692,22.23373,-0.5,-245.00357,-0.1994112,172.08493,-1.4835497036241336
GW241231_054133,GW250119_190238,19.55630423761628,0.09474692,15.139348,-0.5,-110.71469,-0.1527341,49.598732,0.011533301386719597
GW250101_011205,GW250104_015122,3.0272834454669995,1.2372308,1.4459673,0.5,-0.08281104,-0.15674403,20.425152,2.8056289302773623
GW250101_011205,GW250108_152221,7.590470678069526,0.72702783,8.010409,-0.5,-30.89473,-0.14755683,101.0616,1.7648659184904572
GW250101_011205,GW250109_010541,7.995560630101848,0.72702783,1.2354097,0.5,0.6005945,-0.21461652,14.279636,2.115513895177685
GW250101_011205,GW250109_074552,8.273464548375319,0.72702783,3.6967971,-0.5,-7.253792,-0.10544222,104.279396,2.028068385399093
GW250101_011205,GW250114_082203,13.298590047342909,0.5157103,8.892654,-0.5,-37.757103,-2.0716963,83.36581,1.3994793503352885
GW250101_011205,GW250116_015318,15.028626547453028,0.035988156,7.9196353,-0.5,-30.833483,-0.20735797,139.10364,0.8205224739599906
GW250101_011205,GW250118_023225,17.055797459966055,0.52348214,1.744774,0.5,-0.8152972,-0.0746832,28.008358,1.8213931543196693
GW250101_011205,GW250118_055802,17.19858136014254,0.52348214,3.7991285,-0.5,-6.084766,-0.053870764,49.308613,1.7627263967199531
GW250101_011205,GW250118_170523,17.662015895631026,0.52348214,4.1059475,-0.5,-7.3518505,-0.32293332,54.75939,1.7486195201287467
GW250101_011205,GW250119_025138,18.069140443153405,0.52348214,12.040404,-0.5,-71.12629,-0.37966478,139.47234,1.038597364007972
GW250101_011205,GW250119_190238,18.743440676825465,0.09474692,4.929029,-0.5,-10.331859,-0.7318101,45.446163,1.1291289473022847
GW250104_015122,GW250108_152221,4.563187232602526,0.9949764,8.746439,-0.5,-37.239788,-0.009187205,120.636215,2.060655004258091
GW250104_015122,GW250109_010541,4.968277184634849,0.790937,1.274888,0.5,0.34198028,-0.057872493,16.35971,2.2000330923923572
GW250104_015122,GW250109_074552,5.24618110290832,0.790937,3.9758532,-0.5,-8.36264,-0.05130181,114.31937,2.103121639474294
GW250104_015122,GW250114_082203,10.27130660187591,0.669271,6.216058,-0.5,-17.839815,-1.9149524,67.794975,1.8312257793858
GW250104_015122,GW250116_015318,12.001343101986029,0.5157103,8.045194,-0.5,-31.93168,-0.364102,148.25299,1.4643357248731852
GW250104_015122,GW250118_023225,14.028514014499056,0.035988156,0.50812864,1.0,0.46390063,-0.23142722,8.634525,1.1689667098922665
GW250104_015122,GW250118_055802,14.17129791467554,0.035988156,3.7505276,-0.5,-6.070556,-0.102873266,52.97652,1.0962164171130162
GW250104_015122,GW250118_170523,14.634732450164027,0.035988156,4.2020745,-0.5,-7.91214,-0.16618928,60.738583,1.075713449572943
GW250104_015122,GW250119_025138,15.041856997686404,0.035988156,12.289856,-0.5,-74.36915,-0.22292076,157.98436,0.33582535002519937
GW250104_015122,GW250119_190238,15.716157231358466,0.035988156,4.318898,-0.5,-7.822107,-0.57506603,46.53115,1.076715817677119
GW250108_152221,GW250109_010541,0.40508995203232323,1.047047,9.490588,-0.5,-43.599796,-0.067059696,105.81276,2.0610556277647856
GW250108_152221,GW250109_074552,0.6829938703057943,1.2745508,1.4654651,0.5,-1.482679,-0.042114608,41.095703,2.8410803991894023
GW250108_152221,GW250114_082203,5.708119369273384,0.49711657,17.664335,-0.5,-154.12003,-1.9241396,156.59433,0.07854432416244683
GW250108_152221,GW250116_015318,7.438155869383503,0.72702783,3.8627102,-0.5,-6.9028397,-0.3549148,66.816154,2.0319756530378332
GW250108_152221,GW250118_023225,9.465326781896529,0.5435311,8.179662,-0.5,-32.709866,-0.22224003,128.9155,1.4937180613060503
GW250108_152221,GW250118_055802,9.608110682073015,0.5435311,8.526801,-0.5,-35.16448,-0.09368607,107.57163,1.4663900368564948
GW250108_152221,GW250118_170523,10.071545217561502,0.669271,5.850111,-0.5,-15.980666,-0.17537649,75.95431,1.8519243067329496
GW250108_152221,GW250119_025138,10.478669765083879,0.669271,4.274306,-0.5,-7.703666,-0.23210795,47.766296,1.9440749152876293
GW250108_152221,GW250119_190238,11.15296999875594,0.669271,10.53945,-0.5,-53.608383,-0.58425325,91.70769,1.43300234919779
GW250109_010541,GW250109_074552,0.277903918273471,1.2899631,3.581925,-0.5,-6.7909236,-0.1091743,98.80065,2.803058936227946
GW250109_010541,GW250114_082203,5.303029417241061,0.790937,11.5558,-0.5,-64.48035,-1.8570799,84.14289,1.478344447603668
GW250109_010541,GW250116_015318,7.03306591735118,0.5732528,9.27164,-0.5,-42.3349,-0.4219745,153.37291,1.4272049575389125
GW250109_010541,GW250118_023225,9.060236829864206,0.5435311,1.6672755,0.5,-0.5377109,-0.28929973,24.887926,1.8519014186404843
GW250109_010541,GW250118_055802,9.203020730040691,0.5435311,5.315827,-0.5,-12.765185,-0.16074575,61.440308,1.7157688562986448
GW250109_010541,GW250118_170523,9.666455265529178,0.5435311,3.8358705,-0.5,-6.0612173,-0.108316794,45.870296,1.7904063746101713
GW250109_010541,GW250119_025138,10.073579813051555,0.669271,15.079331,-0.5,-112.03285,-0.16504826,150.2772,0.7825431967813284
GW250109_010541,GW250119_190238,10.747880046723617,0.669271,4.7470336,-0.5,-8.923509,-0.51719356,33.61526,1.930494001514413
GW250109_074552,GW250114_082203,5.02512549896759,0.790937,5.984383,-0.5,-18.220282,-1.9662542,160.03175,1.9933732230446957
GW250109_074552,GW250116_015318,6.755161999077709,0.5732528,2.9853141,0.1,-5.0388055,-0.3128002,91.3201,1.842434849756353
GW250109_074552,GW250118_023225,8.782332911590736,0.5435311,4.090366,-0.5,-8.892462,-0.18012542,121.678314,1.7588851830770156
GW250109_074552,GW250118_055802,8.92511681176722,0.5435311,4.9709215,-0.5,-12.775649,-0.051571455,140.21867,1.71565236026459
GW250109_074552,GW250118_170523,9.388551347255707,0.5435311,1.8910574,0.5,-2.220428,-0.2174911,53.657112,1.8331671665773541
GW250109_074552,GW250119_025138,9.795675894778084,0.5435311,2.551759,0.1,-3.6323302,-0.27422255,70.41229,1.8174479873168683
GW250109_074552,GW250119_190238,10.469976128450146,0.669271,2.5791996,0.1,-3.635969,-0.62636787,68.83307,1.9893619495540038
GW250114_082203,GW250116_015318,1.7300365001101186,1.2306377,6.271487,-0.5,-18.836218,-2.2790544,94.68196,2.58782463219796
GW250114_082203,GW250118_023225,3.757207412623145,1.2099575,4.4535675,-0.5,-8.83531,-2.1463797,59.2688,2.670887070919588
GW250114_082203,GW250118_055802,3.89999131279963,1.2099575,6.1959014,-0.5,-17.41188,-2.0178256,58.079815,2.5754012431289017
GW250114_082203,GW250118_170523,4.3634258482881165,0.9949764,12.504992,-0.5,-76.50645,-1.7487631,123.339165,1.6234861599378894
GW250114_082203,GW250119_025138,4.770550395810494,0.790937,15.79927,-0.5,-122.53142,-1.6920316,115.66912,0.8320424580736245
GW250114_082203,GW250119_190238,5.4448506294825565,0.49711657,50.863186,-0.5,-1288.7612,-1.3398863,107.02987,-12.553795671381605
GW250116_015318,GW250118_023225,2.0271709125130264,1.3380204,7.239092,-0.5,-25.929426,-0.13267478,144.37057,2.65570395491048
GW250116_015318,GW250118_055802,2.169954812689512,1.706399,5.4307294,-0.5,-14.219536,-0.26122874,95.38527,3.2898469351976463
GW250116_015318,GW250118_170523,2.633389348177998,1.130381,7.961302,-0.5,-31.194344,-0.5302913,141.9494,2.313132329532067
GW250116_015318,GW250119_025138,3.0405138957003754,1.2372308,1.2837981,0.5,-0.17943385,-0.5870228,21.259287,2.8045531962223054
GW250116_015318,GW250119_190238,3.7148141293724377,1.2099575,10.546464,-0.5,-54.77171,-0.93916804,158.21506,2.1594617730583883
GW250118_023225,GW250118_055802,0.14278390017648537,1.802326,3.188239,-0.5,-4.375557,-0.12855396,51.178448,3.5306273823743033
GW250118_023225,GW250118_170523,0.6062184356649717,1.6364105,4.1635695,-0.5,-7.9966555,-0.3976165,68.04444,3.2634161912275728
GW250118_023225,GW250119_025138,1.0133429831873488,0.98100364,10.687804,-0.5,-56.264984,-0.454348,159.74762,1.829732807790036
GW250118_023225,GW250119_190238,1.6876432168594113,1.2306377,4.019663,-0.5,-6.9806614,-0.8064933,53.05847,2.719816507475551
GW250118_055802,GW250118_170523,0.4634345354884863,1.047047,7.7394705,-0.5,-28.872066,-0.26906255,103.214035,2.2250243690463254
GW250118_055802,GW250119_025138,0.8705590830108634,1.5381744,9.391163,-0.5,-42.737484,-0.325794,108.77846,2.7422930230100224
GW250118_055802,GW250119_190238,1.5448593166829259,1.6291271,10.264378,-0.5,-50.862747,-0.6779393,94.63056,2.776213401342729
GW250118_170523,GW250119_025138,0.4071245475223771,1.047047,10.094933,-0.5,-49.662144,-0.056731466,120.96234,1.9935614865731854
GW250118_170523,GW250119_190238,1.0814247811944397,0.98100364,1.6786616,0.5,0.3019955,-0.40887675,16.310535,2.4595119097626252
GW250119_025138,GW250119_190238,0.6743002336720626,1.2745508,19.273314,-0.5,-183.39818,-0.35214528,137.26768,0.8157543091548818
