event_i,event_j,delta_t_days,time_score,sky_norm_sep,sky_step_weight,sky_log_overlap,snr_ratio,ang_sep_deg,combined_time_sky_z
GW150914,GW151012,28.002754629629628,0.6858932,8.353775,-0.5,-33.53589,-1.0280821,96.8882,1.2951607512453138
GW150914,GW151226,102.74176157407187,-0.1447218,8.220297,-0.5,-31.950523,-0.71649456,75.02626,0.6211195844233555
GW150914,GW170104,478.01474768518295,1.9128149,11.933427,-0.5,-69.415146,-0.6334279,111.55726,1.8022676249246434
GW150914,GW170608,632.6739826388878,-2.816653,15.504363,-0.5,-117.70853,-0.5302437,102.34551,-2.8706567099020566
GW150914,GW170729,684.3789918981465,-2.816653,7.430992,-0.5,-25.66163,-0.8878528,64.12618,-1.5298222273489657
GW150914,GW170809,694.9427939814798,-2.816653,10.888411,-0.5,-56.58888,-0.70865136,64.84881,-1.9803351982478248
GW150914,GW170814,700.02776736111,-2.816653,7.987349,-0.5,-28.808739,-0.3845319,38.942257,-1.5756657181733202
GW150914,GW170818,703.6905636574052,-2.816653,27.74344,-0.5,-381.57565,-0.7731899,123.4077,-6.7143728744311115
GW150914,GW170823,709.1411354166655,-2.816653,7.70215,-0.5,-28.349535,-0.7566606,91.35711,-1.5689765606970567
GW150914,GW190408_181802,1302.3522893518514,-1.8056234,24.126062,-0.5,-288.4042,-0.577075,148.1135,-4.508600288947333
GW150914,GW190412,1305.81944097222,-1.8056234,21.869606,-0.5,-236.41425,-0.2724146,127.94284,-3.751269691407774
GW150914,GW190413_134308,1307.1613923611105,-1.8056234,5.943029,-0.5,-15.508599,-0.89724255,46.335537,-0.5333675033342149
GW150914,GW190421_213856,1315.4918032407402,-1.8056234,4.7644887,-0.5,-9.725388,-0.8878528,48.3315,-0.4491242532446301
GW150914,GW190503_185404,1327.3773124999996,-1.8056234,3.750425,-0.5,-3.9664128,-0.7566606,18.503168,-0.36523405900101147
GW150914,GW190512_180714,1336.3447916666667,-1.8056234,13.972211,-0.5,-94.864784,-0.71649456,80.8894,-1.68933814268738
GW150914,GW190513_205428,1337.4609293981475,-1.8056234,17.491425,-0.5,-150.59206,-0.7323679,121.45495,-2.5011096550797975
GW150914,GW190517_055101,1340.8335347222205,-1.8056234,8.7262,-0.5,-35.77406,-0.8785504,63.181065,-0.828571674017927
GW150914,GW190519_153544,1343.2395821759242,-1.8056234,18.559011,-0.5,-169.99701,-0.49177742,139.70354,-2.7837789383988967
GW150914,GW190521,1344.7164930555555,-1.8056234,13.243968,-0.5,-85.91943,-0.597837,124.19722,-1.5590324492885839
GW150914,GW190521_074359,1344.9119791666667,-1.8056234,18.477951,-0.5,-168.36427,-0.0038535693,130.23396,-2.7599950944934286
GW150914,GW190602_175927,1357.3393819444434,-1.8056234,5.4587016,-0.5,-12.866362,-0.6778797,45.16509,-0.4948783904503944
GW150914,GW190620_030421,1374.7177881944428,-2.876758,5.4397373,-0.5,-14.840422,-0.7648911,127.17253,-1.4226373481555865
GW150914,GW190630_185205,1385.3759340277757,-2.876758,10.6699915,-0.5,-55.090416,-0.4608152,97.49008,-2.008953482723364
GW150914,GW190701_203306,1386.4460891203694,-2.876758,16.950699,-0.5,-140.42433,-0.84218276,76.72452,-3.2520009043297624
GW150914,GW190706_222641,1391.5249641203686,-2.876758,7.5361857,-0.5,-27.420948,-0.66284186,105.737015,-1.6058961464190935
GW150914,GW190707_093326,1391.9879826388867,-2.876758,7.9188704,-0.5,-29.674122,-0.6854843,78.137535,-1.638717819890464
GW150914,GW190708_232457,1393.5654270833318,-2.876758,3.416391,-0.5,-6.2365274,-0.66284186,95.41207,-1.2973056033980934
GW150914,GW190720_000836,1404.5957442129625,-2.876758,24.746439,-0.5,-303.493,-0.86933374,146.6316,-5.62739995047039
GW150914,GW190725_174728,1410.331064814815,-2.876758,8.187425,-0.5,-32.372875,-1.0498221,105.61969,-1.6780301891162104
GW150914,GW190727_060333,1411.8422395833334,-2.876758,4.360944,-0.5,-7.0292974,-0.7985077,28.85166,-1.308853773700454
GW150914,GW190728_064510,1412.8711354166655,-2.876758,16.631952,-0.5,-135.85973,-0.6854843,111.610466,-3.185508920283099
GW150914,GW190803_022701,1418.6918680555539,-2.876758,11.513379,-0.5,-64.48362,-1.0280821,107.24717,-2.145782990506312
GW150914,GW190828_063405,1443.8634409722217,-2.876758,7.8602,-0.5,-28.34369,-0.45473614,50.262493,-1.619337614597695
GW150914,GW190828_065509,1443.8780717592576,-2.876758,4.1796813,-0.5,-6.543719,-0.9357088,31.942863,-1.3017804178915213
GW150914,GW190910_112807,1457.0676261574058,-2.876758,2.6347766,0.1,-3.740795,-0.5839479,68.92178,-1.2609506104235775
GW150914,GW190915_235702,1462.587710648146,-2.876758,17.744356,-0.5,-155.05307,-0.6854843,123.51368,-3.465095726033522
GW150914,GW190924_021846,1470.6861388888872,-2.876758,11.785765,-0.5,-66.96332,-0.7731899,77.616356,-2.1819044130940495
GW150914,GW190925_232845,1472.5680636574052,-2.876758,5.4409165,-0.5,-13.926602,-0.9859707,80.289925,-1.409325867820447
GW150914,GW190929_012149,1475.6465856481482,-2.876758,5.337593,-0.5,-12.874918,-0.9859707,61.500603,-1.3940061260097754
GW150914,GW190930_133541,1477.1562129629624,-2.876758,12.948702,-0.5,-82.41134,-0.9859707,145.29059,-2.4069336108330077
GW150914,GW191105_143521,1513.19765625,-2.876758,1.4550567,0.5,-2.1745338,-0.9859707,58.10796,-1.238135100934871
GW150914,GW191109_010717,1516.63649074074,-2.876758,1.8733987,0.5,-2.4481635,-0.40739003,60.5651,-1.2421210266619083
GW150914,GW191127_050227,1534.799804398147,-2.876758,4.5879025,-0.5,-11.103311,-1.0388931,140.0717,-1.3681993645237356
GW150914,GW191129_134029,1537.1595451388866,-2.876758,2.4495447,0.1,-3.675319,-0.6854843,78.475204,-1.2599968313945458
GW150914,GW191204_171526,1542.3088148148138,-2.876758,1.4998173,0.5,-1.51246,-0.40162632,41.61658,-1.2284907621501222
GW150914,GW191215_223052,1553.5278692129614,-2.876758,2.149598,0.5,-2.78246,-0.84218276,62.215637,-1.2469906773196962
GW150914,GW191216_213338,1554.488125,-2.876758,5.701444,-0.5,-16.295473,-0.33493495,133.10368,-1.4438328822349917
GW150914,GW191219_163120,1557.2781944444444,-2.876758,1.2732999,0.5,-2.1490052,-1.0498221,56.83087,-1.2377632283170796
GW150914,GW191222_033537,1559.7394988425904,-2.876758,1.5348339,0.5,-2.2141593,-0.7323679,58.9012,-1.238712318781703
GW150914,GW191230_180458,1568.3432175925925,-2.876758,2.119295,0.5,-2.1307368,-0.91629076,45.73608,-1.2374971158202968
GW150914,GW200112_155838,1581.2554814814803,-2.876758,2.299034,0.1,-3.7467647,-0.2724146,91.265274,-1.2610375711378141
GW150914,GW200128_022011,1596.6871238425927,-0.8965878,1.6687993,0.5,-2.8101304,-0.89724255,77.49669,0.4145627376624223
GW150914,GW200129_065458,1597.877939814815,-0.8965878,7.7696886,-0.5,-29.290352,-0.03030535,113.59961,0.028828990447790803
GW150914,GW200202_154313,1602.2447812499988,-0.8965878,16.606354,-0.5,-135.08669,-0.8785504,93.65916,-1.51229165595913
GW150914,GW200208_130117,1608.132332175926,-0.8965878,4.03512,-0.5,-6.3856287,-0.8785504,38.34371,0.36247894473416936
GW150914,GW200209_085452,1608.9612002314793,-0.8965878,5.30345,-0.5,-14.028881,-0.9963334,119.15694,0.25114073793182806
GW150914,GW200219_094415,1618.9954942129607,-0.8965878,1.9934298,0.5,-2.5934567,-0.8878528,61.70919,0.4177189923968208
GW150914,GW200224_222234,1624.5221064814814,-0.8965878,10.971392,-0.5,-57.697914,-0.26236427,72.28945,-0.38498006451328676
GW150914,GW200225_060421,1624.8427881944428,-0.8965878,4.823074,-0.5,-11.836359,-0.7323679,122.1645,0.2830789052721203
GW150914,GW200302_015811,1630.671841435184,-0.8965878,1.2633045,0.5,-2.6337552,-0.8785504,72.30637,0.41713197024085935
GW150914,GW200311_115853,1640.0889918981466,-0.8965878,19.956364,-0.5,-195.8598,-0.37889808,88.99826,-2.3975652994128986
GW150914,GW200316_215756,1645.5049965277756,-0.8965878,4.5824914,-0.5,-10.703979,-0.9259526,116.014336,0.2995741361671548
GW151012,GW151226,74.73900694444224,-0.15858154,11.888942,-0.5,-69.62446,-0.3115876,160.83719,0.060696080711459266
GW151012,GW170104,450.0119930555534,2.9344661,8.266659,-0.5,-33.14192,-0.39465418,113.076416,3.1881264216171923
GW151012,GW170608,604.6712280092581,-0.918368,9.520947,-0.5,-44.0305,-0.49783844,113.96853,-0.20416881053765046
GW151012,GW170729,656.3762372685169,-2.816653,5.1122894,-0.5,-11.96928,-0.14022934,67.471176,-1.330367641170634
GW151012,GW170809,666.9400393518501,-2.816653,2.7763586,0.1,-2.5021498,-0.31943077,32.28045,-1.1924612534953563
GW151012,GW170814,672.0250127314804,-2.816653,5.45593,-0.5,-13.441125,-0.6435502,60.62816,-1.3518078002297895
GW151012,GW170818,675.6878090277755,-2.816653,2.5924695,0.1,-1.885188,-0.25489226,28.339848,-1.1834740552155476
GW151012,GW170823,681.1383807870359,-2.816653,5.034459,-0.5,-11.89663,-0.27142155,78.058945,-1.3293093592504572
GW151012,GW190408_181802,1274.3495347222217,-1.8056234,4.5304856,-0.5,-8.9269905,-0.45100713,53.10588,-0.43749411294437
GW151012,GW190412,1277.8166863425904,-1.8056234,11.467643,-0.5,-64.39223,-0.75566757,132.71745,-1.2454485921187692
GW151012,GW190413_134308,1279.158637731481,-1.8056234,11.182196,-0.5,-61.34047,-0.1308396,141.66609,-1.2009940555067713
GW151012,GW190421_213856,1287.4890486111105,-1.8056234,9.536258,-0.5,-44.52285,-0.14022934,135.74242,-0.9560141062817149
GW151012,GW190503_185404,1299.37455787037,-1.8056234,8.363082,-0.5,-33.53271,-0.27142155,93.14773,-0.7959222618759282
GW151012,GW190512_180714,1308.342037037037,-1.8056234,9.437416,-0.5,-43.165913,-0.3115876,108.93156,-0.9362477855543854
GW151012,GW190513_205428,1309.458174768518,-1.8056234,4.7397127,-0.5,-9.970591,-0.29571423,57.647156,-0.452696091909148
GW151012,GW190517_055101,1312.8307800925909,-1.8056234,8.912573,-0.5,-38.483185,-0.14953174,109.931046,-0.8680351330999836
GW151012,GW190519_153544,1315.2368275462945,-1.8056234,3.4523668,-0.5,-4.753114,-0.5363047,43.17218,-0.3766938307627168
GW151012,GW190521,1316.7137384259258,-1.8056234,9.367505,-0.5,-42.851097,-0.43024513,128.32248,-0.9316619111256624
GW151012,GW190521_074359,1316.909224537037,-1.8056234,6.437798,-0.5,-19.470598,-1.0242286,78.68587,-0.5910813973371745
GW151012,GW190602_175927,1329.3366273148138,-1.8056234,5.9963136,-0.5,-16.8443,-0.35020244,77.76092,-0.5528244621628529
GW151012,GW190620_030421,1346.7150335648132,-1.8056234,4.4020524,-0.5,-9.901667,-0.26319104,111.90784,-0.45169208619976603
GW151012,GW190630_185205,1357.373179398146,-1.8056234,1.9795197,0.5,-0.9112273,-0.56726694,26.792759,-0.32072959178282323
GW151012,GW190701_203306,1358.4433344907397,-1.8056234,3.4892545,-0.5,-4.61804,-0.18589938,38.25493,-0.3747262243501204
GW151012,GW190706_222641,1363.522209490739,-2.876758,8.825969,-0.5,-38.38257,-0.3652403,151.99402,-1.765572563180241
GW151012,GW190707_093326,1363.985228009257,-2.876758,10.718776,-0.5,-56.471092,-0.34259784,150.47438,-2.0290656041773643
GW151012,GW190708_232457,1365.5626724537021,-2.876758,5.3720355,-0.5,-14.9503565,-0.3652403,159.33064,-1.4242387533768202
GW151012,GW190720_000836,1376.5929895833328,-2.876758,5.4297714,-0.5,-13.386599,-0.15874839,63.047012,-1.4014597070271675
GW151012,GW190725_174728,1382.3283101851853,-2.876758,3.9224486,-0.5,-7.018209,-0.021739986,63.9888,-1.3086922509200827
GW151012,GW190727_060333,1383.8394849537037,-2.876758,7.474722,-0.5,-26.643381,-0.22957444,89.53584,-1.5945694361152958
GW151012,GW190728_064510,1384.868380787036,-2.876758,1.9469318,0.5,-0.6116749,-0.34259784,23.423613,-1.21536914957196
GW151012,GW190803_022701,1390.6891134259242,-2.876758,8.852393,-0.5,-38.152195,-0.0,120.8872,-1.762216745779572
GW151012,GW190828_063405,1415.860686342592,-2.876758,11.681148,-0.5,-66.91197,-0.57334596,138.51105,-2.181156465515553
GW151012,GW190828_065509,1415.875317129628,-2.876758,9.896917,-0.5,-47.779266,-0.09237332,124.449646,-1.90245297140761
GW151012,GW190910_112807,1429.0648715277762,-2.876758,4.191901,-0.5,-9.191825,-0.44413424,117.371765,-1.3403550154600423
GW151012,GW190915_235702,1434.5849560185163,-2.876758,11.459388,-0.5,-64.39853,-0.34259784,139.48737,-2.144543486889228
GW151012,GW190924_021846,1442.6833842592575,-2.876758,11.126806,-0.5,-60.607765,-0.25489226,133.09625,-2.0893239508276102
GW151012,GW190925_232845,1444.5653090277756,-2.876758,9.080714,-0.5,-40.731506,-0.042111486,161.79825,-1.799789220010496
GW151012,GW190929_012149,1447.6438310185185,-2.876758,8.727286,-0.5,-37.272964,-0.042111486,133.06575,-1.7494091159408018
GW151012,GW190930_133541,1449.1534583333328,-2.876758,3.290758,-0.5,-4.5747876,-0.042111486,49.42854,-1.2730992677442778
GW151012,GW191105_143521,1485.1949016203703,-2.876758,0.9439298,1.0,-1.6220876,-0.042111486,38.856594,-1.230087692397104
GW151012,GW191109_010717,1488.6337361111105,-2.876758,4.111489,-0.5,-9.236648,-0.6206921,139.11652,-1.341007941466531
GW151012,GW191127_050227,1506.7970497685174,-2.876758,1.8727547,0.5,-2.4341226,-0.010810916,60.156982,-1.241916494117365
GW151012,GW191129_134029,1509.156790509257,-2.876758,2.0698597,0.5,-2.9100637,-0.34259784,69.45793,-1.2488494638888812
GW151012,GW191204_171526,1514.3060601851842,-2.876758,2.6771526,0.1,-4.09309,-0.6264558,78.94888,-1.2660824456030773
GW151012,GW191215_223052,1525.5251145833317,-2.876758,1.7495015,0.5,-2.1149178,-0.18589938,53.564644,-1.2372666815621556
GW151012,GW191216_213338,1526.4853703703704,-2.876758,1.859154,0.5,-1.9384834,-0.6931472,47.206814,-1.2346965859405663
GW151012,GW191219_163120,1529.2754398148147,-2.876758,1.9550846,0.5,-3.2983792,-0.021739986,89.418045,-1.2545060015208294
GW151012,GW191222_033537,1531.7367442129607,-2.876758,3.3047874,-0.5,-6.5626245,-0.29571423,131.04854,-1.3020558137458327
GW151012,GW191230_180458,1540.3404629629629,-2.876758,2.604074,0.1,-3.4696364,-0.11179141,61.922485,-1.2570006824521638
GW151012,GW200112_155838,1553.2527268518506,-2.876758,0.50287735,1.0,-1.2917829,-0.75566757,20.584728,-1.225276188620506
GW151012,GW200128_022011,1568.684369212963,-2.876758,3.0283508,0.1,-6.0483403,-0.1308396,143.84688,-1.2945643074518933
GW151012,GW200129_065458,1569.8751851851853,-2.876758,2.2927814,0.1,-2.1175933,-1.0583875,40.594765,-1.2373056556879258
GW151012,GW200202_154313,1574.2420266203692,-2.876758,12.054205,-0.5,-71.27254,-0.14953174,138.24173,-2.2446762192443384
GW151012,GW200208_130117,1580.1295775462963,-2.876758,9.37014,-0.5,-42.888264,-0.14953174,129.16225,-1.8312064079657808
GW151012,GW200209_085452,1580.9584456018497,-2.876758,4.88868,-0.5,-12.0954485,-0.031748697,120.19756,-1.3826517010808086
GW151012,GW200219_094415,1590.992739583331,-0.8965878,1.1962644,0.5,-1.4210883,-0.14022934,38.91089,0.4347967218514154
GW151012,GW200224_222234,1596.5193518518518,-0.8965878,14.127706,-0.5,-98.5012,-0.76571786,169.018,-0.9793558899210757
GW151012,GW200225_060421,1596.8400335648132,-0.8965878,3.6964276,-0.5,-7.181591,-0.29571423,100.640686,0.3508842708189
GW151012,GW200302_015811,1602.6690868055543,-0.8965878,2.2673886,0.1,-4.4362955,-0.14953174,131.7363,0.3908746134041076
GW151012,GW200311_115853,1612.086237268517,-0.8965878,0.72520435,1.0,1.2114456,-0.64918405,7.931034,0.47314448146434707
GW151012,GW200316_215756,1617.502241898146,-0.8965878,3.3474145,-0.5,-5.9515533,-0.1021295,91.099976,0.3688020607775611
GW151226,GW170104,375.2729861111111,1.9818078,4.8570614,-0.5,-10.448784,-0.0830666,56.61946,2.7191283015143135
GW151226,GW170608,529.932221064816,1.9128149,5.520823,-0.5,-13.503742,-0.18625084,52.97473,2.6167213573517167
GW151226,GW170729,581.6372303240746,-0.918368,10.952606,-0.5,-58.53314,-0.17135826,121.454254,-0.41542677078860224
GW151226,GW170809,592.201032407408,-0.918368,14.690345,-0.5,-106.075,-0.007843178,134.61472,-1.1079624917848314
GW151226,GW170814,597.2860057870381,-0.918368,12.463617,-0.5,-75.692696,-0.33196265,105.954445,-0.6653876841365207
GW151226,GW170818,600.9488020833334,-0.918368,19.426132,-0.5,-186.65242,-0.056695342,160.52678,-2.2817227392187456
GW151226,GW170823,606.3993738425937,-0.918368,8.642306,-0.5,-36.32889,-0.040166043,118.87098,-0.0919805635350743
GW151226,GW190408_181802,1199.6105277777795,-1.8056234,13.926621,-0.5,-95.17334,-0.13941954,129.29082,-1.6938328297478775
GW151226,GW190412,1203.0776793981481,-1.8056234,6.784937,-0.5,-21.174614,-0.44407994,61.710777,-0.615903560297472
GW151226,GW190413_134308,1204.4196307870386,-1.8056234,2.7794447,0.1,-2.298044,-0.18074799,29.056242,-0.34093115975844895
GW151226,GW190421_213856,1212.7500416666683,-1.8056234,4.0253315,-0.5,-6.8630037,-0.17135826,49.529778,-0.4074283012259617
GW151226,GW190503_185404,1224.6355509259276,-1.8056234,8.625197,-0.5,-35.22669,-0.040166043,73.61234,-0.8205981971948575
GW151226,GW190512_180714,1233.6030300925947,-1.8056234,9.632436,-0.5,-44.540222,-0.0,87.233025,-0.9562671637313787
GW151226,GW190513_205428,1234.7191678240758,-1.8056234,11.327096,-0.5,-62.46472,-0.015873348,111.393814,-1.2173708845219484
GW151226,GW190517_055101,1238.0917731481486,-1.8056234,8.191059,-0.5,-31.902493,-0.16205586,82.28712,-0.772175092963165
GW151226,GW190519_153544,1240.4978206018525,-1.8056234,14.052615,-0.5,-97.134926,-0.22471711,144.10748,-1.7224069833823128
GW151226,GW190521,1241.9747314814838,-1.8056234,5.9033093,-0.5,-16.081827,-0.118657544,68.95471,-0.5417176351107722
GW151226,GW190521_074359,1242.1702175925948,-1.8056234,12.101445,-0.5,-71.55065,-0.712641,119.90427,-1.349724376149776
GW151226,GW190602_175927,1254.5976203703715,-1.8056234,7.810899,-0.5,-29.008299,-0.038614836,84.47215,-0.73001577186053
GW151226,GW190620_030421,1271.976026620371,-1.8056234,3.5404978,-0.5,-6.3976297,-0.048396543,86.36561,-0.40064926223348585
GW151226,GW190630_185205,1282.6341724537037,-1.8056234,14.642367,-0.5,-105.82353,-0.25567934,168.2154,-1.848972716615941
GW151226,GW190701_203306,1283.7043275462975,-1.8056234,14.765927,-0.5,-106.99162,-0.12568821,122.642525,-1.8659881350495495
GW151226,GW190706_222641,1288.783202546297,-1.8056234,1.9617292,0.5,-1.1683211,-0.053652715,30.728172,-0.3244746425133843
GW151226,GW190707_093326,1289.2462210648148,-1.8056234,3.8058724,-0.5,-5.96641,-0.031010237,45.96464,-0.394367745911933
GW151226,GW190708_232457,1290.8236655092599,-1.8056234,0.7092165,1.0,-0.71248186,-0.053652715,20.413324,-0.3178344944272302
GW151226,GW190720_000836,1301.8539826388906,-1.8056234,14.413093,-0.5,-102.03619,-0.1528392,131.78973,-1.7938029696353288
GW151226,GW190725_174728,1307.589303240743,-1.8056234,9.182757,-0.5,-41.27318,-0.3333276,134.61882,-0.9086765818340874
GW151226,GW190727_060333,1309.1004780092615,-1.8056234,7.8052707,-0.5,-28.727251,-0.08201315,74.974754,-0.7259217868794188
GW151226,GW190728_064510,1310.1293738425936,-1.8056234,17.91665,-0.5,-158.7829,-0.031010237,173.274,-2.6204245199829845
GW151226,GW190803_022701,1315.950106481482,-1.8056234,4.1802125,-0.5,-7.385766,-0.3115876,48.617786,-0.41504330777942616
GW151226,GW190828_063405,1341.1216793981498,-1.8056234,2.7953975,0.1,-2.1415405,-0.2617584,26.429241,-0.33865139567356944
GW151226,GW190828_065509,1341.1363101851857,-1.8056234,4.232699,-0.5,-7.3712325,-0.21921428,43.763897,-0.4148315999948329
GW151226,GW190910_112807,1354.325864583334,-1.8056234,1.6109831,0.5,-1.6358817,-0.13254666,43.608723,-0.33128553248674053
GW151226,GW190915_235702,1359.845949074074,-2.876758,5.1224637,-0.5,-11.435436,-0.031010237,50.43742,-1.3730373934193474
GW151226,GW190924_021846,1367.9443773148153,-2.876758,3.0099776,0.1,-2.791763,-0.056695342,28.850039,-1.2471261941961491
GW151226,GW190925_232845,1369.8263020833333,-2.876758,2.1701663,0.1,-1.6807005,-0.26947612,35.411514,-1.2309414990774135
GW151226,GW190929_012149,1372.9048240740763,-2.876758,2.0771644,0.5,-1.0986531,-0.26947612,27.965332,-1.2224628936900475
GW151226,GW190930_133541,1374.4144513888905,-2.876758,10.562322,-0.5,-54.684082,-0.26947612,139.48558,-2.003034472309818
GW151226,GW191105_143521,1410.4558946759282,-2.876758,3.1888077,-0.5,-6.230143,-0.26947612,129.26743,-1.297212603118297
GW151226,GW191109_010717,1413.8947291666684,-2.876758,1.559058,0.5,-1.9540414,-0.3091045,51.558926,-1.2349232172520206
GW151226,GW191127_050227,1432.058042824075,-2.876758,3.6846159,-0.5,-7.4178047,-0.3223985,115.38319,-1.3145131071059937
GW151226,GW191129_134029,1434.4177835648147,-2.876758,3.7873225,-0.5,-7.893261,-0.031010237,124.16674,-1.3214390127738014
GW151226,GW191204_171526,1439.5670532407419,-2.876758,2.9273648,0.1,-4.733552,-0.3148682,83.74703,-1.2754119663893677
GW151226,GW191215_223052,1450.7861076388895,-2.876758,3.6237645,-0.5,-7.09419,-0.12568821,107.875694,-1.30979905774538
GW151226,GW191216_213338,1451.7463634259282,-2.876758,6.0919266,-0.5,-18.683271,-0.38155958,148.4126,-1.4786156120208296
GW151226,GW191219_163120,1454.5364328703727,-2.876758,1.5843796,0.5,-2.617542,-0.3333276,71.57083,-1.2445883402691411
GW151226,GW191222_033537,1456.9977372685184,-2.876758,1.5299785,0.5,-2.239119,-0.015873348,59.673794,-1.2390759047960291
GW151226,GW191230_180458,1465.6014560185208,-2.876758,4.482107,-0.5,-10.028736,-0.19979618,101.63906,-1.3525461859043886
GW151226,GW200112_155838,1478.5137199074086,-2.876758,4.121943,-0.5,-9.629503,-0.44407994,166.12852,-1.3467306156407215
GW151226,GW200128_022011,1493.9453622685207,-2.876758,1.1152325,1.0,-2.0617964,-0.18074799,52.368935,-1.2364928704731784
GW151226,GW200129_065458,1495.136178240743,-2.876758,9.789879,-0.5,-47.23165,-0.7467999,158.5441,-1.8944759382216114
GW151226,GW200202_154313,1499.5030196759271,-2.876758,3.2641866,-0.5,-3.4547422,-0.16205586,29.25181,-1.2567837200024226
GW151226,GW200208_130117,1505.390570601854,-2.876758,3.2106633,-0.5,-3.8286057,-0.16205586,37.825336,-1.2622297376194278
GW151226,GW200209_085452,1506.2194386574074,-2.876758,2.2886798,0.1,-2.676353,-0.2798389,53.835133,-1.2454450312848142
GW151226,GW200219_094415,1516.2537326388888,-2.876758,3.942275,-0.5,-8.426712,-0.17135826,125.08821,-1.3292097213417495
GW151226,GW200224_222234,1521.7803449074097,-2.876758,1.6065105,0.5,0.4473079,-0.4541303,15.401731,-1.1999430923926986
GW151226,GW200225_060421,1522.101026620371,-2.876758,2.6914515,0.1,-3.9001656,-0.015873348,70.702,-1.2632721409348082
GW151226,GW200302_015811,1527.9300798611123,-2.876758,1.0940363,1.0,-2.4489396,-0.16205586,63.07997,-1.2421323313116484
GW151226,GW200311_115853,1537.3472303240746,-2.876758,18.969843,-0.5,-177.89409,-0.33759648,156.87347,-3.797817705760168
GW151226,GW200316_215756,1542.7632349537037,-2.876758,2.9513896,0.1,-4.632656,-0.2094581,77.495316,-1.2739422299487615
GW170104,GW170608,154.6592349537048,-0.75121254,0.9544701,1.0,1.2370363,-0.10318424,9.359744,0.5955306741972726
GW170104,GW170729,206.3642442129635,-0.90639716,15.577393,-0.5,-119.91364,-0.25442484,175.5877,-1.2995010402643123
GW170104,GW170809,216.92804629629686,-1.3033174,12.79036,-0.5,-80.01609,-0.07522342,120.02434,-1.0514539629247166
GW170104,GW170814,222.01301967592704,-1.3033174,12.728015,-0.5,-79.07803,-0.24889605,111.2214,-1.037789416324579
GW170104,GW170818,225.6758159722222,-1.3033174,12.531875,-0.5,-76.54721,-0.13976194,106.6123,-1.0009232691122494
GW170104,GW170823,231.1263877314826,-1.3033174,10.939544,-0.5,-58.842354,-0.12323264,152.08598,-0.7430190524579867
GW170104,GW190408_181802,824.3375416666684,-2.2879765,8.0980625,-0.5,-31.033615,-0.056352936,76.943054,-1.1643571137479292
GW170104,GW190412,827.804693287037,-2.2879765,7.2684712,-0.5,-24.62052,-0.36101335,67.722984,-1.0709384334095853
GW170104,GW190413_134308,829.1466446759276,-2.2879765,7.460232,-0.5,-26.299654,-0.2638146,79.43484,-1.095398152976068
GW170104,GW190421_213856,837.4770555555572,-2.2879765,8.507334,-0.5,-34.975372,-0.25442484,106.08298,-1.221776149144767
GW170104,GW190503_185404,849.3625648148164,-2.2879765,11.039514,-0.5,-59.019726,-0.12323264,96.82624,-1.572026941634719
GW170104,GW190512_180714,858.3300439814836,-2.4923787,14.420043,-0.5,-102.165794,-0.0830666,133.80664,-2.3720845188810573
GW170104,GW190513_205428,859.4461817129646,-2.4923787,5.5511208,-0.5,-13.762058,-0.09893995,55.733505,-1.0843194453740885
GW170104,GW190517_055101,862.8187870370376,-2.4923787,13.3675165,-0.5,-87.74074,-0.24512246,136.98341,-2.1619567040871237
GW170104,GW190519_153544,865.2248344907413,-2.4923787,8.955027,-0.5,-38.531322,-0.14165051,93.601,-1.4451299129226838
GW170104,GW190521,866.7017453703726,-2.4923787,6.9138784,-0.5,-22.587685,-0.035590947,81.96021,-1.212881131733425
GW170104,GW190521_074359,866.8972314814837,-2.4923787,11.4391775,-0.5,-63.79636,-0.62957436,115.67892,-1.813162242216581
GW170104,GW190602_175927,879.3246342592604,-2.4923787,7.464445,-0.5,-26.396564,-0.044451762,82.12456,-1.2683645610380059
GW170104,GW190620_030421,896.7030405092598,-2.4923787,3.9599433,-0.5,-7.9774923,-0.13146314,96.92877,-1.0000564685838822
GW170104,GW190630_185205,907.3611863425926,-2.4923787,11.587239,-0.5,-65.78665,-0.17261274,135.1639,-1.842154546336023
GW170104,GW190701_203306,908.4313414351863,-2.4923787,10.611989,-0.5,-54.340076,-0.20875481,90.715706,-1.6754138591618628
GW170104,GW190706_222641,913.5102164351857,-2.4923787,2.7247896,0.1,-2.9729002,-0.029413885,43.034836,-0.9271552621402159
GW170104,GW190707_093326,913.9732349537037,-2.4923787,7.8032045,-0.5,-29.19673,-0.05205636,95.55358,-1.3091541822994543
GW170104,GW190708_232457,915.5506793981486,-2.4923787,1.6143211,0.5,-1.7689282,-0.029413885,46.57942,-0.9096171677558866
GW170104,GW190720_000836,926.5809965277795,-2.4923787,10.800726,-0.5,-56.543163,-0.2359058,101.14559,-1.7075059225510887
GW170104,GW190725_174728,932.3163171296318,-2.4923787,9.642966,-0.5,-45.623917,-0.41639417,142.70409,-1.5484467570307987
GW170104,GW190727_060333,933.8274918981504,-2.4923787,9.09537,-0.5,-39.672375,-0.16507976,89.282135,-1.4617514641619098
GW170104,GW190728_064510,934.8563877314826,-2.4923787,12.128739,-0.5,-71.87567,-0.05205636,119.83535,-1.930852460511112
GW170104,GW190803_022701,940.677120370371,-2.4923787,0.68092424,1.0,1.0897087,-0.39465418,8.038281,-0.8679757975729521
GW170104,GW190828_063405,965.8486932870387,-2.4923787,7.1192737,-0.5,-23.62118,-0.17869179,68.83203,-1.2279359106138465
GW170104,GW190828_065509,965.8633240740746,-2.4923787,8.015096,-0.5,-30.571783,-0.30228087,84.44209,-1.329184396269747
GW170104,GW190910_112807,979.0528784722228,-2.4923787,1.5715204,0.5,-1.5786518,-0.04948006,42.65902,-0.9068454378171606
GW170104,GW190915_235702,984.572962962963,-2.4923787,5.241953,-0.5,-12.095969,-0.05205636,52.691273,-1.0600497550595795
GW170104,GW190924_021846,992.6713912037043,-2.4923787,3.7577424,-0.5,-5.365646,-0.13976194,36.810127,-0.9620100603705253
GW170104,GW190925_232845,994.5533159722222,-2.4923787,5.13421,-0.5,-12.521188,-0.3525427,84.41797,-1.0662438557024976
GW170104,GW190929_012149,997.6318379629652,-2.4923787,3.8834076,-0.5,-6.504085,-0.3525427,52.869694,-0.9785935474127772
GW170104,GW190930_133541,999.1414652777794,-2.4923787,6.923072,-0.5,-22.890398,-0.3525427,92.491516,-1.217290716140396
GW170104,GW191105_143521,1035.1829085648171,-1.2313374,3.0153806,0.1,-5.694641,-0.3525427,122.38906,0.09158917084349377
GW170104,GW191109_010717,1038.6217430555573,-1.2313374,3.233433,-0.5,-5.969988,-0.2260379,107.131195,0.08757823249359087
GW170104,GW191127_050227,1056.785056712964,-1.2313374,1.8949509,0.5,-2.429189,-0.4054651,59.4637,0.13915656344852267
GW170104,GW191129_134029,1059.1447974537036,-1.2313374,5.134831,-0.5,-13.908397,-0.05205636,168.66454,-0.028059478169435936
GW170104,GW191204_171526,1064.2940671296308,-1.2313374,2.9515193,0.1,-4.8095365,-0.23180161,84.64874,0.10448236871922095
GW170104,GW191215_223052,1075.5131215277784,-1.2313374,2.9602206,0.1,-4.9144125,-0.20875481,88.325775,0.10295465383844293
GW170104,GW191216_213338,1076.473377314817,-1.2313374,4.525158,-0.5,-10.372882,-0.298493,110.62186,0.023441880449954322
GW170104,GW191219_163120,1079.2634467592616,-1.2313374,1.4005771,0.5,-2.345223,-0.41639417,63.331326,0.14037968487426306
GW170104,GW191222_033537,1081.7247511574074,-1.2313374,2.9536655,0.1,-5.4334564,-0.09893995,115.35664,0.09539381235943162
GW170104,GW191230_180458,1090.3284699074097,-1.2313374,4.2917266,-0.5,-9.201472,-0.28286278,97.708084,0.04050564319212818
GW170104,GW200112_155838,1103.2407337962975,-1.2313374,3.2983706,-0.5,-6.576436,-0.36101335,133.10295,0.07874418530192656
GW170104,GW200128_022011,1118.6723761574096,-1.2313374,2.169357,0.1,-3.7948325,-0.2638146,101.96279,0.11926342226346476
GW170104,GW200129_065458,1119.863192129632,-1.2313374,7.934159,-0.5,-30.801702,-0.6637333,129.48917,-0.27414194157859806
GW170104,GW200202_154313,1124.2300335648158,-1.2313374,2.980651,0.1,-2.6190937,-0.24512246,27.382576,0.13639024793343557
GW170104,GW200208_130117,1130.117584490743,-1.2313374,6.5739617,-0.5,-20.31195,-0.24512246,78.58158,-0.12133916862065378
GW170104,GW200209_085452,1130.9464525462963,-1.2313374,0.5658647,1.0,-0.22479074,-0.3629055,13.359566,0.17126772948176483
GW170104,GW200219_094415,1140.9807465277777,-1.2313374,3.436142,-0.5,-6.563535,-0.25442484,109.24984,0.07893210990943245
GW170104,GW200224_222234,1146.5073587962986,-1.2313374,7.2038074,-0.5,-24.253204,-0.37106368,70.58312,-0.1787508690189507
GW170104,GW200225_060421,1146.8280405092598,-1.2313374,0.54729885,1.0,-0.43388644,-0.09893995,14.419585,0.16822186113565418
GW170104,GW200302_015811,1152.6570937500012,-1.2313374,1.986492,0.5,-3.8247864,-0.24512246,114.60762,0.11882708709457535
GW170104,GW200311_115853,1162.0742442129635,-1.2313374,13.766488,-0.5,-92.782776,-0.25452986,117.19813,-1.1770117186345548
GW170104,GW200316_215756,1167.4902488425926,-1.8056234,0.8348034,1.0,-0.63166845,-0.2925247,21.984539,-0.31665729662161646
GW170608,GW170729,51.70500925925871,0.3182104,18.219593,-0.5,-164.13994,-0.3576091,166.22873,-0.9159265666381464
GW170608,GW170809,62.26881134259204,0.21406563,17.338667,-0.5,-147.84581,-0.17840765,115.32804,-0.7659809164309711
GW170608,GW170814,67.35378472222222,-0.23619805,18.085712,-0.5,-160.77043,-0.14571181,103.17046,-1.332158304931943
GW170608,GW170818,71.01658101851741,-0.23619805,20.970106,-0.5,-216.966,-0.24294618,112.06259,-2.1507514771038134
GW170608,GW170823,76.46715277777778,-0.15858154,13.093032,-0.5,-84.4622,-0.22641687,160.06757,-0.15544320993217287
GW170608,GW190408_181802,669.6783067129635,-2.816653,12.306333,-0.5,-73.30293,-0.0468313,83.88224,-2.2238065272047822
GW170608,GW190412,673.1454583333323,-2.816653,11.341558,-0.5,-61.818024,-0.2578291,74.36876,-2.0565074354826045
GW170608,GW190413_134308,674.4874097222228,-2.816653,8.734337,-0.5,-36.127914,-0.36699882,72.845894,-1.6822831449203637
GW170608,GW190421_213856,682.8178206018524,-2.816653,9.600612,-0.5,-44.54288,-0.3576091,101.45544,-1.8048628065605068
GW170608,GW190503_185404,694.7033298611117,-2.816653,15.200531,-0.5,-112.76938,-0.22641687,87.46822,-2.7987088205770023
GW170608,GW190512_180714,703.6708090277789,-2.816653,20.93049,-0.5,-216.52864,-0.18625084,136.1082,-4.3101557303863895
GW170608,GW190513_205428,704.7869467592598,-2.816653,7.738802,-0.5,-27.728756,-0.20212418,58.4195,-1.559933757779871
GW170608,GW190517_055101,708.1595520833328,-2.816653,17.28096,-0.5,-147.17128,-0.3483067,135.18355,-3.2998365877147817
GW170608,GW190519_153544,710.5655995370365,-2.816653,12.417741,-0.5,-75.02262,-0.038466282,100.449425,-2.2488569919946677
GW170608,GW190521,712.0425104166678,-2.816653,9.001318,-0.5,-38.82502,-0.06759329,88.520744,-1.72157150869634
GW170608,GW190521_074359,712.2379965277789,-2.816653,16.348984,-0.5,-131.45416,-0.52639014,124.98856,-3.0708875000737192
GW170608,GW190602_175927,724.6653993055555,-2.816653,8.378276,-0.5,-33.185963,-0.147636,73.62864,-1.6394281381038363
GW170608,GW190620_030421,742.043805555555,-2.2879765,4.437171,-0.5,-9.905215,-0.23464738,104.56317,-0.8565826170986984
GW170608,GW190630_185205,752.7019513888878,-2.2879765,14.43058,-0.5,-102.38679,-0.0694285,138.6036,-2.2037489676820767
GW170608,GW190701_203306,753.7721064814815,-2.2879765,16.0548,-0.5,-125.9959,-0.31193906,86.84285,-2.5476597097285962
GW170608,GW190706_222641,758.850981481481,-2.2879765,3.174949,-0.5,-4.107643,-0.13259812,45.52795,-0.7721301806302688
GW170608,GW190707_093326,759.3139999999989,-2.2879765,9.266328,-0.5,-41.33854,-0.1552406,95.46297,-1.314467525480053
GW170608,GW190708_232457,760.8914444444439,-2.2879765,1.6665007,0.5,-1.8004593,-0.13259812,46.80256,-0.7385217504226383
GW170608,GW190720_000836,771.9217615740746,-2.2879765,16.615778,-0.5,-135.56496,-0.33909005,110.06765,-2.6870507990474692
GW170608,GW190725_174728,777.657082175927,-2.2879765,11.484374,-0.5,-64.85271,-0.5195784,152.00525,-1.656995175756232
GW170608,GW190727_060333,779.1682569444456,-2.2879765,11.03963,-0.5,-58.63974,-0.268264,80.02142,-1.5664917405766468
GW170608,GW190728_064510,780.1971527777778,-2.2879765,16.977911,-0.5,-141.8515,-0.1552406,124.53439,-2.7786260331047696
GW170608,GW190803_022701,786.0178854166661,-2.2879765,1.0155656,1.0,1.1833395,-0.49783844,9.926629,-0.6950571642458295
GW170608,GW190828_063405,811.1894583333338,-2.2879765,8.733514,-0.5,-35.783783,-0.07550755,61.54592,-1.2335521558932852
GW170608,GW190828_065509,811.2040891203699,-2.2879765,9.294555,-0.5,-41.14314,-0.4054651,76.18007,-1.3116211570689575
GW170608,GW190910_112807,824.3936435185179,-2.2879765,1.2696718,0.5,-1.0885413,-0.05370418,33.42489,-0.7281513388171155
GW170608,GW190915_235702,829.9137280092582,-2.2879765,7.7526875,-0.5,-27.840462,-0.1552406,58.645893,-1.1178428873183557
GW170608,GW190924_021846,838.0121562499994,-2.2879765,4.0881615,-0.5,-6.0519137,-0.24294618,29.520199,-0.8004521033915806
GW170608,GW190925_232845,839.8940810185175,-2.2879765,5.5891747,-0.5,-14.783742,-0.45572695,84.1224,-0.9276474448380405
GW170608,GW190929_012149,842.9726030092604,-2.2879765,3.7771688,-0.5,-5.8274465,-0.45572695,44.93583,-0.7971823194112986
GW170608,GW190930_133541,844.4822303240746,-2.2879765,8.620029,-0.5,-35.79671,-0.45572695,100.03332,-1.2337404764240079
GW170608,GW191105_143521,880.5236736111123,-2.4923787,2.9135375,0.1,-5.3657746,-0.45572695,116.6722,-0.9620119357962885
GW170608,GW191109_010717,883.9625081018524,-2.4923787,3.2186923,-0.5,-5.8817,-0.122853674,104.49282,-0.9695273502956994
GW170608,GW191127_050227,902.1258217592592,-2.4923787,2.1262348,0.5,-2.8486896,-0.50864935,65.22007,-0.9253459034589261
GW170608,GW191129_134029,904.4855624999989,-2.4923787,5.477027,-0.5,-15.682605,-0.1552406,176.21378,-1.1122957827353914
GW170608,GW191204_171526,909.6348321759259,-2.4923787,2.7228117,0.1,-4.1059136,-0.12861738,75.98108,-0.9436597138785867
GW170608,GW191215_223052,920.8538865740735,-2.4923787,2.8243346,0.1,-4.4709234,-0.31193906,82.17133,-0.9489767612442568
GW170608,GW191216_213338,921.8141423611122,-2.4923787,5.0360446,-0.5,-12.739079,-0.19530874,118.51181,-1.0694178540484234
GW170608,GW191219_163120,924.6042118055567,-2.4923787,1.2211972,0.5,-2.0884135,-0.5195784,54.625248,-0.9142710663081526
GW170608,GW191222_033537,927.0655162037026,-2.4923787,2.9264853,0.1,-5.3243976,-0.20212418,112.64152,-0.9614092017400433
GW170608,GW191230_180458,935.6692349537049,-2.4923787,4.1315823,-0.5,-8.438676,-0.38604704,89.99856,-1.0067744659407727
GW170608,GW200112_155838,948.5814988425926,-2.4923787,3.379757,-0.5,-6.8209147,-0.2578291,134.53984,-0.9832087618356641
GW170608,GW200128_022011,964.0131412037048,-2.4923787,2.1933448,0.1,-3.827125,-0.36699882,102.06278,-0.9395986391466111
GW170608,GW200129_065458,965.203957175927,-2.4923787,9.152383,-0.5,-41.029594,-0.5605491,136.53354,-1.481521896933876
GW170608,GW200202_154313,969.5707986111111,-2.4923787,3.833979,-0.5,-4.794405,-0.3483067,24.42349,-0.9536888726649151
GW170608,GW200208_130117,975.4583495370381,-2.4923787,7.089102,-0.5,-23.464918,-0.3483067,70.560135,-1.2256596716348
GW170608,GW200209_085452,976.2872175925914,-2.4923787,0.93612325,1.0,-0.42098075,-0.46608973,21.214584,-0.8899818029737442
GW170608,GW200219_094415,986.3215115740729,-2.4923787,3.3388674,-0.5,-6.1897044,-0.3576091,103.83089,-0.9740140077555215
GW170608,GW200224_222234,991.8481238425937,-2.4923787,9.393223,-0.5,-41.81253,-0.26787946,67.85581,-1.4929268194380254
GW170608,GW200225_060421,992.168805555555,-2.4923787,0.84547246,1.0,-0.576328,-0.20212418,21.561014,-0.8922447246933659
GW170608,GW200302_015811,997.9978587962963,-2.4923787,1.9941752,0.5,-3.8268273,-0.3483067,114.29112,-0.9395943013562806
GW170608,GW200311_115853,1007.4150092592587,-1.2313374,21.818844,-0.5,-235.12787,-0.15134563,116.806526,-3.2505331207314048
GW170608,GW200316_215756,1012.8310138888878,-1.2313374,0.96778965,1.0,-0.68626565,-0.39570892,24.668486,0.164545487888769
GW170729,GW170809,10.563802083333334,1.0945046,6.6798115,-0.5,-20.370682,-0.17920142,57.90184,1.8298839790403656
GW170729,GW170814,15.648775462963515,0.9412389,8.158837,-0.5,-31.174776,-0.5033209,64.98283,1.5438663430333595
GW170729,GW170818,19.311571759258708,0.58925885,9.855009,-0.5,-46.3872,-0.11466291,75.987526,1.0268523045786684
GW170729,GW170823,24.76214351851907,1.0970654,2.3798194,0.1,-1.7681234,-0.1311922,31.96014,2.103014214227696
GW170729,GW190408_181802,617.9732974537048,-0.918368,12.0757265,-0.5,-71.00141,-0.31077778,106.20836,-0.597050392275093
GW170729,GW190412,621.4404490740735,-0.918368,13.422115,-0.5,-88.12062,-0.6154382,115.37697,-0.8464235610808303
GW170729,GW190413_134308,622.7824004629641,-0.918368,9.725325,-0.5,-45.64209,-0.00938974,97.47356,-0.22764464007256816
GW170729,GW190421_213856,631.1128113425937,-2.816653,6.0245676,-0.5,-16.84896,-0.0,71.93477,-1.4014492782816326
GW170729,GW190503_185404,642.9983206018529,-2.816653,9.844657,-0.5,-46.359047,-0.1311922,78.76149,-1.8313186459572097
GW170729,GW190512_180714,651.9657997685201,-2.816653,5.5923195,-0.5,-13.671395,-0.17135826,47.840435,-1.3551621172898478
GW170729,GW190513_205428,653.0819375000011,-2.816653,13.345096,-0.5,-87.2632,-0.1554849,125.10347,-2.4271638049363666
GW170729,GW190517_055101,656.4545428240741,-2.816653,4.4618645,-0.5,-8.2183,-0.009302393,42.81751,-1.2757276255619243
GW170729,GW190519_153544,658.8605902777778,-2.816653,9.127104,-0.5,-39.96122,-0.39607537,89.58057,-1.7381223772223529
GW170729,GW190521,660.3375011574091,-2.816653,8.956043,-0.5,-38.695732,-0.2900158,101.1702,-1.7196881922527727
GW170729,GW190521_074359,660.5329872685202,-2.816653,7.270459,-0.5,-24.663677,-0.8839992,68.720894,-1.5152851771155618
GW170729,GW190602_175927,672.9603900462969,-2.816653,9.022202,-0.5,-39.12477,-0.20997308,93.8156,-1.725937944418712
GW170729,GW190620_030421,690.3387962962963,-2.816653,3.5829844,-0.5,-6.5340033,-0.12296171,86.75096,-1.2511927083683538
GW170729,GW190630_185205,700.9969421296291,-2.816653,4.2193913,-0.5,-7.4564447,-0.4270376,46.82351,-1.2646297866614649
GW170729,GW190701_203306,702.0670972222227,-2.816653,11.264896,-0.5,-61.287277,-0.045670036,87.369415,-2.048776124747729
GW170729,GW190706_222641,707.1459722222222,-2.816653,8.953918,-0.5,-39.2938,-0.22501096,137.70512,-1.7284001700653089
GW170729,GW190707_093326,707.6089907407402,-2.816653,7.2231507,-0.5,-24.748571,-0.20236848,84.55378,-1.5165218189718512
GW170729,GW190708_232457,709.1864351851851,-2.816653,4.6499367,-0.5,-11.261226,-0.22501096,133.12346,-1.3200535079665587
GW170729,GW190720_000836,720.216752314816,-2.816653,9.603106,-0.5,-44.165745,-0.018519048,83.04117,-1.799369114925996
GW170729,GW190725_174728,725.9520729166683,-2.816653,2.9033182,0.1,-3.2843273,-0.16196933,41.67878,-1.203855124879545
GW170729,GW190727_060333,727.4632476851868,-2.816653,9.452063,-0.5,-42.836258,-0.0893451,86.33863,-1.7800026627554915
GW170729,GW190728_064510,728.492143518519,-2.816653,6.7939734,-0.5,-21.259558,-0.20236848,62.526157,-1.4656978363540865
GW170729,GW190803_022701,734.3128761574075,-2.816653,15.085752,-0.5,-112.3711,-0.14022934,169.62958,-2.7929071701401122
GW170729,GW190828_063405,759.4844490740752,-2.2879765,12.000579,-0.5,-70.13734,-0.43311664,107.70922,-1.7339756520347889
GW170729,GW190828_065509,759.4990798611111,-2.2879765,9.259198,-0.5,-41.19351,-0.04785602,91.695435,-1.3123548791957387
GW170729,GW190910_112807,772.6886342592593,-2.2879765,4.9426823,-0.5,-12.541176,-0.30390492,132.98782,-0.894980292557525
GW170729,GW190915_235702,778.2087187499994,-2.2879765,13.843771,-0.5,-94.04509,-0.20236848,129.95317,-2.082236603897817
GW170729,GW190924_021846,786.3071469907408,-2.2879765,15.31356,-0.5,-115.41326,-0.11466291,139.5438,-2.3935038240284388
GW170729,GW190925_232845,788.1890717592587,-2.2879765,5.9515076,-0.5,-17.002377,-0.09811786,95.489006,-0.9599659901992619
GW170729,GW190929_012149,791.2675937500017,-2.2879765,9.39195,-0.5,-42.995754,-0.09811786,123.32687,-1.33860795033732
GW170729,GW190930_133541,792.7772210648159,-2.2879765,7.0735736,-0.5,-23.868513,-0.09811786,91.017235,-1.0599840576339983
GW170729,GW191105_143521,828.8186643518535,-2.2879765,1.361534,0.5,-2.0673943,-0.09811786,55.04515,-0.7424101557464884
GW170729,GW191109_010717,832.2574988425937,-2.2879765,2.1820202,0.1,-3.1112084,-0.48046276,71.86868,-0.7576152534748506
GW170729,GW191127_050227,850.4208125000006,-2.2879765,3.9447947,-0.5,-8.401263,-0.15104026,122.9731,-0.8346747546382567
GW170729,GW191129_134029,852.7805532407402,-2.2879765,0.47810444,1.0,-0.82739633,-0.20236848,15.610043,-0.7243472764257073
GW170729,GW191204_171526,857.9298229166673,-2.4923787,3.205944,-0.5,-5.5770087,-0.48622647,91.22052,-0.9650889537921867
GW170729,GW191215_223052,869.1488773148149,-2.4923787,2.9940712,0.1,-5.0005703,-0.045670036,88.68512,-0.9566920544539094
GW170729,GW191216_213338,870.1091331018536,-2.4923787,3.0233934,0.1,-4.6829486,-0.55291784,73.10636,-0.9520653026895675
GW170729,GW191219_163120,872.8992025462979,-2.4923787,2.4957433,0.1,-4.4724426,-0.16196933,112.49543,-0.9489988912682639
GW170729,GW191222_033537,875.3605069444438,-2.4923787,1.637669,0.5,-2.403859,-0.1554849,63.688354,-0.9188661164310732
GW170729,GW191230_180458,883.9642256944461,-2.4923787,3.4972045,-0.5,-6.081988,-0.028437935,78.620804,-0.9724449154255875
GW170729,GW200112_155838,896.8764895833339,-2.4923787,1.1932179,0.5,-1.8407298,-0.6154382,47.959877,-0.9106630927040895
GW170729,GW200128_022011,912.3081319444461,-2.4923787,1.6707032,0.5,-2.8315358,-0.00938974,78.29538,-0.9250960272870385
GW170729,GW200129_065458,913.4989479166683,-2.4923787,3.3893826,-0.5,-5.020492,-0.9181582,53.957882,-0.9569822522797082
GW170729,GW200202_154313,917.8657893518524,-2.4923787,17.793474,-0.5,-156.31464,-0.009302393,150.43161,-3.1608632558470173
GW170729,GW200208_130117,923.7533402777794,-2.4923787,8.5661745,-0.5,-35.29835,-0.009302393,97.65579,-1.3980356659266655
GW170729,GW200209_085452,924.5822083333328,-2.4923787,7.2667537,-0.5,-26.444088,-0.10848064,169.56142,-1.2690568293093962
GW170729,GW200219_094415,934.6165023148143,-2.4923787,2.1599054,0.1,-2.9797301,-0.0,68.23244,-0.92725475347696
GW170729,GW200224_222234,940.143114583335,-2.4923787,11.854369,-0.5,-68.42426,-0.6254885,108.05046,-1.8805762689207484
GW170729,GW200225_060421,940.4637962962963,-2.4923787,6.428755,-0.5,-20.929771,-0.1554849,167.7934,-1.1887305379009079
GW170729,GW200302_015811,946.2928495370376,-2.4923787,1.1389794,1.0,-2.4964588,-0.009302393,65.58401,-0.920215005992308
GW170729,GW200311_115853,955.71,-2.4923787,8.136444,-0.5,-30.92918,-0.5089547,62.79032,-1.334390550404634
GW170729,GW200316_215756,961.126004629629,-2.4923787,6.054225,-0.5,-18.591234,-0.038099848,157.9457,-1.154665387688244
GW170809,GW170814,5.084973379630181,1.4296408,5.841069,-0.5,-13.996631,-0.32411948,28.875546,2.204013620035454
GW170809,GW170818,8.747769675925374,1.549421,13.318362,-0.5,-85.449005,-0.06453852,60.234356,1.2637081818531648
GW170809,GW170823,14.198341435185737,0.9412389,7.023829,-0.5,-23.359802,-0.04800922,83.50897,1.6577059927188151
GW170809,GW190408_181802,607.4094953703715,-0.918368,13.577287,-0.5,-89.55973,-0.13157636,84.08856,-0.8673868757746086
GW170809,GW190412,610.8766469907401,-0.918368,27.697622,-0.5,-380.8729,-0.43623677,163.61223,-5.110905693278057
GW170809,GW190413_134308,612.2185983796307,-0.918368,13.975701,-0.5,-95.519844,-0.18859117,109.56043,-0.9542070303232066
GW170809,GW190421_213856,620.5490092592604,-0.918368,10.682109,-0.5,-55.435406,-0.17920142,108.7117,-0.3703025265825446
GW170809,GW190503_185404,632.4345185185197,-2.816653,12.307114,-0.5,-72.69318,-0.04800922,61.546318,-2.214924288517022
GW170809,GW190512_180714,641.4019976851869,-2.816653,18.076746,-0.5,-160.65756,-0.007843178,105.689766,-3.4962894090924737
GW170809,GW190513_205428,642.5181354166677,-2.816653,10.774654,-0.5,-55.67744,-0.023716526,75.33241,-1.9670584063432854
GW170809,GW190517_055101,645.8907407407407,-2.816653,13.321468,-0.5,-86.4442,-0.16989903,97.065285,-2.415233540945805
GW170809,GW190519_153544,648.2967881944444,-2.816653,9.964802,-0.5,-47.438915,-0.21687394,75.451294,-1.847048939305536
GW170809,GW190521,649.7736990740757,-2.816653,16.28106,-0.5,-130.7621,-0.11081436,153.25688,-3.0608063225335336
GW170809,GW190521_074359,649.9691851851868,-2.816653,14.431709,-0.5,-101.7974,-0.7047978,102.39751,-2.638881536232228
GW170809,GW190602_175927,662.3965879629635,-2.816653,6.299807,-0.5,-17.821146,-0.030771658,52.378105,-1.4156109655215192
GW170809,GW190620_030421,679.774994212963,-2.816653,5.760633,-0.5,-16.63872,-0.056239717,134.75687,-1.398386721902176
GW170809,GW190630_185205,690.4331400462958,-2.816653,4.8489027,-0.5,-9.929955,-0.24783616,44.480618,-1.3006610637841787
GW170809,GW190701_203306,691.5032951388895,-2.816653,6.4112544,-0.5,-17.345432,-0.13353139,29.488869,-1.4086813090021848
GW170809,GW190706_222641,696.5821701388888,-2.816653,11.275454,-0.5,-62.595222,-0.045809537,158.46935,-2.067828783457924
GW170809,GW190707_093326,697.0451886574068,-2.816653,13.678318,-0.5,-91.8749,-0.023167059,135.42981,-2.494341833619295
GW170809,GW190708_232457,698.6226331018519,-2.816653,5.441038,-0.5,-15.203969,-0.045809537,152.02097,-1.3774869077355394
GW170809,GW190720_000836,709.6529502314826,-2.816653,15.627282,-0.5,-119.424736,-0.16068238,93.47421,-2.8956564965202043
GW170809,GW190725_174728,715.388270833335,-2.816653,6.0729446,-0.5,-17.300251,-0.34117076,78.49952,-1.408023159587644
GW170809,GW190727_060333,716.8994456018535,-2.816653,8.949845,-0.5,-37.585396,-0.08985633,59.66168,-1.7035140759245464
GW170809,GW190728_064510,717.9283414351858,-2.816653,7.6599035,-0.5,-26.900593,-0.023167059,51.782513,-1.5478700190431316
GW170809,GW190803_022701,723.7490740740741,-2.816653,13.382331,-0.5,-87.75573,-0.31943077,125.13548,-2.4343384337365186
GW170809,GW190828_063405,748.9206469907418,-2.2879765,16.824087,-0.5,-138.99348,-0.25391522,108.457954,-2.736993692749584
GW170809,GW190828_065509,748.9352777777777,-2.2879765,12.04835,-0.5,-70.4016,-0.22705746,92.603676,-1.7378251926327049
GW170809,GW190910_112807,762.1248321759259,-2.2879765,3.8192074,-0.5,-7.563919,-0.12470348,99.95347,-0.8224772772065286
GW170809,GW190915_235702,767.6449166666661,-2.2879765,24.191975,-0.5,-290.2615,-0.023167059,169.5509,-4.940494158537473
GW170809,GW190924_021846,775.7433449074074,-2.2879765,17.69886,-0.5,-154.15129,-0.06453852,117.45202,-2.9577953751930828
GW170809,GW190925_232845,777.6252696759253,-2.2879765,9.643076,-0.5,-45.62234,-0.27731928,142.51802,-1.3768690809085344
GW170809,GW190929_012149,780.7037916666683,-2.2879765,9.444245,-0.5,-43.231876,-0.27731928,109.09158,-1.342047508971332
GW170809,GW190930_133541,782.2134189814826,-2.2879765,7.260893,-0.5,-24.942478,-0.27731928,81.68656,-1.0756283592380658
GW170809,GW191105_143521,818.2548622685201,-2.2879765,0.17192534,1.0,-1.1311371,-0.27731928,6.867309,-0.7287718269039201
GW170809,GW191109_010717,821.6936967592603,-2.2879765,3.6259773,-0.5,-7.2678466,-0.30126134,117.261665,-0.8181644300388382
GW170809,GW191127_050227,839.8570104166672,-2.2879765,2.8066518,0.1,-4.51825,-0.33024168,85.71965,-0.778111434341093
GW170809,GW191129_134029,842.2167511574069,-2.2879765,2.134407,0.5,-2.9536822,-0.023167059,68.40151,-0.7553205901741847
GW170809,GW191204_171526,847.3660208333339,-2.2879765,1.8828282,0.5,-2.1611226,-0.30702505,52.266945,-0.7437754830672378
GW170809,GW191215_223052,858.5850752314815,-2.4923787,1.1809549,0.5,-1.170199,-0.13353139,34.193913,-0.9008955627577653
GW170809,GW191216_213338,859.5453310185202,-2.4923787,3.2923167,-0.5,-5.4631405,-0.3737164,76.90823,-0.963430250840873
GW170809,GW191219_163120,862.3354004629646,-2.4923787,1.5507587,0.5,-2.5411203,-0.34117076,69.22623,-0.920865584243582
GW170809,GW191222_033537,864.7967048611106,-2.4923787,2.8951283,0.1,-5.227639,-0.023716526,111.12941,-0.9599997359266532
GW170809,GW191230_180458,873.4004236111127,-2.4923787,1.5722557,0.5,-1.122459,-0.20763937,33.95487,-0.9002001409926841
GW170809,GW200112_155838,886.3126875000006,-2.4923787,0.88452,1.0,-1.4955976,-0.43623677,35.120434,-0.9056355989207384
GW170809,GW200128_022011,901.7443298611128,-2.4923787,2.81978,0.1,-5.393574,-0.18859117,130.9669,-0.9624168888407385
GW170809,GW200129_065458,902.935145833335,-2.4923787,4.3620477,-0.5,-8.623175,-0.7389567,63.876526,-1.0094620344118646
GW170809,GW200202_154313,907.301987268519,-2.4923787,23.189945,-0.5,-266.10876,-0.16989903,132.1568,-4.7602192340793135
GW170809,GW200208_130117,913.1895381944461,-2.4923787,10.256676,-0.5,-50.851604,-0.16989903,97.82395,-1.6245977672243466
GW170809,GW200209_085452,914.0184062499994,-2.4923787,5.891978,-0.5,-17.324614,-0.2876821,132.46745,-1.1362146989719466
GW170809,GW200219_094415,924.0527002314809,-2.4923787,0.39332592,1.0,-0.6846252,-0.17920142,12.180155,-0.8938222755407934
GW170809,GW200224_222234,929.5793125000016,-2.4923787,20.59629,-0.5,-209.63107,-0.4462871,136.7473,-3.9375164622703474
GW170809,GW200225_060421,929.899994212963,-2.4923787,4.483268,-0.5,-10.256222,-0.023716526,113.61659,-1.03325040712325
GW170809,GW200302_015811,935.7290474537043,-2.4923787,2.0831966,0.5,-4.005844,-0.16989903,119.245804,-0.9422020148929725
GW170809,GW200311_115853,945.1461979166667,-2.4923787,5.4257674,-0.5,-11.48408,-0.32975328,24.600073,-1.0511364537643615
GW170809,GW200316_215756,950.5622025462958,-2.4923787,3.9958642,-0.5,-8.188872,-0.21730128,101.215485,-1.0031356120623123
GW170814,GW170818,3.6627962962951925,1.4540684,30.04622,-0.5,-447.29858,-0.388658,88.89666,-4.087334256592741
GW170814,GW170823,9.113368055555556,1.549421,8.482999,-0.5,-34.58695,-0.3721287,96.59325,2.0046087716381247
GW170814,GW190408_181802,602.3245219907413,-0.918368,21.148935,-0.5,-220.6632,-0.1925431,109.19196,-2.777152990671648
GW170814,GW190412,605.79167361111,-0.918368,34.571682,-0.5,-594.4859,-0.1121173,166.49394,-8.222577000692457
GW170814,GW190413_134308,607.1336250000005,-0.918368,11.488788,-0.5,-63.644653,-0.51271063,81.03848,-0.48988550790967267
GW170814,GW190421_213856,615.4640358796302,-0.918368,9.060993,-0.5,-39.3126,-0.5033209,86.848755,-0.13544381954879542
GW170814,GW190503_185404,627.3495451388894,-0.918368,8.959795,-0.5,-36.468758,-0.3721287,32.68547,-0.09401797051617294
GW170814,GW190512_180714,636.3170243055566,-2.816653,22.23531,-0.5,-244.05869,-0.33196265,105.4326,-4.711182105617371
GW170814,GW190513_205428,637.4331620370376,-2.816653,14.466266,-0.5,-101.993675,-0.347836,88.21124,-2.6417406297544286
GW170814,GW190517_055101,640.8057673611106,-2.816653,14.046614,-0.5,-96.11816,-0.4940185,90.36965,-2.5561527549607153
GW170814,GW190519_153544,643.2118148148143,-2.816653,15.308675,-0.5,-114.73978,-0.10724553,103.41137,-2.827411336685905
GW170814,GW190521,644.6887256944456,-2.816653,18.343687,-0.5,-166.32945,-0.2133051,160.86862,-3.5789110549307512
GW170814,GW190521_074359,644.8842118055567,-2.816653,20.403322,-0.5,-205.54356,-0.38067833,126.83379,-4.150137624943209
GW170814,GW190602_175927,657.3116145833334,-2.816653,3.9463234,-0.5,-5.5786524,-0.2933478,29.905182,-1.2372762434660534
GW170814,GW190620_030421,674.6900208333328,-2.816653,6.553219,-0.5,-21.496996,-0.38035917,151.64983,-1.469156566007012
GW170814,GW190630_185205,685.3481666666655,-2.816653,8.39468,-0.5,-33.25964,-0.076283306,71.45317,-1.6405013817539915
GW170814,GW190701_203306,686.4183217592592,-2.816653,12.691165,-0.5,-76.52082,-0.45765087,39.024296,-2.270681057653596
GW170814,GW190706_222641,691.4971967592587,-2.816653,9.813532,-0.5,-47.11893,-0.27830994,133.77556,-1.8423877700054265
GW170814,GW190707_093326,691.9602152777767,-2.816653,12.550522,-0.5,-76.957405,-0.3009524,116.61198,-2.277040723661308
GW170814,GW190708_232457,693.5376597222216,-2.816653,4.501057,-0.5,-10.516175,-0.27830994,124.812126,-1.3092004607503616
GW170814,GW190720_000836,704.5679768518524,-2.816653,24.913889,-0.5,-307.27365,-0.48480186,122.24914,-5.632025824268547
GW170814,GW190725_174728,710.3032974537048,-2.816653,7.9698453,-0.5,-30.546534,-0.66529024,99.34643,-1.6009799372857416
GW170814,GW190727_060333,711.8144722222233,-2.816653,5.5104413,-0.5,-12.412437,-0.4139758,31.529083,-1.3368230511365746
GW170814,GW190728_064510,712.8433680555555,-2.816653,13.815155,-0.5,-92.69703,-0.3009524,80.555084,-2.506317663509884
GW170814,GW190803_022701,718.6641006944438,-2.816653,12.927777,-0.5,-81.63239,-0.6435502,112.50636,-2.345140628297228
GW170814,GW190828_063405,743.8356736111117,-2.2879765,14.574932,-0.5,-103.35219,-0.07020426,79.64073,-2.2178118269302574
GW170814,GW190828_065509,743.8503043981476,-2.2879765,9.2801695,-0.5,-40.66027,-0.5511769,63.874237,-1.3045872824453535
GW170814,GW190910_112807,757.0398587962958,-2.2879765,2.983283,0.1,-4.7035055,-0.199416,77.40652,-0.7808100261480603
GW170814,GW190915_235702,762.5599432870359,-2.2879765,25.393343,-0.5,-319.77457,-0.3009524,155.3342,-5.3704068693862475
GW170814,GW190924_021846,770.6583715277773,-2.2879765,16.46386,-0.5,-132.747,-0.388658,93.62361,-2.6460019244853163
GW170814,GW190925_232845,772.5402962962952,-2.2879765,8.289949,-0.5,-33.434456,-0.60143876,119.19302,-1.1993298311096123
GW170814,GW190929_012149,775.6188182870382,-2.2879765,7.445663,-0.5,-26.262156,-0.60143876,82.14816,-1.094851917857448
GW170814,GW190930_133541,777.1284456018524,-2.2879765,10.252147,-0.5,-51.03845,-0.60143876,109.87819,-1.4557647697606777
GW170814,GW191105_143521,813.16988888889,-2.2879765,0.5869021,1.0,-1.2812243,-0.60143876,23.356836,-0.7309581253255728
GW170814,GW191109_010717,816.6087233796302,-2.2879765,3.0580616,-0.5,-5.3586106,-0.022858137,98.34088,-0.7903528523038534
GW170814,GW191127_050227,834.7720370370371,-2.2879765,3.4352057,-0.5,-6.4672985,-0.6543611,104.25659,-0.806502956236288
GW170814,GW191129_134029,837.1317777777766,-2.2879765,2.5052302,0.1,-3.8024662,-0.3009524,79.82666,-0.7676847096040157
GW170814,GW191204_171526,842.2810474537036,-2.2879765,1.0228318,1.0,-0.89639366,-0.017094433,28.177225,-0.7253523509541238
GW170814,GW191215_223052,853.5001018518514,-2.2879765,0.9879337,1.0,-0.94682324,-0.45765087,28.40477,-0.7260869517526051
GW170814,GW191216_213338,854.46035763889,-2.2879765,4.571239,-0.5,-10.469904,-0.049596943,105.6327,-0.8648083595249982
GW170814,GW191219_163120,857.2504270833344,-2.2879765,1.1018193,1.0,-1.9398081,-0.66529024,49.040855,-0.7405516261800931
GW170814,GW191222_033537,859.7117314814803,-2.4923787,2.483655,0.1,-4.1130533,-0.347836,94.95573,-0.9437637166561947
GW170814,GW191230_180458,868.3154502314826,-2.4923787,0.6512391,1.0,-0.07311382,-0.53175884,13.886801,-0.884914473215318
GW170814,GW200112_155838,881.2277141203704,-2.4923787,1.5823349,0.5,-2.3488522,-0.1121173,62.594044,-0.9180648407736952
GW170814,GW200128_022011,896.6593564814826,-2.4923787,2.4828708,0.1,-4.4948797,-0.51271063,115.00571,-0.949325729356661
GW170814,GW200129_065458,897.8501724537048,-2.4923787,6.3890524,-0.5,-19.46333,-0.41483724,90.97107,-1.1673690772635985
GW170814,GW200202_154313,902.2170138888889,-2.4923787,24.26809,-0.5,-291.24536,-0.4940185,110.61714,-5.126380583063554
GW170814,GW200208_130117,908.104564814816,-2.4923787,7.7459416,-0.5,-28.114025,-0.4940185,68.96275,-1.2933825740161644
GW170814,GW200209_085452,908.9334328703693,-2.4923787,5.5942745,-0.5,-15.591447,-0.61180156,124.310036,-1.1109678979427056
GW170814,GW200219_094415,918.9677268518508,-2.4923787,0.7445615,1.0,-0.87218195,-0.5033209,22.915798,-0.8965543888467747
GW170814,GW200224_222234,924.4943391203715,-2.4923787,19.05484,-0.5,-178.76245,-0.12216763,108.4304,-3.48785749080389
GW170814,GW200225_060421,924.8150208333328,-2.4923787,4.477657,-0.5,-10.212697,-0.347836,112.435974,-1.032616388186864
GW170814,GW200302_015811,930.6440740740741,-2.4923787,1.8745822,0.5,-3.5894418,-0.4940185,107.11259,-0.9361363392387136
GW170814,GW200311_115853,940.0612245370365,-2.4923787,17.894033,-0.5,-156.02074,-0.0056338175,53.250435,-3.1565820616985985
GW170814,GW200316_215756,945.4772291666656,-2.4923787,4.0101013,-0.5,-8.227459,-0.54142076,100.64567,-1.003697698001643
GW170818,GW170823,5.450571759260363,0.2738182,6.285585,-0.5,-18.32939,-0.016529301,70.463745,1.1708172949880196
GW170818,GW190408_181802,598.6617256944461,-0.918368,6.5921926,-0.5,-18.591074,-0.19611488,31.389095,0.1664037898986833
GW170818,GW190412,602.1288773148148,-0.918368,23.817862,-0.5,-280.34207,-0.5007753,104.38852,-3.6464870154778186
GW170818,GW190413_134308,603.4708287037054,-0.918368,25.07948,-0.5,-312.0552,-0.12405265,169.67256,-4.108447890860914
GW170818,GW190421_213856,611.801239583335,-0.918368,15.604993,-0.5,-119.97537,-0.11466291,146.29317,-1.3104473492354052
GW170818,GW190503_185404,623.6867488425943,-0.918368,39.7847,-0.5,-787.38513,-0.016529301,121.482574,-11.032513585398288
GW170818,GW190512_180714,632.6542280092615,-2.816653,23.5114,-0.5,-273.05215,-0.056695342,101.12451,-5.133525987062585
GW170818,GW190513_205428,633.7703657407424,-2.816653,9.62443,-0.5,-43.558735,-0.040821996,55.45379,-1.7905268853211866
GW170818,GW190517_055101,637.1429710648154,-2.816653,18.099144,-0.5,-161.15277,-0.105360515,110.69586,-3.503503046748502
GW170818,GW190519_153544,639.5490185185191,-2.816653,2.5703971,0.1,-0.7741231,-0.28141245,16.587925,-1.1672893253667054
GW170818,GW190521,641.0259293981503,-2.816653,11.80658,-0.5,-67.7285,-0.17535289,100.82258,-2.1426045369932085
GW170818,GW190521_074359,641.2214155092614,-2.816653,9.367486,-0.5,-41.161865,-0.76933634,55.147854,-1.7556120144252696
GW170818,GW190602_175927,653.6488182870381,-2.816653,14.240765,-0.5,-99.119705,-0.09531018,104.10546,-2.5998759033091043
GW170818,GW190620_030421,671.0272245370376,-2.816653,3.7359173,-0.5,-6.9957304,-0.008298803,86.13168,-1.2579186241895786
GW170818,GW190630_185205,681.6853703703704,-2.816653,3.6192863,-0.5,-4.5173655,-0.31237468,29.94732,-1.2218166226775236
GW170818,GW190701_203306,682.7555254629641,-2.816653,26.693365,-0.5,-351.70874,-0.06899287,62.43604,-6.279305660062176
GW170818,GW190706_222641,687.8344004629635,-2.816653,9.680184,-0.5,-45.797535,-0.11034806,130.5355,-1.8231391779251145
GW170818,GW190707_093326,688.2974189814814,-2.816653,15.142698,-0.5,-112.80302,-0.08770558,137.412,-2.799198820706808
GW170818,GW190708_232457,689.8748634259265,-2.816653,5.0902815,-0.5,-13.336705,-0.11034806,140.78487,-1.3502867326914392
GW170818,GW190720_000836,700.9051805555572,-2.816653,7.8555975,-0.5,-27.59701,-0.096143864,35.213047,-1.5580146276502456
GW170818,GW190725_174728,706.6405011574096,-2.816653,4.200561,-0.5,-7.5836997,-0.27663225,51.68556,-1.2664834922160357
GW170818,GW190727_060333,708.1516759259281,-2.816653,21.915794,-0.5,-237.2512,-0.025317809,117.51787,-4.612018482160402
GW170818,GW190728_064510,709.1805717592604,-2.816653,2.517261,0.1,-0.3114381,-0.08770558,13.791164,-1.1605494571592292
GW170818,GW190803_022701,715.0013043981487,-2.816653,13.495503,-0.5,-89.07895,-0.25489226,114.31621,-2.4536135874024563
GW170818,GW190828_063405,740.1728773148164,-2.2879765,32.3665,-0.5,-520.7899,-0.31845373,164.63583,-8.29856984966632
GW170818,GW190828_065509,740.1875081018524,-2.2879765,23.192015,-0.5,-266.4464,-0.16251893,152.76796,-4.593582957542327
GW170818,GW190910_112807,753.3770625000005,-2.2879765,5.1119695,-0.5,-13.313697,-0.189242,132.24597,-0.9062335000634435
GW170818,GW190915_235702,758.8971469907408,-2.2879765,19.489712,-0.5,-187.17546,-0.08770558,112.695435,-3.4388539195046923
GW170818,GW190924_021846,766.995575231482,-2.2879765,26.41441,-0.5,-345.9467,-0.0,140.65126,-5.75165253173367
GW170818,GW190925_232845,768.8775,-2.2879765,10.139223,-0.5,-50.455288,-0.21278076,144.37029,-1.4472699523594912
GW170818,GW190929_012149,771.9560219907429,-2.2879765,13.921485,-0.5,-95.4138,-0.21278076,151.06154,-2.102174463568298
GW170818,GW190930_133541,773.4656493055572,-2.2879765,2.0814152,0.5,-0.61603755,-0.21278076,21.917444,-0.7212684420452271
GW170818,GW191105_143521,809.5070925925947,-2.2879765,1.6730726,0.5,-2.5060644,-0.21278076,66.49917,-0.7488002036515666
GW170818,GW191109_010717,812.9459270833349,-2.2879765,4.361564,-0.5,-10.190501,-0.36579984,139.98837,-0.8607383383175295
GW170818,GW191127_050227,831.1092407407418,-2.2879765,1.557192,0.5,-1.7750683,-0.26570317,47.15759,-0.7381518834685106
GW170818,GW191129_134029,833.4689814814815,-2.2879765,2.2034144,0.1,-3.0879626,-0.08770558,70.07171,-0.7572766349342515
GW170818,GW191204_171526,838.6182511574085,-2.2879765,3.8523197,-0.5,-7.7882214,-0.37156355,105.845726,-0.8257446578634251
GW170818,GW191215_223052,849.8373055555561,-2.2879765,2.7617967,0.1,-4.267746,-0.06899287,79.21475,-0.7744623767572758
GW170818,GW191216_213338,850.7975613425948,-2.2879765,0.9074224,1.0,-0.42600927,-0.43825492,20.890446,-0.7185003262082325
GW170818,GW191219_163120,853.5876307870392,-2.2879765,2.5108767,0.1,-4.4830427,-0.27663225,111.64412,-0.7775985748550388
GW170818,GW191222_033537,856.0489351851852,-2.2879765,3.4795845,-0.5,-7.079807,-0.040821996,132.85092,-0.8154252804132338
GW170818,GW191230_180458,864.6526539351873,-2.4923787,4.229596,-0.5,-8.796998,-0.14310084,89.79446,-1.0119940953570705
GW170818,GW200112_155838,877.5649178240752,-2.4923787,0.84163404,1.0,-1.448585,-0.5007753,33.250973,-0.9049507733112199
GW170818,GW200128_022011,892.9965601851874,-2.4923787,2.8613868,0.1,-5.5044646,-0.12405265,132.41533,-0.9640322138887488
GW170818,GW200129_065458,894.1873761574096,-2.4923787,1.858986,0.5,-0.76140136,-0.8034952,26.207954,-0.8949406631201792
GW170818,GW200202_154313,898.5542175925937,-2.4923787,32.581356,-0.5,-527.3348,-0.105360515,133.51364,-8.565462664442881
GW170818,GW200208_130117,904.4417685185207,-2.4923787,18.138964,-0.5,-162.57364,-0.105360515,157.38174,-3.2520372877113943
GW170818,GW200209_085452,905.270636574074,-2.4923787,4.853903,-0.5,-11.715578,-0.22314355,107.42226,-1.0545086498833636
GW170818,GW200219_094415,915.3049305555555,-2.4923787,2.1870606,0.1,-2.9823983,-0.11466291,67.17072,-0.9272936199393993
GW170818,GW200224_222234,920.8315428240763,-2.4923787,30.475552,-0.5,-461.46732,-0.51082563,162.40048,-7.6059803962046555
GW170818,GW200225_060421,921.1522245370376,-2.4923787,3.6835773,-0.5,-6.966023,-0.040821996,92.20359,-0.9853225333754365
GW170818,GW200302_015811,926.9812777777789,-2.4923787,2.1919506,0.1,-4.233515,-0.105360515,125.170395,-0.9455184622446544
GW170818,GW200311_115853,936.3984282407413,-2.4923787,16.160233,-0.5,-125.90143,-0.39429182,35.668697,-2.7178382348791685
GW170818,GW200316_215756,941.8144328703704,-2.4923787,3.5004873,-0.5,-6.307363,-0.15276276,87.57707,-0.9757279246305117
GW170823,GW190408_181802,593.2111539351857,-0.918368,7.688766,-0.5,-28.266844,-0.17958558,92.12904,0.025458181002659536
GW170823,GW190412,596.6783055555544,-0.918368,7.249014,-0.5,-24.957964,-0.484246,85.8057,0.07365817902873054
GW170823,GW190413_134308,598.020256944445,-0.918368,8.382983,-0.5,-33.994663,-0.14058195,108.22606,-0.057978177571289355
GW170823,GW190421_213856,606.3506678240747,-0.918368,5.3181605,-0.5,-13.224164,-0.1311922,76.84496,0.2445828299445131
GW170823,GW190503_185404,618.2361770833339,-0.918368,9.497239,-0.5,-43.70948,-0.0,108.3796,-0.19949258226326366
GW170823,GW190512_180714,627.2036562500011,-0.918368,2.68376,0.1,-2.2800708,-0.040166043,31.686813,0.4040039317990596
GW170823,GW190513_205428,628.319793981482,-0.918368,10.119357,-0.5,-49.979725,-0.024292693,125.61909,-0.2908303735268852
GW170823,GW190517_055101,631.692399305555,-2.816653,3.2492082,-0.5,-4.084652,-0.121889815,40.88188,-1.2155133444710948
GW170823,GW190519_153544,634.0984467592588,-2.816653,6.0494676,-0.5,-17.130436,-0.26488316,77.12772,-1.4055494868978695
GW170823,GW190521,635.57535763889,-2.816653,5.1523376,-0.5,-12.281677,-0.15882358,71.73164,-1.334918285379092
GW170823,GW190521_074359,635.7708437500011,-2.816653,3.1239388,-0.5,-3.6679611,-0.752807,38.963108,-1.209443466473922
GW170823,GW190602_175927,648.1982465277778,-2.816653,9.52522,-0.5,-44.267365,-0.078780875,125.770645,-1.8008493954270048
GW170823,GW190620_030421,665.5766527777772,-2.816653,2.1733735,0.1,-2.5839143,-0.008230499,55.514156,-1.1936523051405439
GW170823,GW190630_185205,676.23479861111,-2.816653,3.728775,-0.5,-5.936998,-0.2958454,51.312084,-1.2424962132373971
GW170823,GW190701_203306,677.3049537037037,-2.816653,9.8395815,-0.5,-46.98935,-0.085522175,110.61278,-1.84050017481271
GW170823,GW190706_222641,682.3838287037031,-2.816653,6.72134,-0.5,-22.042513,-0.093818754,116.948074,-1.4771030366990898
GW170823,GW190707_093326,682.8468472222211,-2.816653,5.1228566,-0.5,-12.177685,-0.071176276,73.03422,-1.3334034414758673
GW170823,GW190708_232457,684.4242916666661,-2.816653,3.971918,-0.5,-8.416032,-0.093818754,118.21676,-1.2786079600173998
GW170823,GW190720_000836,695.4546087962968,-2.816653,5.0342402,-0.5,-11.361943,-0.11267316,59.77747,-1.3215206465951814
GW170823,GW190725_174728,701.1899293981493,-2.816653,1.1734421,1.0,-0.036818944,-0.29316154,19.363651,-1.1565491174611156
GW170823,GW190727_060333,702.7011041666677,-2.816653,9.574863,-0.5,-44.58877,-0.04184711,117.13334,-1.8055312916548096
GW170823,GW190728_064510,703.73,-2.816653,4.971593,-0.5,-11.116531,-0.071176276,61.07545,-1.3179457655733142
GW170823,GW190803_022701,709.5507326388883,-2.816653,10.827293,-0.5,-57.61747,-0.27142155,150.28326,-1.9953185442447279
GW170823,GW190828_063405,734.7223055555561,-2.816653,9.963124,-0.5,-48.362255,-0.30192444,120.70461,-1.860499103902862
GW170823,GW190828_065509,734.736936342592,-2.816653,8.662472,-0.5,-36.362278,-0.17904823,111.032715,-1.6856970866276528
GW170823,GW190910_112807,747.9264907407402,-2.2879765,5.5327687,-0.5,-15.719416,-0.1727127,155.52425,-0.9412772752234926
GW170823,GW190915_235702,753.4465752314803,-2.2879765,8.186891,-0.5,-32.29316,-0.071176276,101.70806,-1.1827047235074575
GW170823,GW190924_021846,761.5450034722217,-2.2879765,12.074929,-0.5,-71.64904,-0.016529301,147.52003,-1.755996429018225
GW170823,GW190925_232845,763.4269282407396,-2.2879765,4.6698923,-0.5,-10.425022,-0.22931007,84.01214,-0.8641545722118626
GW170823,GW190929_012149,766.5054502314825,-2.2879765,8.916426,-0.5,-38.96773,-0.22931007,137.74257,-1.2799322963268025
GW170823,GW190930_133541,768.0150775462969,-2.2879765,4.9421816,-0.5,-11.399815,-0.22931007,75.242226,-0.878354240296467
GW170823,GW191105_143521,804.0565208333344,-2.2879765,2.0084414,0.5,-3.1971402,-0.22931007,82.82735,-0.7588670098735883
GW170823,GW191109_010717,807.4953553240746,-2.2879765,2.0523102,0.5,-2.895842,-0.34927055,69.629,-0.7544780412579712
GW170823,GW191127_050227,825.6586689814815,-2.2879765,3.4906998,-0.5,-6.778974,-0.28223246,112.463806,-0.8110430911144499
GW170823,GW191129_134029,828.0184097222211,-2.2879765,0.49833557,1.0,-0.89753973,-0.071176276,16.768332,-0.725369045716428
GW170823,GW191204_171526,833.1676793981482,-2.2879765,4.1618924,-0.5,-9.177263,-0.35503426,123.16845,-0.8459786403159129
GW170823,GW191215_223052,844.3867337962957,-2.2879765,3.8190248,-0.5,-7.883579,-0.085522175,117.31177,-0.8271337162661018
GW170823,GW191216_213338,845.3469895833344,-2.2879765,2.2347698,0.1,-2.716883,-0.42172563,57.015266,-0.7518711681898622
GW170823,GW191219_163120,848.1370590277788,-2.2879765,3.1519532,-0.5,-6.3575525,-0.29316154,144.37076,-0.804904301639507
GW170823,GW191222_033537,850.5983634259248,-2.2879765,1.5706731,0.5,-2.3392391,-0.024292693,62.40583,-0.746370082515629
GW170823,GW191230_180458,859.202082175927,-2.4923787,4.596772,-0.5,-10.655049,-0.15963015,109.902,-1.0390600732687731
GW170823,GW200112_155838,872.1143460648149,-2.4923787,1.4205987,0.5,-2.1780674,-0.484246,58.257645,-0.9155770433495143
GW170823,GW200128_022011,887.545988425927,-2.4923787,1.3989681,0.5,-2.4441733,-0.14058195,66.541916,-0.9194533712787496
GW170823,GW200129_065458,888.7368043981493,-2.4923787,2.477834,0.1,-2.5784993,-0.7869659,44.301014,-0.9214100793838549
GW170823,GW200202_154313,893.1036458333333,-2.4923787,12.103853,-0.5,-71.9181,-0.121889815,142.03104,-1.9314704897063601
GW170823,GW200208_130117,898.9911967592603,-2.4923787,8.226945,-0.5,-32.861786,-0.121889815,115.23117,-1.362542552645768
GW170823,GW200209_085452,899.8200648148137,-2.4923787,5.6285014,-0.5,-15.996024,-0.23967285,139.09221,-1.1168613192136143
GW170823,GW200219_094415,909.8543587962952,-2.4923787,2.923424,0.1,-4.984585,-0.1311922,95.36718,-0.9564591960343187
GW170823,GW200224_222234,915.3809710648159,-2.4923787,8.473257,-0.5,-34.645424,-0.4942963,103.53331,-1.3885245622503577
GW170823,GW200225_060421,915.7016527777772,-2.4923787,5.3439026,-0.5,-14.636742,-0.024292693,146.10013,-1.097060837953307
GW170823,GW200302_015811,921.5307060185186,-2.4923787,0.9639238,1.0,-2.3321714,-0.121889815,56.055588,-0.9178218550549826
GW170823,GW200311_115853,930.9478564814809,-2.4923787,6.8976645,-0.5,-22.364803,-0.3777625,77.35681,-1.2096344502201386
GW170823,GW200316_215756,936.36386111111,-2.4923787,5.5527515,-0.5,-15.773785,-0.16929206,151.74666,-1.113623987045059
GW190408_181802,GW190412,3.4671516203687145,1.4540684,13.777159,-0.5,-92.26041,-0.3046604,83.92955,1.084458077402188
GW190408_181802,GW190413_134308,4.8091030092592595,1.4296408,19.589289,-0.5,-189.7653,-0.32016754,156.31398,-0.35638449444865583
GW190408_181802,GW190421_213856,13.139513888888889,1.0493224,15.719095,-0.5,-121.94785,-0.31077778,161.67694,0.3123018517589411
GW190408_181802,GW190503_185404,25.025023148148147,1.0970654,26.14292,-0.5,-338.77173,-0.17958558,136.4118,-2.8060709828822503
GW190408_181802,GW190512_180714,33.99250231481537,0.94855064,19.273344,-0.5,-183.06694,-0.13941954,116.28425,-0.6625891771533516
GW190408_181802,GW190513_205428,35.108640046296294,0.6552695,5.1817274,-0.5,-11.100375,-0.15529288,37.04153,1.5962733498646173
GW190408_181802,GW190517_055101,38.481245370369265,0.6552695,17.723188,-0.5,-154.81007,-0.3014754,131.80782,-0.49712607887484217
GW190408_181802,GW190519_153544,40.88729282407297,0.5659993,2.158687,0.1,-0.15820254,-0.08529758,16.65828,1.6807420377228697
GW190408_181802,GW190521,42.364203703704256,0.5659993,9.110799,-0.5,-39.753696,-0.02076199,86.828514,1.1039599202363768
GW190408_181802,GW190521_074359,42.559689814815364,0.5659993,8.413805,-0.5,-33.09947,-0.57322145,60.999508,1.2008911480010322
GW190408_181802,GW190602_175927,54.98709259259204,0.21406563,13.031462,-0.5,-82.91844,-0.1008047,110.07119,0.17980713180392904
GW190408_181802,GW190620_030421,72.36549884259149,-0.23619805,3.3979707,-0.5,-5.8234205,-0.18781608,79.648705,0.9249335078380212
GW190408_181802,GW190630_185205,83.02364467592427,-0.15858154,6.594655,-0.5,-19.944778,-0.116259806,61.28706,0.784373149263296
GW190408_181802,GW190701_203306,84.09379976851797,-0.15858154,14.974348,-0.5,-109.00859,-0.26510775,72.395744,-0.5130071626719938
GW190408_181802,GW190706_222641,89.17267476851741,-0.22581552,7.1324267,-0.5,-24.474213,-0.08576682,100.802956,0.6619640400410335
GW190408_181802,GW190707_093326,89.63569328703538,-0.22581552,13.277647,-0.5,-86.49704,-0.1084093,132.94164,-0.24151395842803147
GW190408_181802,GW190708_232457,91.21313773148037,-0.22581552,3.9534528,-0.5,-8.219253,-0.08576682,110.61508,0.8987478091066371
GW190408_181802,GW190720_000836,102.2434548611111,-0.1447218,5.6821647,-0.5,-13.522405,-0.29225874,35.025406,0.889559456794448
GW190408_181802,GW190725_174728,107.97877546296351,-0.1447218,5.6162267,-0.5,-14.644111,-0.47274712,73.07619,0.8732197195332567
GW190408_181802,GW190727_060333,109.48995023148203,-0.1447218,18.6746,-0.5,-171.95459,-0.22143269,127.558,-1.4183004092294063
GW190408_181802,GW190728_064510,110.51884606481427,-0.1447218,6.523365,-0.5,-18.888067,-0.1084093,45.15675,0.8113985875404585
GW190408_181802,GW190803_022701,116.3395787037026,-0.1447218,8.887662,-0.5,-37.732666,-0.45100713,84.15421,0.5368919073136276
GW190408_181802,GW190828_063405,141.51115162037038,-0.75121254,21.976273,-0.5,-238.99881,-0.122338854,145.40341,-2.9039518781115587
GW190408_181802,GW190828_065509,141.5257824074063,-0.75121254,19.942522,-0.5,-196.70918,-0.35863382,156.12929,-2.2879246929195793
GW190408_181802,GW190910_112807,154.71533680555444,-0.75121254,4.2839003,-0.5,-9.44988,-0.0068728793,112.29645,0.43985583775877
GW190408_181802,GW190915_235702,160.23542129629465,-0.76907015,12.094316,-0.5,-70.816086,-0.1084093,86.65636,-0.46904514211087484
GW190408_181802,GW190924_021846,168.33384953703595,-0.76907015,16.671213,-0.5,-136.54028,-0.19611488,113.38423,-1.4264404921278506
GW190408_181802,GW190925_232845,170.2157743055539,-0.76907015,8.859238,-0.5,-38.381027,-0.40889564,131.59653,0.003431898453154676
GW190408_181802,GW190929_012149,173.29429629629684,-0.76907015,11.024219,-0.5,-59.41817,-0.40889564,128.3961,-0.30301328252299303
GW190408_181802,GW190930_133541,174.80392361111112,-0.76907015,1.489382,0.5,0.2913013,-0.40889564,16.90204,0.5667663929349444
GW190408_181802,GW191105_143521,210.8453668981487,-0.90639716,2.2752516,0.1,-3.706132,-0.40889564,90.944786,0.39327779981117783
GW190408_181802,GW191109_010717,214.2842013888889,-0.90639716,4.5929165,-0.5,-11.243551,-0.16968498,148.68925,0.2834812485544552
GW190408_181802,GW191127_050227,232.44751504629573,-1.3033174,0.6660623,1.0,-0.80379736,-0.46181804,20.366781,0.10242062245262323
GW190408_181802,GW191129_134029,234.8072557870354,-1.3033174,3.0351999,-0.5,-5.284212,-0.1084093,97.374275,0.037155036617269765
GW190408_181802,GW191204_171526,239.95652546296242,-1.3033174,4.0720487,-0.5,-8.682265,-0.17544867,113.201836,-0.012343936860646498
GW190408_181802,GW191215_223052,251.17557986111,-1.3033174,3.0439587,-0.5,-5.1083565,-0.26510775,88.25269,0.03971670150545076
GW190408_181802,GW191216_213338,252.1358356481487,-1.0624563,1.5148417,0.5,-1.1948953,-0.24214005,35.458416,0.29887828391644233
GW190408_181802,GW191219_163120,254.92590509259315,-1.0624563,2.3917615,0.1,-4.200068,-0.47274712,106.828186,0.2551023458058266
GW190408_181802,GW191222_033537,257.3872094907391,-1.0624563,3.8296638,-0.5,-8.371422,-0.15529288,147.11214,0.19433880807709172
GW190408_181802,GW191230_180458,265.9909282407413,-1.0624563,4.795469,-0.5,-11.389469,-0.33921573,103.81023,0.15037532739014411
GW190408_181802,GW200112_155838,278.9031921296291,-1.0624563,1.615834,0.5,-2.4112756,-0.3046604,64.20284,0.28115943842815194
GW190408_181802,GW200128_022011,294.3348344907413,-0.70057005,2.8483388,0.1,-5.475539,-0.32016754,132.36133,0.5402537392277214
GW190408_181802,GW200129_065458,295.52565046296354,-0.70057005,3.5803144,-0.5,-5.52906,-0.60738033,52.699505,0.5394741108458672
GW190408_181802,GW200202_154313,299.89249189814757,-0.70057005,17.444168,-0.5,-149.43755,-0.3014754,102.75088,-1.5568210238943059
GW190408_181802,GW200208_130117,305.7800428240746,-0.70057005,15.811802,-0.5,-123.28253,-0.3014754,152.63393,-1.175824529224593
GW190408_181802,GW200209_085452,306.60891087962796,-0.70057005,3.3809521,-0.5,-5.6867104,-0.41925842,76.17945,0.5371776381066408
GW190408_181802,GW200219_094415,316.64320486110944,-0.70057005,2.7870743,0.1,-4.4934745,-0.31077778,86.4073,0.5545593410838678
GW190408_181802,GW200224_222234,322.1698171296302,-0.70057005,20.131529,-0.5,-200.21577,-0.31471074,136.98293,-2.2965005031267047
GW190408_181802,GW200225_060421,322.4904988425915,-0.70057005,2.469034,0.1,-3.2578902,-0.15529288,62.67911,0.5725579271628214
GW190408_181802,GW200302_015811,328.3195520833328,-0.70057005,2.3378358,0.1,-4.569405,-0.3014754,133.86708,0.5534532705368334
GW190408_181802,GW200311_115853,337.7367025462952,-0.70057005,12.781699,-0.5,-78.55298,-0.19817694,60.99773,-0.5242552751932722
GW190408_181802,GW200316_215756,343.15270717592426,1.9818078,2.4086685,0.1,-3.1097002,-0.34887764,61.11709,2.826035724652537
GW190412,GW190413_134308,1.3419513888905445,1.2006196,11.029373,-0.5,-58.662792,-0.6248279,85.5824,1.361150350507384
GW190412,GW190421_213856,9.672362268520175,1.549421,7.981828,-0.5,-30.224375,-0.6154382,80.741035,2.068157782008818
GW190412,GW190503_185404,21.557871527779433,1.0970654,27.514967,-0.5,-375.44623,-0.484246,134.12837,-3.3403033766169354
GW190412,GW190512_180714,30.52535069444665,0.94855064,12.205114,-0.5,-71.71848,-0.44407994,70.04777,0.9594084968025091
GW190412,GW190513_205428,31.64148842592758,0.94855064,14.667275,-0.5,-105.169525,-0.4599533,101.2332,0.4721317630459547
GW190412,GW190517_055101,35.014093750000555,0.6552695,11.4909525,-0.5,-63.710686,-0.6061358,82.73942,0.829906186935041
GW190412,GW190519_153544,37.420141203704254,0.6552695,12.028914,-0.5,-70.11571,-0.21936283,90.085434,0.7366051166301213
GW190412,GW190521,38.89705208333554,0.6552695,1.5232787,0.5,0.62831897,-0.3254224,14.237786,1.7671236253885891
GW190412,GW190521_074359,39.092538194446654,0.6552695,8.827572,-0.5,-36.598255,-0.26856104,61.854683,1.2248492366715236
GW190412,GW190602_175927,51.519940972223324,0.3182104,17.380455,-0.5,-148.9993,-0.4054651,143.1974,-0.6953749409630903
GW190412,GW190620_030421,68.89834722222277,-0.23619805,1.3334161,0.5,-0.93299323,-0.4924765,31.156706,0.996171690036844
GW190412,GW190630_185205,79.55649305555555,-0.15858154,13.110454,-0.5,-84.101105,-0.1884006,119.37316,-0.15018323802389977
GW190412,GW190701_203306,80.62664814814926,-0.15858154,33.89668,-0.5,-571.22516,-0.56976813,151.24992,-7.2460523802056604
GW190412,GW190706_222641,85.7055231481487,-0.15858154,2.5983238,0.1,-2.3966067,-0.39042723,36.402466,1.0399949553985466
GW190412,GW190707_093326,86.16854166666667,-0.22581552,5.2207494,-0.5,-11.942032,-0.4130697,51.361485,0.8445185950923504
GW190412,GW190708_232457,87.74598611111166,-0.22581552,1.5795885,0.5,-1.6474731,-0.39042723,44.097996,0.994478017685474
GW190412,GW190720_000836,98.7763032407424,-0.22581552,11.974773,-0.5,-68.98093,-0.5969191,70.36893,0.013640856273120616
GW190412,GW190725_174728,104.5116238425948,-0.1447218,6.781787,-0.5,-21.848755,-0.7774075,87.33471,0.7682706576532188
GW190412,GW190727_060333,106.02279861111332,-0.1447218,20.797743,-0.5,-213.78017,-0.5260931,136.68553,-2.027567837584165
GW190412,GW190728_064510,107.05169444444554,-0.1447218,16.794388,-0.5,-138.56161,-0.4130697,111.97555,-0.9318695341682365
GW190412,GW190803_022701,112.87242708333389,-0.1447218,6.9467716,-0.5,-22.326817,-0.75566757,64.493515,0.7613067989247785
GW190412,GW190828_063405,138.04400000000166,-0.75121254,13.81124,-0.5,-92.81327,-0.18232156,87.6909,-0.7744872200970478
GW190412,GW190828_065509,138.0586307870376,-0.75121254,13.522542,-0.5,-89.22849,-0.6632942,102.83273,-0.7222682541203984
GW190412,GW190910_112807,151.24818518518575,-0.75121254,3.6301465,-0.5,-6.8579082,-0.3115333,94.91908,0.4776127288564201
GW190412,GW190915_235702,156.76826967592592,-0.75121254,2.3459837,0.1,-0.36182183,-0.4130697,16.232155,0.5722403268751051
GW190412,GW190924_021846,164.86669791666722,-0.76907015,11.881375,-0.5,-68.08134,-0.5007753,77.723335,-0.42920843162578975
GW190412,GW190925_232845,166.74862268518518,-0.76907015,3.2361476,-0.5,-4.3584867,-0.71355605,47.691467,0.4990335707668458
GW190412,GW190929_012149,169.82714467592814,-0.76907015,7.579572,-0.5,-27.350565,-0.71355605,87.1429,0.16411112620801277
GW190412,GW190930_133541,171.3367719907424,-0.76907015,7.4678183,-0.5,-26.456459,-0.71355605,83.600075,0.17713544412868126
GW190412,GW191105_143521,207.37821527778,-0.90639716,4.1912856,-0.5,-9.899014,-0.71355605,167.34949,0.3030669310506704
GW190412,GW191109_010717,210.81704976852018,-0.90639716,2.1646614,0.1,-3.035679,-0.13497543,69.96199,0.40304419408301195
GW190412,GW191127_050227,228.98036342592704,-1.3033174,2.848207,0.1,-4.634408,-0.7664785,86.93071,0.04662064385376363
GW190412,GW191129_134029,231.34010416666666,-1.3033174,3.1901324,-0.5,-5.763094,-0.4130697,102.1724,0.030179230732115092
GW190412,GW191204_171526,236.4893738425937,-1.3033174,5.1807976,-0.5,-13.807315,-0.12921174,143.70166,-0.08699982985159127
GW190412,GW191215_223052,247.70842824074128,-1.3033174,5.388527,-0.5,-14.989496,-0.56976813,155.90593,-0.10422050321596277
GW190412,GW191216_213338,248.66868402778,-1.3033174,3.7224083,-0.5,-6.969343,-0.062520355,86.855835,0.012607963886344498
GW190412,GW191219_163120,251.45875347222443,-1.0624563,2.8061202,0.1,-5.275224,-0.7774075,125.22669,0.23944069304043783
GW190412,GW191222_033537,253.92005787037036,-1.0624563,1.9369755,0.5,-2.9118466,-0.4599533,74.31931,0.2738676892890808
GW190412,GW191230_180458,262.5237766203726,-1.0624563,7.5058293,-0.5,-28.052528,-0.64387614,161.88136,-0.09235316626002699
GW190412,GW200112_155838,275.43604050926035,-1.0624563,3.2410512,-0.5,-6.3558254,-0.0,128.63716,0.22369972365730337
GW190412,GW200128_022011,290.86768287037256,-1.0624563,1.1600188,1.0,-2.090239,-0.6248279,53.862427,0.2858359341243606
GW190412,GW200129_065458,292.0584988425948,-1.0624563,6.840288,-0.5,-22.49839,-0.30271995,99.87579,-0.011446798716923057
GW190412,GW200202_154313,296.4253402777789,-0.70057005,11.059821,-0.5,-58.342674,-0.6061358,61.808132,-0.22985455079860845
GW190412,GW200208_130117,302.31289120370593,-0.70057005,10.34197,-0.5,-51.71629,-0.6061358,97.95979,-0.13332891511236675
GW190412,GW200209_085452,303.14175925925923,-0.70057005,2.42231,0.1,-2.8982396,-0.72391886,54.39288,0.577796908194588
GW190412,GW200219_094415,313.1760532407407,-0.70057005,5.503092,-0.5,-15.747983,-0.6154382,170.30397,0.390616462685576
GW190412,GW200224_222234,318.70266550926146,-0.70057005,8.889107,-0.5,-37.00692,-0.010050336,58.17864,0.08094045101685247
GW190412,GW200225_060421,319.02334722222275,-0.70057005,2.7701342,0.1,-4.0412583,-0.4599533,70.13364,0.5611467115633326
GW190412,GW200302_015811,324.85240046296406,-0.70057005,1.1062908,1.0,-2.4475493,-0.6061358,63.313972,0.5843620514057466
GW190412,GW200311_115853,334.26955092592647,-0.70057005,31.838726,-0.5,-503.55435,-0.10648348,139.91277,-6.7151918664680235
GW190412,GW200316_215756,339.68555555555554,-0.70057005,3.2653315,-0.5,-5.534659,-0.65353805,82.63072,0.5393925506632269
GW190413_134308,GW190421_213856,8.33041087962963,1.2453102,2.772601,0.1,-2.444019,-0.00938974,31.476929,2.217590309610116
GW190413_134308,GW190503_185404,20.21592013888889,0.58925885,6.8537955,-0.5,-21.14718,-0.14058195,48.62085,1.3945201900246036
GW190413_134308,GW190512_180714,29.183399305556108,0.6858932,10.309676,-0.5,-50.97212,-0.18074799,79.5252,1.0411695896081516
GW190413_134308,GW190513_205428,30.299537037037037,0.94855064,14.623539,-0.5,-104.97212,-0.16487464,125.96552,0.47500730474670183
GW190413_134308,GW190517_055101,33.672142361110005,0.94855064,7.6054125,-0.5,-27.02449,-0.018692132,67.344406,1.6104597443459587
GW190413_134308,GW190519_153544,36.07818981481371,0.6552695,19.007183,-0.5,-178.79251,-0.4054651,172.7961,-0.8464749443851074
GW190413_134308,GW190521,37.555100694444995,0.6552695,8.263169,-0.5,-32.616943,-0.29940554,88.19729,1.2828444584310237
GW190413_134308,GW190521_074359,37.75058680555611,0.6552695,14.981473,-0.5,-110.28993,-0.893389,130.31267,0.15139270485416367
GW190413_134308,GW190602_175927,50.17798958333278,0.3182104,6.9942646,-0.5,-22.749285,-0.21936283,67.97141,1.1436916513492155
GW190413_134308,GW190620_030421,67.55639583333223,-0.23619805,4.2476635,-0.5,-9.11282,-0.13235146,101.63686,0.8770172825680043
GW190413_134308,GW190630_185205,78.21454166666501,-0.15858154,13.535206,-0.5,-90.03793,-0.43642733,141.61362,-0.2366642044581483
GW190413_134308,GW190701_203306,79.28469675925871,-0.15858154,16.106665,-0.5,-127.2926,-0.055059776,109.79972,-0.7793478501481398
GW190413_134308,GW190706_222641,84.36357175925815,-0.15858154,3.988108,-0.5,-7.1003857,-0.2344007,59.533955,0.9714756534667888
GW190413_134308,GW190707_093326,84.82659027777612,-0.15858154,4.3208327,-0.5,-7.891223,-0.21175823,47.98791,0.9599556353889422
GW190413_134308,GW190708_232457,86.40403472222111,-0.22581552,1.734149,0.5,-1.9370724,-0.2344007,49.230984,0.9902594644940557
GW190413_134308,GW190720_000836,97.43435185185186,-0.22581552,19.603378,-0.5,-190.00006,-0.027908789,153.22546,-1.7492282430707928
GW190413_134308,GW190725_174728,103.16967245370425,-0.1447218,9.197252,-0.5,-41.295727,-0.15257959,127.573654,0.48498929093314325
GW190413_134308,GW190727_060333,104.68084722222278,-0.1447218,6.3902617,-0.5,-18.404129,-0.09873484,53.371,0.8184480490359622
GW190413_134308,GW190728_064510,105.70974305555501,-0.1447218,18.66459,-0.5,-172.1878,-0.21175823,157.28893,-1.4216976249172948
GW190413_134308,GW190803_022701,111.53047569444334,-0.1447218,6.7957954,-0.5,-21.558044,-0.1308396,72.16148,0.7725053968108777
GW190413_134308,GW190828_063405,136.7020486111111,-0.75121254,1.5289011,0.5,0.8869877,-0.44250637,12.502882,0.5904315634608375
GW190413_134308,GW190828_065509,136.71667939814705,-0.75121254,1.8896966,0.5,0.037641454,-0.038466282,17.3596,0.57805925364079
GW190413_134308,GW190910_112807,149.9062337962952,-0.75121254,1.7880085,0.5,-1.9055288,-0.31329465,47.651382,0.5497533598547832
GW190413_134308,GW190915_235702,155.42631828703537,-0.75121254,8.997995,-0.5,-38.53332,-0.21175823,77.6314,0.016201339329934478
GW190413_134308,GW190924_021846,163.52474652777667,-0.76907015,5.2068944,-0.5,-11.536528,-0.12405265,43.362656,0.3944720343637015
GW190413_134308,GW190925_232845,165.40667129629463,-0.76907015,2.757354,0.1,-3.0390432,-0.088728115,43.048664,0.5182537223627581
GW190413_134308,GW190929_012149,168.4851932870376,-0.76907015,2.3500557,0.1,-1.5700997,-0.088728115,29.609251,0.5396516200915414
GW190413_134308,GW190930_133541,169.99482060185184,-0.76907015,13.662099,-0.5,-92.09101,-0.088728115,168.37303,-0.7789540538753171
GW190413_134308,GW191105_143521,206.03626388888944,-0.90639716,2.5640757,0.1,-4.419343,-0.088728115,103.22765,0.38288855233227087
GW190413_134308,GW191109_010717,209.47509837962963,-0.90639716,1.2494682,0.5,-1.4984952,-0.4898525,40.893097,0.42543614039957833
GW190413_134308,GW191127_050227,227.6384120370365,-1.3033174,4.4544816,-0.5,-10.527584,-0.14165051,137.88083,-0.03922444211037829
GW190413_134308,GW191129_134029,229.9981527777761,-1.3033174,3.2546625,-0.5,-5.9966006,-0.21175823,105.58014,0.026777771025184027
GW190413_134308,GW191204_171526,235.14742245370314,-1.3033174,2.3350658,0.1,-3.1471918,-0.4956162,65.87712,0.06828471833002736
GW190413_134308,GW191215_223052,246.36647685185073,-1.3033174,3.1575556,-0.5,-5.4877005,-0.055059776,92.79544,0.034190849792109845
GW190413_134308,GW191216_213338,247.32673263888944,-1.3033174,6.86027,-0.5,-23.620468,-0.5623076,163.93056,-0.22994668474158833
GW190413_134308,GW191219_163120,250.11680208333388,-1.3033174,1.4044073,0.5,-2.3374982,-0.15257959,63.09004,0.080079413348976
GW190413_134308,GW191222_033537,252.57810648147984,-1.0624563,1.2070191,0.5,-1.782239,-0.16487464,46.727734,0.29032252906999045
GW190413_134308,GW191230_180458,261.18182523148204,-1.0624563,3.6525397,-0.5,-6.609846,-0.019048195,80.993805,0.2199994391660622
GW190413_134308,GW200112_155838,274.0940891203698,-1.0624563,3.4248574,-0.5,-6.985164,-0.6248279,137.07365,0.21453223271094238
GW190413_134308,GW200128_022011,289.525731481482,-1.0624563,1.1116978,1.0,-2.047598,-0.0,51.935764,0.2864570820831931
GW190413_134308,GW200129_065458,290.71654745370427,-1.0624563,9.724694,-0.5,-46.50588,-0.9275479,150.57713,-0.3611605804046021
GW190413_134308,GW200202_154313,295.08338888888835,-0.70057005,7.0593677,-0.5,-22.715633,-0.018692132,53.666714,0.28911965676656953
GW190413_134308,GW200208_130117,300.9709398148154,-0.70057005,1.2849079,0.5,0.6770665,-0.018692132,13.855678,0.6298779010079859
GW190413_134308,GW200209_085452,301.79980787036874,-0.70057005,3.491526,-0.5,-6.111161,-0.099090904,80.44063,0.5309947205580892
GW190413_134308,GW200219_094415,311.8341018518502,-0.70057005,3.2865968,-0.5,-6.034189,-0.00938974,103.11098,0.5321159612157425
GW190413_134308,GW200224_222234,317.3607141203709,-0.70057005,3.2895668,-0.5,-3.3919058,-0.6348783,27.403881,0.5706057409176122
GW190413_134308,GW200225_060421,317.6813958333322,-0.70057005,3.6292348,-0.5,-6.8307123,-0.16487464,93.7686,0.5205131187793708
GW190413_134308,GW200302_015811,323.5104490740735,-0.70057005,0.98808944,1.0,-2.331847,-0.018692132,56.778038,0.5860474722281664
GW190413_134308,GW200311_115853,332.9275995370359,-0.70057005,19.80789,-0.5,-193.74355,-0.51834446,134.15762,-2.2022204327892476
GW190413_134308,GW200316_215756,338.343604166665,-0.70057005,3.736955,-0.5,-7.226522,-0.028710106,96.50669,0.514747414002944
GW190421_213856,GW190503_185404,11.885509259259258,1.0493224,6.425159,-0.5,-18.909323,-0.1311922,61.77534,1.8132499614407585
GW190421_213856,GW190512_180714,20.852988425926476,0.58925885,4.814178,-0.5,-9.950778,-0.17135826,48.529213,1.5576166470997816
GW190421_213856,GW190513_205428,21.96912615740741,1.0970654,14.598354,-0.5,-105.053696,-0.1554849,157.44225,0.598467478550041
GW190421_213856,GW190517_055101,25.341731481480377,0.6858932,3.2803535,-0.5,-3.9136252,-0.009302393,36.012722,1.7266641912805132
GW190421_213856,GW190519_153544,27.74777893518408,0.6858932,13.69171,-0.5,-92.29931,-0.39607537,152.93321,0.4391620871956686
GW190421_213856,GW190521,29.224689814815367,0.6858932,6.075627,-0.5,-17.248156,-0.2900158,75.894325,1.5324219203580023
GW190421_213856,GW190521_074359,29.42017592592648,0.94855064,9.447897,-0.5,-43.14158,-0.8839992,102.53267,1.3756843340001863
GW190421_213856,GW190602_175927,41.84757870370315,0.5659993,7.5513525,-0.5,-27.169638,-0.20997308,88.24375,1.2872701746260125
GW190421_213856,GW190620_030421,59.2259849537026,0.21406563,3.3091218,-0.5,-5.637622,-0.12296171,82.040276,1.3055462134773363
GW190421_213856,GW190630_185205,69.88413078703537,-0.23619805,9.642109,-0.5,-45.247677,-0.4270376,118.7123,0.3506457845424191
GW190421_213856,GW190701_203306,70.95428587962908,-0.23619805,13.2839,-0.5,-86.45641,-0.045670036,125.02942,-0.2496362150314691
GW190421_213856,GW190706_222641,76.03316087962853,-0.15858154,4.438148,-0.5,-9.169569,-0.22501096,72.24195,0.9413341440077558
GW190421_213856,GW190707_093326,76.4961793981465,-0.15858154,2.3190072,0.1,-1.5390666,-0.20236848,29.829931,1.0524866246183473
GW190421_213856,GW190708_232457,78.07362384259149,-0.15858154,2.1952899,0.1,-2.8940215,-0.22501096,63.930008,1.032749181974762
GW190421_213856,GW190720_000836,89.10394097222222,-0.22581552,12.647656,-0.5,-78.359795,-0.018519048,128.49042,-0.12297982632409266
GW190421_213856,GW190725_174728,94.83926157407463,-0.22581552,6.2784486,-0.5,-18.908403,-0.16196933,96.14763,0.7430404184025929
GW190421_213856,GW190727_060333,96.35043634259314,-0.22581552,6.690471,-0.5,-20.839968,-0.0893451,70.764305,0.7149035862720781
GW190421_213856,GW190728_064510,97.37933217592537,-0.22581552,12.590521,-0.5,-77.73058,-0.20236848,133.91734,-0.11381418996543091
GW190421_213856,GW190803_022701,103.20006481481371,-0.1447218,7.8843555,-0.5,-29.865538,-0.14022934,98.118034,0.6514912850297824
GW190421_213856,GW190828_063405,128.37163773148148,-0.6674019,4.212483,-0.5,-7.305188,-0.43311664,43.97766,0.5414395039535054
GW190421_213856,GW190828_065509,128.38626851851743,-0.6674019,3.536084,-0.5,-4.8336616,-0.04785602,39.77214,0.5774418925734427
GW190421_213856,GW190910_112807,141.57582291666557,-0.75121254,2.8848028,0.1,-4.5256906,-0.30390492,79.128136,0.5115858234481905
GW190421_213856,GW190915_235702,147.09590740740575,-0.75121254,7.5424833,-0.5,-26.944284,-0.20236848,81.42799,0.18501724762539884
GW190421_213856,GW190924_021846,155.19433564814705,-0.75121254,6.9167895,-0.5,-22.376167,-0.11466291,73.027054,0.2515603821732516
GW190421_213856,GW190925_232845,157.076260416665,-0.75121254,2.0026681,0.5,-1.402265,-0.09811786,33.859898,0.5570843349128984
GW190421_213856,GW190929_012149,160.15478240740796,-0.76907015,4.296947,-0.5,-8.275908,-0.09811786,60.898537,0.44196902556938183
GW190421_213856,GW190930_133541,161.66440972222222,-0.76907015,10.683743,-0.5,-56.080456,-0.09811786,148.80695,-0.2543932446941094
GW190421_213856,GW191105_143521,197.7058530092598,-0.90639716,2.5000389,0.1,-4.2828503,-0.09811786,101.94886,0.3848768231583705
GW190421_213856,GW191109_010717,201.1446875,-0.90639716,0.38926208,1.0,-0.83223724,-0.48046276,12.987967,0.4351414287851297
GW190421_213856,GW191127_050227,219.30800115740686,-1.3033174,5.1874266,-0.5,-14.104098,-0.15104026,164.05899,-0.09132303353710802
GW190421_213856,GW191129_134029,221.6677418981465,-1.3033174,2.3053236,0.1,-3.3966863,-0.20236848,76.2657,0.06465036547339881
GW190421_213856,GW191204_171526,226.81701157407352,-1.3033174,2.9403958,0.1,-4.795451,-0.48622647,85.121216,0.044274750172663135
GW190421_213856,GW191215_223052,238.0360659722211,-1.3033174,3.6466599,-0.5,-7.1992974,-0.045670036,109.75128,0.00925825203843833
GW190421_213856,GW191216_213338,238.9963217592598,-1.3033174,5.369825,-0.5,-14.577491,-0.55291784,132.96335,-0.09821887682453195
GW190421_213856,GW191219_163120,241.78639120370426,-1.3033174,1.9889059,0.5,-3.3498461,-0.16196933,90.2749,0.06533268009620091
GW190421_213856,GW191222_033537,244.24769560185018,-1.3033174,0.4034969,1.0,-1.1629097,-0.1554849,15.838668,0.09718948174245046
GW190421_213856,GW191230_180458,252.8514143518524,-1.0624563,4.0587873,-0.5,-8.258381,-0.028437935,93.7774,0.1959854596813709
GW190421_213856,GW200112_155838,265.7636782407402,-1.0624563,2.9389398,0.1,-5.4649763,-0.6154382,119.16196,0.23667660025218126
GW190421_213856,GW200128_022011,281.1953206018524,-1.0624563,0.6263253,1.0,-1.6449165,-0.00938974,29.541332,0.2923228859732315
GW190421_213856,GW200129_065458,282.3861365740746,-1.0624563,7.1730704,-0.5,-25.109339,-0.9181582,120.428535,-0.04948012757208628
GW190421_213856,GW200202_154313,286.7529780092587,-1.0624563,7.8741927,-0.5,-29.34714,-0.009302393,78.70614,-0.11121158642931259
GW190421_213856,GW200208_130117,292.6405289351857,-1.0624563,3.2741904,-0.5,-4.1666913,-0.009302393,41.207664,0.25558853951593496
GW190421_213856,GW200209_085452,293.4693969907391,-0.70057005,4.2825227,-0.5,-9.26214,-0.10848064,102.50384,0.48509484193245095
GW190421_213856,GW200219_094415,303.50369097222057,-0.70057005,3.3995147,-0.5,-6.453578,-0.0,108.91144,0.526006782629796
GW190421_213856,GW200224_222234,309.0303032407413,-0.70057005,3.4875648,-0.5,-4.537124,-0.6254885,36.82869,0.5539235022898894
GW190421_213856,GW200225_060421,309.3509849537026,-0.70057005,4.513274,-0.5,-10.491042,-0.1554849,120.23173,0.4671935973966351
GW190421_213856,GW200302_015811,315.1800381944439,-0.70057005,0.48806503,1.0,-1.9754646,-0.009302393,28.223705,0.5912388452296302
GW190421_213856,GW200311_115853,324.5971886574063,-0.70057005,13.709968,-0.5,-92.20024,-0.5089547,128.60242,-0.723053073377247
GW190421_213856,GW200316_215756,330.0131932870354,-0.70057005,4.7342267,-0.5,-11.511793,-0.038099848,126.062416,0.4523244578826967
GW190503_185404,GW190512_180714,8.967479166667218,1.549421,20.66913,-0.5,-210.48572,-0.040166043,99.24121,-0.5576844258497116
GW190503_185404,GW190513_205428,10.083616898148149,1.0945046,16.964914,-0.5,-141.27664,-0.024292693,104.23745,0.0686634761867082
GW190503_185404,GW190517_055101,13.456222222221118,1.0493224,12.584616,-0.5,-76.66444,-0.121889815,81.519554,0.9719391596399735
GW190503_185404,GW190519_153544,15.862269675924821,0.9590666,19.876308,-0.5,-195.10826,-0.26488316,135.10236,-0.8291673760585536
GW190503_185404,GW190521,17.33918055555611,0.9590666,15.410528,-0.5,-116.83361,-0.15882358,135.64575,0.3110487005477034
GW190503_185404,GW190521_074359,17.534666666667217,0.9590666,23.505854,-0.5,-273.673,-0.752807,147.1942,-1.9736091897788057
GW190503_185404,GW190602_175927,29.96206944444389,0.94855064,3.613836,-0.5,-4.331703,-0.078780875,27.521214,1.9410224560930183
GW190503_185404,GW190620_030421,47.34047569444334,0.3182104,6.201869,-0.5,-19.257313,-0.008230499,143.59552,1.1945587270834088
GW190503_185404,GW190630_185205,57.99862152777612,0.21406563,11.96205,-0.5,-69.57747,-0.2958454,102.21749,0.3741432504208407
GW190503_185404,GW190701_203306,59.06877662036982,0.21406563,20.374073,-0.5,-203.59798,-0.085522175,64.5099,-1.5781150667058013
GW190503_185404,GW190706_222641,64.14765162036926,-0.23619805,7.5478535,-0.5,-27.454336,-0.093818754,103.048134,0.6098389327016613
GW190503_185404,GW190707_093326,64.61067013888723,-0.23619805,9.690476,-0.5,-45.158855,-0.071176276,90.334984,0.3519396338305113
GW190503_185404,GW190708_232457,66.18811458333224,-0.23619805,3.3623393,-0.5,-6.039822,-0.093818754,93.27059,0.9217812158088003
GW190503_185404,GW190720_000836,77.21843171296297,-0.15858154,31.096838,-0.5,-480.4528,-0.11267316,154.38417,-5.923783751402778
GW190503_185404,GW190725_174728,82.95375231481536,-0.15858154,9.62448,-0.5,-45.106297,-0.29316154,120.19186,0.4178487734194485
GW190503_185404,GW190727_060333,84.46492708333389,-0.15858154,1.8039088,0.5,1.1257355,-0.04184711,10.410914,1.091304430178264
GW190503_185404,GW190728_064510,85.49382291666612,-0.15858154,19.220232,-0.5,-181.99307,-0.071176276,113.00748,-1.5761620780157433
GW190503_185404,GW190803_022701,91.31455555555445,-0.22581552,10.769944,-0.5,-56.07204,-0.27142155,94.079575,0.20168282375565177
GW190503_185404,GW190828_063405,116.48612847222222,-0.1447218,8.5541115,-0.5,-33.7432,-0.30192444,47.18579,0.5950059338222233
GW190503_185404,GW190828_065509,116.50075925925816,-0.1447218,4.521609,-0.5,-7.833932,-0.17904823,31.308386,0.9724226574710415
GW190503_185404,GW190910_112807,129.6903136574063,-0.6674019,2.1122398,0.5,-2.4851413,-0.1727127,54.82897,0.6116524646889987
GW190503_185404,GW190915_235702,135.21039814814648,-0.6674019,20.111797,-0.5,-199.62091,-0.071176276,123.96008,-2.2599971927555553
GW190503_185404,GW190924_021846,143.30882638888778,-0.75121254,11.709631,-0.5,-65.79286,-0.016529301,67.172615,-0.3808846413439294
GW190503_185404,GW190925_232845,145.19075115740574,-0.75121254,6.216727,-0.5,-18.399424,-0.22931007,89.50738,0.3094890610482607
GW190503_185404,GW190929_012149,148.2692731481487,-0.75121254,4.7645097,-0.5,-9.898159,-0.22931007,52.689915,0.43332581363153483
GW190503_185404,GW190930_133541,149.77890046296295,-0.75121254,13.192122,-0.5,-85.506195,-0.22931007,141.73808,-0.6680460555876708
GW190503_185404,GW191105_143521,185.82034375000055,-0.90639716,1.4001902,0.5,-2.0896235,-0.22931007,55.733147,0.4168252567182116
GW190503_185404,GW191109_010717,189.25917824074074,-0.90639716,2.3224173,0.1,-3.3801029,-0.34927055,74.70468,0.3980270203508751
GW190503_185404,GW191127_050227,207.4224918981476,-0.90639716,4.0606456,-0.5,-8.812021,-0.28223246,123.27648,0.31890101184994296
GW190503_185404,GW191129_134029,209.78223263888722,-0.90639716,2.9497614,0.1,-5.0154843,-0.071176276,94.017586,0.3742046433919922
GW190503_185404,GW191204_171526,214.93150231481425,-0.90639716,0.8735664,1.0,-0.7556114,-0.35503426,24.074265,0.43625762663128614
GW190503_185404,GW191215_223052,226.15055671296187,-1.3033174,1.6761888,0.5,-1.8643106,-0.085522175,48.20989,0.08697227158372656
GW190503_185404,GW191216_213338,227.11081250000055,-1.3033174,5.961778,-0.5,-17.794256,-0.42172563,137.83896,-0.14507705633909784
GW190503_185404,GW191219_163120,229.900881944445,-1.3033174,0.86356044,1.0,-1.7059613,-0.29316154,38.441727,0.089278923717235
GW190503_185404,GW191222_033537,232.36218634259095,-1.3033174,1.953939,0.5,-2.9381108,-0.024292693,74.718056,0.07133037156653943
GW190503_185404,GW191230_180458,240.96590509259315,-1.3033174,1.5657886,0.5,-1.0881579,-0.15963015,33.40927,0.09827838172471864
GW190503_185404,GW200112_155838,253.87816898148094,-1.0624563,2.377808,0.1,-3.9243104,-0.484246,94.07853,0.2591192681531187
GW190503_185404,GW200128_022011,269.30981134259315,-1.0624563,1.9692143,0.5,-3.3517241,-0.14058195,91.22544,0.2674600540579555
GW190503_185404,GW200129_065458,270.50062731481535,-1.0624563,8.487388,-0.5,-35.074017,-0.7869659,121.0182,-0.19463421966508251
GW190503_185404,GW200202_154313,274.86746874999943,-1.0624563,18.281078,-0.5,-163.90125,-0.121889815,84.4632,-2.071242751498477
GW190503_185404,GW200208_130117,280.75501967592646,-1.0624563,4.060305,-0.5,-6.364424,-0.121889815,36.27901,0.22357446605437772
GW190503_185404,GW200209_085452,281.5838877314798,-1.0624563,4.800852,-0.5,-11.468737,-0.23967285,106.74101,0.14922064858573283
GW190503_185404,GW200219_094415,291.6181817129613,-1.0624563,1.7704743,0.5,-2.1628873,-0.1311922,54.507305,0.28477767651525854
GW190503_185404,GW200224_222234,297.14479398148205,-0.70057005,13.239023,-0.5,-84.87232,-0.4942963,75.996216,-0.61630828438281
GW190503_185404,GW200225_060421,297.46547569444334,-0.70057005,4.200248,-0.5,-9.009935,-0.024292693,105.51778,0.488768675974408
GW190503_185404,GW200302_015811,303.29452893518464,-0.70057005,1.5459688,0.5,-3.027597,-0.121889815,88.34351,0.5759125776319043
GW190503_185404,GW200311_115853,312.71167939814706,-0.70057005,27.980307,-0.5,-387.43365,-0.3777625,85.90461,-5.02367763293076
GW190503_185404,GW200316_215756,318.1276840277761,-0.70057005,3.9069662,-0.5,-7.8200994,-0.16929206,98.10154,0.5061008538194408
GW190512_180714,GW190513_205428,1.1161377314809295,0.91136634,22.376045,-0.5,-247.93373,-0.015873348,153.2846,-1.6387035756333348
GW190512_180714,GW190517_055101,4.4887430555539,1.6296886,2.4782393,0.1,-0.7467522,-0.16205586,17.721796,2.564922893583455
GW190512_180714,GW190519_153544,6.894790509257604,1.1633148,14.029862,-0.5,-96.17411,-0.22471711,104.40402,0.7834182581808858
GW190512_180714,GW190521,8.371701388888889,1.2453102,6.095544,-0.5,-16.781166,-0.118657544,56.74204,2.008743059838452
GW190512_180714,GW190521_074359,8.5671875,1.2453102,7.959127,-0.5,-29.294537,-0.712641,55.365097,1.826462511437177
GW190512_180714,GW190602_175927,20.994590277776673,0.58925885,15.33838,-0.5,-115.58162,-0.038614836,125.71063,0.018906700753116068
GW190512_180714,GW190620_030421,38.372996527776124,0.6552695,2.0851283,0.5,-2.2165737,-0.048396543,48.689606,1.7256824647201627
GW190512_180714,GW190630_185205,49.031142361108905,0.3182104,9.1036825,-0.5,-39.58904,-0.25567934,82.535324,0.8983892678132952
GW190512_180714,GW190701_203306,50.1012974537026,0.3182104,30.849548,-0.5,-472.54367,-0.12568821,135.1786,-5.408401347121229
GW190512_180714,GW190706_222641,55.18017245370205,0.21406563,6.5103846,-0.5,-20.209896,-0.053652715,91.045364,1.0932738979451977
GW190512_180714,GW190707_093326,55.64319097222001,0.21406563,4.2516737,-0.5,-7.344925,-0.031010237,41.674175,1.2806761646458822
GW190512_180714,GW190708_232457,57.22063541666501,0.21406563,3.2026994,-0.5,-5.527654,-0.053652715,89.37032,1.3071480979740429
GW190512_180714,GW190720_000836,68.25095254629575,-0.23619805,13.972208,-0.5,-94.87386,-0.1528392,81.258896,-0.37225205155078006
GW190512_180714,GW190725_174728,73.98627314814814,-0.15858154,3.8522258,-0.5,-6.267972,-0.3333276,49.502087,0.9836013090378031
GW190512_180714,GW190727_060333,75.49744791666667,-0.15858154,16.823107,-0.5,-138.999,-0.08201315,109.6519,-0.9498732298649332
GW190512_180714,GW190728_064510,76.5263437499989,-0.15858154,14.014404,-0.5,-95.72157,-0.031010237,92.69157,-0.31945700026238233
GW190512_180714,GW190803_022701,82.34707638888723,-0.15858154,13.779968,-0.5,-93.13349,-0.3115876,127.40498,-0.2817567748068699
GW190512_180714,GW190828_063405,107.518649305555,-0.1447218,14.592999,-0.5,-103.89816,-0.2617584,91.835556,-0.4269317909701261
GW190512_180714,GW190828_065509,107.53328009259094,-0.1447218,11.5644865,-0.5,-64.65525,-0.21921428,87.4015,0.14471431873160667
GW190512_180714,GW190910_112807,120.72283449073909,-0.6674019,4.84326,-0.5,-11.996471,-0.13254666,126.57318,0.4731022259841204
GW190512_180714,GW190915_235702,126.24291898147928,-0.6674019,12.053729,-0.5,-70.241264,-0.031010237,82.780975,-0.37534166740916963
GW190512_180714,GW190924_021846,134.34134722222058,-0.6674019,17.856564,-0.5,-156.9095,-0.056695342,115.83833,-1.637825946058432
GW190512_180714,GW190925_232845,136.22327199073854,-0.75121254,3.594987,-0.5,-5.580855,-0.26947612,52.89312,0.49621538957373845
GW190512_180714,GW190929_012149,139.3017939814815,-0.75121254,9.399406,-0.5,-42.79465,-0.26947612,107.77526,-0.04587286400457033
GW190512_180714,GW190930_133541,140.81142129629575,-0.75121254,9.018032,-0.5,-39.22908,-0.26947612,100.66811,0.006066316232277366
GW190512_180714,GW191105_143521,176.85286458333334,-0.76907015,2.562301,0.1,-4.397825,-0.26947612,102.28468,0.4984605378978744
GW190512_180714,GW191109_010717,180.29169907407353,-0.76907015,1.2068269,0.5,-1.420336,-0.3091045,38.991478,0.5418332073742166
GW190512_180714,GW191127_050227,198.45501273148037,-0.90639716,4.4366055,-0.5,-10.41924,-0.3223985,135.35898,0.2954888773307647
GW190512_180714,GW191129_134029,200.81475347222002,-0.90639716,1.2556547,0.5,-1.4622641,-0.031010237,40.201744,0.4259639147299669
GW190512_180714,GW191204_171526,205.96402314814705,-0.90639716,4.40637,-0.5,-10.0941105,-0.3148682,122.16472,0.3002249942011935
GW190512_180714,GW191215_223052,217.18307754629464,-1.3033174,4.609702,-0.5,-11.095215,-0.12568821,133.3157,-0.04749304148838063
GW190512_180714,GW191216_213338,218.14333333333335,-1.3033174,3.6268485,-0.5,-6.6168914,-0.38155958,84.57095,0.017742080833856255
GW190512_180714,GW191219_163120,220.9334027777778,-1.3033174,3.0473204,-0.5,-5.9807935,-0.3333276,135.96632,0.027008031632791474
GW190512_180714,GW191222_033537,223.3947071759237,-1.3033174,0.85628426,1.0,-1.4020388,-0.015873348,32.84663,0.09370612149783314
GW190512_180714,GW191230_180458,231.99842592592591,-1.3033174,5.513122,-0.5,-15.079521,-0.19979618,118.81309,-0.10553188426193133
GW190512_180714,GW200112_155838,244.9106898148137,-1.3033174,2.2307217,0.1,-3.5912287,-0.44407994,88.5173,0.06181649295470415
GW190512_180714,GW200128_022011,260.34233217592595,-1.0624563,0.7557564,1.0,-1.7026718,-0.18074799,35.08579,0.29148157344881753
GW190512_180714,GW200129_065458,261.53314814814814,-1.0624563,5.1722145,-0.5,-12.476187,-0.7467999,75.39431,0.13454526139120934
GW190512_180714,GW200202_154313,265.89998958333223,-1.0624563,20.382183,-0.5,-204.87656,-0.16205586,112.60523,-2.668124479135084
GW190512_180714,GW200208_130117,271.78754050925926,-1.0624563,9.500018,-0.5,-43.355354,-0.16205586,89.62829,-0.3152673282833276
GW190512_180714,GW200209_085452,272.6164085648126,-1.0624563,5.429696,-0.5,-14.703839,-0.2798389,121.83781,0.10209535287429958
GW190512_180714,GW200219_094415,282.6507025462941,-1.0624563,3.7293155,-0.5,-7.5591288,-0.17135826,115.368225,0.20617136933140603
GW190512_180714,GW200224_222234,288.1773148148148,-1.0624563,11.072288,-0.5,-58.77989,-0.4541303,71.8648,-0.5399543927948854
GW190512_180714,GW200225_060421,288.49799652777614,-1.0624563,5.5326166,-0.5,-15.508251,-0.015873348,139.996,0.09037759546078575
GW190512_180714,GW200302_015811,294.32704976851744,-0.70057005,0.42694122,1.0,-1.9265325,-0.16205586,24.431566,0.5919516320480755
GW190512_180714,GW200311_115853,303.74420023147985,-0.70057005,24.798231,-0.5,-304.14078,-0.33759648,106.95335,-3.8103617388194904
GW190512_180714,GW200316_215756,309.1602048611089,-0.70057005,6.032754,-0.5,-18.399416,-0.2094581,152.57704,0.35199340272612645
GW190513_205428,GW190517_055101,3.3726053240729703,2.3828185,20.470123,-0.5,-207.44154,-0.1461825,166.09203,0.186129977866484
GW190513_205428,GW190519_153544,5.778652777776674,0.2738182,5.8971114,-0.5,-15.378959,-0.24059047,49.365376,1.2137958159561149
GW190513_205428,GW190521,7.25556365740796,1.1633148,11.014341,-0.5,-59.01788,-0.13453089,110.885475,1.3246679672242867
GW190513_205428,GW190521_074359,7.45104976851907,1.2453102,12.342736,-0.5,-74.05751,-0.7285143,98.03514,1.174406424661784
GW190513_205428,GW190602_175927,19.878452546295744,0.58925885,8.480025,-0.5,-34.10197,-0.054488186,76.7291,1.2058095429591718
GW190513_205428,GW190620_030421,37.25685879629519,0.6552695,4.7064667,-0.5,-11.144709,-0.032523192,111.371635,1.5956275504760293
GW190513_205428,GW190630_185205,47.91500462962797,0.3182104,8.149774,-0.5,-31.524439,-0.27155268,80.221985,1.0158651874572708
GW190513_205428,GW190701_203306,48.98515972222167,0.3182104,8.592261,-0.5,-34.178303,-0.10981487,50.026943,0.9772067166810013
GW190513_205428,GW190706_222641,54.064034722221116,0.3182104,6.6101418,-0.5,-20.936796,-0.06952606,95.85133,1.170093923029301
GW190513_205428,GW190707_093326,54.527053240739086,0.21406563,14.123011,-0.5,-98.17864,-0.046883587,148.64398,-0.04248611147924353
GW190513_205428,GW190708_232457,56.10449768518408,0.21406563,3.6109161,-0.5,-6.937071,-0.06952606,101.70805,1.2866173189754782
GW190513_205428,GW190720_000836,67.13481481481482,-0.23619805,10.3442955,-0.5,-51.12566,-0.13696586,72.05579,0.2650220127103915
GW190513_205428,GW190725_174728,72.87013541666722,-0.23619805,7.9323425,-0.5,-30.394451,-0.31745422,106.37262,0.5670106819593572
GW190513_205428,GW190727_060333,74.38131018518574,-0.15858154,12.439247,-0.5,-75.155106,-0.0661398,94.06422,-0.01986809803607381
GW190513_205428,GW190728_064510,75.41020601851797,-0.15858154,8.7036085,-0.5,-35.68589,-0.046883587,66.53793,0.5550745378281218
GW190513_205428,GW190803_022701,81.2309386574063,-0.15858154,6.3659344,-0.5,-18.610964,-0.29571423,63.716953,0.8038026435235335
GW190513_205428,GW190828_063405,106.40251157407407,-0.1447218,15.397723,-0.5,-116.28093,-0.27763173,113.46579,-0.6073098519089196
GW190513_205428,GW190828_065509,106.41714236111001,-0.1447218,14.07895,-0.5,-97.12398,-0.20334092,119.31302,-0.32825316650759473
GW190513_205428,GW190910_112807,119.60669675925816,-0.6674019,2.9649181,0.1,-4.6845517,-0.14842,78.31418,0.5796139551243475
GW190513_205428,GW190915_235702,125.12678124999834,-0.6674019,11.994247,-0.5,-69.79734,-0.046883587,94.338806,-0.3688750882409054
GW190513_205428,GW190924_021846,133.22520949073964,-0.6674019,11.326608,-0.5,-61.926662,-0.040821996,85.35027,-0.25422400434185377
GW190513_205428,GW190925_232845,135.1071342592576,-0.6674019,9.123303,-0.5,-40.801914,-0.25360277,138.71373,0.05349729967591206
GW190513_205428,GW190929_012149,138.18565625000056,-0.75121254,7.9917026,-0.5,-30.659863,-0.25360277,96.62095,0.13089293242547376
GW190513_205428,GW190930_133541,139.69528356481482,-0.75121254,4.4651065,-0.5,-8.646719,-0.25360277,52.701656,0.45155536881227293
GW190513_205428,GW191105_143521,175.7367268518524,-0.76907015,2.022187,0.5,-3.1689336,-0.25360277,81.095276,0.5163616261482099
GW190513_205428,GW191109_010717,179.1755613425926,-0.76907015,5.0044026,-0.5,-13.228126,-0.32497784,162.82205,0.3698307596912868
GW190513_205428,GW191127_050227,197.33887499999946,-0.90639716,0.62063426,1.0,-0.78576565,-0.30652517,19.084208,0.43581837413343155
GW190513_205428,GW191129_134029,199.6986157407391,-0.90639716,3.8571403,-0.5,-8.126933,-0.046883587,124.37461,0.32888059688192767
GW190513_205428,GW191204_171526,204.84788541666612,-0.90639716,2.8659701,0.1,-4.5118957,-0.33074155,80.21391,0.3815403504271491
GW190513_205428,GW191215_223052,216.0669398148137,-1.3033174,2.0800123,0.5,-2.6511836,-0.10981487,60.681637,0.07551000099084215
GW190513_205428,GW191216_213338,217.0271956018524,-1.3033174,2.940846,0.1,-4.3908386,-0.39743292,69.495445,0.05016868544915143
GW190513_205428,GW191219_163120,219.81726504629685,-1.3033174,1.5645944,0.5,-2.5690465,-0.31745422,70.066826,0.0767064809517114
GW190513_205428,GW191222_033537,222.27856944444278,-1.3033174,4.4367256,-0.5,-10.887634,-0.0,171.03848,-0.04446924390803253
GW190513_205428,GW191230_180458,230.882288194445,-1.3033174,3.5337396,-0.5,-6.1570797,-0.18392284,77.35119,0.024440094487335362
GW190513_205428,GW200112_155838,243.79455208333277,-1.3033174,1.9407775,0.5,-2.9957695,-0.4599533,77.37064,0.07049046561144784
GW190513_205428,GW200128_022011,259.226194444445,-1.0624563,3.2994506,-0.5,-6.8670716,-0.16487464,153.69756,0.2162524704653571
GW190513_205428,GW200129_065458,260.4170104166672,-1.0624563,5.415955,-0.5,-13.833458,-0.76267326,81.63223,0.11477407844893792
GW190513_205428,GW200202_154313,264.7838518518513,-1.0624563,12.267643,-0.5,-72.80052,-0.1461825,82.4956,-0.7441910368288259
GW190513_205428,GW200208_130117,270.6714027777783,-1.0624563,11.479278,-0.5,-64.26992,-0.1461825,116.90234,-0.6199269372282836
GW190513_205428,GW200209_085452,271.5002708333317,-1.0624563,2.7613559,0.1,-3.8043559,-0.26396555,62.860405,0.26086663012088807
GW190513_205428,GW200219_094415,281.53456481481317,-1.0624563,2.2541444,0.1,-3.1610575,-0.1554849,70.26655,0.2702374693151529
GW190513_205428,GW200224_222234,287.06117708333386,-1.0624563,16.729967,-0.5,-137.7273,-0.47000363,126.11493,-1.6899704164290867
GW190513_205428,GW200225_060421,287.3818587962952,-1.0624563,1.6809338,0.5,-1.6387957,-0.0,43.019394,0.2924120468397293
GW190513_205428,GW200302_015811,293.2109120370365,-0.70057005,2.8688262,0.1,-5.954953,-0.1461825,164.53563,0.533270181582745
GW190513_205428,GW200311_115853,302.6280624999989,-0.70057005,10.886489,-0.5,-56.504807,-0.35346982,62.82192,-0.20308258407842344
GW190513_205428,GW200316_215756,308.044067129628,-0.70057005,1.3310082,0.5,-1.1108658,-0.19358476,34.04769,0.6038333364034101
GW190517_055101,GW190519_153544,2.4060474537037035,1.7628747,13.672311,-0.5,-91.51536,-0.38677296,117.83907,1.3544921535817318
GW190517_055101,GW190521,3.882958333334989,1.4540684,6.8939753,-0.5,-22.164152,-0.2807134,70.83048,2.105540580262379
GW190517_055101,GW190521_074359,4.0784444444461005,1.6296886,8.764482,-0.5,-36.358585,-0.87469685,71.89843,2.0461702146088006
GW190517_055101,GW190602_175927,16.505847222222773,0.9590666,11.655188,-0.5,-66.11838,-0.20067069,108.13517,1.0498105270080893
GW190517_055101,GW190620_030421,33.88425347222222,0.94855064,2.762154,0.1,-3.891529,-0.113659315,65.60749,1.9474344117494207
GW190517_055101,GW190630_185205,44.542399305555,0.5659993,8.573786,-0.5,-35.112453,-0.4177352,86.209045,1.1715682688337092
GW190517_055101,GW190701_203306,45.6125543981487,0.5659993,20.291039,-0.5,-203.24496,-0.036367644,125.25982,-1.2775949122934258
GW190517_055101,GW190706_222641,50.691429398148145,0.3182104,6.494491,-0.5,-20.198833,-0.21570857,95.11208,1.1808437245842167
GW190517_055101,GW190707_093326,51.154447916666115,0.3182104,3.8949444,-0.5,-6.0715036,-0.19306609,41.765537,1.3866345964624114
GW190517_055101,GW190708_232457,52.731892361111115,0.3182104,3.2026515,-0.5,-5.551492,-0.21570857,90.44748,1.394209531418733
GW190517_055101,GW190720_000836,63.762209490741846,-0.23619805,13.385054,-0.5,-87.28644,-0.009216655,97.19624,-0.2617270710355419
GW190517_055101,GW190725_174728,69.49753009259425,-0.23619805,4.4400344,-0.5,-8.813509,-0.17127173,60.23349,0.8813773001666529
GW190517_055101,GW190727_060333,71.00870486111276,-0.23619805,11.732946,-0.5,-66.6897,-0.080042705,91.93017,0.0383028201939577
GW190517_055101,GW190728_064510,72.03760069444499,-0.23619805,12.580986,-0.5,-77.01962,-0.19306609,99.58263,-0.11217178532936017
GW190517_055101,GW190803_022701,77.85833333333333,-0.15858154,12.642319,-0.5,-78.303665,-0.14953174,129.16806,-0.06573273254940426
GW190517_055101,GW190828_063405,103.0299062500011,-0.1447218,10.436139,-0.5,-52.267128,-0.42381424,79.82831,0.32517039738215425
GW190517_055101,GW190828_065509,103.04453703703703,-0.1447218,8.2623205,-0.5,-32.205475,-0.057158414,72.0419,0.6174057412984476
GW190517_055101,GW190910_112807,116.23409143518519,-0.1447218,4.335043,-0.5,-9.691493,-0.2946025,114.84893,0.9453638200692821
GW190517_055101,GW190915_235702,121.75417592592538,-0.6674019,11.40623,-0.5,-62.983204,-0.19306609,92.71516,-0.2696144983259521
GW190517_055101,GW190924_021846,129.85260416666668,-0.6674019,13.899453,-0.5,-94.44954,-0.105360515,108.549614,-0.7279802797650643
GW190517_055101,GW190925_232845,131.73452893518464,-0.6674019,3.4338436,-0.5,-5.0982656,-0.10742025,52.68238,0.5735874411384354
GW190517_055101,GW190929_012149,134.81305092592757,-0.6674019,7.900878,-0.5,-29.966526,-0.10742025,96.88821,0.2113349100982751
GW190517_055101,GW190930_133541,136.32267824074185,-0.75121254,9.622499,-0.5,-45.004143,-0.10742025,115.2771,-0.07805822635251064
GW190517_055101,GW191105_143521,172.36412152777945,-0.76907015,2.2963424,0.1,-3.7635207,-0.10742025,92.21007,0.5077003577645074
GW190517_055101,GW191109_010717,175.8029560185196,-0.76907015,0.9425791,1.0,-1.1542983,-0.47116038,30.728428,0.5457085420223995
GW190517_055101,GW191127_050227,193.96626967592647,-0.90639716,4.928273,-0.5,-12.741552,-0.16034265,151.87894,0.2616600724404069
GW190517_055101,GW191129_134029,196.32601041666612,-0.90639716,1.2961792,0.5,-1.532247,-0.19306609,41.880177,0.42494448364368165
GW190517_055101,GW191204_171526,201.47528009259315,-0.90639716,3.7265763,-0.5,-7.3540473,-0.47692406,104.5807,0.3401391180941756
GW190517_055101,GW191215_223052,212.69433449074074,-0.90639716,4.0612445,-0.5,-8.739744,-0.036367644,118.77406,0.3199538619814274
GW190517_055101,GW191216_213338,213.65459027777942,-0.90639716,4.116408,-0.5,-8.546466,-0.54361546,97.64113,0.3227693205975348
GW190517_055101,GW191219_163120,216.4446597222239,-1.3033174,2.646116,0.1,-4.8481297,-0.17127173,118.62459,0.04350738846450525
GW190517_055101,GW191222_033537,218.90596412036982,-1.3033174,0.5873671,1.0,-1.220695,-0.1461825,22.675398,0.09634773161869159
GW190517_055101,GW191230_180458,227.50968287037202,-1.3033174,4.6850796,-0.5,-10.897153,-0.037740327,103.00265,-0.04460790038613388
GW190517_055101,GW200112_155838,240.4219467592598,-1.3033174,2.2470975,0.1,-3.6398287,-0.6061358,89.70086,0.061108544040126056
GW190517_055101,GW200128_022011,255.85358912037202,-1.0624563,0.7643401,1.0,-1.7179302,-0.018692132,35.63959,0.2912593059752735
GW190517_055101,GW200129_065458,257.0444050925943,-1.0624563,5.558957,-0.5,-14.636529,-0.90885574,84.560135,0.10307585324744797
GW190517_055101,GW200202_154313,261.4112465277783,-1.0624563,15.772305,-0.5,-122.024765,-0.0,110.88876,-1.4612338214730296
GW190517_055101,GW200208_130117,267.29879745370533,-1.0624563,7.2448206,-0.5,-24.666506,-0.0,75.26167,-0.0430294409006608
GW190517_055101,GW200209_085452,268.1276655092587,-1.0624563,5.608791,-0.5,-15.729168,-0.11778303,128.19774,0.08715953155544323
GW190517_055101,GW200219_094415,278.1619594907402,-1.0624563,3.343177,-0.5,-6.213212,-0.009302393,104.43948,0.22577715361339548
GW190517_055101,GW200224_222234,283.6885717592609,-1.0624563,8.6183405,-0.5,-34.99075,-0.61618614,67.33008,-0.19342127763362416
GW190517_055101,GW200225_060421,284.0092534722222,-1.0624563,5.775726,-0.5,-16.911934,-0.1461825,148.2897,0.06993034236890197
GW190517_055101,GW200302_015811,289.8383067129635,-1.0624563,0.4000218,1.0,-1.921159,-0.0,22.957102,0.28829889952223087
GW190517_055101,GW200311_115853,299.2554571759259,-0.70057005,17.243168,-0.5,-146.02943,-0.49965233,105.60454,-1.5071755310421249
GW190517_055101,GW200316_215756,304.671461805555,-0.70057005,6.1945243,-0.5,-19.417551,-0.04740224,158.967,0.3371623690852902
GW190519_153544,GW190521,1.4769108796312853,1.0566281,8.494002,-0.5,-34.514133,-0.10605957,89.0052,1.5920685355334505
GW190519_153544,GW190521_074359,1.6723969907423963,2.3315253,6.063406,-0.5,-16.394072,-0.48792386,51.283676,2.926041928203338
GW190519_153544,GW190602_175927,14.09979976851907,0.9412389,11.909078,-0.5,-69.15783,-0.18610229,113.17957,0.990572427465243
GW190519_153544,GW190620_030421,31.47820601851852,0.94855064,3.2384672,-0.5,-5.3281045,-0.27311367,77.209564,1.9265080151590943
GW190519_153544,GW190630_185205,42.1363518518513,0.5659993,4.437128,-0.5,-8.242696,-0.030962225,45.54117,1.5629763354949338
GW190519_153544,GW190701_203306,43.206506944444996,0.5659993,11.038569,-0.5,-58.412365,-0.35040534,71.83422,0.8321616604367174
GW190519_153544,GW190706_222641,48.285381944444445,0.3182104,7.705431,-0.5,-28.816038,-0.1710644,113.95645,1.055318088586882
GW190519_153544,GW190707_093326,48.74840046296241,0.3182104,12.081937,-0.5,-71.509026,-0.19370688,131.92209,0.4334152083704679
GW190519_153544,GW190708_232457,50.32584490740741,0.3182104,4.386046,-0.5,-10.047007,-0.1710644,124.19708,1.3287239911349438
GW190519_153544,GW190720_000836,61.35616203703814,0.21406563,3.4818432,-0.5,-3.8455758,-0.37755632,26.28057,1.3316507022763135
GW190519_153544,GW190725_174728,67.09148263889054,-0.23619805,4.211759,-0.5,-7.8487926,-0.5580447,57.791218,0.8954301918742029
GW190519_153544,GW190727_060333,68.60265740740907,-0.23619805,15.9262295,-0.5,-124.74787,-0.30673027,129.02322,-0.8074226227173378
GW190519_153544,GW190728_064510,69.6315532407413,-0.23619805,3.6339445,-0.5,-4.547293,-0.19370688,29.721344,0.9435226793818863
GW190519_153544,GW190803_022701,75.45228587962963,-0.15858154,9.668679,-0.5,-45.171047,-0.5363047,100.77251,0.4169055592888834
GW190519_153544,GW190828_063405,100.6238587962974,-0.1447218,20.420433,-0.5,-206.37766,-0.037041273,161.76164,-1.9197364685785892
GW190519_153544,GW190828_065509,100.63848958333334,-0.1447218,18.415085,-0.5,-167.68446,-0.4439314,164.9844,-1.3560980656931174
GW190519_153544,GW190910_112807,113.82804398148149,-0.1447218,4.7900796,-0.5,-11.77365,-0.09217046,127.28707,0.9150333232614773
GW190519_153544,GW190915_235702,119.34812847222167,-0.6674019,11.535337,-0.5,-64.526375,-0.19370688,96.72674,-0.2920936571500287
GW190519_153544,GW190924_021846,127.44655671296296,-0.6674019,16.09216,-0.5,-127.39815,-0.28141245,129.96935,-1.2079381297501608
GW190519_153544,GW190925_232845,129.32848148148094,-0.6674019,8.723018,-0.5,-37.266,-0.49419323,135.02957,0.10500449295323266
GW190519_153544,GW190929_012149,132.4070034722239,-0.6674019,11.621984,-0.5,-66.31766,-0.49419323,144.51547,-0.31818702536883164
GW190519_153544,GW190930_133541,133.91663078703814,-0.6674019,0.5474109,1.0,1.1131594,-0.49419323,6.6541348,0.6640684163579994
GW190519_153544,GW191105_143521,169.95807407407574,-0.76907015,2.039387,0.5,-3.2091029,-0.49419323,81.999596,0.5157764863640332
GW190519_153544,GW191109_010717,173.39690856481593,-0.76907015,4.346171,-0.5,-10.158654,-0.08438739,141.96918,0.414543327104232
GW190519_153544,GW191127_050227,191.56022222222276,-0.90639716,1.1604286,1.0,-1.2753655,-0.5471156,35.841694,0.42868644078998586
GW190519_153544,GW191129_134029,193.91996296296242,-0.90639716,2.500215,0.1,-3.8217978,-0.19370688,80.94705,0.391592910359391
GW190519_153544,GW191204_171526,199.06923263888945,-0.90639716,4.1096687,-0.5,-8.86042,-0.090151094,115.64168,0.3181959906833621
GW190519_153544,GW191215_223052,210.28828703703704,-0.90639716,3.0291452,0.1,-5.0856967,-0.35040534,88.8089,0.37318186953293436
GW190519_153544,GW191216_213338,211.24854282407574,-0.90639716,0.84848857,1.0,-0.44153404,-0.15684247,20.201838,0.4408327486189661
GW190519_153544,GW191219_163120,214.03861226852018,-0.90639716,2.5732005,0.1,-4.659953,-0.5580447,115.47744,0.379383617745354
GW190519_153544,GW191222_033537,216.4999166666661,-1.3033174,3.5481634,-0.5,-7.345768,-0.24059047,137.17213,0.007124635715681449
GW190519_153544,GW191230_180458,225.1036354166683,-1.3033174,4.616533,-0.5,-10.58709,-0.4245133,101.93987,-0.04009125000614144
GW190519_153544,GW200112_155838,238.0158993055561,-1.3033174,1.2445463,0.5,-1.8922105,-0.21936283,49.746536,0.08656585813828876
GW190519_153544,GW200128_022011,253.44754166666831,-1.0624563,2.7617385,0.1,-5.2413707,-0.4054651,128.89966,0.23993383277189181
GW190519_153544,GW200129_065458,254.63835763889054,-1.0624563,2.3511205,0.1,-1.9675723,-0.5220828,36.090317,0.28762280332503853
GW190519_153544,GW200202_154313,259.00519907407465,-1.0624563,16.264309,-0.5,-129.98814,-0.38677296,119.15186,-1.5772352674898416
GW190519_153544,GW200208_130117,264.8927500000017,-1.0624563,15.6349125,-0.5,-120.68657,-0.38677296,165.58115,-1.4417405071686686
GW190519_153544,GW200209_085452,265.721618055555,-1.0624563,4.0244484,-0.5,-8.106077,-0.504556,92.357666,0.19820404668324879
GW190519_153544,GW200219_094415,275.75591203703647,-1.0624563,2.5815997,0.1,-3.96146,-0.39607537,80.82315,0.25857811404911313
GW190519_153544,GW200224_222234,281.2825243055572,-1.0624563,18.291962,-0.5,-165.21796,-0.22941317,147.78546,-2.0904231058650895
GW190519_153544,GW200225_060421,281.6032060185185,-1.0624563,3.079902,-0.5,-4.9817414,-0.24059047,79.32932,0.24371581636620018
GW190519_153544,GW200302_015811,287.4322592592598,-1.0624563,2.1921513,0.1,-4.2452006,-0.38677296,125.8877,0.25444490488546323
GW190519_153544,GW200311_115853,296.8494097222222,-0.70057005,7.885141,-0.5,-28.560825,-0.11287935,50.94871,0.20397354893043781
GW190519_153544,GW200316_215756,302.2654143518513,-0.70057005,2.9986746,0.1,-4.733928,-0.43417522,77.20085,0.5510566847919525
GW190521,GW190521_074359,0.1954861111111111,1.5679744,5.088302,-0.5,-11.319741,-0.5939834,51.593616,2.3591109246457393
GW190521,GW190602_175927,12.622888888887784,1.0493224,13.909724,-0.5,-95.28234,-0.080042705,153.3831,0.7007347013131088
GW190521,GW190620_030421,30.001295138887233,0.94855064,0.75650007,1.0,-0.42397946,-0.16705409,18.525578,1.9979457305035968
GW190521,GW190630_185205,40.65944097222001,0.5659993,9.373803,-0.5,-42.59271,-0.1370218,109.56494,1.0626044205079428
GW190521,GW190701_203306,41.72959606481371,0.5659993,18.53912,-0.5,-169.88991,-0.24434575,159.07484,-0.7917163848496602
GW190521,GW190706_222641,46.80847106481316,0.3182104,3.0504658,-0.5,-3.915532,-0.06500483,48.23154,1.418040337374519
GW190521,GW190707_093326,47.271489583331125,0.3182104,3.7650442,-0.5,-5.8431654,-0.087647304,46.188972,1.3899607682439774
GW190521,GW190708_232457,48.848934027776124,0.3182104,1.8787855,0.5,-2.2314892,-0.06500483,54.22813,1.4425715592847335
GW190521,GW190720_000836,59.879251157406856,0.21406563,6.9848647,-0.5,-22.615732,-0.27149674,65.615776,1.0582284140638976
GW190521,GW190725_174728,65.61457175925926,-0.23619805,5.0478473,-0.5,-11.873399,-0.45198512,74.795616,0.8368043061066268
GW190521,GW190727_060333,67.12574652777778,-0.23619805,14.380216,-0.5,-101.71049,-0.20067069,141.56123,-0.47184021583239294
GW190521,GW190728_064510,68.15464236111,-0.23619805,10.642148,-0.5,-54.955776,-0.087647304,105.44292,0.209229235399162
GW190521,GW190803_022701,73.97537499999835,-0.15858154,6.6467886,-0.5,-20.772295,-0.43024513,78.6196,0.7723188293315013
GW190521,GW190828_063405,99.14694791666612,-0.22581552,9.606355,-0.5,-44.426033,-0.14310084,93.15072,0.371328614897406
GW190521,GW190828_065509,99.16157870370205,-0.22581552,9.979785,-0.5,-48.253895,-0.33787182,105.40077,0.3155686783750986
GW190521,GW190910_112807,112.3511331018502,-0.1447218,3.9316792,-0.5,-8.07361,-0.0138891125,106.765465,0.9689312954098339
GW190521,GW190915_235702,117.87121759259038,-0.6674019,2.975957,0.1,-2.790518,-0.087647304,29.995075,0.6072040832798018
GW190521,GW190924_021846,125.96964583333168,-0.6674019,9.083267,-0.5,-39.56391,-0.17535289,89.23234,0.07153111597513048
GW190521,GW190925_232845,127.85157060184964,-0.6674019,2.8039153,0.1,-3.2741327,-0.38813365,46.14951,0.6001593346597811
GW190521,GW190929_012149,130.9300925925926,-0.6674019,7.05926,-0.5,-23.883192,-0.38813365,96.2489,0.29994999991483867
GW190521,GW190930_133541,132.43971990740687,-0.6674019,6.1547117,-0.5,-17.86925,-0.38813365,82.352776,0.38755427692110156
GW190521,GW191105_143521,168.48116319444443,-0.76907015,3.8020306,-0.5,-8.376433,-0.38813365,154.34355,0.4405046931333826
GW190521,GW191109_010717,171.91999768518463,-0.76907015,1.9221231,0.5,-2.5902216,-0.19044696,63.700363,0.5247916441162633
GW190521,GW191127_050227,190.0833113425915,-0.90639716,3.0057871,0.1,-5.1517057,-0.44105604,94.348145,0.3722203248520382
GW190521,GW191129_134029,192.44305208333114,-0.90639716,2.677912,0.1,-4.311268,-0.087647304,87.984146,0.3844628680702567
GW190521,GW191204_171526,197.59232175925817,-0.90639716,5.3202767,-0.5,-14.607142,-0.19621067,152.63501,0.23448427793122995
GW190521,GW191215_223052,208.81137615740576,-0.90639716,5.6920176,-0.5,-16.733109,-0.24434575,169.88835,0.20351562235831733
GW190521,GW191216_213338,209.77163194444444,-0.90639716,3.3168087,-0.5,-5.6358824,-0.26290205,81.11985,0.3651673903458617
GW190521,GW191219_163120,212.56170138888888,-0.90639716,3.0405817,-0.5,-5.987252,-0.45198512,137.50757,0.36004903392078313
GW190521,GW191222_033537,215.02300578703483,-0.90639716,1.6983727,0.5,-2.5139816,-0.13453089,66.3426,0.41064369017081165
GW190521,GW191230_180458,223.62672453703703,-1.3033174,7.421042,-0.5,-27.529005,-0.31845373,169.04153,-0.28688180472331926
GW190521,GW200112_155838,236.53898842592483,-1.3033174,2.9488893,0.1,-5.485123,-0.3254224,119.020004,0.03422839303748293
GW190521,GW200128_022011,251.97063078703704,-1.0624563,0.99547356,1.0,-1.93751,-0.29940554,46.794456,0.28806071697727875
GW190521,GW200129_065458,253.16144675925926,-1.0624563,5.5536475,-0.5,-14.749824,-0.62814236,90.73155,0.10142550635981293
GW190521,GW200202_154313,257.52828819444335,-1.0624563,8.074892,-0.5,-30.785387,-0.2807134,74.42333,-0.13216234271649802
GW190521,GW200208_130117,263.4158391203704,-1.0624563,8.492501,-0.5,-34.76859,-0.2807134,101.70976,-0.19018509850461224
GW190521,GW200209_085452,264.24470717592374,-1.0624563,2.9053345,0.1,-4.2861586,-0.39849645,68.62618,0.2538482763819808
GW190521,GW200219_094415,274.2790011574052,-1.0624563,5.194034,-0.5,-14.149537,-0.2900158,165.18571,0.11016979706364907
GW190521,GW200224_222234,279.8056134259259,-1.0624563,6.2801857,-0.5,-18.03186,-0.33547273,61.709293,0.0536165276593725
GW190521,GW200225_060421,280.12629513888726,-1.0624563,3.182041,-0.5,-5.347602,-0.13453089,83.869835,0.2383863772984495
GW190521,GW200302_015811,285.9553483796285,-1.0624563,0.9334375,1.0,-2.2875292,-0.2807134,53.857697,0.2829620351576617
GW190521,GW200311_115853,295.3724988425909,-0.70057005,15.6910925,-0.5,-121.13742,-0.21893892,134.08827,-1.1445769908946537
GW190521,GW200316_215756,300.78850347222004,-0.70057005,3.6526957,-0.5,-6.9551044,-0.32811564,96.2318,0.5187011171369589
GW190521_074359,GW190602_175927,12.427402777776674,1.0493224,16.954758,-0.5,-141.89616,-0.67402613,154.77269,0.02171754933241732
GW190521_074359,GW190620_030421,29.80580902777612,0.94855064,1.4176286,0.5,-1.0767342,-0.7610375,33.58983,1.9884371421552691
GW190521_074359,GW190630_185205,40.4639548611089,0.5659993,5.852893,-0.5,-15.458177,-0.45696163,58.045326,1.457869418333795
GW190521_074359,GW190701_203306,41.5341099537026,0.5659993,19.602695,-0.5,-189.43985,-0.8383292,116.56608,-1.076497703203195
GW190521_074359,GW190706_222641,46.612984953702046,0.3182104,6.7510605,-0.5,-21.885141,-0.65898824,98.23416,1.1562795090726103
GW190521_074359,GW190707_093326,47.076003472220016,0.3182104,7.796105,-0.5,-28.851643,-0.68163073,82.59277,1.054799443065047
GW190521_074359,GW190708_232457,48.65344791666501,0.3182104,3.744014,-0.5,-7.4283724,-0.65898824,105.55402,1.3668692759621557
GW190521_074359,GW190720_000836,59.68376504629575,0.21406563,3.6866653,-0.5,-4.4488416,-0.8654802,26.064035,1.3228630128311099
GW190521_074359,GW190725_174728,65.41908564814815,-0.23619805,2.1044967,0.5,-1.1559652,-1.0459685,28.335651,0.9929236879112493
GW190521_074359,GW190727_060333,66.93026041666667,-0.23619805,20.228935,-0.5,-202.4178,-0.79465413,154.91026,-1.9388298106212445
GW190521_074359,GW190728_064510,67.9591562499989,-0.23619805,7.140688,-0.5,-23.328888,-0.68163073,55.267525,0.6699337700094314
GW190521_074359,GW190803_022701,73.77988888888723,-0.15858154,11.654736,-0.5,-66.279305,-1.0242286,117.50011,0.10942447647333464
GW190521_074359,GW190828_063405,98.951461805555,-0.22581552,18.776949,-0.5,-174.04942,-0.45088258,140.21579,-1.5168774942881802
GW190521_074359,GW190828_065509,98.96609259259094,-0.22581552,16.62152,-0.5,-136.17313,-0.93185526,142.28532,-0.9651386817630075
GW190521_074359,GW190910_112807,112.15564699073909,-0.1447218,5.8856235,-0.5,-17.611555,-0.58009434,155.62317,0.8299933645235495
GW190521_074359,GW190915_235702,117.67573148147927,-0.6674019,9.694444,-0.5,-44.88081,-0.68163073,77.14494,-0.005919411459927498
GW190521_074359,GW190924_021846,125.77415972222056,-0.6674019,18.262966,-0.5,-164.57399,-0.76933634,139.37704,-1.7494735147594644
GW190521_074359,GW190925_232845,127.65608449073854,-0.6674019,5.8598466,-0.5,-16.359785,-0.98211706,89.37607,0.40954243538829876
GW190521_074359,GW190929_012149,130.73460648148148,-0.6674019,12.157321,-0.5,-72.636375,-0.98211706,147.71645,-0.41023092137836403
GW190521_074359,GW190930_133541,132.24423379629573,-0.6674019,3.9035325,-0.5,-6.307344,-0.98211706,46.314293,0.5559749635480212
GW190521_074359,GW191105_143521,168.28567708333333,-0.76907015,2.6311357,0.1,-4.586659,-0.98211706,105.563705,0.4957098162007082
GW190521_074359,GW191109_010717,171.72451157407352,-0.76907015,2.7870266,0.1,-4.5912404,-0.40353647,90.74058,0.49564307882761943
GW190521_074359,GW191127_050227,189.88782523148038,-0.90639716,2.604695,0.1,-3.986934,-1.0350395,80.15497,0.38918739550407033
GW190521_074359,GW191129_134029,192.24756597222,-0.90639716,1.651327,0.5,-2.0530114,-0.68163073,53.284904,0.41735857918315
GW190521_074359,GW191204_171526,197.39683564814703,-0.90639716,5.5116425,-0.5,-15.595967,-0.39777276,154.40579,0.2200802023304665
GW190521_074359,GW191215_223052,208.61589004629465,-0.90639716,4.527271,-0.5,-10.737763,-0.8383292,132.19049,0.29084899064005815
GW190521_074359,GW191216_213338,209.57614583333333,-0.90639716,1.4538991,0.5,-1.1260746,-0.3310814,34.40215,0.4308611410924968
GW190521_074359,GW191219_163120,212.36621527777777,-0.90639716,3.7187548,-0.5,-8.260365,-1.0459685,166.59665,0.3269369195128669
GW190521_074359,GW191222_033537,214.82751967592372,-0.90639716,2.2501547,0.1,-3.5779476,-0.7285143,86.78746,0.39514504316135135
GW190521_074359,GW191230_180458,223.43123842592593,-1.3033174,6.214055,-0.5,-19.223705,-0.91243714,136.22867,-0.16589964464041382
GW190521_074359,GW200112_155838,236.34350231481372,-1.3033174,1.6922191,0.5,-2.5451822,-0.26856104,67.49265,0.0770541084819959
GW190521_074359,GW200128_022011,251.77514467592593,-1.0624563,1.6819799,0.5,-2.8390858,-0.893389,78.377655,0.2749275861592203
GW190521_074359,GW200129_065458,252.96596064814815,-1.0624563,2.5920289,0.1,-2.5328884,-0.03415892,39.19386,0.2793879216711531
GW190521_074359,GW200202_154313,257.33280208333224,-1.0624563,17.936497,-0.5,-158.44371,-0.87469685,122.549034,-1.9917435923118259
GW190521_074359,GW200208_130117,263.22035300925927,-1.0624563,13.954642,-0.5,-95.76302,-0.87469685,143.1081,-1.0786826405216539
GW190521_074359,GW200209_085452,264.0492210648126,-1.0624563,4.5952554,-0.5,-10.5528145,-0.99247986,104.75521,0.1625627608750064
GW190521_074359,GW200219_094415,274.0835150462941,-1.0624563,3.6452835,-0.5,-7.2660217,-0.8839992,113.71673,0.21044101919234812
GW190521_074359,GW200224_222234,279.6101273148148,-1.0624563,14.346819,-0.5,-100.72239,-0.2585107,109.53118,-1.1509250411517624
GW190521_074359,GW200225_060421,279.93080902777615,-1.0624563,4.1842947,-0.5,-8.982415,-0.7285143,107.20613,0.18543855140996093
GW190521_074359,GW200302_015811,285.7598622685174,-1.0624563,1.3018588,0.5,-2.6877337,-0.87469685,74.68201,0.27713231237550306
GW190521_074359,GW200311_115853,295.1770127314798,-0.70057005,14.106868,-0.5,-96.79176,-0.37504452,83.17163,-0.7899371464368284
GW190521_074359,GW200316_215756,300.5930173611089,-0.70057005,4.436947,-0.5,-10.070553,-0.92209905,113.625374,0.47331880739984733
GW190602_175927,GW190620_030421,17.378406249999447,0.9590666,7.040482,-0.5,-24.889,-0.087011375,169.58745,1.650393205953987
GW190602_175927,GW190630_185205,28.03655208333223,0.6858932,8.939388,-0.5,-38.4611,-0.2170645,96.75103,1.2234158524480643
GW190602_175927,GW190701_203306,29.106707175925926,0.6858932,5.6868906,-0.5,-13.903418,-0.16430305,41.84529,1.5811442591892644
GW190602_175927,GW190706_222641,34.185582175925376,0.6552695,7.0347,-0.5,-23.925228,-0.0150378775,106.80529,1.4094554797238257
GW190602_175927,GW190707_093326,34.64860069444334,0.6552695,10.02999,-0.5,-48.917107,-0.0076045995,114.80647,1.0454022204338975
GW190602_175927,GW190708_232457,36.22604513888834,0.6552695,3.4943483,-0.5,-6.5481443,-0.0150378775,99.67251,1.6625850707653194
GW190602_175927,GW190720_000836,47.25636226851907,0.3182104,16.738272,-0.5,-138.057,-0.19145404,138.80193,-0.5359800881232091
GW190602_175927,GW190725_174728,52.99168287037148,0.3182104,9.114833,-0.5,-40.580185,-0.37194243,128.92622,0.8839513789806213
GW190602_175927,GW190727_060333,54.50285763888999,0.21406563,2.000762,0.5,-0.09226841,-0.120627984,17.605099,1.3863246153374424
GW190602_175927,GW190728_064510,55.53175347222222,0.21406563,11.382006,-0.5,-62.881935,-0.0076045995,100.965294,0.4716761703385395
GW190602_175927,GW190803_022701,61.35248611111056,0.21406563,7.5383887,-0.5,-26.9461,-0.35020244,82.72492,0.9951485379748879
GW190602_175927,GW190828_063405,86.52405902777834,-0.22581552,7.0817847,-0.5,-23.128675,-0.22314355,61.14407,0.6815642952900318
GW190602_175927,GW190828_065509,86.53868981481426,-0.22581552,5.399493,-0.5,-12.841148,-0.2578291,51.80756,0.8314212883793821
GW190602_175927,GW190910_112807,99.72824421296241,-0.22581552,1.8055253,0.5,-1.9477451,-0.09393182,48.37737,0.9901039969077925
GW190602_175927,GW190915_235702,105.2483287037026,-0.1447218,14.068401,-0.5,-97.10941,-0.0076045995,127.47806,-0.328041007231614
GW190602_175927,GW190924_021846,113.3467569444439,-0.1447218,7.4602375,-0.5,-25.913134,-0.09531018,65.4742,0.7090654111912253
GW190602_175927,GW190925_232845,115.22868171296186,-0.1447218,7.001234,-0.5,-23.777168,-0.30809096,111.012146,0.7401797248317558
GW190602_175927,GW190929_012149,118.3072037037048,-0.6674019,4.431641,-0.5,-8.675632,-0.30809096,57.169132,0.5214764302255397
GW190602_175927,GW190930_133541,119.81683101851907,-0.6674019,9.464154,-0.5,-43.59892,-0.30809096,119.546364,0.012753716643942217
GW190602_175927,GW191105_143521,155.85827430555665,-0.75121254,1.2252798,0.5,-1.8874778,-0.30809096,49.44539,0.5500163067023379
GW190602_175927,GW191109_010717,159.29710879629684,-0.76907015,3.081782,-0.5,-5.4737363,-0.27048966,101.22233,0.4827878826346742
GW190602_175927,GW191127_050227,177.4604224537037,-0.76907015,3.0812442,-0.5,-5.361389,-0.36101335,95.75568,0.48442442777789546
GW190602_175927,GW191129_134029,179.82016319444335,-0.76907015,3.3521903,-0.5,-6.32604,-0.0076045995,109.13954,0.4703724946212912
GW190602_175927,GW191204_171526,184.96943287037038,-0.90639716,0.12545893,1.0,-0.43838748,-0.27625337,3.5564764,0.4408785841114468
GW190602_175927,GW191215_223052,196.18848726851797,-0.90639716,0.84374547,1.0,-0.8674179,-0.16430305,24.906187,0.43462895740801816
GW190602_175927,GW191216_213338,197.14874305555665,-0.90639716,5.180063,-0.5,-13.518686,-0.34294474,124.60962,0.25033966912399086
GW190602_175927,GW191219_163120,199.9388125000011,-0.90639716,0.42545244,1.0,-1.4456172,-0.37194243,19.148846,0.426206407281164
GW190602_175927,GW191222_033537,202.40011689814705,-0.90639716,2.6285708,0.1,-4.513589,-0.054488186,102.02083,0.38151568510535083
GW190602_175927,GW191230_180458,211.00383564814925,-0.90639716,0.8362396,1.0,-0.3044518,-0.23841102,18.687408,0.44282960689808065
GW190602_175927,GW200112_155838,223.91609953703704,-1.3033174,2.1763945,0.1,-3.4934642,-0.4054651,87.31453,0.06324061487313354
GW190602_175927,GW200128_022011,239.34774189814925,-1.3033174,2.4999173,0.1,-4.557964,-0.21936283,116.99502,0.04773419526578748
GW190602_175927,GW200129_065458,240.53855787037148,-1.3033174,7.363648,-0.5,-26.364187,-0.7081851,115.82841,-0.2699140637802273
GW190602_175927,GW200202_154313,244.90539930555556,-1.3033174,10.093566,-0.5,-48.862972,-0.20067069,81.66724,-0.5976507728507767
GW190602_175927,GW200208_130117,250.7929502314826,-1.3033174,4.860729,-0.5,-10.374669,-0.20067069,54.11651,-0.0369969503091353
GW190602_175927,GW200209_085452,251.62181828703592,-1.0624563,4.0872355,-0.5,-8.38288,-0.31845373,94.84309,0.19417189518415637
GW190602_175927,GW200219_094415,261.6561122685174,-1.0624563,1.3061205,0.5,-1.4940685,-0.20997308,41.136517,0.2945202685084466
GW190602_175927,GW200224_222234,267.18272453703815,-1.0624563,10.574752,-0.5,-53.998814,-0.41551545,92.8347,-0.47030913732999136
GW190602_175927,GW200225_060421,267.50340624999944,-1.0624563,3.3090687,-0.5,-5.731434,-0.054488186,85.986305,0.23279514963220352
GW190602_175927,GW200302_015811,273.33245949074075,-1.0624563,2.0098672,0.5,-3.8657904,-0.20067069,115.62597,0.25997172209577124
GW190602_175927,GW200311_115853,282.74960995370316,-1.0624563,9.898215,-0.5,-46.70926,-0.29898164,72.42888,-0.3641231974289379
GW190602_175927,GW200316_215756,288.16561458333223,-1.0624563,2.9184694,0.1,-4.5142736,-0.24807294,75.80155,0.2505253553384047
GW190620_030421,GW190630_185205,10.658145833332782,1.0945046,3.7390459,-0.5,-7.1206036,-0.3040759,91.22276,2.0228960470683743
GW190620_030421,GW190701_203306,11.728300925926478,1.0493224,6.437179,-0.5,-20.737148,-0.077291675,148.50725,1.7866242779301122
GW190620_030421,GW190706_222641,16.807175925925925,0.9590666,2.5046554,0.1,-3.441371,-0.102049254,66.67302,1.9628178694055156
GW190620_030421,GW190707_093326,17.27019444444389,0.9590666,2.2231388,0.1,-2.6245966,-0.079406776,54.86745,1.9747157093684362
GW190620_030421,GW190708_232457,18.847638888888888,0.58925885,2.0228534,0.5,-2.9511106,-0.102049254,72.701996,1.6595798401490294
GW190620_030421,GW190720_000836,29.877956018519622,0.94855064,2.2063334,0.1,-2.479566,-0.10444266,51.5951,1.9680022825019712
GW190620_030421,GW190725_174728,35.61327662037203,0.6552695,2.1667492,0.1,-2.6082137,-0.28493103,56.425583,1.7199774994273929
GW190620_030421,GW190727_060333,37.12445138889054,0.6552695,6.4812036,-0.5,-21.064325,-0.03361661,152.75835,1.4511298574001945
GW190620_030421,GW190728_064510,38.15334722222278,0.6552695,3.7520359,-0.5,-7.102481,-0.079406776,88.53377,1.6545101264624331
GW190620_030421,GW190803_022701,43.974079861111115,0.5659993,3.8790324,-0.5,-7.6593246,-0.26319104,94.89903,1.5714742230375554
GW190620_030421,GW190828_063405,69.14565277777888,-0.23619805,4.627514,-0.5,-10.763069,-0.3101549,108.78482,0.8529783251905542
GW190620_030421,GW190828_065509,69.16028356481482,-0.23619805,4.933362,-0.5,-12.256361,-0.17081773,117.79838,0.8312257479833152
GW190620_030421,GW190910_112807,82.34983796296297,-0.15858154,3.6227028,-0.5,-7.3901615,-0.18094319,125.28555,0.9672545285109673
GW190620_030421,GW190915_235702,87.86992245370315,-0.22581552,2.0021093,0.5,-2.0739377,-0.079406776,47.38701,0.9882657670887798
GW190620_030421,GW190924_021846,95.96835069444444,-0.22581552,4.573578,-0.5,-10.519412,-0.008298803,107.757835,0.8652417024759543
GW190620_030421,GW190925_232845,97.85027546296241,-0.22581552,2.1700413,0.1,-2.6883333,-0.22107957,58.61153,0.9793159505593478
GW190620_030421,GW190929_012149,100.92879745370536,-0.1447218,4.495503,-0.5,-10.314684,-0.22107957,114.12808,0.9362858841761302
GW190620_030421,GW190930_133541,102.43842476851962,-0.1447218,2.804236,0.1,-4.1310782,-0.22107957,70.81166,1.0263616180913586
GW190620_030421,GW191105_143521,138.4798680555572,-0.75121254,2.972973,0.1,-5.813523,-0.22107957,136.45161,0.4928261479183544
GW190620_030421,GW191109_010717,141.9187025462974,-0.75121254,1.7501651,0.5,-2.623422,-0.35750106,69.05754,0.5392959093922836
GW190620_030421,GW191127_050227,160.08201620370426,-0.76907015,2.4378014,0.1,-3.987943,-0.27400196,92.63227,0.5044312301832425
GW190620_030421,GW191129_134029,162.44175694444388,-0.76907015,1.8418583,0.5,-2.7759442,-0.079406776,72.235016,0.522086248681388
GW190620_030421,GW191204_171526,167.5910266203709,-0.76907015,4.664714,-0.5,-11.777132,-0.36326474,166.9998,0.3909671831290408
GW190620_030421,GW191215_223052,178.81008101851853,-0.76907015,4.500091,-0.5,-11.074278,-0.077291675,165.30963,0.4012055630243208
GW190620_030421,GW191216_213338,179.7703368055572,-0.76907015,2.0142214,0.5,-2.7329354,-0.42995614,65.47817,0.522712752022678
GW190620_030421,GW191219_163120,182.56040625000165,-0.76907015,3.1179054,-0.5,-6.4276667,-0.28493103,156.01463,0.4688921099299623
GW190620_030421,GW191222_033537,185.0217106481476,-0.90639716,1.5471998,0.5,-2.5314522,-0.032523192,68.923996,0.41038919836773996
GW190620_030421,GW191230_180458,193.6254293981498,-0.90639716,5.289125,-0.5,-14.613821,-0.15139964,165.36272,0.2343869919562631
GW190620_030421,GW200112_155838,206.5376932870376,-0.90639716,2.20318,0.1,-3.8122036,-0.4924765,100.664314,0.39173266778187565
GW190620_030421,GW200128_022011,221.9693356481498,-1.3033174,1.0247903,1.0,-2.1557143,-0.13235146,52.936058,0.08272743464753646
GW190620_030421,GW200129_065458,223.16015162037203,-1.3033174,2.7010999,0.1,-3.9762795,-0.7951964,72.75532,0.056207511257898746
GW190620_030421,GW200202_154313,227.52699305555612,-1.3033174,3.9765208,-0.5,-7.9459176,-0.113659315,92.709854,-0.0016176614800285094
GW190620_030421,GW200208_130117,233.41454398148315,-1.3033174,4.706945,-0.5,-11.219422,-0.113659315,115.49251,-0.04930235502053165
GW190620_030421,GW200209_085452,234.24341203703648,-1.3033174,2.6246321,0.1,-4.1099405,-0.23144235,83.68218,0.05426048937956007
GW190620_030421,GW200219_094415,244.27770601851796,-1.3033174,3.8255348,-0.5,-8.351827,-0.12296171,146.67522,-0.00753048298855552
GW190620_030421,GW200224_222234,249.80431828703868,-1.3033174,3.2739394,-0.5,-5.420022,-0.5025268,77.14014,0.03517671249373705
GW190620_030421,GW200225_060421,250.125,-1.3033174,2.8164675,0.1,-4.7580643,-0.032523192,95.648636,0.04481935992228819
GW190620_030421,GW200302_015811,255.9540532407413,-1.0624563,0.89871454,1.0,-2.3847806,-0.113659315,55.31073,0.2815453871582002
GW190620_030421,GW200311_115853,265.3712037037037,-1.0624563,5.0631695,-0.5,-12.835225,-0.385993,116.74274,0.1293151990508505
GW190620_030421,GW200316_215756,270.7872083333328,-1.0624563,3.1514494,-0.5,-5.757096,-0.16106156,106.995865,0.23242133560144604
GW190630_185205,GW190701_203306,1.0701550925936965,0.91136634,7.5565505,-0.5,-26.528667,-0.38136756,62.84518,1.58647355568065
GW190630_185205,GW190706_222641,6.1490300925931445,0.2738182,9.867332,-0.5,-47.92699,-0.20202662,154.61703,0.7396731101228373
GW190630_185205,GW190707_093326,6.612048611111111,1.1633148,10.277315,-0.5,-51.53692,-0.2246691,124.19902,1.4336420956616447
GW190630_185205,GW190708_232457,8.189493055556108,1.2453102,5.678767,-0.5,-16.585403,-0.20202662,163.46935,2.01159470722577
GW190630_185205,GW190720_000836,19.21981018518684,0.58925885,5.7104897,-0.5,-14.474569,-0.40851855,52.27169,1.4917192008041755
GW190630_185205,GW190725_174728,24.955130787039245,1.0970654,2.5844994,0.1,-2.452321,-0.5890069,37.90457,2.093047600890574
GW190630_185205,GW190727_060333,26.466305555557764,0.6858932,10.710023,-0.5,-55.62038,-0.3376925,102.97751,0.9734589955766115
GW190630_185205,GW190728_064510,27.495201388889992,0.6858932,1.6690228,0.5,0.32554072,-0.2246691,16.156897,1.7884155392016101
GW190630_185205,GW190803_022701,33.31593402777833,0.94855064,12.300855,-0.5,-74.30553,-0.56726694,143.1601,0.9217233858894446
GW190630_185205,GW190828_063405,58.4875069444461,0.21406563,15.609793,-0.5,-120.06925,-0.006079046,147.73274,-0.36136361486881474
GW190630_185205,GW190828_065509,58.50213773148203,0.21406563,12.507225,-0.5,-76.63039,-0.4748936,129.42741,0.2714043708568523
GW190630_185205,GW190910_112807,71.69169212963018,-0.23619805,5.2614775,-0.5,-14.180067,-0.12313268,142.44382,0.8032033862845762
GW190630_185205,GW190915_235702,77.21177662037037,-0.15858154,13.51165,-0.5,-89.59982,-0.2246691,133.16397,-0.23028231118212983
GW190630_185205,GW190924_021846,85.31020486111166,-0.15858154,16.616142,-0.5,-136.31183,-0.31237468,159.41898,-0.9107296767419707
GW190630_185205,GW190925_232845,87.19212962962963,-0.22581552,8.289275,-0.5,-33.682606,-0.5251554,135.30547,0.5278266434271373
GW190630_185205,GW190929_012149,90.27065162037258,-0.22581552,11.392732,-0.5,-63.839508,-0.5251554,153.45935,0.08853519228481793
GW190630_185205,GW190930_133541,91.78027893518684,-0.22581552,3.7212608,-0.5,-5.8276863,-0.5251554,49.16827,0.933585426353148
GW190630_185205,GW191105_143521,127.82172222222442,-0.6674019,1.1948568,0.5,-1.8598471,-0.5251554,48.439594,0.6207610394823062
GW190630_185205,GW191109_010717,131.26055671296461,-0.6674019,3.5345495,-0.5,-6.985396,-0.053425167,116.899216,0.5460978740070126
GW190630_185205,GW191127_050227,149.42387037037147,-0.75121254,2.4339254,0.1,-3.5917885,-0.57807785,76.22502,0.5251898458913329
GW190630_185205,GW191129_134029,151.7836111111111,-0.75121254,1.3540534,0.5,-1.6382537,-0.2246691,44.39615,0.5536467194283581
GW190630_185205,GW191204_171526,156.93288078703813,-0.75121254,3.3814156,-0.5,-6.1660256,-0.059188873,96.74735,0.4876912877465586
GW190630_185205,GW191215_223052,168.15193518518575,-0.76907015,2.5376601,0.1,-3.7484188,-0.38136756,75.5512,0.5079203452065447
GW190630_185205,GW191216_213338,169.11219097222443,-0.76907015,1.4863952,0.5,-1.2324766,-0.12588024,36.217335,0.5445697296672469
GW190630_185205,GW191219_163120,171.90226041666887,-0.76907015,2.4854536,0.1,-4.451241,-0.5890069,112.27982,0.49768243069469487
GW190630_185205,GW191222_033537,174.36356481481482,-0.76907015,2.7876036,0.1,-4.9541874,-0.27155268,108.73144,0.4903560799502905
GW190630_185205,GW191230_180458,182.96728356481702,-0.76907015,3.458262,-0.5,-5.964232,-0.45547554,78.435486,0.4756428994536254
GW190630_185205,GW200112_155838,195.87954745370482,-0.90639716,0.23459032,1.0,-1.161925,-0.1884006,9.455325,0.43033891316015266
GW190630_185205,GW200128_022011,211.31118981481703,-0.90639716,2.5047195,0.1,-4.576816,-0.43642733,117.62109,0.38059466351298504
GW190630_185205,GW200129_065458,212.50200578703925,-0.90639716,1.2074122,0.5,-0.040401615,-0.49112055,19.56041,0.4466759895525107
GW190630_185205,GW200202_154313,216.86884722222334,-1.3033174,18.11641,-0.5,-162.23169,-0.4177352,162.53166,-2.2490772944756094
GW190630_185205,GW200208_130117,222.75639814815037,-1.3033174,11.518997,-0.5,-65.01938,-0.4177352,135.79546,-0.832998924332624
GW190630_185205,GW200209_085452,223.5852662037037,-1.3033174,5.8385267,-0.5,-17.101849,-0.5355182,137.3583,-0.1349908498794578
GW190630_185205,GW200219_094415,233.61956018518518,-1.3033174,1.7547622,0.5,-2.1957202,-0.4270376,55.68352,0.08214467387567059
GW190630_185205,GW200224_222234,239.1461724537059,-1.3033174,15.996536,-0.5,-126.20881,-0.19845094,153.5106,-1.72433694453466
GW190630_185205,GW200225_060421,239.46685416666722,-1.3033174,4.6073694,-0.5,-10.892398,-0.27155268,121.04729,-0.044538634661275334
GW190630_185205,GW200302_015811,245.29590740740852,-1.3033174,1.8422222,0.5,-3.5474277,-0.4177352,106.22177,0.06245453711045984
GW190630_185205,GW200311_115853,254.71305787037093,-1.0624563,3.3177335,-0.5,-3.4729178,-0.08191712,27.472633,0.2656946428537196
GW190630_185205,GW200316_215756,260.1290625,-1.0624563,4.3487678,-0.5,-9.7334585,-0.46513745,114.20156,0.17449820659749213
GW190701_203306,GW190706_222641,5.0788749999994485,1.4296408,9.785925,-0.5,-46.830563,-0.17934093,132.21567,1.725726246507852
GW190701_203306,GW190707_093326,5.541893518517415,0.2738182,16.971325,-0.5,-142.17377,-0.15669845,154.66035,-0.6332067307719513
GW190701_203306,GW190708_232457,7.119337962962411,1.1633148,4.7245765,-0.5,-11.542951,-0.17934093,130.73026,2.0162287307724016
GW190701_203306,GW190720_000836,18.149655092593143,0.9590666,21.265413,-0.5,-222.88503,-0.027150989,96.97266,-1.2337876783019315
GW190701_203306,GW190725_174728,23.884975694445547,1.0970654,8.164948,-0.5,-32.099163,-0.20763937,100.69759,1.6611861281851144
GW190701_203306,GW190727_060333,25.396150462964066,0.6858932,10.545674,-0.5,-52.72991,-0.043675065,57.234074,1.0155640543604947
GW190701_203306,GW190728_064510,26.425046296296298,0.6858932,11.092449,-0.5,-58.68745,-0.15669845,61.477512,0.9287814083271629
GW190701_203306,GW190803_022701,32.24577893518463,0.94855064,11.321523,-0.5,-62.112816,-0.18589938,96.368706,1.0993329294243845
GW190701_203306,GW190828_063405,57.4173518518524,0.21406563,19.879143,-0.5,-194.61156,-0.3874466,102.47896,-1.4472111263805494
GW190701_203306,GW190828_065509,57.431982638888336,0.21406563,14.047155,-0.5,-96.18897,-0.09352606,93.27483,-0.01350286497163622
GW190701_203306,GW190910_112807,70.62153703703649,-0.23619805,3.0818765,-0.5,-4.9976096,-0.25823486,79.7695,0.9369629818514627
GW190701_203306,GW190915_235702,76.14162152777668,-0.15858154,24.243856,-0.5,-291.15408,-0.15669845,141.64818,-3.166295518082515
GW190701_203306,GW190924_021846,84.24004976851796,-0.15858154,17.92355,-0.5,-157.73741,-0.06899287,96.6125,-1.222833197842606
GW190701_203306,GW190925_232845,86.12197453703594,-0.22581552,10.716122,-0.5,-56.474445,-0.14378789,152.84834,0.1958210485579937
GW190701_203306,GW190929_012149,89.20049652777888,-0.22581552,8.712191,-0.5,-36.467007,-0.14378789,94.81684,0.48726665763137494
GW190701_203306,GW190930_133541,90.71012384259315,-0.22581552,7.421303,-0.5,-25.994068,-0.14378789,78.393616,0.6398245138766725
GW190701_203306,GW191105_143521,126.75156712963073,-0.6674019,0.8380441,1.0,-1.4580814,-0.14378789,33.31691,0.6266135052748557
GW190701_203306,GW191109_010717,130.19040162037092,-0.6674019,4.271786,-0.5,-9.803638,-0.43479273,137.15352,0.5050449221303299
GW190701_203306,GW191127_050227,148.35371527777778,-0.75121254,2.1532416,0.1,-2.8816345,-0.19671029,65.23314,0.5355345624273931
GW190701_203306,GW191129_134029,150.7134560185174,-0.75121254,3.0472517,-0.5,-5.30401,-0.15669845,96.94054,0.5002481523227094
GW190701_203306,GW191204_171526,155.86272569444444,-0.75121254,1.5992725,0.5,-1.6478026,-0.44055644,43.96177,0.5535076218779014
GW190701_203306,GW191215_223052,167.08178009259203,-0.76907015,0.5932981,1.0,-0.63083905,-0.0,17.024424,0.5533337010543132
GW190701_203306,GW191216_213338,168.04203587963073,-0.76907015,3.6122746,-0.5,-6.5398884,-0.5072478,83.21587,0.46725739159035484
GW190701_203306,GW191219_163120,170.83210532407517,-0.76907015,1.1509264,1.0,-1.9934626,-0.20763937,51.1841,0.5334845516271952
GW190701_203306,GW191222_033537,173.29340972222113,-0.76907015,3.5071568,-0.5,-7.176609,-0.10981487,133.93587,0.45798236928754227
GW190701_203306,GW191230_180458,181.89712847222333,-0.76907015,1.4785814,0.5,-0.9469133,-0.074107975,31.414747,0.5487294908657432
GW190701_203306,GW200112_155838,194.80939236111112,-0.90639716,1.3697051,0.5,-2.0329065,-0.56976813,54.12597,0.41765144428114553
GW190701_203306,GW200128_022011,210.24103472222333,-0.90639716,3.326933,-0.5,-6.945266,-0.055059776,153.98444,0.34609378243528865
GW190701_203306,GW200129_065458,211.43185069444556,-0.90639716,5.5805597,-0.5,-14.608335,-0.8724881,78.81335,0.23446691287786586
GW190701_203306,GW200202_154313,215.79869212962964,-1.3033174,25.622719,-0.5,-324.86514,-0.036367644,107.16865,-4.618136456877316
GW190701_203306,GW200208_130117,221.68624305555667,-1.3033174,11.007554,-0.5,-58.65504,-0.036367644,95.950356,-0.740290488568913
GW190701_203306,GW200209_085452,222.51511111111,-1.3033174,4.6499057,-0.5,-10.747634,-0.15415068,102.98124,-0.04242987814891447
GW190701_203306,GW200219_094415,232.54940509259148,-1.3033174,0.67779124,1.0,-0.821225,-0.045670036,20.824594,0.10216675665972536
GW190701_203306,GW200224_222234,238.0760173611122,-1.3033174,24.814941,-0.5,-305.00275,-0.5798185,133.859,-4.3288036607927625
GW190701_203306,GW200225_060421,238.39669907407352,-1.3033174,3.368008,-0.5,-5.85451,-0.10981487,84.351746,0.02884758814188132
GW190701_203306,GW200302_015811,244.22575231481483,-1.3033174,2.5464997,0.1,-5.073737,-0.036367644,145.4324,0.040220996547185806
GW190701_203306,GW200311_115853,253.64290277777724,-1.0624563,14.996422,-0.5,-107.905716,-0.46328467,35.402725,-1.255563574201523
GW190701_203306,GW200316_215756,259.0589074074063,-1.0624563,2.870266,0.1,-4.3009906,-0.08376988,71.850075,0.25363222038802513
GW190706_222641,GW190707_093326,0.4630185185179666,1.7792835,3.314576,-0.5,-4.7930665,-0.022642476,53.38596,2.631535757022644
GW190706_222641,GW190708_232457,2.040462962962963,1.9834324,0.33640343,1.0,-0.6460254,-0.0,10.324969,2.863287249755953
GW190706_222641,GW190720_000836,13.070780092593697,1.0493224,7.3032017,-0.5,-25.693836,-0.20649192,102.547966,1.7144208861558807
GW190706_222641,GW190725_174728,18.8061006944461,0.58925885,6.7878804,-0.5,-22.573528,-0.3869803,123.0218,1.3737427786461196
GW190706_222641,GW190727_060333,20.31727546296462,0.58925885,7.1313457,-0.5,-24.496492,-0.13566586,102.31043,1.3457312249565943
GW190706_222641,GW190728_064510,21.34617129629685,0.58925885,9.908651,-0.5,-48.16524,-0.022642476,142.59035,1.0009518134805908
GW190706_222641,GW190803_022701,27.166903935185186,0.6858932,2.3057203,0.1,-1.9163396,-0.3652403,36.370743,1.7557583761680422
GW190706_222641,GW190828_063405,52.33847685185295,0.3182104,3.967389,-0.5,-6.9244437,-0.20810567,56.51885,1.3742099355105322
GW190706_222641,GW190828_065509,52.353107638888886,0.3182104,5.009624,-0.5,-11.685309,-0.272867,74.38247,1.304859059376287
GW190706_222641,GW190910_112807,65.54266203703703,-0.23619805,2.0178711,0.5,-2.5182235,-0.078893945,58.703083,0.9730798582682293
GW190706_222641,GW190915_235702,71.06274652777722,-0.23619805,1.4859066,0.5,-0.19489558,-0.022642476,21.558748,1.0069234570987373
GW190706_222641,GW190924_021846,79.16117476851852,-0.15858154,2.8849974,0.1,-3.2281053,-0.11034806,41.349586,1.0278826292424945
GW190706_222641,GW190925_232845,81.04309953703648,-0.15858154,2.1996937,0.1,-2.100431,-0.32312882,42.869423,1.0443093063798583
GW190706_222641,GW190929_012149,84.12162152777944,-0.15858154,3.0069468,0.1,-3.9486327,-0.32312882,51.629738,1.017386805485071
GW190706_222641,GW190930_133541,85.63124884259369,-0.15858154,6.416726,-0.5,-19.99141,-0.32312882,108.88659,0.7836938839438647
GW190706_222641,GW191105_143521,121.67269212963129,-0.6674019,3.7266297,-0.5,-8.156599,-0.32312882,156.20197,0.5290371188920813
GW190706_222641,GW191109_010717,125.11152662037148,-0.6674019,1.9618391,0.5,-2.7619033,-0.2554518,68.164185,0.607620910547742
GW190706_222641,GW191127_050227,143.27484027777834,-0.75121254,2.776509,0.1,-4.593681,-0.37605122,91.84226,0.5105954180486033
GW190706_222641,GW191129_134029,145.63458101851796,-0.75121254,3.7910092,-0.5,-8.007663,-0.022642476,130.68819,0.46086441272763645
GW190706_222641,GW191204_171526,150.783850694445,-0.75121254,3.516506,-0.5,-6.7616553,-0.2612155,107.35384,0.47901483188718386
GW190706_222641,GW191215_223052,162.00290509259258,-0.76907015,3.93591,-0.5,-8.394618,-0.17934093,124.44862,0.44023979966334587
GW190706_222641,GW191216_213338,162.9631608796313,-0.76907015,4.472423,-0.5,-10.30384,-0.32790688,118.92538,0.41242843030900156
GW190706_222641,GW191219_163120,165.75323032407573,-0.76907015,1.9251271,0.5,-3.2696254,-0.3869803,89.35029,0.5148948626047398
GW190706_222641,GW191222_033537,168.21453472222166,-0.76907015,1.877491,0.5,-2.9031804,-0.06952606,75.91177,0.5202328174946602
GW190706_222641,GW191230_180458,176.8182534722239,-0.76907015,5.0080833,-0.5,-12.72407,-0.2534489,125.48072,0.37717327382736243
GW190706_222641,GW200112_155838,189.73051736111165,-0.90639716,3.902934,-0.5,-8.818316,-0.39042723,162.70714,0.31880931047613803
GW190706_222641,GW200128_022011,205.1621597222239,-0.90639716,1.2354656,0.5,-2.2533283,-0.2344007,59.489906,0.4144405903459598
GW190706_222641,GW200129_065458,206.3529756944461,-0.90639716,6.974927,-0.5,-23.995346,-0.6931472,135.21716,0.097727606128112
GW190706_222641,GW200202_154313,210.71981712963017,-0.90639716,1.8925431,0.5,-0.7994353,-0.21570857,26.350777,0.4356192499347585
GW190706_222641,GW200208_130117,216.6073680555572,-1.3033174,4.2981405,-0.5,-8.509252,-0.21570857,68.27843,-0.009823670259685446
GW190706_222641,GW200209_085452,217.43623611111056,-1.3033174,1.2835742,0.5,-1.0677799,-0.3334916,33.14647,0.09857522515643996
GW190706_222641,GW200219_094415,227.47053009259204,-1.3033174,4.371163,-0.5,-10.316348,-0.22501096,146.30966,-0.0361473963303946
GW190706_222641,GW200224_222234,232.99714236111276,-1.3033174,2.5443246,0.1,-2.303506,-0.40047756,36.470715,0.08057457437264154
GW190706_222641,GW200225_060421,233.31782407407408,-1.3033174,1.8781921,0.5,-2.1943538,-0.06952606,53.24339,0.08216457769983643
GW190706_222641,GW200302_015811,239.14687731481536,-1.3033174,1.2313852,0.5,-2.642224,-0.21570857,72.20164,0.0756405132589158
GW190706_222641,GW200311_115853,248.56402777777777,-1.3033174,11.751432,-0.5,-67.9932,-0.28394374,158.51042,-0.8763182032158929
GW190706_222641,GW200316_215756,253.98003240740687,-1.0624563,2.2707634,0.1,-3.0079587,-0.26311082,64.34712,0.2724676388076247
GW190707_093326,GW190708_232457,1.5774444444449964,1.0566281,1.6897715,0.5,-1.9054825,-0.022642476,49.04759,2.067074271695344
GW190707_093326,GW190720_000836,12.60776157407573,1.0493224,10.705478,-0.5,-55.62664,-0.18384944,105.80007,1.2783938427733221
GW190707_093326,GW190725_174728,18.343082175928135,0.9590666,5.885186,-0.5,-16.492746,-0.3643378,89.05432,1.7727002779324423
GW190707_093326,GW190727_060333,19.854256944446654,0.58925885,9.525795,-0.5,-43.77836,-0.113023385,98.2267,1.064854932019484
GW190707_093326,GW190728_064510,20.883152777778882,0.58925885,12.807161,-0.5,-80.43146,-0.0,132.84428,0.530934275722791
GW190707_093326,GW190803_022701,26.70388541666722,0.6858932,7.203363,-0.5,-24.691795,-0.34259784,88.0253,1.4239914431193237
GW190707_093326,GW190828_063405,51.87545833333499,0.3182104,5.6842833,-0.5,-14.536051,-0.23074815,57.815098,1.2633327014147933
GW190707_093326,GW190828_065509,51.890089120370924,0.3182104,5.735298,-0.5,-14.983758,-0.2502245,63.0795,1.2568110125131726
GW190707_093326,GW190910_112807,65.07964351851908,-0.23619805,3.231454,-0.5,-5.578403,-0.101536416,88.30958,0.9285026445002356
GW190707_093326,GW190915_235702,70.59972800925927,-0.23619805,5.2215705,-0.5,-12.083456,-0.0,55.015522,0.8337444308914095
GW190707_093326,GW190924_021846,78.69815625000055,-0.15858154,7.2689037,-0.5,-24.822681,-0.08770558,74.8132,0.713317406919874
GW190707_093326,GW190925_232845,80.58008101851851,-0.15858154,0.67762727,1.0,0.3930567,-0.30048636,11.345344,1.080631598354132
GW190707_093326,GW190929_012149,83.65860300926147,-0.15858154,5.020122,-0.5,-11.616875,-0.30048636,70.159676,0.9056845785420695
GW190707_093326,GW190930_133541,85.16823032407574,-0.15858154,9.152095,-0.5,-40.86072,-0.30048636,125.64024,0.47969348020869385
GW190707_093326,GW191105_143521,121.20967361111332,-0.6674019,3.1734936,-0.5,-6.189947,-0.30048636,129.19586,0.5576850670572926
GW190707_093326,GW191109_010717,124.64850810185351,-0.6674019,0.56071115,1.0,-0.9086843,-0.27809426,18.66186,0.6346164966108754
GW190707_093326,GW191127_050227,142.81182175926037,-0.75121254,4.378631,-0.5,-10.23005,-0.35340875,138.09575,0.42849120217842507
GW190707_093326,GW191129_134029,145.1715625,-0.75121254,2.456369,0.1,-3.751227,-0.0,81.0567,0.5228673290450712
GW190707_093326,GW191204_171526,150.32083217592702,-0.75121254,3.887442,-0.5,-8.021957,-0.28385797,112.16455,0.4606561848997373
GW190707_093326,GW191215_223052,161.53988657407461,-0.76907015,4.6149716,-0.5,-11.193079,-0.15669845,138.46855,0.39947500348218645
GW190707_093326,GW191216_213338,162.50014236111332,-0.76907015,4.74551,-0.5,-11.410836,-0.35054934,116.97246,0.39630296391428005
GW190707_093326,GW191219_163120,165.29021180555776,-0.76907015,2.4435,0.1,-4.354626,-0.3643378,110.75935,0.4990898057556599
GW190707_093326,GW191222_033537,167.75151620370372,-0.76907015,0.6203358,1.0,-1.270311,-0.046883587,24.30654,0.5440186010765891
GW190707_093326,GW191230_180458,176.35523495370592,-0.76907015,5.3621864,-0.5,-14.38759,-0.23080643,123.24759,0.35294099478382085
GW190707_093326,GW200112_155838,189.2674988425937,-0.90639716,3.209382,-0.5,-6.2929835,-0.4130697,129.90782,0.3555954881447157
GW190707_093326,GW200128_022011,204.69914120370592,-0.90639716,0.14070003,1.0,-1.4561796,-0.21175823,6.628006,0.42605254596233705
GW190707_093326,GW200129_065458,205.88995717592815,-0.90639716,6.8968306,-0.5,-23.146152,-0.7157897,114.64716,0.11009769219027883
GW190707_093326,GW200202_154313,210.2567986111122,-0.90639716,7.337313,-0.5,-25.206717,-0.19306609,71.27735,0.08008173901308942
GW190707_093326,GW200208_130117,216.14434953703923,-1.3033174,4.9794464,-0.5,-11.16837,-0.19306609,61.563606,-0.0485586861911837
GW190707_093326,GW200209_085452,216.9732175925926,-1.3033174,3.6326146,-0.5,-6.6803665,-0.31084913,86.5266,0.0168174473103907
GW190707_093326,GW200219_094415,227.00751157407407,-1.3033174,4.3230095,-0.5,-10.014022,-0.20236848,138.12347,-0.03174345209275625
GW190707_093326,GW200224_222234,232.5341238425948,-1.3033174,3.0021627,0.1,-2.9111025,-0.42312005,30.905287,0.0717237976885663
GW190707_093326,GW200225_060421,232.8548055555561,-1.3033174,4.018364,-0.5,-8.372006,-0.046883587,106.62886,-0.007824438611902351
GW190707_093326,GW200302_015811,238.6838587962974,-1.3033174,0.32980752,1.0,-1.9090892,-0.19306609,19.056223,0.08631998808421232
GW190707_093326,GW200311_115853,248.1010092592598,-1.3033174,16.216576,-0.5,-129.64224,-0.30658624,147.24811,-1.774351298904379
GW190707_093326,GW200316_215756,253.5170138888889,-1.0624563,4.4268894,-0.5,-10.096172,-0.24046834,117.417244,0.1692146043246012
GW190708_232457,GW190720_000836,11.030317129630733,1.0945046,4.0217533,-0.5,-8.488307,-0.20649192,112.34056,2.002972899071103
GW190708_232457,GW190725_174728,16.76563773148314,0.9590666,4.23435,-0.5,-9.521453,-0.3869803,127.84452,1.8742501514545293
GW190708_232457,GW190727_060333,18.276812500001654,0.9590666,3.321819,-0.5,-5.9293365,-0.13566586,93.302666,1.926576016699688
GW190708_232457,GW190728_064510,19.305708333333886,0.58925885,5.438935,-0.5,-15.2047,-0.022642476,152.88997,1.4810834807038404
GW190708_232457,GW190803_022701,25.126440972222223,0.6858932,1.3513705,0.5,-1.3782662,-0.3652403,38.97772,1.7635964177304093
GW190708_232457,GW190828_063405,50.29801388888999,0.3182104,1.6551216,0.5,-1.778152,-0.20810567,46.403828,1.4491752598603818
GW190708_232457,GW190828_065509,50.312644675925924,0.3182104,2.2620933,0.1,-2.9890103,-0.272867,64.12394,1.4315368527722843
GW190708_232457,GW190910_112807,63.50219907407408,-0.23619805,1.3976644,0.5,-1.9831818,-0.078893945,52.84248,0.980873737026881
GW190708_232457,GW190915_235702,69.02228356481426,-0.23619805,1.0923162,1.0,-1.0145892,-0.022642476,30.771677,0.9949830929419494
GW190708_232457,GW190924_021846,77.12071180555556,-0.15858154,1.2568891,0.5,-1.2014732,-0.11034806,35.294323,1.0574043000677187
GW190708_232457,GW190925_232845,79.00263657407352,-0.15858154,1.2195904,0.5,-1.3550892,-0.32312882,37.84496,1.0551665976150975
GW190708_232457,GW190929_012149,82.08115856481648,-0.15858154,1.453002,0.5,-1.574581,-0.32312882,43.051926,1.051969290158041
GW190708_232457,GW190930_133541,83.59078587963073,-0.15858154,4.038884,-0.5,-8.66742,-0.32312882,119.20213,0.948648874058449
GW190708_232457,GW191105_143521,119.63222916666832,-0.6674019,3.0596447,-0.5,-6.180032,-0.32312882,148.00507,0.5578295026251536
GW190708_232457,GW191109_010717,123.07106365740852,-0.6674019,1.4545214,0.5,-2.289389,-0.2554518,61.543957,0.6145039627368579
GW190708_232457,GW191127_050227,141.23437731481536,-0.75121254,2.4454565,0.1,-4.156479,-0.37605122,100.152626,0.5169640791539583
GW190708_232457,GW191129_134029,143.59411805555501,-0.75121254,3.0781064,-0.5,-5.958376,-0.022642476,129.5551,0.49071609250000187
GW190708_232457,GW191204_171526,148.74338773148204,-0.75121254,2.5629625,0.1,-4.3490443,-0.2612155,99.761284,0.5141590048397626
GW190708_232457,GW191215_223052,159.96244212962964,-0.76907015,3.0138216,0.1,-5.649965,-0.17934093,119.90496,0.48022078595780093
GW190708_232457,GW191216_213338,160.9226979166683,-0.76907015,3.5875235,-0.5,-7.3391175,-0.32790688,128.86017,0.45561513048284663
GW190708_232457,GW191219_163120,163.71276736111275,-0.76907015,1.5958896,0.5,-2.9295595,-0.3869803,83.49473,0.5198485566477989
GW190708_232457,GW191222_033537,166.1740717592587,-0.76907015,1.478315,0.5,-2.5384438,-0.06952606,69.62052,0.5255458847900993
GW190708_232457,GW191230_180458,174.7777905092609,-0.76907015,3.393125,-0.5,-6.59718,-0.2534489,118.073265,0.46642283407169943
GW190708_232457,GW200112_155838,187.6900543981487,-0.90639716,3.582416,-0.5,-7.9080396,-0.39042723,172.59013,0.33206918881870073
GW190708_232457,GW200128_022011,203.1216967592609,-0.90639716,1.0311936,1.0,-2.2461548,-0.2344007,55.547733,0.4145450862910834
GW190708_232457,GW200129_065458,204.31251273148314,-0.90639716,4.648726,-0.5,-11.412562,-0.6931472,143.95486,0.2810192868566693
GW190708_232457,GW200202_154313,208.67935416666722,-0.90639716,0.8546402,1.0,-0.762023,-0.21570857,23.822311,0.43616423042827285
GW190708_232457,GW200208_130117,214.56690509259425,-0.90639716,2.009269,0.5,-2.4879782,-0.21570857,58.076317,0.4110224775528526
GW190708_232457,GW200209_085452,215.39577314814758,-0.90639716,1.1083614,1.0,-1.4865211,-0.3334916,39.185833,0.42561056541459896
GW190708_232457,GW200219_094415,225.43006712962907,-1.3033174,3.4061518,-0.5,-6.9827676,-0.22501096,140.58156,0.012412412547401108
GW190708_232457,GW200224_222234,230.95667939814982,-1.3033174,0.97273004,1.0,-0.8847452,-0.40047756,27.315693,0.1012414667372426
GW190708_232457,GW200225_060421,231.2773611111111,-1.3033174,1.5762548,0.5,-2.2184114,-0.06952606,58.69772,0.08181413355789635
GW190708_232457,GW200302_015811,237.1064143518524,-1.3033174,1.0738381,1.0,-2.6172993,-0.21570857,68.09441,0.07600358874067292
GW190708_232457,GW200311_115853,246.52356481481482,-1.3033174,5.9143963,-0.5,-17.871399,-0.28394374,163.5888,-0.14620078367239303
GW190708_232457,GW200316_215756,251.9395694444439,-1.0624563,1.841085,0.5,-2.6704688,-0.26311082,68.54424,0.27738380697036413
GW190720_000836,GW190725_174728,5.735320601852404,0.2738182,3.298704,-0.5,-4.29848,-0.18048838,42.593273,1.3752036257819582
GW190720_000836,GW190727_060333,7.246495370370922,1.1633148,22.982512,-0.5,-261.62527,-0.07082605,152.58263,-1.626686111283703
GW190720_000836,GW190728_064510,8.275391203703151,1.2453102,6.1934085,-0.5,-16.734749,-0.18384944,41.70291,2.0094192133403204
GW190720_000836,GW190803_022701,14.096123842591489,0.9412389,11.360073,-0.5,-62.733837,-0.15874839,106.00611,1.084149838283377
GW190720_000836,GW190828_063405,39.26769675925926,0.6552695,24.62514,-0.5,-300.6585,-0.4145976,158.0567,-2.6216801776388508
GW190720_000836,GW190828_065509,39.28232754629519,0.6552695,21.95551,-0.5,-238.83629,-0.06637507,168.23344,-1.721124398133975
GW190720_000836,GW190910_112807,52.47188194444334,0.3182104,5.467745,-0.5,-15.218337,-0.28538585,143.06004,1.2533939312042355
GW190720_000836,GW190915_235702,57.99196643518353,0.21406563,11.688452,-0.5,-65.938255,-0.18384944,81.61745,0.42715517419430665
GW190720_000836,GW190924_021846,66.09039467592483,-0.23619805,20.535032,-0.5,-208.36201,-0.096143864,135.71321,-2.025418357034094
GW190720_000836,GW190925_232845,67.97231944444279,-0.23619805,7.4610643,-0.5,-26.959967,-0.1166369,110.17818,0.6170403453601219
GW190720_000836,GW190929_012149,71.05084143518573,-0.23619805,13.141753,-0.5,-84.985115,-0.1166369,151.59631,-0.2282040161127758
GW190720_000836,GW190930_133541,72.56046875,-0.23619805,1.8328599,0.5,-0.25902626,-0.1166369,20.590612,1.0059892743153638
GW190720_000836,GW191105_143521,108.6019120370376,-0.1447218,2.4772863,0.1,-4.184605,-0.1166369,98.94042,1.0255818994112267
GW190720_000836,GW191109_010717,112.04074652777778,-0.1447218,3.5986967,-0.5,-7.168955,-0.46194372,116.35933,0.9821092871067532
GW190720_000836,GW191127_050227,130.20406018518463,-0.6674019,1.7907921,0.5,-2.1826837,-0.1695593,54.68307,0.6160583225555178
GW190720_000836,GW191129_134029,132.56380092592428,-0.6674019,2.1756022,0.1,-3.042106,-0.18384944,69.709435,0.6035392373894659
GW190720_000836,GW191204_171526,137.7130706018513,-0.75121254,5.0753274,-0.5,-13.267608,-0.46770743,140.85709,0.3842435180820999
GW190720_000836,GW191215_223052,148.9321249999989,-0.75121254,3.9369602,-0.5,-8.222269,-0.027150989,113.967995,0.4577382724687819
GW190720_000836,GW191216_213338,149.89238078703758,-0.75121254,0.7120989,1.0,-0.2963464,-0.5343988,16.62906,0.5731940985239892
GW190720_000836,GW191219_163120,152.68245023148202,-0.75121254,3.1636918,-0.5,-6.3429856,-0.18048838,141.21512,0.48511353587294115
GW190720_000836,GW191222_033537,155.14375462962798,-0.75121254,2.939388,0.1,-5.356511,-0.13696586,112.81449,0.499483374534492
GW190720_000836,GW191230_180458,163.74747337963018,-0.76907015,5.7865114,-0.5,-16.627546,-0.046956982,124.918686,0.32031186502415127
GW190720_000836,GW200112_155838,176.65973726851797,-0.76907015,1.5189939,0.5,-2.2578518,-0.5969191,60.305717,0.5296332293748041
GW190720_000836,GW200128_022011,192.09137962963018,-0.90639716,2.209637,0.1,-3.859075,-0.027908789,102.619736,0.39104989819467545
GW190720_000836,GW200129_065458,193.2821956018524,-0.90639716,2.3250036,0.1,-1.8105792,-0.89963907,34.017975,0.4208900562541338
GW190720_000836,GW200202_154313,197.6490370370365,-0.90639716,21.040949,-0.5,-218.57155,-0.009216655,119.241234,-2.736637190991377
GW190720_000836,GW200208_130117,203.53658796296352,-0.90639716,17.552593,-0.5,-152.29468,-0.009216655,167.07668,-1.771191124393968
GW190720_000836,GW200209_085452,204.36545601851685,-0.90639716,4.1918974,-0.5,-8.7522,-0.12699969,94.21141,0.319772418011837
GW190720_000836,GW200219_094415,214.39974999999833,-0.90639716,3.291058,-0.5,-6.022427,-0.018519048,101.895256,0.35953664676418046
GW190720_000836,GW200224_222234,219.92636226851906,-1.3033174,19.252762,-0.5,-182.85367,-0.6069695,127.302246,-2.54947482472289
GW190720_000836,GW200225_060421,220.24704398148037,-1.3033174,3.5155225,-0.5,-6.385265,-0.13696586,89.06659,0.021116152378621467
GW190720_000836,GW200302_015811,226.07609722222168,-1.3033174,1.754392,0.5,-3.3748255,-0.009216655,100.418915,0.06496880929499965
GW190720_000836,GW200311_115853,235.4932476851841,-1.3033174,15.510448,-0.5,-117.03388,-0.49043566,69.70275,-1.590687047482885
GW190720_000836,GW200316_215756,240.90925231481316,-1.3033174,3.6338649,-0.5,-6.807331,-0.056618895,92.02011,0.014967971882819286
GW190725_174728,GW190727_060333,1.5111747685185186,1.0566281,9.569041,-0.5,-44.69167,-0.25131443,126.72511,1.4438137672958526
GW190725_174728,GW190728_064510,2.540070601850748,2.0915067,3.2987337,-0.5,-4.356389,-0.3643378,43.842793,2.899945634167237
GW190725_174728,GW190803_022701,8.360803240739084,1.2453102,9.853982,-0.5,-47.678146,-0.021739986,145.61981,1.5586709945905277
GW190725_174728,GW190828_063405,33.53237615740686,0.94855064,10.664018,-0.5,-55.75248,-0.595086,140.0618,1.1919830741769628
GW190725_174728,GW190828_065509,33.54700694444279,0.94855064,9.39408,-0.5,-43.112923,-0.11411331,129.49512,1.376101762098973
GW190725_174728,GW190910_112807,46.73656134259094,0.3182104,6.10352,-0.5,-19.072168,-0.46587422,174.33856,1.1972557004674025
GW190725_174728,GW190915_235702,52.25664583333113,0.3182104,7.7066813,-0.5,-28.631208,-0.3643378,103.41459,1.0580104775967878
GW190725_174728,GW190924_021846,60.35507407407242,0.21406563,12.297666,-0.5,-74.52241,-0.27663225,162.675,0.30211100861256535
GW190725_174728,GW190925_232845,62.23699884259039,0.21406563,5.309411,-0.5,-13.692486,-0.06385147,99.24096,1.1882121176971956
GW190725_174728,GW190929_012149,65.31552083333334,-0.23619805,9.654675,-0.5,-45.925156,-0.06385147,156.98073,0.3407770441190679
GW190725_174728,GW190930_133541,66.82514814814759,-0.23619805,3.5007787,-0.5,-5.4202156,-0.06385147,56.177635,0.9308069384594972
GW190725_174728,GW191105_143521,102.86659143518519,-0.1447218,1.9278306,0.5,-3.053501,-0.06385147,80.10206,1.0420585392801296
GW190725_174728,GW191109_010717,106.30542592592538,-0.1447218,2.57428,0.1,-4.1254168,-0.6424321,88.30858,1.026444088202795
GW190725_174728,GW191127_050227,124.46873958333222,-0.6674019,2.861124,0.1,-4.80398,-0.01092907,93.3154,0.5778742615641439
GW190725_174728,GW191129_134029,126.82848032407186,-0.6674019,0.80094355,1.0,-1.1165937,-0.3643378,27.25516,0.6315879088805569
GW190725_174728,GW191204_171526,131.9777499999989,-0.6674019,4.246855,-0.5,-9.563428,-0.6481958,127.51542,0.5085440359513591
GW190725_174728,GW191215_223052,143.1968043981465,-0.75121254,3.6013033,-0.5,-7.102696,-0.20763937,112.121796,0.47404694017649424
GW190725_174728,GW191216_213338,144.15706018518517,-0.75121254,1.451172,0.5,-1.3114985,-0.71488714,37.748062,0.5584065170220596
GW190725_174728,GW191219_163120,146.94712962962964,-0.75121254,3.199327,-0.5,-6.520182,-0.0,147.43639,0.48253233877273627
GW190725_174728,GW191222_033537,149.40843402777557,-0.75121254,2.032768,0.5,-3.1879706,-0.31745422,81.421196,0.5310722056232486
GW190725_174728,GW191230_180458,158.01215277777777,-0.75121254,4.5214214,-0.5,-10.355543,-0.13353139,110.506355,0.42666316217272626
GW190725_174728,GW200112_155838,170.92441666666556,-0.76907015,1.1282226,1.0,-1.820642,-0.7774075,46.62008,0.5360020050895112
GW190725_174728,GW200128_022011,186.35605902777777,-0.90639716,1.7336969,0.5,-2.9797773,-0.15257959,82.930824,0.4038585074224556
GW190725_174728,GW200129_065458,187.546875,-0.90639716,1.3972832,0.5,-0.562277,-1.0801275,25.967781,0.4390739022731544
GW190725_174728,GW200202_154313,191.91371643518409,-0.90639716,11.664857,-0.5,-66.87221,-0.17127173,149.11966,-0.5268537432714312
GW190725_174728,GW200208_130117,197.80126736111112,-0.90639716,9.007,-0.5,-39.70672,-0.17127173,134.17421,-0.1311377958477783
GW190725_174728,GW200209_085452,198.63013541666447,-0.90639716,5.26707,-0.5,-14.068287,-0.053488687,132.87387,0.24233371270510923
GW190725_174728,GW200219_094415,208.66442939814593,-0.90639716,2.744965,0.1,-4.5026855,-0.16196933,90.621475,0.38167451282943987
GW190725_174728,GW200224_222234,214.19104166666668,-0.90639716,9.066586,-0.5,-40.007847,-0.7874579,119.9488,-0.13552429167979646
GW190725_174728,GW200225_060421,214.51172337962797,-0.90639716,4.7332435,-0.5,-11.593733,-0.31745422,131.61313,0.27838020161457
GW190725_174728,GW200302_015811,220.34077662036927,-1.3033174,1.2643646,0.5,-2.6744845,-0.17127173,73.806435,0.07517058018477757
GW190725_174728,GW200311_115853,229.75792708333168,-1.3033174,5.311257,-0.5,-12.866742,-0.67092407,65.37409,-0.07329863604283426
GW190725_174728,GW200316_215756,235.17393171296075,-1.3033174,4.8146863,-0.5,-11.981731,-0.12386948,133.82376,-0.06040680653331221
GW190727_060333,GW190728_064510,1.0288958333322296,0.91136634,15.146163,-0.5,-112.433525,-0.113023385,111.30073,0.3351093015240252
GW190727_060333,GW190803_022701,6.849628472220567,1.1633148,8.949691,-0.5,-38.351505,-0.22957444,87.56837,1.6257121998429305
GW190727_060333,GW190828_063405,32.021201388888336,0.94855064,6.9673486,-0.5,-21.92257,-0.34377155,49.19647,1.6847787275175552
GW190727_060333,GW190828_065509,32.03583217592427,0.94855064,4.4176717,-0.5,-7.709594,-0.13720112,36.26097,1.8918171881816803
GW190727_060333,GW190910_112807,45.22538657407242,0.5659993,1.8556023,0.5,-2.0044208,-0.21455981,48.85678,1.653848430757438
GW190727_060333,GW190915_235702,50.745471064812605,0.3182104,16.343857,-0.5,-131.35263,-0.113023385,123.8463,-0.4383183611856769
GW190727_060333,GW190924_021846,58.8438993055539,0.21406563,8.752823,-0.5,-36.00509,-0.025317809,63.322033,0.8631874965530881
GW190727_060333,GW190925_232845,60.725824074071866,0.21406563,6.370376,-0.5,-19.456017,-0.18746296,95.92173,1.1042555576926303
GW190727_060333,GW190929_012149,63.804346064814816,-0.23619805,4.2590756,-0.5,-7.7651935,-0.18746296,50.704037,0.8966479683365178
GW190727_060333,GW190930_133541,65.31397337962908,-0.23619805,11.677713,-0.5,-66.8302,-0.18746296,135.61565,0.03625613332834127
GW190727_060333,GW191105_143521,101.35541666666667,-0.1447218,1.3671591,0.5,-2.056108,-0.18746296,54.751038,1.0565874244654418
GW190727_060333,GW191109_010717,104.79425115740686,-0.1447218,2.5795813,0.1,-4.0290155,-0.39111766,83.75227,1.0278483514461974
GW190727_060333,GW191127_050227,122.95756481481371,-0.6674019,3.6881466,-0.5,-7.3896737,-0.24038535,113.14191,0.5402088148375088
GW190727_060333,GW191129_134029,125.31730555555335,-0.6674019,3.1664295,-0.5,-5.697022,-0.113023385,101.884,0.5648654402170974
GW190727_060333,GW191204_171526,130.4665752314804,-0.6674019,0.51464915,1.0,-0.53174555,-0.39688137,14.363286,0.6401073117242964
GW190727_060333,GW191215_223052,141.68562962962798,-0.75121254,1.3871216,0.5,-1.4447756,-0.043675065,40.361664,0.5564650884274094
GW190727_060333,GW191216_213338,142.64588541666666,-0.75121254,5.7938623,-0.5,-16.84298,-0.46357274,136.36945,0.3321615693225142
GW190727_060333,GW191219_163120,145.4359548611111,-0.75121254,0.63728166,1.0,-1.5459142,-0.25131443,28.50758,0.5549918164619383
GW190727_060333,GW191222_033537,147.89725925925705,-0.75121254,2.1931095,0.1,-3.447237,-0.0661398,84.4192,0.5272955079511843
GW190727_060333,GW191230_180458,156.50097800925926,-0.75121254,1.2724494,0.5,-0.71366656,-0.11778303,27.723585,0.567115053081019
GW190727_060333,GW200112_155838,169.41324189814705,-0.76907015,2.3636386,0.1,-3.9030542,-0.5260931,94.09649,0.5056677921602867
GW190727_060333,GW200128_022011,184.84488425925926,-0.90639716,2.1454515,0.5,-3.723316,-0.09873484,99.838684,0.39302748256693487
GW190727_060333,GW200129_065458,186.03570023148148,-0.90639716,8.20606,-0.5,-32.817127,-0.828813,122.470406,-0.03077806751509333
GW190727_060333,GW200202_154313,190.40254166666557,-0.90639716,12.639956,-0.5,-77.33377,-0.080042705,80.714355,-0.6792458952315076
GW190727_060333,GW200208_130117,196.2900925925926,-0.90639716,4.0034146,-0.5,-6.352879,-0.080042705,39.886723,0.3547229984034918
GW190727_060333,GW200209_085452,197.11896064814593,-0.90639716,4.4259133,-0.5,-9.777554,-0.19782574,100.31996,0.30483623549987066
GW190727_060333,GW200219_094415,207.1532546296274,-0.90639716,1.6304467,0.5,-1.9450679,-0.0893451,50.708183,0.41893097781924443
GW190727_060333,GW200224_222234,212.67986689814813,-0.90639716,11.059993,-0.5,-58.86169,-0.5361434,80.04645,-0.4101656413684763
GW190727_060333,GW200225_060421,213.00054861110945,-0.90639716,3.788949,-0.5,-7.397285,-0.0661398,96.639336,0.3395092806626397
GW190727_060333,GW200302_015811,218.82960185185075,-1.3033174,1.710243,0.5,-3.3009853,-0.080042705,98.021194,0.06604442848445502
GW190727_060333,GW200311_115853,228.24675231481316,-1.3033174,15.442879,-0.5,-116.344986,-0.4196096,82.95547,-1.5806519915244341
GW190727_060333,GW200316_215756,233.66275694444224,-1.3033174,3.4682422,-0.5,-6.232611,-0.12744495,88.417145,0.02333983776016707
GW190728_064510,GW190803_022701,5.820732638888337,0.2738182,12.964487,-0.5,-82.35508,-0.34259784,127.68441,0.23816386749275653
GW190728_064510,GW190828_063405,30.992305555556108,0.94855064,22.403645,-0.5,-248.63725,-0.23074815,160.18147,-1.6177429071616678
GW190728_064510,GW190828_065509,31.00693634259204,0.94855064,17.255962,-0.5,-146.85434,-0.2502245,142.95993,-0.13508519980757594
GW190728_064510,GW190910_112807,44.19649074074019,0.5659993,5.2661157,-0.5,-14.150598,-0.101536416,138.77948,1.4769167424995964
GW190728_064510,GW190915_235702,49.71657523148038,0.3182104,16.040697,-0.5,-126.46553,-0.0,122.87739,-0.3671286439825405
GW190728_064510,GW190924_021846,57.81500347222167,0.21406563,20.671045,-0.5,-211.36903,-0.08770558,151.33601,-1.6913149878253249
GW190728_064510,GW190925_232845,59.69692824073964,0.21406563,9.439014,-0.5,-43.71822,-0.30048636,142.5226,0.7508313781066309
GW190728_064510,GW190929_012149,62.77545023148259,0.21406563,13.054355,-0.5,-83.91228,-0.30048636,156.10158,0.16533006741086576
GW190728_064510,GW190930_133541,64.28507754629685,-0.23619805,2.9150372,0.1,-2.9037418,-0.30048636,34.010914,0.9674640659974945
GW190728_064510,GW191105_143521,100.32652083333444,-0.1447218,1.4301666,0.5,-2.1450207,-0.30048636,57.29685,1.055292245014262
GW190728_064510,GW191109_010717,103.76535532407462,-0.1447218,4.004108,-0.5,-8.719532,-0.27809426,130.08072,0.9595222426791361
GW190728_064510,GW191127_050227,121.92866898148148,-0.6674019,1.9693422,0.5,-2.5289552,-0.35340875,60.454334,0.6110142329906667
GW190728_064510,GW191129_134029,124.28840972222112,-0.6674019,1.8004639,0.5,-2.305937,-0.0,57.967567,0.6142629080120794
GW190728_064510,GW191204_171526,129.43767939814813,-0.6674019,3.6489906,-0.5,-7.0584984,-0.28385797,101.92173,0.5450330003125788
GW190728_064510,GW191215_223052,140.65673379629575,-0.75121254,2.6437135,0.1,-3.978822,-0.15669845,76.982544,0.5195519826377724
GW190728_064510,GW191216_213338,141.61698958333443,-0.75121254,1.0664047,1.0,-0.62944514,-0.35054934,25.12841,0.5683418949694428
GW190728_064510,GW191219_163120,144.40705902777887,-0.75121254,2.5172338,0.1,-4.511714,-0.3643378,112.639145,0.5117894182798521
GW190728_064510,GW191222_033537,146.86836342592483,-0.75121254,3.1741154,-0.5,-6.080728,-0.046883587,122.233,0.48893380593690666
GW190728_064510,GW191230_180458,155.47208217592703,-0.75121254,3.8637505,-0.5,-7.371042,-0.23080643,84.29356,0.4701379833119878
GW190728_064510,GW200112_155838,168.38434606481482,-0.76907015,0.5114348,1.0,-1.241239,-0.4130697,20.36833,0.5444420895789998
GW190728_064510,GW200128_022011,183.81598842592703,-0.76907015,2.723468,0.1,-5.1310563,-0.21175823,126.77362,0.48777965476675006
GW190728_064510,GW200129_065458,185.00680439814926,-0.90639716,1.2215571,0.5,0.10083376,-0.7157897,18.282558,0.44873334583250873
GW190728_064510,GW200202_154313,189.37364583333334,-0.90639716,22.678709,-0.5,-254.6419,-0.19306609,147.04193,-3.2620691423856676
GW190728_064510,GW200208_130117,195.26119675926037,-0.90639716,14.850264,-0.5,-108.617004,-0.19306609,148.89319,-1.1349444600420706
GW190728_064510,GW200209_085452,196.0900648148137,-0.90639716,5.340804,-0.5,-14.2477455,-0.31084913,121.205894,0.2397195636796407
GW190728_064510,GW200219_094415,206.12435879629518,-0.90639716,1.9555578,0.5,-2.5292966,-0.20236848,60.85905,0.4104205978572329
GW190728_064510,GW200224_222234,211.6509710648159,-0.90639716,22.334068,-0.5,-247.12906,-0.42312005,163.57764,-3.152630519608885
GW190728_064510,GW200225_060421,211.97165277777722,-0.90639716,4.13234,-0.5,-8.759272,-0.046883587,105.499886,0.31966940851528136
GW190728_064510,GW200302_015811,217.80070601851853,-1.3033174,2.0429616,0.5,-3.9257498,-0.19306609,117.113174,0.05694357072086259
GW190728_064510,GW200311_115853,227.21785648148094,-1.3033174,5.2252283,-0.5,-10.79804,-0.30658624,28.675814,-0.043164142065360456
GW190728_064510,GW200316_215756,232.63386111111,-1.3033174,3.9135845,-0.5,-7.87827,-0.24046834,99.86722,-0.0006322502697887478
GW190803_022701,GW190828_063405,25.17157291666777,0.6858932,6.4406347,-0.5,-19.013367,-0.57334596,62.063343,1.5067083328022928
GW190803_022701,GW190828_065509,25.186203703703704,0.6858932,7.468626,-0.5,-26.335474,-0.09237332,78.46425,1.4000482019160163
GW190803_022701,GW190910_112807,38.37575810185185,0.6552695,1.4466178,0.5,-1.3893214,-0.44413424,39.25197,1.7377329348196267
GW190803_022701,GW190915_235702,43.89584259259204,0.5659993,4.8620358,-0.5,-10.170462,-0.34259784,48.721886,1.5348948353704581
GW190803_022701,GW190924_021846,51.99427083333333,0.3182104,3.1236632,-0.5,-3.1774712,-0.25489226,30.499565,1.4287915698098317
GW190803_022701,GW190925_232845,53.8761956018513,0.3182104,4.67625,-0.5,-10.272489,-0.042111486,76.79966,1.325439426021238
GW190803_022701,GW190929_012149,56.95471759259425,0.21406563,3.4468071,-0.5,-4.900539,-0.042111486,46.846973,1.3162831996228692
GW190803_022701,GW190930_133541,58.46434490740851,0.21406563,7.4382453,-0.5,-26.586197,-0.042111486,99.201035,1.0003912003979676
GW190803_022701,GW191105_143521,94.5057881944461,-0.22581552,3.1196485,-0.5,-6.014107,-0.042111486,126.59724,0.9308698584700121
GW190803_022701,GW191109_010717,97.94462268518629,-0.22581552,2.9928005,0.1,-5.2203035,-0.6206921,99.1304,0.9424330877466498
GW190803_022701,GW191127_050227,116.10793634259315,-0.1447218,2.1434195,0.5,-2.930262,-0.010810916,67.23944,1.043853741969917
GW190803_022701,GW191129_134029,118.46767708333279,-0.6674019,5.068284,-0.5,-13.568328,-0.34259784,166.43071,0.4502052084079336
GW190803_022701,GW191204_171526,123.61694675925982,-0.6674019,2.960422,0.1,-4.8350973,-0.6264558,84.872,0.5774209781031711
GW190803_022701,GW191215_223052,134.8360011574074,-0.6674019,3.0877218,-0.5,-5.2992744,-0.18589938,92.097946,0.5706593736242727
GW190803_022701,GW191216_213338,135.7962569444461,-0.6674019,4.783571,-0.5,-11.574587,-0.6931472,116.878174,0.47924776004578984
GW190803_022701,GW191219_163120,138.58632638889054,-0.75121254,1.406644,0.5,-2.3534346,-0.021739986,63.595997,0.5432287779352724
GW190803_022701,GW191222_033537,141.0476307870365,-0.75121254,2.7494292,0.1,-4.85066,-0.29571423,107.35823,0.5068520404409339
GW190803_022701,GW191230_180458,149.6513495370387,-0.75121254,4.3768625,-0.5,-9.569277,-0.11179141,99.58659,0.4381165956899537
GW190803_022701,GW200112_155838,162.5636134259265,-0.76907015,3.4962783,-0.5,-7.248411,-0.75566757,141.06242,0.4569364373933181
GW190803_022701,GW200128_022011,177.9952557870387,-0.76907015,2.0111284,0.5,-3.4638147,-0.1308396,94.51253,0.5120661336148515
GW190803_022701,GW200129_065458,179.18607175926093,-0.76907015,8.357924,-0.5,-34.251377,-1.0583875,136.246,0.06358794410102253
GW190803_022701,GW200202_154313,183.55291319444498,-0.76907015,2.1216686,0.5,-0.42030168,-0.14953174,19.419403,0.5564005700447728
GW190803_022701,GW200208_130117,189.440464120372,-0.90639716,6.068328,-0.5,-17.111408,-0.14953174,72.3796,0.19800498243172326
GW190803_022701,GW200209_085452,190.26933217592537,-0.90639716,0.5405547,1.0,-0.20967352,-0.031748697,12.754905,0.4442102289237067
GW190803_022701,GW200219_094415,200.30362615740685,-0.90639716,3.578136,-0.5,-7.060913,-0.14022934,113.72947,0.34440916387833426
GW190803_022701,GW200224_222234,205.83023842592758,-0.90639716,6.404753,-0.5,-18.809723,-0.76571786,62.550526,0.17326586610263417
GW190803_022701,GW200225_060421,206.1509201388889,-0.90639716,0.84250176,1.0,-0.6381274,-0.29571423,22.187305,0.4379690003942112
GW190803_022701,GW200302_015811,211.9799733796302,-0.90639716,1.8560125,0.5,-3.5739157,-0.14953174,107.0698,0.39520377524483924
GW190803_022701,GW200311_115853,221.3971238425926,-1.3033174,14.707968,-0.5,-106.17822,-0.64918405,124.67526,-1.4325541478010768
GW190803_022701,GW200316_215756,226.81312847222168,-1.3033174,1.1329184,1.0,-0.9240756,-0.1021295,29.822021,0.1006685458728655
GW190828_063405,GW190828_065509,0.014630787035933247,0.58367896,2.2812915,0.1,-0.5101389,-0.48097265,18.320614,1.6904539396037999
GW190828_063405,GW190910_112807,13.204185185184082,1.0493224,1.3379335,0.5,-1.173661,-0.12921174,35.153656,2.0716029084390017
GW190828_063405,GW190915_235702,18.72426967592427,0.58925885,10.405441,-0.5,-51.87694,-0.23074815,76.84482,0.9468839833262485
GW190828_063405,GW190924_021846,26.822697916665565,0.6858932,4.5651484,-0.5,-8.062827,-0.31845373,32.104874,1.6662233379194107
GW190828_063405,GW190925_232845,28.70462268518353,0.6858932,3.4046285,-0.5,-4.948135,-0.5312345,50.93844,1.711594631266668
GW190828_063405,GW190929_012149,31.78314467592648,0.94855064,1.4660637,0.5,0.25052902,-0.5312345,17.275152,2.007771202857607
GW190828_063405,GW190930_133541,33.29277199074074,0.94855064,14.036984,-0.5,-97.142586,-0.5312345,161.26437,0.5890590859240529
GW190828_063405,GW191105_143521,69.33421527777833,-0.23619805,2.5713882,0.1,-4.4257674,-0.5312345,102.884674,0.9452929284899896
GW190828_063405,GW191109_010717,72.77304976851852,-0.23619805,1.6339321,0.5,-2.0340269,-0.04734612,52.976994,0.9801330845073023
GW190828_063405,GW191127_050227,90.93636342592538,-0.22581552,4.1111765,-0.5,-9.036281,-0.5841569,125.926125,0.8868462738603607
GW190828_063405,GW191129_134029,93.29610416666502,-0.22581552,3.647819,-0.5,-7.3343897,-0.23074815,117.20996,0.911637485349542
GW190828_063405,GW191204_171526,98.44537384259205,-0.22581552,2.1426702,0.5,-2.6911268,-0.053109825,59.688885,0.9792752572932946
GW190828_063405,GW191215_223052,109.66442824073964,-0.1447218,2.9573698,0.1,-4.8523335,-0.3874466,85.90536,1.0158551912323508
GW190828_063405,GW191216_213338,110.62468402777833,-0.1447218,7.4223175,-0.5,-27.598745,-0.1198012,174.24352,0.6845113368707837
GW190828_063405,GW191219_163120,113.41475347222277,-0.1447218,1.1860203,0.5,-2.0447319,-0.595086,53.016155,1.0567531391696952
GW190828_063405,GW191222_033537,115.87605787036871,-0.1447218,1.5374926,0.5,-2.2223685,-0.27763173,59.125046,1.0541655308917883
GW190828_063405,GW191230_180458,124.47977662037093,-0.6674019,3.527847,-0.5,-6.1208696,-0.4615546,76.62971,0.5586913093855479
GW190828_063405,GW200112_155838,137.39204050925872,-0.75121254,3.5393615,-0.5,-7.3713813,-0.18232156,140.77394,0.47013303774478976
GW190828_063405,GW200128_022011,152.82368287037093,-0.75121254,1.3446491,0.5,-2.3245442,-0.44250637,62.531677,0.5436496200035504
GW190828_063405,GW200129_065458,154.01449884259316,-0.75121254,10.902975,-0.5,-58.57183,-0.4850415,161.66476,-0.2756968724943276
GW190828_063405,GW200202_154313,158.3813402777772,-0.75121254,7.2818103,-0.5,-23.888662,-0.42381424,44.826916,0.22952807479438167
GW190828_063405,GW200208_130117,164.26889120370424,-0.76907015,1.2159562,0.5,0.9509535,-0.42381424,11.937742,0.5763754554820368
GW190828_063405,GW200209_085452,165.0977592592576,-0.76907015,3.1724737,-0.5,-5.0098724,-0.5415973,71.70704,0.4895449235775485
GW190828_063405,GW200219_094415,175.13205324073908,-0.76907015,3.2164598,-0.5,-5.7857146,-0.43311664,99.88541,0.47824333703295774
GW190828_063405,GW200224_222234,180.6586655092598,-0.76907015,4.504328,-0.5,-7.787901,-0.19237189,31.691082,0.4490777644110491
GW190828_063405,GW200225_060421,180.97934722222112,-0.76907015,3.2573156,-0.5,-5.519833,-0.27763173,82.895615,0.48211639685915
GW190828_063405,GW200302_015811,186.80840046296242,-0.90639716,1.1977423,0.5,-2.554936,-0.42381424,68.61753,0.4100471137624893
GW190828_063405,GW200311_115853,196.22555092592484,-0.90639716,25.929087,-0.5,-333.15735,-0.075838074,132.1513,-4.4057927930669525
GW190828_063405,GW200316_215756,201.6415555555539,-0.90639716,3.3243678,-0.5,-5.7395287,-0.4712165,84.56131,0.363657589254134
GW190828_065509,GW190910_112807,13.189554398148148,1.0493224,1.6884308,0.5,-1.7290832,-0.35176092,44.922104,2.063512149782017
GW190828_065509,GW190915_235702,18.709638888888335,0.58925885,11.0628,-0.5,-59.21163,-0.2502245,93.90701,0.8400405608287036
GW190828_065509,GW190924_021846,26.80806712962963,0.6858932,5.860989,-0.5,-15.12132,-0.16251893,47.96484,1.5634032454738493
GW190828_065509,GW190925_232845,28.689991898147596,0.6858932,3.8430815,-0.5,-6.612365,-0.050261836,59.70564,1.6873520234893857
GW190828_065509,GW190929_012149,31.768513888890546,0.94855064,2.5303693,0.1,-1.9949924,-0.050261836,31.641123,1.9750610013074232
GW190828_065509,GW190930_133541,33.278141203704806,0.94855064,13.994315,-0.5,-96.66917,-0.050261836,171.11026,0.5959553181886721
GW190828_065509,GW191105_143521,69.3195844907424,-0.23619805,2.1497319,0.5,-3.4413042,-0.050261836,86.48292,0.9596334688335045
GW190828_065509,GW191109_010717,72.75841898148259,-0.23619805,1.5869668,0.5,-1.9749165,-0.52831876,51.881134,0.9809941376243807
GW190828_065509,GW191127_050227,90.92173263888944,-0.22581552,4.3978853,-0.5,-10.2745905,-0.10318424,135.95975,0.8688079843233958
GW190828_065509,GW191129_134029,93.28147337962908,-0.22581552,3.190152,-0.5,-5.786456,-0.2502245,103.3703,0.9341860210348188
GW190828_065509,GW191204_171526,98.4307430555561,-0.22581552,1.7530136,0.5,-1.9544582,-0.5340825,49.382183,0.9900062073462782
GW190828_065509,GW191215_223052,109.6497974537037,-0.1447218,2.5987449,0.1,-3.876599,-0.09352606,76.26757,1.0300685811821235
GW190828_065509,GW191216_213338,110.6100532407424,-0.1447218,6.89851,-0.5,-23.879358,-0.6007739,164.50032,0.7386911368892176
GW190828_065509,GW191219_163120,113.40012268518684,-0.1447218,1.1258832,1.0,-1.9839443,-0.11411331,50.548084,1.0576386231803514
GW190828_065509,GW191222_033537,115.86142708333279,-0.1447218,1.4347048,0.5,-2.0813904,-0.20334092,55.49807,1.0562191394676756
GW190828_065509,GW191230_180458,124.46514583333499,-0.6674019,2.8810112,0.1,-4.084583,-0.019418085,63.730587,0.5883536197779675
GW190828_065509,GW200112_155838,137.37740972222278,-0.75121254,3.0716774,-0.5,-5.8364544,-0.6632942,122.84687,0.49249210680582195
GW190828_065509,GW200128_022011,152.809052083335,-0.75121254,1.4114865,0.5,-2.4247174,-0.038466282,65.905174,0.5421904102582936
GW190828_065509,GW200129_065458,153.99986805555722,-0.75121254,9.392758,-0.5,-43.32301,-0.96601415,144.71355,-0.05356938906454706
GW190828_065509,GW200202_154313,158.3667094907413,-0.75121254,8.399947,-0.5,-33.03579,-0.057158414,62.528946,0.09628313078705661
GW190828_065509,GW200208_130117,164.25426041666833,-0.76907015,0.6035999,1.0,1.3410809,-0.057158414,6.441884,0.5820583879950983
GW190828_065509,GW200209_085452,165.08312847222166,-0.76907015,3.8755193,-0.5,-7.521114,-0.06062462,89.086914,0.45296401473177667
GW190828_065509,GW200219_094415,175.11742245370314,-0.76907015,2.7369266,0.1,-4.3762913,-0.04785602,85.76217,0.4987742132758215
GW190828_065509,GW200224_222234,180.64403472222386,-0.76907015,5.459058,-0.5,-12.84703,-0.67334455,44.690052,0.3753821310870516
GW190828_065509,GW200225_060421,180.96471643518518,-0.76907015,3.788476,-0.5,-7.4177427,-0.20334092,97.70822,0.4544698079691879
GW190828_065509,GW200302_015811,186.79376967592648,-0.90639716,1.1805842,0.5,-2.5398548,-0.057158414,67.8148,0.41026679905259805
GW190828_065509,GW200311_115853,196.2109201388889,-0.90639716,17.759068,-0.5,-155.20624,-0.55681074,117.118256,-1.8136034195940107
GW190828_065509,GW200316_215756,201.62692476851797,-0.90639716,3.7499232,-0.5,-7.271492,-0.009756175,96.66859,0.3413416897157649
GW190910_112807,GW190915_235702,5.520084490740189,0.2738182,2.9943166,0.1,-4.772487,-0.101536416,79.104126,1.3682988290730198
GW190910_112807,GW190924_021846,13.61851273148148,0.9412389,0.6674462,1.0,-0.5049557,-0.189242,17.568344,1.9906294009867154
GW190910_112807,GW190925_232845,15.500437499999448,0.9412389,2.6695015,0.1,-4.069839,-0.40202275,78.61324,1.9387002360443955
GW190910_112807,GW190929_012149,18.578959490742395,0.58925885,0.6727806,1.0,-0.6298811,-0.40202275,18.816505,1.693392871493164
GW190910_112807,GW190930_133541,20.08858680555666,0.58925885,4.6397905,-0.5,-11.158582,-0.40202275,129.19653,1.5400227362244243
GW190910_112807,GW191105_143521,56.13003009259425,0.21406563,2.0628893,0.5,-3.5853207,-0.40202275,97.727036,1.335441802523638
GW190910_112807,GW191109_010717,59.56886458333444,0.21406563,2.1277544,0.5,-3.4403112,-0.17655785,87.590836,1.337554136236992
GW190910_112807,GW191127_050227,77.73217824074129,-0.15858154,2.313162,0.1,-3.7829657,-0.45494518,91.992485,1.01980005473516
GW190910_112807,GW191129_134029,80.09191898148093,-0.15858154,3.5946639,-0.5,-7.6262794,-0.101536416,147.15356,0.9638150323911476
GW190910_112807,GW191204_171526,85.24118865740796,-0.15858154,1.3117334,0.5,-1.8597367,-0.18232156,49.4195,1.0478154669395425
GW190910_112807,GW191215_223052,96.46024305555555,-0.22581552,1.7401699,0.5,-2.56014,-0.25823486,67.10733,0.981183325883927
GW190910_112807,GW191216_213338,97.42049884259424,-0.22581552,4.266206,-0.5,-9.927145,-0.24901293,147.44547,0.8738691749927998
GW190910_112807,GW191219_163120,100.2105682870387,-0.1447218,0.59824896,1.0,-1.7994937,-0.46587422,30.747583,1.0603254901032872
GW190910_112807,GW191222_033537,102.67187268518464,-0.1447218,2.0441813,0.5,-3.490971,-0.14842,94.17004,1.0356859710377677
GW190910_112807,GW191230_180458,111.27559143518684,-0.1447218,2.0070431,0.5,-2.7723188,-0.33234283,67.02427,1.0461544795662496
GW190910_112807,GW200112_155838,124.18785532407463,-0.6674019,2.8253891,0.1,-5.4404974,-0.3115333,133.28334,0.5686021982664244
GW190910_112807,GW200128_022011,139.61949768518684,-0.75121254,1.7781417,0.5,-3.2618349,-0.31329465,94.191284,0.5299962356597154
GW190910_112807,GW200129_065458,140.81031365740907,-0.75121254,5.3449345,-0.5,-14.786271,-0.6142532,157.03865,0.3621213569711029
GW190910_112807,GW200202_154313,145.17715509259315,-0.75121254,1.276964,0.5,-1.0807047,-0.2946025,33.330296,0.56176845907705
GW190910_112807,GW200208_130117,151.06470601852018,-0.75121254,1.4846705,0.5,-1.4498738,-0.2946025,40.380886,0.5563908233036873
GW190910_112807,GW200209_085452,151.8935740740735,-0.75121254,1.5283524,0.5,-1.9605742,-0.41238555,51.925007,0.5489515215696764
GW190910_112807,GW200219_094415,161.927868055555,-0.76907015,2.194718,0.1,-3.5324109,-0.30390492,88.00123,0.5110669032951447
GW190910_112807,GW200224_222234,167.45448032407572,-0.76907015,2.1892037,0.1,-2.6785831,-0.32158363,57.625458,0.523504494265759
GW190910_112807,GW200225_060421,167.77516203703703,-0.76907015,1.5033927,0.5,-2.0347142,-0.14842,54.01828,0.5328836443745638
GW190910_112807,GW200302_015811,173.60421527777834,-0.76907015,1.636951,0.5,-3.3564541,-0.2946025,102.560074,0.513630040739851
GW190910_112807,GW200311_115853,183.02136574074075,-0.76907015,4.450853,-0.5,-10.152779,-0.20504981,115.15175,0.4146289159792528
GW190910_112807,GW200316_215756,188.43737037036982,-0.90639716,1.4405164,0.5,-1.9416804,-0.34200475,51.746582,0.41898032235488375
GW190915_235702,GW190924_021846,8.098428240741292,1.2453102,8.241624,-0.5,-31.746986,-0.08770558,62.23322,1.7907380122932142
GW190915_235702,GW190925_232845,9.98035300925926,1.549421,3.1388137,-0.5,-4.1116843,-0.30048636,47.74802,2.4485377547699145
GW190915_235702,GW190929_012149,13.058875000002208,1.0493224,6.0485115,-0.5,-17.020073,-0.30048636,73.18672,1.8407704036370627
GW190915_235702,GW190930_133541,14.56850231481647,0.9412389,7.6890492,-0.5,-28.240568,-0.30048636,90.83102,1.586608546463234
GW190915_235702,GW191105_143521,50.60994560185406,0.3182104,4.361806,-0.5,-10.6371355,-0.30048636,174.93333,1.3201276645778122
GW190915_235702,GW191109_010717,54.04878009259425,0.3182104,2.2485793,0.1,-3.2343812,-0.27809426,73.16743,1.427962569108253
GW190915_235702,GW191127_050227,72.2120937500011,-0.23619805,2.728739,0.1,-4.316431,-0.35340875,83.91794,0.9468856164544346
GW190915_235702,GW191129_134029,74.57183449074074,-0.15858154,3.6523077,-0.5,-7.3580713,-0.0,117.78315,0.9677219818554852
GW190915_235702,GW191204_171526,79.72110416666777,-0.15858154,4.5869155,-0.5,-10.925203,-0.28385797,128.39983,0.9157600603447519
GW190915_235702,GW191215_223052,90.94015856481536,-0.22581552,4.8256793,-0.5,-12.131827,-0.15669845,140.80249,0.8417538702161514
GW190915_235702,GW191216_213338,91.90041435185405,-0.22581552,4.1546636,-0.5,-8.697589,-0.35054934,98.20013,0.8917799494699018
GW190915_235702,GW191219_163120,94.69048379629851,-0.22581552,2.4362783,0.1,-4.312913,-0.3643378,109.109665,0.9556509218220074
GW190915_235702,GW191222_033537,97.15178819444445,-0.22581552,2.0571706,0.5,-3.161502,-0.046883587,79.3115,0.9724233684289458
GW190915_235702,GW191230_180458,105.75550694444665,-0.1447218,6.6712213,-0.5,-22.166512,-0.23080643,146.06467,0.763641940164836
GW190915_235702,GW200112_155838,118.66777083333444,-0.6674019,3.5574076,-0.5,-7.440184,-0.4130697,141.82945,0.5394730366884095
GW190915_235702,GW200128_022011,134.09941319444664,-0.6674019,1.2747476,0.5,-2.2364848,-0.21175823,59.384518,0.6152746099131123
GW190915_235702,GW200129_065458,135.29022916666887,-0.6674019,7.538288,-0.5,-27.58111,-0.7157897,113.68044,0.24608293756147015
GW190915_235702,GW200202_154313,139.65707060185295,-0.75121254,6.796143,-0.5,-20.65199,-0.19306609,45.82128,0.27667622291604205
GW190915_235702,GW200208_130117,145.54462152777998,-0.75121254,8.650248,-0.5,-35.798683,-0.19306609,88.19274,0.05603643833806738
GW190915_235702,GW200209_085452,146.37348958333334,-0.75121254,1.7399944,0.5,-1.5060601,-0.31084913,39.61886,0.5555723649260056
GW190915_235702,GW200219_094415,156.40778356481482,-0.75121254,5.1893053,-0.5,-14.085162,-0.20236848,161.78157,0.37233431442825793
GW190915_235702,GW200224_222234,161.93439583333554,-0.76907015,6.7829146,-0.5,-20.789534,-0.42312005,51.237923,0.2596847679927085
GW190915_235702,GW200225_060421,162.25507754629686,-0.76907015,2.2407484,0.1,-2.7368646,-0.046883587,57.356853,0.52265551680679
GW190915_235702,GW200302_015811,168.08413078703813,-0.76907015,1.2361628,0.5,-2.603993,-0.19306609,70.90013,0.524591039546791
GW190915_235702,GW200311_115853,177.50128125000055,-0.76907015,25.455069,-0.5,-321.23438,-0.30658624,147.41362,-4.1168539424264665
GW190915_235702,GW200316_215756,182.91728587962962,-0.76907015,2.7325282,0.1,-3.9587913,-0.24046834,69.91176,0.504855878671218
GW190924_021846,GW190925_232845,1.8819247685179665,1.9834324,4.265572,-0.5,-8.260957,-0.21278076,64.172,2.752361591472403
GW190924_021846,GW190929_012149,4.960446759260915,1.4296408,1.3775252,0.5,0.35871038,-0.21278076,16.37618,2.4131259000269503
GW190924_021846,GW190930_133541,6.470074074075177,1.1633148,11.149307,-0.5,-60.796265,-0.21278076,129.2869,1.2987624749908404
GW190924_021846,GW191105_143521,42.511517361112766,0.5659993,2.8699138,0.1,-5.2394996,-0.21278076,114.917984,1.606723482347072
GW190924_021846,GW191109_010717,45.95035185185296,0.5659993,2.416132,0.1,-3.6203628,-0.36579984,78.43061,1.6303092257237628
GW190924_021846,GW191127_050227,64.11366550925982,-0.23619805,3.0835125,-0.5,-5.34206,-0.26570317,94.57332,0.9319454191421305
GW190924_021846,GW191129_134029,66.47340624999944,-0.23619805,4.6287203,-0.5,-11.396023,-0.08770558,148.90631,0.843758176456372
GW190924_021846,GW191204_171526,71.62267592592647,-0.23619805,2.3719363,0.1,-3.2118406,-0.37156355,66.18109,0.962976033225446
GW190924_021846,GW191215_223052,82.84173032407408,-0.15858154,2.9088175,0.1,-4.712859,-0.06899287,84.61908,1.0062544240204596
GW190924_021846,GW191216_213338,83.80198611111277,-0.15858154,6.262358,-0.5,-19.666405,-0.43825492,147.34314,0.788428180956701
GW190924_021846,GW191219_163120,86.59205555555721,-0.22581552,1.0798843,1.0,-1.9257252,-0.27663225,48.301727,0.9904247572275122
GW190924_021846,GW191222_033537,89.05335995370315,-0.22581552,2.2366464,0.1,-3.5433958,-0.040821996,86.083435,0.9668603728664591
GW190924_021846,GW191230_180458,97.65707870370537,-0.22581552,3.8644073,-0.5,-7.370081,-0.14310084,84.16055,0.911117575651822
GW190924_021846,GW200112_155838,110.56934259259315,-0.1447218,3.7837427,-0.5,-8.267762,-0.5007753,150.61182,0.9661031116826213
GW190924_021846,GW200128_022011,126.00098495370536,-0.6674019,1.7448612,0.5,-2.94392,-0.12405265,81.18969,0.6049694995907648
GW190924_021846,GW200129_065458,127.19180092592758,-0.6674019,11.136091,-0.5,-61.15188,-0.8034952,166.04993,-0.24293783101862898
GW190924_021846,GW200202_154313,131.55864236111165,-0.6674019,2.7413335,0.1,-1.1971205,-0.105360515,17.419075,0.6304148856337718
GW190924_021846,GW200208_130117,137.44619328703868,-0.75121254,4.214575,-0.5,-7.2164946,-0.105360515,41.905804,0.4723892513442969
GW190924_021846,GW200209_085452,138.27506134259204,-0.75121254,1.8361007,0.5,-1.6680528,-0.22314355,41.60176,0.5532126399799007
GW190924_021846,GW200219_094415,148.30935532407352,-0.75121254,3.394573,-0.5,-6.377039,-0.11466291,105.55206,0.48461748575854335
GW190924_021846,GW200224_222234,153.83596759259424,-0.75121254,6.111146,-0.5,-16.365349,-0.51082563,44.05997,0.339119148847658
GW190924_021846,GW200225_060421,154.15664930555556,-0.75121254,1.9919729,0.5,-2.2025805,-0.040821996,50.790794,0.5454262490322597
GW190924_021846,GW200302_015811,159.98570254629684,-0.76907015,1.5960451,0.5,-3.112078,-0.105360515,91.47046,0.5171898350033555
GW190924_021846,GW200311_115853,169.40285300925925,-0.76907015,24.735952,-0.5,-303.02347,-0.39429182,131.95087,-3.851578163374861
GW190924_021846,GW200316_215756,174.81885763888835,-0.76907015,2.0933797,0.5,-2.4087625,-0.15276276,53.350845,0.5274349351742874
GW190925_232845,GW190929_012149,3.0785219907429484,2.3828185,3.4423692,-0.5,-5.4212227,-0.0,61.165497,3.1289322260300825
GW190925_232845,GW190930_133541,4.588149305557211,1.6296886,7.3060827,-0.5,-26.163721,-0.0,128.39929,2.194677401262098
GW190925_232845,GW191105_143521,40.6295925925948,0.5659993,3.2206614,-0.5,-6.410872,-0.0,135.79495,1.5896602613945632
GW190925_232845,GW191109_010717,44.06842708333499,0.5659993,0.74161226,1.0,-1.1296582,-0.5785806,25.989473,1.6665909763762
GW190925_232845,GW191127_050227,62.23174074074184,0.21406563,3.941542,-0.5,-8.525979,-0.0529224,131.61908,1.2634719116759716
GW190925_232845,GW191129_134029,64.59148148148148,-0.23619805,2.6571352,0.1,-4.369407,-0.30048636,92.402,0.946113920428957
GW190925_232845,GW191204_171526,69.74075115740851,-0.23619805,3.527926,-0.5,-6.8240595,-0.5843443,108.90357,0.9103573376123986
GW190925_232845,GW191215_223052,80.9598055555561,-0.15858154,4.251869,-0.5,-9.708814,-0.14378789,135.83705,0.9334790412804586
GW190925_232845,GW191216_213338,81.9200613425948,-0.15858154,4.576562,-0.5,-10.804148,-0.65103567,123.48021,0.9175234606758083
GW190925_232845,GW191219_163120,84.71013078703925,-0.15858154,2.221837,0.1,-3.894505,-0.06385147,103.62051,1.0181752761520981
GW190925_232845,GW191222_033537,87.17143518518519,-0.22581552,0.81722444,1.0,-1.4873271,-0.25360277,33.25305,0.9968108424274127
GW190925_232845,GW191230_180458,95.77515393518739,-0.22581552,4.8251433,-0.5,-11.85738,-0.06967992,122.89328,0.8457517083697965
GW190925_232845,GW200112_155838,108.68741782407518,-0.1447218,3.3680115,-0.5,-6.8855762,-0.71355605,141.2489,0.9862372242402017
GW190925_232845,GW200128_022011,124.1190601851874,-0.6674019,0.3714229,1.0,-1.5680932,-0.088728115,17.96512,0.6250109782711746
GW190925_232845,GW200129_065458,125.30987615740962,-0.6674019,6.2382717,-0.5,-19.18269,-1.016276,124.25391,0.36842157226092
GW190925_232845,GW200202_154313,129.6767175925937,-0.6674019,4.0899625,-0.5,-7.4748693,-0.10742025,59.93799,0.5389677830957289
GW190925_232845,GW200208_130117,135.56426851852072,-0.6674019,3.4420974,-0.5,-5.2758436,-0.10742025,56.899273,0.5710006872211539
GW190925_232845,GW200209_085452,136.39313657407408,-0.75121254,2.895987,0.1,-4.468233,-0.010362787,75.94776,0.5124227981822743
GW190925_232845,GW200219_094415,146.42743055555556,-0.75121254,4.203024,-0.5,-9.614006,-0.09811786,141.98813,0.4374650311036487
GW190925_232845,GW200224_222234,151.95404282407628,-0.75121254,1.4003781,0.5,-0.14412603,-0.7236064,21.069551,0.5754114717086369
GW190925_232845,GW200225_060421,152.2747245370376,-0.75121254,3.3422265,-0.5,-6.041469,-0.25360277,95.97046,0.48950568576633463
GW190925_232845,GW200302_015811,158.10377777777887,-0.75121254,0.51495427,1.0,-2.0227199,-0.10742025,30.28573,0.5480462535537225
GW190925_232845,GW200311_115853,167.52092824074128,-0.76907015,11.112987,-0.5,-60.803097,-0.6070726,158.27534,-0.3231873069192253
GW190925_232845,GW200316_215756,172.93693287037038,-0.76907015,3.7054255,-0.5,-7.3205624,-0.06001801,106.359314,0.4558854210114689
GW190929_012149,GW190930_133541,1.509627314814263,1.0566281,9.685408,-0.5,-46.055984,-0.0,144.91138,1.4239399777262638
GW190929_012149,GW191105_143521,37.551070601851855,0.6552695,2.5526965,0.1,-4.433678,-0.0,105.02652,1.6933862091414396
GW190929_012149,GW191109_010717,40.98990509259204,0.5659993,2.0353613,0.5,-2.8542888,-0.5785806,68.81572,1.6414685195480776
GW190929_012149,GW191127_050227,59.1532187499989,0.21406563,3.3860512,-0.5,-6.4114847,-0.0529224,108.67476,1.2942734598673513
GW190929_012149,GW191129_134029,61.51295949073853,0.21406563,4.000628,-0.5,-8.768856,-0.30048636,134.14365,1.2599339557035778
GW190929_012149,GW191204_171526,66.66222916666557,-0.23619805,1.9315094,0.5,-2.3728592,-0.5843443,56.902405,0.9751973598214643
GW190929_012149,GW191215_223052,77.88128356481316,-0.15858154,2.613647,0.1,-3.9982398,-0.14378789,79.94726,1.016664186573411
GW190929_012149,GW191216_213338,78.84153935185185,-0.15858154,6.445632,-0.5,-20.980616,-0.65103567,163.44153,0.7692842515260248
GW190929_012149,GW191219_163120,81.63160879629629,-0.15858154,0.9547898,1.0,-1.8421731,-0.06385147,43.650074,1.0480713132167767
GW190929_012149,GW191222_033537,84.09291319444223,-0.15858154,1.9067955,0.5,-2.9186313,-0.25360277,75.570114,1.0323906943401038
GW190929_012149,GW191230_180458,92.69663194444445,-0.22581552,3.1664886,-0.5,-5.0892496,-0.06967992,75.179146,0.9443421322532812
GW190929_012149,GW200112_155838,105.60889583333223,-0.1447218,3.524752,-0.5,-7.37623,-0.71355605,144.20618,0.9790899419260876
GW190929_012149,GW200128_022011,121.04053819444445,-0.6674019,1.5960635,0.5,-2.735816,-0.088728115,75.78361,0.6080009204295398
GW190929_012149,GW200129_065458,122.23135416666666,-0.6674019,9.796527,-0.5,-47.46952,-1.016276,172.96545,-0.04362880566361618
GW190929_012149,GW200202_154313,126.59819560185075,-0.6674019,2.8403475,0.1,-2.6409454,-0.10742025,32.355824,0.6093828869444227
GW190929_012149,GW200208_130117,132.4857465277778,-0.6674019,1.87417,0.5,-0.73547506,-0.10742025,25.714718,0.6371396119488408
GW190929_012149,GW200209_085452,133.31461458333112,-0.6674019,2.3580017,0.1,-2.9230285,-0.010362787,57.891705,0.6052738221509701
GW190929_012149,GW200219_094415,143.3489085648126,-0.75121254,3.0241063,0.1,-5.2765117,-0.09811786,98.2834,0.5006487154816688
GW190929_012149,GW200224_222234,148.87552083333333,-0.75121254,3.3750792,-0.5,-4.3883896,-0.7236064,40.129513,0.513585867780471
GW190929_012149,GW200225_060421,149.19620254629464,-0.75121254,2.4446208,0.1,-3.3355157,-0.25360277,66.4795,0.5289229364413894
GW190929_012149,GW200302_015811,155.02525578703595,-0.75121254,1.4419663,0.5,-2.9048831,-0.10742025,83.757095,0.5351959022106658
GW190929_012149,GW200311_115853,164.44240624999836,-0.76907015,11.889827,-0.5,-69.194786,-0.6070726,129.07205,-0.44542789158136026
GW190929_012149,GW200316_215756,169.85841087962743,-0.76907015,2.4778872,0.1,-3.4165494,-0.06001801,67.35575,0.5127546406156832
GW190930_133541,GW191105_143521,36.04144328703759,0.6552695,2.1466084,0.5,-3.4754512,-0.0,88.13953,1.7073445689714863
GW190930_133541,GW191109_010717,39.48027777777778,0.6552695,4.0622206,-0.5,-9.02774,-0.5785806,136.9312,1.6264651485181927
GW190930_133541,GW191127_050227,57.64359143518463,0.21406563,1.1637012,1.0,-1.3492308,-0.0529224,37.224205,1.368014617415248
GW190930_133541,GW191129_134029,60.00333217592427,0.21406563,2.421314,0.1,-3.6916025,-0.30048636,80.940125,1.3338936107719332
GW190930_133541,GW191204_171526,65.1526018518513,-0.23619805,4.1609635,-0.5,-9.156366,-0.5843443,122.09679,0.8763829441146365
GW190930_133541,GW191215_223052,76.37165624999889,-0.15858154,3.128256,-0.5,-5.4682975,-0.14378789,95.33684,0.9952500577292481
GW190930_133541,GW191216_213338,77.33191203703758,-0.15858154,0.74058366,1.0,-0.4710323,-0.65103567,18.678474,1.0680445329112966
GW190930_133541,GW191219_163120,80.12198148148204,-0.15858154,2.644351,0.1,-4.8793693,-0.06385147,120.693054,1.0038288942046316
GW190930_133541,GW191222_033537,82.58328587962798,-0.15858154,3.3630342,-0.5,-6.751319,-0.25360277,132.99234,0.9765604606087679
GW190930_133541,GW191230_180458,91.18700462963018,-0.22581552,4.6019654,-0.5,-10.652721,-0.06967992,108.59342,0.8632998032883581
GW190930_133541,GW200112_155838,104.09926851851796,-0.1447218,1.3312421,0.5,-2.0462866,-0.71355605,54.35261,1.0567304916670976
GW190930_133541,GW200128_022011,119.53091087963018,-0.6674019,2.5935874,0.1,-4.822407,-0.088728115,122.96009,0.5776058395152635
GW190930_133541,GW200129_065458,120.72172685185241,-0.6674019,2.1225255,0.5,-1.7138526,-1.016276,37.060165,0.6228877202027494
GW190930_133541,GW200202_154313,125.08856828703648,-0.6674019,10.528095,-0.5,-53.973232,-0.10742025,116.71723,-0.1383674801143971
GW190930_133541,GW200208_130117,130.9761192129635,-0.6674019,12.581829,-0.5,-78.09331,-0.10742025,169.45511,-0.4897213007940343
GW190930_133541,GW200209_085452,131.80498726851687,-0.6674019,3.6777503,-0.5,-6.8944182,-0.010362787,89.77771,0.5474231332036297
GW190930_133541,GW200219_094415,141.83928124999835,-0.75121254,2.6976054,0.1,-4.335923,-0.09811786,87.386925,0.5143501385091301
GW190930_133541,GW200224_222234,147.36589351851907,-0.75121254,12.205152,-0.5,-73.12592,-0.7236064,141.55331,-0.48770433623255766
GW190930_133541,GW200225_060421,147.6865752314804,-0.75121254,2.9020677,0.1,-4.5491076,-0.25360277,78.55245,0.5112447112859283
GW190930_133541,GW200302_015811,153.51562847222166,-0.75121254,2.0842495,0.5,-4.035262,-0.10742025,120.94117,0.5187298272402296
GW190930_133541,GW200311_115853,162.93277893518407,-0.76907015,5.420879,-0.5,-13.143777,-0.6070726,57.10851,0.37105945529915707
GW190930_133541,GW200316_215756,168.34878356481315,-0.76907015,2.8793354,0.1,-4.482545,-0.06001801,77.903984,0.49722643133937594
GW191105_143521,GW191109_010717,3.438834490740189,1.4540684,2.1711822,0.1,-3.9636965,-0.5785806,110.81924,2.3706641164181312
GW191105_143521,GW191127_050227,21.602148148147045,1.0970654,1.8485925,0.5,-3.2709668,-0.0529224,92.28418,2.081122501266883
GW191105_143521,GW191129_134029,23.96188888888668,1.0970654,1.3163128,0.5,-2.465771,-0.30048636,66.9428,2.0928516779394886
GW191105_143521,GW191204_171526,29.11115856481371,0.6858932,1.0119971,1.0,-2.0070965,-0.5843443,48.848705,1.754436332979308
GW191105_143521,GW191215_223052,40.330212962961305,0.5659993,0.704915,1.0,-1.7721448,-0.14378789,34.51715,1.657231962783276
GW191105_143521,GW191216_213338,41.29046875,0.5659993,1.7940654,0.5,-3.0028453,-0.65103567,82.31288,1.6393045178549444
GW191105_143521,GW191219_163120,44.08053819444444,0.5659993,1.1298445,1.0,-2.5549915,-0.06385147,67.33815,1.6458283426581286
GW191105_143521,GW191222_033537,46.541842592590385,0.3182104,1.9061697,0.5,-3.575391,-0.25360277,104.97362,1.42299512541594
GW191105_143521,GW191230_180458,55.14556134259259,0.21406563,0.6833866,1.0,-1.5886259,-0.06967992,30.758072,1.36452738129072
GW191105_143521,GW200112_155838,68.05782523148038,-0.23619805,0.70306313,1.0,-2.0392392,-0.71355605,39.370823,0.9800571575479733
GW191105_143521,GW200128_022011,83.48946759259259,-0.15858154,2.0521739,0.5,-4.0676856,-0.088728115,125.10789,1.015652578443666
GW191105_143521,GW200129_065458,84.68028356481481,-0.15858154,1.6145432,0.5,-2.5256698,-1.016276,67.99866,1.038114910531033
GW191105_143521,GW200202_154313,89.0471249999989,-0.22581552,3.2777793,-0.5,-6.485979,-0.10742025,130.77582,0.9239961660446594
GW191105_143521,GW200208_130117,94.93467592592593,-0.22581552,2.262513,0.1,-3.7096262,-0.10742025,91.91245,0.9644389168921502
GW191105_143521,GW200209_085452,95.76354398147927,-0.22581552,2.9795196,0.1,-5.8129897,-0.010362787,135.39021,0.9337995096770415
GW191105_143521,GW200219_094415,105.79783796296076,-0.1447218,0.26281825,1.0,-1.6073025,-0.09811786,13.188943,1.0631251117907268
GW191105_143521,GW200224_222234,111.32445023148148,-0.1447218,3.2518432,-0.5,-6.408566,-0.7236064,130.21309,0.9931857669915748
GW191105_143521,GW200225_060421,111.6451319444428,-0.1447218,2.5059278,0.1,-4.5781927,-0.25360277,117.58073,1.0198485630942706
GW191105_143521,GW200302_015811,117.47418518518408,-0.6674019,1.6367834,0.5,-3.5647893,-0.10742025,113.82372,0.5959253804025342
GW191105_143521,GW200311_115853,126.8913356481465,-0.6674019,0.7812391,1.0,-1.4117105,-0.6070726,31.052706,0.6272889832761483
GW191105_143521,GW200316_215756,132.30734027777558,-0.6674019,2.2386117,0.1,-3.9437637,-0.06001801,105.02312,0.5904049118557362
GW191109_010717,GW191127_050227,18.163313657406857,0.9590666,3.5565057,-0.5,-7.6375117,-0.63150305,156.74803,1.9016932635951926
GW191109_010717,GW191129_134029,20.523054398146492,0.58925885,1.6088797,0.5,-2.6547604,-0.27809426,72.60859,1.6638967333741537
GW191109_010717,GW191204_171526,25.672324074073522,0.6858932,2.3252048,0.1,-3.929249,-0.005763705,98.10876,1.7264366014181132
GW191109_010717,GW191215_223052,36.89137847222112,0.6552695,2.8493884,0.1,-5.3228183,-0.43479273,122.49233,1.6804342270870642
GW191109_010717,GW191216_213338,37.85163425925981,0.6552695,3.1199381,-0.5,-5.957905,-0.07245508,123.04502,1.671183008799403
GW191109_010717,GW191219_163120,40.64170370370426,0.5659993,1.8682178,0.5,-3.4937239,-0.6424321,102.36816,1.632153957018755
GW191109_010717,GW191222_033537,43.10300810185019,0.5659993,0.1651294,1.0,-1.5723197,-0.32497784,8.228514,1.660142786799448
GW191109_010717,GW191230_180458,51.7067268518524,0.3182104,2.7659059,0.1,-4.863694,-0.5089007,106.265945,1.404228590690025
GW191109_010717,GW200112_155838,64.61899074074019,-0.23619805,2.3545878,0.1,-4.371422,-0.13497543,119.74255,0.9460845734887717
GW191109_010717,GW200128_022011,80.0506331018524,-0.15858154,0.30087093,1.0,-1.8471946,-0.4898525,16.931587,1.0479981664024913
GW191109_010717,GW200129_065458,81.24144907407462,-0.15858154,3.2560883,-0.5,-6.152465,-0.43769538,113.92266,0.9852838854644819
GW191109_010717,GW200202_154313,85.60829050925871,-0.15858154,2.4885163,0.1,-3.7868402,-0.47116038,80.33592,1.019743614838716
GW191109_010717,GW200208_130117,91.49584143518574,-0.22581552,1.5809292,0.5,-1.9947556,-0.47116038,52.449177,0.9894192008188647
GW191109_010717,GW200209_085452,92.32470949073908,-0.22581552,2.5863383,0.1,-4.409275,-0.5889434,100.67349,0.9542472281523555
GW191109_010717,GW200219_094415,102.35900347222056,-0.1447218,2.6926956,0.1,-4.951833,-0.48046276,119.473564,1.014405799688266
GW191109_010717,GW200224_222234,107.88561574074129,-0.1447218,1.1309682,1.0,-1.3411018,-0.14502577,36.713375,1.06700282197821
GW191109_010717,GW200225_060421,108.2062974537026,-0.1447218,2.956546,0.1,-5.521704,-0.32497784,120.16563,1.0061045609559607
GW191109_010717,GW200302_015811,114.03535069444389,-0.1447218,0.24563266,1.0,-2.1347725,-0.47116038,16.08155,1.0554415289050223
GW191109_010717,GW200311_115853,123.4525011574063,-0.6674019,4.153754,-0.5,-9.305818,-0.028491955,133.32513,0.5122966100912902
GW191109_010717,GW200316_215756,128.8685057870354,-0.6674019,3.1689873,-0.5,-6.1719847,-0.5185626,128.77577,0.5579467236813824
GW191127_050227,GW191129_134029,2.359740740739637,1.7628747,2.656577,0.1,-4.832112,-0.35340875,116.51643,2.617195086036933
GW191127_050227,GW191204_171526,7.5090104166666665,1.2453102,2.42993,0.1,-4.1126385,-0.6372667,99.21905,2.193283760233337
GW191127_050227,GW191215_223052,18.728064814814264,0.58925885,1.8772562,0.5,-2.9622376,-0.19671029,78.19422,1.6594177547409292
GW191127_050227,GW191216_213338,19.688320601852954,0.58925885,1.4635445,0.5,-2.0864236,-0.7039581,55.582634,1.6721756163367583
GW191127_050227,GW191219_163120,22.4783900462974,1.0970654,1.6485022,0.5,-3.0690072,-0.01092907,88.612175,2.0840644191476083
GW191127_050227,GW191222_033537,24.93969444444334,1.0970654,3.30057,-0.5,-6.958974,-0.30652517,160.68239,2.027399808494172
GW191127_050227,GW191230_180458,33.54341319444555,0.94855064,2.570032,0.1,-4.261435,-0.12260232,94.88429,1.9420460426365735
GW191127_050227,GW200112_155838,46.455677083333335,0.3182104,1.5387672,0.5,-2.7385888,-0.7664785,76.52467,1.4351847086944087
GW191127_050227,GW200128_022011,61.887319444445545,0.21406563,2.5455039,0.1,-5.00538,-0.14165051,140.66899,1.3147559918016496
GW191127_050227,GW200129_065458,63.07813541666777,0.21406563,2.1455784,0.5,-3.056272,-1.0691984,71.51855,1.3431483819495127
GW191127_050227,GW200202_154313,67.44497685185185,-0.23619805,2.8408282,0.1,-4.6108212,-0.16034265,86.59297,0.9425972748500515
GW191127_050227,GW200208_130117,73.33252777777888,-0.23619805,4.2090316,-0.5,-9.49469,-0.16034265,132.27452,0.8714546308335742
GW191127_050227,GW200209_085452,74.16139583333224,-0.15858154,1.651508,0.5,-2.350904,-0.042559616,61.840565,1.0406607002874286
GW191127_050227,GW200219_094415,84.1956898148137,-0.15858154,1.9436135,0.5,-3.1562088,-0.15104026,83.72464,1.028929936448945
GW191127_050227,GW200224_222234,89.72230208333444,-0.22581552,4.1518083,-0.5,-9.206837,-0.7765288,127.34159,0.884361807053415
GW191127_050227,GW200225_060421,90.04298379629574,-0.22581552,1.1489536,1.0,-1.7402842,-0.30652517,45.071877,0.993126051036783
GW191127_050227,GW200302_015811,95.87203703703703,-0.22581552,2.2844174,0.1,-4.687159,-0.16034265,147.57526,0.9501993300228726
GW191127_050227,GW200311_115853,105.28918749999944,-0.1447218,2.2176583,0.1,-3.0217602,-0.65999496,67.16271,1.042520901191001
GW191127_050227,GW200316_215756,110.70519212962853,-0.1447218,1.0554646,1.0,-1.6368347,-0.11294041,41.396046,1.0626949203777174
GW191129_134029,GW191204_171526,5.149269675927029,1.4296408,2.5413678,0.1,-4.4446096,-0.28385797,106.66126,2.343156597471861
GW191129_134029,GW191215_223052,16.368324074074625,0.9590666,2.3711681,0.1,-4.0642962,-0.15669845,101.41385,1.9537438024462532
GW191129_134029,GW191216_213338,17.32857986111332,0.9590666,1.5898063,0.5,-2.3424675,-0.35054934,62.318813,1.9788254444529485
GW191129_134029,GW191219_163120,20.118649305557764,0.58925885,2.3432183,0.1,-4.4876537,-0.3643378,127.99263,1.6371972275486462
GW191129_134029,GW191222_033537,22.579953703703705,1.0970654,1.2997388,0.5,-2.3957396,-0.046883587,64.52103,2.0938718157834457
GW191129_134029,GW191230_180458,31.18367245370591,0.94855064,2.440356,0.1,-4.003415,-0.23080643,93.158806,1.9458045834088404
GW191129_134029,GW200112_155838,44.095936342593696,0.5659993,0.9645467,1.0,-2.057253,-0.4130697,48.873245,1.6530788324304067
GW191129_134029,GW200128_022011,59.52757870370591,0.21406563,1.3267878,0.5,-2.6761565,-0.21175823,74.44316,1.348685472325391
GW191129_134029,GW200129_065458,60.71839467592813,0.21406563,1.2962182,0.5,-1.6760093,-0.7157897,45.001625,1.3632544794665007
GW191129_134029,GW200202_154313,65.08523611111221,-0.23619805,4.759862,-0.5,-12.000406,-0.19306609,152.26747,0.8349542055371342
GW191129_134029,GW200208_130117,70.97278703703924,-0.23619805,3.3067307,-0.5,-6.195077,-0.19306609,108.76287,0.9195196398808144
GW191129_134029,GW200209_085452,71.8016550925926,-0.23619805,4.029211,-0.5,-9.1694765,-0.31084913,155.86053,0.8761919702037599
GW191129_134029,GW200219_094415,81.83594907407408,-0.15858154,1.8080715,0.5,-2.951485,-0.20236848,79.83891,1.0319121204154116
GW191129_134029,GW200224_222234,87.3625613425948,-0.22581552,3.391729,-0.5,-6.4354525,-0.42312005,109.1145,0.9247321803584845
GW191129_134029,GW200225_060421,87.6832430555561,-0.22581552,3.9284456,-0.5,-8.856008,-0.046883587,158.75545,0.8894722866902876
GW191129_134029,GW200302_015811,93.51229629629741,-0.22581552,0.9540193,1.0,-2.5552814,-0.19306609,62.32231,0.9812540988954175
GW191129_134029,GW200311_115853,102.92944675925982,-0.1447218,2.1008453,0.5,-2.8673215,-0.30658624,66.81323,1.0447705890034542
GW191129_134029,GW200316_215756,108.34545138888889,-0.1447218,3.9017634,-0.5,-8.751163,-0.24046834,157.64708,0.9590614852991954
GW191204_171526,GW191215_223052,11.219054398147597,1.0945046,0.6792407,1.0,-1.3327379,-0.44055644,26.937939,2.1072070903262925
GW191204_171526,GW191216_213338,12.179310185186289,1.0493224,3.523381,-0.5,-7.103265,-0.066691376,126.063835,1.9852271846471716
GW191204_171526,GW191219_163120,14.969379629630733,0.9412389,0.40894285,1.0,-1.7360775,-0.6481958,21.356127,1.9726958183802723
GW191204_171526,GW191222_033537,17.430684027776675,0.9590666,2.1003475,0.5,-3.646938,-0.33074155,98.69116,1.9598234014002993
GW191204_171526,GW191230_180458,26.034402777778883,0.6858932,0.5284443,1.0,-0.9718487,-0.5146644,18.312456,1.7695166454341962
GW191204_171526,GW200112_155838,38.946666666666665,0.6552695,1.8173673,0.5,-3.1382732,-0.12921174,87.36615,1.7122561944362655
GW191204_171526,GW200128_022011,54.37830902777888,0.21406563,2.1215553,0.5,-3.9615142,-0.4956162,114.08522,1.3299618431733278
GW191204_171526,GW200129_065458,55.5691250000011,0.21406563,3.7678213,-0.5,-7.694971,-0.43193167,116.06514,1.2755770903760593
GW191204_171526,GW200202_154313,59.935966435185186,0.21406563,2.9878476,0.1,-4.8474545,-0.47692406,82.74476,1.3170564723951923
GW191204_171526,GW200208_130117,65.82351736111221,-0.23619805,1.8118263,0.5,-2.0986888,-0.47692406,52.05441,0.9791911623367076
GW191204_171526,GW200209_085452,66.65238541666557,-0.23619805,2.7594628,0.1,-4.6715574,-0.59470713,97.1683,0.9417125392731952
GW191204_171526,GW200219_094415,76.68667939814705,-0.15858154,1.0076759,1.0,-1.6836385,-0.48622647,41.467148,1.0503806656160832
GW191204_171526,GW200224_222234,82.21329166666777,-0.15858154,3.2733347,-0.5,-5.7562156,-0.13926207,91.33421,0.9910559944725892
GW191204_171526,GW200225_060421,82.53397337962907,-0.15858154,2.399672,0.1,-3.8480828,-0.33074155,89.0373,1.0188515025871907
GW191204_171526,GW200302_015811,88.36302662037038,-0.22581552,1.7733228,0.5,-3.610577,-0.47692406,112.310074,0.9658817513920848
GW191204_171526,GW200311_115853,97.78017708333279,-0.22581552,2.666397,0.1,-3.9230099,-0.022728251,73.266464,0.9613305862320258
GW191204_171526,GW200316_215756,103.19618171296186,-0.1447218,2.1314635,0.5,-3.2399855,-0.5243263,79.0678,1.039342044103144
GW191215_223052,GW191216_213338,0.9602557870386927,2.1476545,2.7192118,0.1,-4.6447883,-0.5072478,99.83274,2.9428694095891994
GW191215_223052,GW191219_163120,3.7503252314831372,1.4540684,0.69533217,1.0,-1.9187438,-0.20763937,36.760464,2.4004526603294756
GW191215_223052,GW191222_033537,6.211629629629078,0.2738182,2.5371647,0.1,-4.690037,-0.10981487,121.03172,1.3694998725699132
GW191215_223052,GW191230_180458,14.815348379631285,0.9412389,0.46940792,1.0,-0.99728054,-0.074107975,16.71923,1.983457772867785
GW191215_223052,GW200112_155838,27.72761226851907,0.6858932,1.3580141,0.5,-2.4378588,-0.56976813,66.23378,1.7481614778922259
GW191215_223052,GW200128_022011,43.159254629631285,0.5659993,2.5604947,0.1,-5.012243,-0.055059776,139.29262,1.610033900552226
GW191215_223052,GW200129_065458,44.35007060185351,0.5659993,2.9263437,0.1,-4.947444,-0.8724881,93.306755,1.610977816230947
GW191215_223052,GW200202_154313,48.71691203703759,0.3182104,3.3957143,-0.5,-6.233932,-0.036367644,98.1061,1.3842685245893018
GW191215_223052,GW200208_130117,54.60446296296462,0.21406563,2.641836,0.1,-4.025868,-0.036367644,78.95453,1.329024411605533
GW191215_223052,GW200209_085452,55.43333101851797,0.21406563,2.8097036,0.1,-4.86466,-0.15415068,101.60458,1.3168058460529997
GW191215_223052,GW200219_094415,65.46762499999944,-0.23619805,0.52608126,1.0,-1.3535441,-0.045670036,22.077751,0.9900455831286257
GW191215_223052,GW200224_222234,70.99423726852018,-0.23619805,4.040557,-0.5,-8.645351,-0.5798185,117.54502,0.8838268284862302
GW191215_223052,GW200225_060421,71.31491898148148,-0.23619805,2.2634227,0.1,-3.5784528,-0.10981487,86.02366,0.957635643755044
GW191215_223052,GW200302_015811,77.14397222222277,-0.15858154,2.1005075,0.5,-4.261057,-0.036367644,134.15056,1.0128357653533964
GW191215_223052,GW200311_115853,86.56112268518518,-0.22581552,1.713345,0.5,-1.9218853,-0.46328467,49.145775,0.9904806935374084
GW191215_223052,GW200316_215756,91.97712731481427,-0.22581552,1.9384539,0.5,-2.895282,-0.08376988,73.657005,0.9763013564572827
GW191216_213338,GW191219_163120,2.7900694444444443,2.0915067,2.644148,0.1,-5.062147,-0.71488714,132.26811,2.8896649530019625
GW191216_213338,GW191222_033537,5.251373842590385,1.4296408,2.6367736,0.1,-4.8100524,-0.39743292,117.41645,2.3378332431188094
GW191216_213338,GW191230_180458,13.855092592592593,0.9412389,3.4905436,-0.5,-6.716777,-0.58135575,109.04501,1.9001426562281711
GW191216_213338,GW200112_155838,26.767356481480377,0.6858932,0.95972353,1.0,-1.8450019,-0.062520355,43.834095,1.7567975426374756
GW191216_213338,GW200128_022011,42.198998842592594,0.5659993,2.1786723,0.1,-4.0033484,-0.5623076,112.508064,1.6247303272454052
GW191216_213338,GW200129_065458,43.38981481481481,0.5659993,0.73556614,1.0,-0.5967217,-0.3652403,19.791847,1.6743541893188634
GW191216_213338,GW200202_154313,47.7566562499989,0.3182104,5.709524,-0.5,-16.336065,-0.54361546,132.9257,1.2371121376531091
GW191216_213338,GW200208_130117,53.64420717592593,0.3182104,6.967505,-0.5,-24.412268,-0.54361546,170.7411,1.1194672074177519
GW191216_213338,GW200209_085452,54.47307523147927,0.21406563,3.3400407,-0.5,-6.24202,-0.6613985,106.411476,1.296742027231437
GW191216_213338,GW200219_094415,64.50736921296075,-0.23619805,2.237264,0.1,-3.5360992,-0.55291784,85.7344,0.958252603263005
GW191216_213338,GW200224_222234,70.03398148148148,-0.23619805,6.058569,-0.5,-18.411045,-0.0725707,142.5539,0.7415713111007631
GW191216_213338,GW200225_060421,70.3546631944428,-0.23619805,2.8570738,0.1,-4.871924,-0.39743292,96.96311,0.9387938280497851
GW191216_213338,GW200302_015811,76.18371643518408,-0.15858154,1.7414807,0.5,-3.4969091,-0.54361546,107.15645,1.0239670007244857
GW191216_213338,GW200311_115853,85.60086689814649,-0.15858154,2.3216374,0.1,-2.7094944,-0.043963123,53.45329,1.035437163734124
GW191216_213338,GW200316_215756,91.01687152777556,-0.22581552,2.8459096,0.1,-4.8395476,-0.59101766,96.558075,0.9479795066291952
GW191219_163120,GW191222_033537,2.4613043981459404,1.7628747,1.8073583,0.5,-3.5150156,-0.31745422,105.850365,2.6363810458427714
GW191219_163120,GW191230_180458,11.065023148148148,1.0945046,0.75245214,1.0,-1.8172811,-0.13353139,37.038765,2.1001488160662065
GW191219_163120,GW200112_155838,23.977287037035932,1.0970654,1.731335,0.5,-3.4101286,-0.7774075,102.91107,2.079095350086301
GW191219_163120,GW200128_022011,39.408929398148146,0.6552695,1.7933758,0.5,-3.6716294,-0.15257959,115.025475,1.7044868681265655
GW191219_163120,GW200129_065458,40.59974537037037,0.5659993,2.7864518,0.1,-5.3065457,-1.0801275,129.83336,1.605746830069749
GW191219_163120,GW200202_154313,44.96658680555445,0.5659993,1.4223958,0.5,-2.3484597,-0.17127173,63.437706,1.648836862464527
GW191219_163120,GW200208_130117,50.85413773148148,0.3182104,1.1090162,1.0,-1.9807937,-0.17127173,50.18315,1.446223405696121
GW191219_163120,GW200209_085452,51.68300578703483,0.3182104,1.5279968,0.5,-2.717573,-0.053488687,75.81824,1.435490844166185
GW191219_163120,GW200219_094415,61.71729976851631,0.21406563,1.060338,1.0,-2.2814026,-0.16196933,57.25404,1.3544357986105582
GW191219_163120,GW200224_222234,67.24391203703703,-0.23619805,1.8576732,0.5,-3.0681467,-0.7874579,83.09206,0.9650692028659074
GW191219_163120,GW200225_060421,67.56459374999834,-0.23619805,1.3470439,0.5,-2.5115097,-0.31745422,68.670784,0.9731776582487757
GW191219_163120,GW200302_015811,73.39364699073964,-0.23619805,1.6361126,0.5,-3.642639,-0.17127173,118.3581,0.9567006537137521
GW191219_163120,GW200311_115853,82.81079745370205,-0.15858154,1.9284589,0.5,-3.1903207,-0.67092407,85.7496,1.0284330319739219
GW191219_163120,GW200316_215756,88.22680208333112,-0.22581552,1.1755311,1.0,-2.2949429,-0.12386948,59.92007,0.9850464146964776
GW191222_033537,GW191230_180458,8.603718750002207,1.549421,2.3923101,0.1,-4.154534,-0.18392284,104.37893,2.447913571399754
GW191222_033537,GW200112_155838,21.515982638889994,0.58925885,2.031489,0.5,-3.8158553,-0.4599533,111.52493,1.6469832234927178
GW191222_033537,GW200128_022011,36.947625000002205,0.6552695,0.34180543,1.0,-1.9869927,-0.16487464,20.49259,1.7290267395698606
GW191222_033537,GW200129_065458,38.13844097222443,0.6552695,2.6241348,0.1,-4.594028,-0.76267326,106.6479,1.6910504149753756
GW191222_033537,GW200202_154313,42.50528240740851,0.5659993,2.3095798,0.1,-3.7013464,-0.1461825,88.54292,1.6291295481885286
GW191222_033537,GW200208_130117,48.39283333333554,0.3182104,1.4590952,0.5,-2.1377697,-0.1461825,57.039845,1.4439367581040878
GW191222_033537,GW200209_085452,49.22170138888889,0.3182104,2.4653494,0.1,-4.3522506,-0.26396555,108.66396,1.4116787195348084
GW191222_033537,GW200219_094415,59.25599537037037,0.21406563,2.344122,0.1,-4.2705274,-0.1554849,114.74774,1.325460491405349
GW191222_033537,GW200224_222234,64.7826076388911,-0.23619805,1.1672226,1.0,-1.7233357,-0.47000363,44.924404,0.9846588793243962
GW191222_033537,GW200225_060421,65.10328935185241,-0.23619805,2.8134978,0.1,-5.339192,-0.0,128.29988,0.9319871994605244
GW191222_033537,GW200302_015811,70.9323425925937,-0.23619805,0.19846053,1.0,-2.219384,-0.1461825,13.62585,0.9774330131977884
GW191222_033537,GW200311_115853,80.34949305555611,-0.15858154,3.2879755,-0.5,-6.4315143,-0.35346982,125.53967,0.9812190112588302
GW191222_033537,GW200316_215756,85.76549768518518,-0.15858154,3.0045671,0.1,-5.894719,-0.19358476,136.99242,0.989038432274475
GW191230_180458,GW200112_155838,12.912263888887786,1.0493224,1.5416468,0.5,-2.5340564,-0.64387614,69.061615,2.051786215164874
GW191230_180458,GW200128_022011,28.34390625,0.6858932,2.4217443,0.1,-4.5322824,-0.019048195,123.18733,1.7176522981583155
GW191230_180458,GW200129_065458,29.53472222222222,0.94855064,3.8512359,-0.5,-7.6262136,-0.9465961,97.78635,1.8930317764201976
GW191230_180458,GW200202_154313,33.90156365740631,0.94855064,4.6603723,-0.5,-10.738116,-0.037740327,100.25078,1.8477011172978122
GW191230_180458,GW200208_130117,39.78911458333334,0.6552695,2.9612691,0.1,-4.3821635,-0.037740327,67.60685,1.6941366156114928
GW191230_180458,GW200209_085452,40.61798263888668,0.5659993,3.6268399,-0.5,-7.1597347,-0.080042705,110.94401,1.5787516807377078
GW191230_180458,GW200219_094415,50.65227662036816,0.3182104,0.6292474,1.0,-1.175897,-0.028437935,23.45346,1.457948225476838
GW191230_180458,GW200224_222234,56.17888888888889,0.21406563,4.947879,-0.5,-12.144105,-0.6539265,107.761765,1.2107671687504946
GW191230_180458,GW200225_060421,56.499570601850195,0.21406563,3.0093982,0.1,-5.247405,-0.18392284,98.5547,1.3112304483694002
GW191230_180458,GW200302_015811,62.32862384259149,0.21406563,1.9287887,0.5,-3.8194811,-0.037740327,117.43261,1.3320308198214423
GW191230_180458,GW200311_115853,71.7457743055539,-0.23619805,2.6213272,0.1,-3.2881613,-0.5373927,55.65716,0.9618642808329507
GW191230_180458,GW200316_215756,77.16177893518298,-0.15858154,2.6524618,0.1,-4.236362,-0.009661911,86.84016,1.0131954928528648
GW200112_155838,GW200128_022011,15.431642361112216,0.9412389,2.0274334,0.5,-4.0121083,-0.6248279,123.28412,1.9395411908487104
GW200112_155838,GW200129_065458,16.622458333334436,0.9590666,0.68670475,1.0,-1.4473361,-0.30271995,28.766594,1.991864701529026
GW200112_155838,GW200202_154313,20.989299768518517,0.58925885,4.0044007,-0.5,-9.119696,-0.6061358,158.81253,1.5697229093791991
GW200112_155838,GW200208_130117,26.876850694445547,0.6858932,3.1937454,-0.5,-6.2386,-0.6061358,128.99586,1.6927966067529827
GW200112_155838,GW200209_085452,27.705718749998898,0.6858932,3.0583084,-0.5,-6.0416265,-0.72391886,138.33124,1.6956658900884976
GW200112_155838,GW200219_094415,37.74001273148038,0.6552695,0.92472345,1.0,-1.9927695,-0.6154382,46.230244,1.7289425902577638
GW200112_155838,GW200224_222234,43.266625000001106,0.5659993,3.9162276,-0.5,-8.777855,-0.010050336,155.88753,1.5551807462785256
GW200112_155838,GW200225_060421,43.58730671296241,0.5659993,2.5661163,0.1,-4.7221875,-0.4599533,119.88554,1.614259095876556
GW200112_155838,GW200302_015811,49.416359953703704,0.3182104,1.6017437,0.5,-3.5041246,-0.6061358,111.16858,1.4240332534551823
GW200112_155838,GW200311_115853,58.833510416666115,0.21406563,0.48560476,1.0,-1.2123826,-0.10648348,19.185724,1.370008066500261
GW200112_155838,GW200316_215756,64.24951504629519,-0.23619805,2.3817856,0.1,-4.265877,-0.65353805,111.25797,0.9476220336374976
GW200128_022011,GW200129_065458,1.1908159722222222,1.2006196,2.2494185,0.1,-4.0273504,-0.9275479,108.70789,2.1570173216599993
GW200128_022011,GW200202_154313,5.557657407406303,0.2738182,1.6786973,0.5,-2.825308,-0.018692132,77.90221,1.3966631190915293
GW200128_022011,GW200208_130117,11.445208333333333,1.0945046,1.3842458,0.5,-2.4011607,-0.018692132,65.10426,2.091643522328325
GW200128_022011,GW200209_085452,12.274076388886682,1.0493224,1.8060378,0.5,-3.2457333,-0.099090904,92.55908,2.0414193165096464
GW200128_022011,GW200219_094415,22.308370370368163,1.0970654,2.4368286,0.1,-4.7431855,-0.00938974,135.2392,2.0596768930539815
GW200128_022011,GW200224_222234,27.83498263888889,0.6858932,0.79864305,1.0,-1.7405851,-0.6348783,37.161827,1.7583185684996978
GW200128_022011,GW200225_060421,28.155664351850195,0.6858932,2.1431293,0.5,-3.9621084,-0.16487464,112.65823,1.7259579441411648
GW200128_022011,GW200302_015811,33.98471759259149,0.94855064,0.17306663,1.0,-2.3501253,-0.018692132,12.715026,1.9698878286183903
GW200128_022011,GW200311_115853,43.4018680555539,0.5659993,3.0426733,-0.5,-6.0396757,-0.51834446,140.80801,1.5950674264411713
GW200128_022011,GW200316_215756,48.81787268518298,0.3182104,2.3540878,0.1,-4.436246,-0.028710106,123.73377,1.4104551709287552
GW200129_065458,GW200202_154313,4.366841435184082,1.6296886,10.516342,-0.5,-54.388943,-0.90885574,152.67758,1.783524477079502
GW200129_065458,GW200208_130117,10.254392361111112,1.0945046,9.204544,-0.5,-41.698933,-0.90885574,151.0399,1.5191982798167993
GW200129_065458,GW200209_085452,11.083260416664459,1.0945046,4.8253508,-0.5,-11.911049,-1.0266387,126.178055,1.9531142883919959
GW200129_065458,GW200219_094415,21.11755439814594,0.58925885,2.2151437,0.1,-3.23123,-0.9181582,74.70188,1.655499379071478
GW200129_065458,GW200224_222234,26.644166666666667,0.6858932,9.743272,-0.5,-46.611492,-0.29266962,145.29587,1.1046902324276693
GW200129_065458,GW200225_060421,26.964848379627973,0.6858932,4.0270033,-0.5,-8.559757,-0.76267326,115.35338,1.658984625126324
GW200129_065458,GW200302_015811,32.79390162036927,0.94855064,1.6971679,0.5,-3.329166,-0.90885574,99.757034,1.955626278429618
GW200129_065458,GW200311_115853,42.21105208333168,0.5659993,3.131749,-0.5,-3.9379265,-0.40920344,44.16269,1.6256833179010144
GW200129_065458,GW200316_215756,47.62705671296076,0.3182104,3.940349,-0.5,-8.213794,-0.956258,112.828285,1.3554281507947528
GW200202_154313,GW200208_130117,5.887550925927029,0.2738182,6.0083165,-0.5,-16.26075,-0.0,56.13954,1.2009508859827185
GW200202_154313,GW200209_085452,6.716418981480378,1.1633148,1.2026381,0.5,-0.6828119,-0.11778303,26.940407,2.1744268787739722
GW200202_154313,GW200219_094415,16.75071296296186,0.9590666,3.881852,-0.5,-8.137834,-0.009302393,119.97987,1.8944051437522744
GW200202_154313,GW200224_222234,22.277325231482585,1.0970654,6.861434,-0.5,-20.980381,-0.61618614,43.622646,1.823151898013609
GW200202_154313,GW200225_060421,22.598006944443892,1.0970654,1.6459683,0.5,-1.5552657,-0.1461825,41.59363,2.106114883426276
GW200202_154313,GW200302_015811,28.427060185185184,0.6858932,1.5722046,0.5,-3.0707853,-0.0,89.94543,1.7389417250812602
GW200202_154313,GW200311_115853,37.844210648147595,0.6552695,34.12842,-0.5,-578.943,-0.49965233,140.27802,-6.675412020393234
GW200202_154313,GW200316_215756,43.26021527777667,0.5659993,1.9184234,0.5,-2.0398574,-0.04740224,48.45491,1.6533322302351166
GW200208_130117,GW200209_085452,0.828868055553348,1.7950319,3.4972513,-0.5,-6.185274,-0.11778303,82.78203,2.6244732730038587
GW200208_130117,GW200219_094415,10.86316203703483,1.0945046,2.834841,0.1,-4.6810327,-0.009302393,90.26137,2.058432941121813
GW200208_130117,GW200224_222234,16.389774305555555,0.9590666,4.0434933,-0.5,-6.510534,-0.61618614,40.213577,1.918109796068381
GW200208_130117,GW200225_060421,16.71045601851686,0.9590666,3.4891825,-0.5,-6.3754945,-0.1461825,92.12114,1.9200768954214193
GW200208_130117,GW200302_015811,22.539509259258157,1.0970654,1.1873188,0.5,-2.5574472,-0.0,68.53045,2.0915162428216
GW200208_130117,GW200311_115853,31.956659722220568,0.94855064,14.06607,-0.5,-96.99116,-0.49965233,122.12626,0.5912649200307402
GW200208_130117,GW200316_215756,37.37266435184964,0.6552695,3.4829903,-0.5,-6.353013,-0.04740224,91.91652,1.665427521620376
GW200209_085452,GW200219_094415,10.03429398148148,1.0945046,3.2335336,-0.5,-6.2335277,-0.10848064,122.20411,2.0358179597963444
GW200209_085452,GW200224_222234,15.560906250002208,0.9412389,2.9000323,0.1,-4.1875987,-0.73396915,65.710754,1.93698484661288
GW200209_085452,GW200225_060421,15.881587962963515,0.9590666,0.6030811,1.0,-0.9368026,-0.26396555,20.106827,1.999301572155566
GW200209_085452,GW200302_015811,21.710641203704807,1.0970654,1.7195922,0.5,-3.448352,-0.11778303,105.246185,2.078538553542225
GW200209_085452,GW200311_115853,31.127791666667218,0.94855064,5.678284,-0.5,-16.057056,-0.61743534,125.67985,1.7702208469993521
GW200209_085452,GW200316_215756,36.54379629629629,0.6552695,0.9514746,1.0,-1.2070403,-0.0703808,31.71343,1.7403881990819454
GW200219_094415,GW200224_222234,5.526612268520726,0.2738182,4.193924,-0.5,-9.410021,-0.6254885,130.41031,1.3007445135757352
GW200219_094415,GW200225_060421,5.847293981482033,0.2738182,2.6437683,0.1,-4.5918555,-0.1554849,104.589554,1.3709300653109988
GW200219_094415,GW200302_015811,11.676347222223326,1.0493224,1.929967,0.5,-3.9465156,-0.009302393,125.06778,2.031211117077113
GW200219_094415,GW200311_115853,21.09349768518574,0.58925885,1.0510299,1.0,-1.1432214,-0.5089547,32.281803,1.6859151139802258
GW200219_094415,GW200316_215756,26.509502314814814,0.6858932,2.3262181,0.1,-3.802347,-0.038099848,92.0087,1.7282851669168884
GW200224_222234,GW200225_060421,0.32068171296130726,1.3448309,3.2998457,-0.5,-5.6631603,-0.47000363,84.1414,2.254225208153315
GW200224_222234,GW200302_015811,6.1497349537026,0.2738182,0.831921,1.0,-2.1844573,-0.61618614,47.678288,1.4059983043582271
GW200224_222234,GW200311_115853,15.566885416665011,0.9412389,30.206524,-0.5,-453.30835,-0.116533816,161.25613,-4.6052954033122795
GW200224_222234,GW200316_215756,20.982890046294088,0.58925885,3.6124458,-0.5,-6.7425923,-0.6635884,92.0681,1.6043498468522759
GW200225_060421,GW200302_015811,5.829053240741293,0.2738182,2.0113924,0.5,-4.0285625,-0.1461825,125.33272,1.3791354767328199
GW200225_060421,GW200311_115853,15.246203703703705,0.9412389,4.223251,-0.5,-9.09974,-0.35346982,105.72077,1.865430359098778
GW200225_060421,GW200316_215756,20.66220833333278,0.58925885,0.35628888,1.0,-0.93395776,-0.19358476,12.58516,1.6889634284111659
GW200302_015811,GW200311_115853,9.417150462962411,1.549421,2.2448618,0.1,-4.350925,-0.49965233,128.19388,2.445052769156302
GW200302_015811,GW200316_215756,14.83315509259149,0.9412389,2.1897347,0.1,-4.4030213,-0.04740224,136.43452,1.9338468147654817
GW200311_115853,GW200316_215756,5.416004629629078,0.2738182,3.809397,-0.5,-7.4365735,-0.5470546,95.31332,1.329491449491143
